run_id,evaluation_id,language,rank,source,relative_path,document_id,page,chunk_id,score,dense_rank,sparse_rank,metadata_rank,text,field_types
step9-development-final-20260929T185115270858Z-84c03a,Q001:english,english,1,curricula_BSc-Curriculum-New.pdf,curricula_BSc-Curriculum-New.pdf,doc-4d373684ce4879ed066003f5,1,doc-4d373684ce4879ed066003f5-p000001-b0001-c0001,4.0,,,,University of Asia Pacific (UAP) Department of Computer Science & Engineering Prospectus (Undergraduate Program) 2017-18 Board of Editors,"[""date""]"
step9-development-final-20260929T185115270858Z-84c03a,Q001:english,english,2,curricula_BSc-Curriculum-New.pdf,curricula_BSc-Curriculum-New.pdf,doc-4d373684ce4879ed066003f5,4,doc-4d373684ce4879ed066003f5-p000004-b0001-c0001,4.0,,,,"University of Asia Pacific (UAP) was established in 1996 under the Private University Act 1992 as a private university with the vision of providing quality education and fulf illing the needs of our motherland, Bangladesh. This university started its journ ey in 1996 and offered four years bachelor degree programs in Computer Science & Engineering and Business Administration only, thus the very step of publishing the thirteenth edition of the prospectus for Undergraduate Studies of the Department of Computer Science & Engineering makes us proud. This department established in 1996, with the full support of the Administration and the UAP Foundation Members, is thriving forward in disseminating knowledge in this emerging field. Such endeavor is not only helpin g in developing the human resources of this country but also in earning foreign exchange by exporting skilled manpower abroad. Till to date, B.Sc.Engg. Degree has been conferred on 2200 graduates and these graduates are making positive contributions in the field of Computer Science and Engineering. To enhance the quality of education even further, the Department is planning to take some crush programs, some of which are mentioned below:  Faculty Search Team has been formed to attract Senior Faculty Members in the CSE Department of UAP.  All the Programmin g Lab PCs are regularly updated with the latest computer configuration.  A project lab has already been established for project/research work.  Mobile Games and App Development Lab has been approved to be buil t in CSE, UAP by government fund. CSE Department has several clubs namely UAP Software and","[""course_code"", ""date""]"
step9-development-final-20260929T185115270858Z-84c03a,Q001:english,english,3,curricula_BSc-Curriculum-New.pdf,curricula_BSc-Curriculum-New.pdf,doc-4d373684ce4879ed066003f5,51,doc-4d373684ce4879ed066003f5-p000051-b0001-c0001,4.0,,,,"4. Summary of Undergraduate Course The undergraduate students of different years of the Department of Computer Science and Engineering have to follow the course schedule given below. The letter prefix in any course number indic ates the discipline/subject offering the course viz. HSS for Humanities and Social Science, Business, Management Studies, Language etc., PHY for Physics, CHEM for Chemistry, MTH for Mathematics , ECN for Economics, ACN for Accounting and CSE for Computer Sc ience and Engineering. The first digit in the number indicates the year/level for which the course is intended; the second digit is assigned by the department and the last digit, if odd, indicates a theory course and if even, indicates a laboratory course. Core Courses First Year First Semester Course Code Course Title Credits Pre- Requisite","[""course_code"", ""course_title"", ""credits"", ""prerequisite""]"
step9-development-final-20260929T185115270858Z-84c03a,Q001:banglish,banglish,1,curricula_BSc-Curriculum-New.pdf,curricula_BSc-Curriculum-New.pdf,doc-4d373684ce4879ed066003f5,4,doc-4d373684ce4879ed066003f5-p000004-b0001-c0001,6.0,,,,"University of Asia Pacific (UAP) was established in 1996 under the Private University Act 1992 as a private university with the vision of providing quality education and fulf illing the needs of our motherland, Bangladesh. This university started its journ ey in 1996 and offered four years bachelor degree programs in Computer Science & Engineering and Business Administration only, thus the very step of publishing the thirteenth edition of the prospectus for Undergraduate Studies of the Department of Computer Science & Engineering makes us proud. This department established in 1996, with the full support of the Administration and the UAP Foundation Members, is thriving forward in disseminating knowledge in this emerging field. Such endeavor is not only helpin g in developing the human resources of this country but also in earning foreign exchange by exporting skilled manpower abroad. Till to date, B.Sc.Engg. Degree has been conferred on 2200 graduates and these graduates are making positive contributions in the field of Computer Science and Engineering. To enhance the quality of education even further, the Department is planning to take some crush programs, some of which are mentioned below:  Faculty Search Team has been formed to attract Senior Faculty Members in the CSE Department of UAP.  All the Programmin g Lab PCs are regularly updated with the latest computer configuration.  A project lab has already been established for project/research work.  Mobile Games and App Development Lab has been approved to be buil t in CSE, UAP by government fund. CSE Department has several clubs namely UAP Software and","[""course_code"", ""date""]"
step9-development-final-20260929T185115270858Z-84c03a,Q001:banglish,banglish,2,curricula_BSc-Curriculum-New.pdf,curricula_BSc-Curriculum-New.pdf,doc-4d373684ce4879ed066003f5,1,doc-4d373684ce4879ed066003f5-p000001-b0001-c0001,4.0,,,,University of Asia Pacific (UAP) Department of Computer Science & Engineering Prospectus (Undergraduate Program) 2017-18 Board of Editors,"[""date""]"
step9-development-final-20260929T185115270858Z-84c03a,Q001:banglish,banglish,3,curricula_BSc-Curriculum-New.pdf,curricula_BSc-Curriculum-New.pdf,doc-4d373684ce4879ed066003f5,37,doc-4d373684ce4879ed066003f5-p000037-b0002-c0001,4.0,,,,"Microprocessors, Assembly Language, Computer Interfacing, Digital System Design, C/C++, Data Structure and Algorithms. She has conducted the courses Mobile Communications, Advanced Networking and thesis in Master‘s Program of CSE (MCSE),. Her current research interest includes Computer Networks and Distributed System, Wireless Networks, Wireless Ad hoc network, Sensor Network, Network Security, IPV6 network etc. She supervised the thesis works of several undergraduate students at UAP. It is praiseworthy to mention that more than thirty thesis groups in undergraduate level completed successfully under her acute supervision. Her research works published in IEEE, ICCIT, NCCPB, ICCPB, IJCIT conference and journal papers. Ms. Rahman has also published t wo journals on Cryptography, Outso urcing and location management. Ms. Rahman serves as acting head when the head of the department remains on leave. She also serves as an external examiner in the CSE department of Dhaka University. Moreover, She is the convener of the Cultural and Debating club. She is also advisor of other departmental Clubs. She is member of UAP Central Cultural Committee, Convocation Volunteer committee and Complain Committee. Shammi Akhtar, Assistant Professor",[]
step9-development-final-20260929T185115270858Z-84c03a,Q002:english,english,1,curricula_BSc-Curriculum-New.pdf,curricula_BSc-Curriculum-New.pdf,doc-4d373684ce4879ed066003f5,1,doc-4d373684ce4879ed066003f5-p000001-b0001-c0001,2.0,,,,University of Asia Pacific (UAP) Department of Computer Science & Engineering Prospectus (Undergraduate Program) 2017-18 Board of Editors,"[""date""]"
step9-development-final-20260929T185115270858Z-84c03a,Q002:english,english,2,curricula_BSc-Curriculum-New.pdf,curricula_BSc-Curriculum-New.pdf,doc-4d373684ce4879ed066003f5,2,doc-4d373684ce4879ed066003f5-p000002-b0001-c0001,2.0,,,,"Published by Department of Computer Science & Engineering University of Asia Pacific 74/A, Green Road, Dhaka-1215 Edition 13th Edition, July 2017 Address of Correspondence","[""course_code"", ""date""]"
step9-development-final-20260929T185115270858Z-84c03a,Q002:english,english,3,curricula_BSc-Curriculum-New.pdf,curricula_BSc-Curriculum-New.pdf,doc-4d373684ce4879ed066003f5,3,doc-4d373684ce4879ed066003f5-p000003-b0001-c0001,2.0,,,,"Disclaimer The information contained in this prospectus is subject to change at the discretion of the Department of Computer Science & Engineering, UAP.",[]
step9-development-final-20260929T185115270858Z-84c03a,Q002:banglish,banglish,1,curricula_BSc-Curriculum-New.pdf,curricula_BSc-Curriculum-New.pdf,doc-4d373684ce4879ed066003f5,4,doc-4d373684ce4879ed066003f5-p000004-b0001-c0001,5.0,,,,"University of Asia Pacific (UAP) was established in 1996 under the Private University Act 1992 as a private university with the vision of providing quality education and fulf illing the needs of our motherland, Bangladesh. This university started its journ ey in 1996 and offered four years bachelor degree programs in Computer Science & Engineering and Business Administration only, thus the very step of publishing the thirteenth edition of the prospectus for Undergraduate Studies of the Department of Computer Science & Engineering makes us proud. This department established in 1996, with the full support of the Administration and the UAP Foundation Members, is thriving forward in disseminating knowledge in this emerging field. Such endeavor is not only helpin g in developing the human resources of this country but also in earning foreign exchange by exporting skilled manpower abroad. Till to date, B.Sc.Engg. Degree has been conferred on 2200 graduates and these graduates are making positive contributions in the field of Computer Science and Engineering. To enhance the quality of education even further, the Department is planning to take some crush programs, some of which are mentioned below:  Faculty Search Team has been formed to attract Senior Faculty Members in the CSE Department of UAP.  All the Programmin g Lab PCs are regularly updated with the latest computer configuration.  A project lab has already been established for project/research work.  Mobile Games and App Development Lab has been approved to be buil t in CSE, UAP by government fund. CSE Department has several clubs namely UAP Software and","[""course_code"", ""date""]"
step9-development-final-20260929T185115270858Z-84c03a,Q002:banglish,banglish,2,curricula_BSc-Curriculum-New.pdf,curricula_BSc-Curriculum-New.pdf,doc-4d373684ce4879ed066003f5,3,doc-4d373684ce4879ed066003f5-p000003-b0001-c0001,3.0,,,,"Disclaimer The information contained in this prospectus is subject to change at the discretion of the Department of Computer Science & Engineering, UAP.",[]
step9-development-final-20260929T185115270858Z-84c03a,Q002:banglish,banglish,3,curricula_BSc-Curriculum-New.pdf,curricula_BSc-Curriculum-New.pdf,doc-4d373684ce4879ed066003f5,5,doc-4d373684ce4879ed066003f5-p000005-b0001-c0001,3.0,,,,"Cultural and Debating Club arranges cultural week in every semester to hunt talents in different cultural fields. In every semester there is a grand cultural show participated by the students and teachers. Sports Club arranges sports week in every semester to arrange competitions in different events like Cricket, Bad Minton, Table Tennis, Football, etc. Robotics Club arranges interesting sessions on modern robotics and reveals a new world of electronics and computer programming. Film and Photography Club aims to organize events on artistic work of film industry of home and abroad as well as photography of contemporary materials. The Research & Publication Unit arranges Seminar at least once in every mon th on various important topics on Science & Technology. Also, Research & Publication unit publishes International Journal of Computer and Information Technology (IJCIT). The first issue was published in August, 2010. Department has also Master‘s Program ‗Master in Computer Science & Engineering (MCSE )‘. Currently 50 students are continuing in our MCSE program. The Department also offers two other Masters Programs: Master in Computer Applications (MCA) and Master in Computer Science (MCS). Besides, every student enjoys the right to join any club activity organized through any other department of UAP. They enjoy a range of central club activities such as Career Club. Formation of IEERD (The Institute for Energy, Environment, Research and Development) The Institute for Energy, Environment, Research and Development (IEERD) is established at University of Asia Pacific as a constituent research and academic institute or center with a separate administrative structure. The purpose of the ―Institute‖ is to","[""course_code"", ""date"", ""topics""]"
step9-development-final-20260929T185115270858Z-84c03a,Q003:english,english,1,curricula_BSc-Curriculum-New.pdf,curricula_BSc-Curriculum-New.pdf,doc-4d373684ce4879ed066003f5,4,doc-4d373684ce4879ed066003f5-p000004-b0001-c0001,6.0,,,,"University of Asia Pacific (UAP) was established in 1996 under the Private University Act 1992 as a private university with the vision of providing quality education and fulf illing the needs of our motherland, Bangladesh. This university started its journ ey in 1996 and offered four years bachelor degree programs in Computer Science & Engineering and Business Administration only, thus the very step of publishing the thirteenth edition of the prospectus for Undergraduate Studies of the Department of Computer Science & Engineering makes us proud. This department established in 1996, with the full support of the Administration and the UAP Foundation Members, is thriving forward in disseminating knowledge in this emerging field. Such endeavor is not only helpin g in developing the human resources of this country but also in earning foreign exchange by exporting skilled manpower abroad. Till to date, B.Sc.Engg. Degree has been conferred on 2200 graduates and these graduates are making positive contributions in the field of Computer Science and Engineering. To enhance the quality of education even further, the Department is planning to take some crush programs, some of which are mentioned below:  Faculty Search Team has been formed to attract Senior Faculty Members in the CSE Department of UAP.  All the Programmin g Lab PCs are regularly updated with the latest computer configuration.  A project lab has already been established for project/research work.  Mobile Games and App Development Lab has been approved to be buil t in CSE, UAP by government fund. CSE Department has several clubs namely UAP Software and","[""course_code"", ""date""]"
step9-development-final-20260929T185115270858Z-84c03a,Q003:english,english,2,curricula_BSc-Curriculum-New.pdf,curricula_BSc-Curriculum-New.pdf,doc-4d373684ce4879ed066003f5,1,doc-4d373684ce4879ed066003f5-p000001-b0001-c0001,2.0,,,,University of Asia Pacific (UAP) Department of Computer Science & Engineering Prospectus (Undergraduate Program) 2017-18 Board of Editors,"[""date""]"
step9-development-final-20260929T185115270858Z-84c03a,Q003:english,english,3,curricula_BSc-Curriculum-New.pdf,curricula_BSc-Curriculum-New.pdf,doc-4d373684ce4879ed066003f5,2,doc-4d373684ce4879ed066003f5-p000002-b0001-c0001,2.0,,,,"Published by Department of Computer Science & Engineering University of Asia Pacific 74/A, Green Road, Dhaka-1215 Edition 13th Edition, July 2017 Address of Correspondence","[""course_code"", ""date""]"
step9-development-final-20260929T185115270858Z-84c03a,Q003:banglish,banglish,1,curricula_BSc-Curriculum-New.pdf,curricula_BSc-Curriculum-New.pdf,doc-4d373684ce4879ed066003f5,4,doc-4d373684ce4879ed066003f5-p000004-b0001-c0001,8.0,,,,"University of Asia Pacific (UAP) was established in 1996 under the Private University Act 1992 as a private university with the vision of providing quality education and fulf illing the needs of our motherland, Bangladesh. This university started its journ ey in 1996 and offered four years bachelor degree programs in Computer Science & Engineering and Business Administration only, thus the very step of publishing the thirteenth edition of the prospectus for Undergraduate Studies of the Department of Computer Science & Engineering makes us proud. This department established in 1996, with the full support of the Administration and the UAP Foundation Members, is thriving forward in disseminating knowledge in this emerging field. Such endeavor is not only helpin g in developing the human resources of this country but also in earning foreign exchange by exporting skilled manpower abroad. Till to date, B.Sc.Engg. Degree has been conferred on 2200 graduates and these graduates are making positive contributions in the field of Computer Science and Engineering. To enhance the quality of education even further, the Department is planning to take some crush programs, some of which are mentioned below:  Faculty Search Team has been formed to attract Senior Faculty Members in the CSE Department of UAP.  All the Programmin g Lab PCs are regularly updated with the latest computer configuration.  A project lab has already been established for project/research work.  Mobile Games and App Development Lab has been approved to be buil t in CSE, UAP by government fund. CSE Department has several clubs namely UAP Software and","[""course_code"", ""date""]"
step9-development-final-20260929T185115270858Z-84c03a,Q003:banglish,banglish,2,curricula_BSc-Curriculum-New.pdf,curricula_BSc-Curriculum-New.pdf,doc-4d373684ce4879ed066003f5,1,doc-4d373684ce4879ed066003f5-p000001-b0001-c0001,3.0,,,,University of Asia Pacific (UAP) Department of Computer Science & Engineering Prospectus (Undergraduate Program) 2017-18 Board of Editors,"[""date""]"
step9-development-final-20260929T185115270858Z-84c03a,Q003:banglish,banglish,3,curricula_BSc-Curriculum-New.pdf,curricula_BSc-Curriculum-New.pdf,doc-4d373684ce4879ed066003f5,2,doc-4d373684ce4879ed066003f5-p000002-b0001-c0001,3.0,,,,"Published by Department of Computer Science & Engineering University of Asia Pacific 74/A, Green Road, Dhaka-1215 Edition 13th Edition, July 2017 Address of Correspondence","[""course_code"", ""date""]"
step9-development-final-20260929T185115270858Z-84c03a,Q004:english,english,1,curricula_BSc-Curriculum-New.pdf,curricula_BSc-Curriculum-New.pdf,doc-4d373684ce4879ed066003f5,35,doc-4d373684ce4879ed066003f5-p000035-b0002-c0001,6.0,,,,"Korea, 2016 M. Sc., University of Boras, Sweden, 2011 B. Sc. in CSE, University of Rajshahi, Bangladesh, 2006 E-mail: rashed.cse@uap-bd.edu URL: www. rashedul.info http://uapbd.edu/cse/rashed.html Dr. Md. Rashedul Islam is an Associate Professor at Department of Computer Science and Engineerin g, University of Asia Pacific (UAP), Bangladesh. He received the Bachelor of Science (B.Sc) in Computer Science and Engineering at University of Rajshahi, Bangladesh on 2006, M.Sc. in Informatics from Högskolan i Borås (University of Boras), Sweden on 2011 , and Ph.D. in Computer Engineering , University of Ulsan (UoU), South Korea on August 2016 . He has one (1) book publication, twenty one (21) Journal publications and seventeen (17) Conference publications. His research interests are Signal & Image processing, Feature selection schemes, Machine learning, Data Clustering, Data-driven bearing fault diagnosis and prognostics, parallel algorithm/processing, and GPS positioning. His is currently working on HCI, Online Fault detection and diagnosis of induction mo tor using signal analysis, clustering, and machine learning, Feature selection for supervised and unsupervised learning, Supervised and Unsupervised machine learning, Enhancing supervised classification algorithm, Realtime Smoke and fire detection, Parall el algorithm for Signal processing. For more than 5 (Five) years, he is working with the undergraduate and master‘s students of UAP as a supervisor or co -researcher of their project and thesis works. He is: a) Head, Self-Assessment Committee of Dept. of CSE, Under IQAC UAP, b) Convener, UAP Website Development Committee, UAP, c) Member, Central Admission Committee, UAP, d) Convener, Software and Hardware Club, Dept of CSE, UAP, e) Reviewer of Three international Journal, f) Judge of","[""course_code"", ""email"", ""date""]"
step9-development-final-20260929T185115270858Z-84c03a,Q004:english,english,2,curricula_BSc-Curriculum-New.pdf,curricula_BSc-Curriculum-New.pdf,doc-4d373684ce4879ed066003f5,37,doc-4d373684ce4879ed066003f5-p000037-b0003-c0001,6.0,,,,"M.Sc.Engg,(CSE),UAP, Dhaka B.Sc. Engg. (CSE), UAP, Dhaka Email: shammi@uap-bd.edu Shammi Akhtar science and engineering of the University of Asia Pacific, Bangladesh. She joined UAP in 2003 as l ecturer after obtaining her B.Sc. degree in is currently working as an assistant professor at the department of computer computer Science & Engineering with Honors from the University of Asia Pacific. She completed her M.Sc. degree in computer Science & Engineering from the same university. She teaches courses on Operating system, Assembly Language, Computer","[""course_code"", ""email"", ""date""]"
step9-development-final-20260929T185115270858Z-84c03a,Q004:english,english,3,curricula_BSc-Curriculum-New.pdf,curricula_BSc-Curriculum-New.pdf,doc-4d373684ce4879ed066003f5,44,doc-4d373684ce4879ed066003f5-p000044-b0003-c0001,6.0,,,,"Lecturer B. Sc. (Engineering) in CSE, BUET, 2016 Email: tushar.kawsar@uapbd.edu, tushar.kawsar@gmail.com Abdul Kawsar Tushar is presently employed as a Lecturer at Department of Computer Science and Engineering of University of Asia Pacific, Dhaka. He completed his graduation with honors from Bangladesh University of Engineering and Technology (BUET) in 2016 and shortly joined CSE, UAP. His thesis was titled ―On Finding Optimal Number of Divisions for Divide and Conquer Method for Finding Conv ex Hull‖ which is a sub -section of Computational Geometry. The list of his published papers include: ―Handwritten Arabic Numeral Recognition using Deep Learning Neural Networks‖, ―Chord Angle Deviation using Tangent (CADT), an Efficient and Robust Contour -based Corner Detector‖, and ―Efficient Bearing Fault Diagnosis by Extracting Intrinsic Fault Information using Envelope Power Spectrum‖, all published in IEEE conference. His research interests include (but are not limited to) Deep Learning, Image Processi ng, and Human Computer Interaction. He secured numerous scholarships throughout his undergraduate life for academic excellence, including multiple Dean's List awards as well as University Merit Scholarships.","[""course_code"", ""email"", ""date""]"
step9-development-final-20260929T185115270858Z-84c03a,Q004:bangla,bangla,1,curricula_BSc-Curriculum-New.pdf,curricula_BSc-Curriculum-New.pdf,doc-4d373684ce4879ed066003f5,1,doc-4d373684ce4879ed066003f5-p000001-b0002-c0001,4.0,,,,"Aloke Kumar Saha Associate Professor and Head, Dept. of CSE, UAP",[]
step9-development-final-20260929T185115270858Z-84c03a,Q004:bangla,bangla,2,curricula_BSc-Curriculum-New.pdf,curricula_BSc-Curriculum-New.pdf,doc-4d373684ce4879ed066003f5,33,doc-4d373684ce4879ed066003f5-p000033-b0002-c0001,4.0,,,,"Associate Professor & Head M. Sc. (CS), DU, 1996 B. Sc. (APE), DU, 1995 E-mail: aloke@uap-bd.edu URL: http://www.uap-bd.edu/cse/aloke.html Aloke Kumar Saha is Associate Professor and Head of Computer Science and Engineering D epartment of University of Asia Pacific (UAP), Dhaka, Bangladesh. He joined UAP on March 1999 as a Lecturer. Before, he was a Lecturer at Queens University from June 1997 to March 1999. He completed B.Sc. (Hons.) in Applied Physics & Electronics from the U niversity of Dhaka in 1995. He received his M.Sc.(Thesis) in Computer Science from University of Dhaka in 1997. And he is now pursuing his Ph.D. from Jahangirnagar University, Savar, Dhaka, B angladesh. He has twenty four (24) Journal publications and sixteen (16) Conference publications. He usually teaches courses on","[""course_code"", ""email"", ""date""]"
step9-development-final-20260929T185115270858Z-84c03a,Q004:bangla,bangla,3,curricula_BSc-Curriculum-New.pdf,curricula_BSc-Curriculum-New.pdf,doc-4d373684ce4879ed066003f5,34,doc-4d373684ce4879ed066003f5-p000034-b0002-c0001,4.0,,,,"Netherlands M. Sc., OvG University of Magdeburg, Germany B. Sc., Jahangirnagar University E-mail: bjferdosi@uap-bd.edu URL: http://www.uapbd.edu/cse/bilkis.html Dr. Bilkis Jamal Ferdosi is working as Associate Professor in the department of Computer Science and Engineering, University of Asia Pacific (UAP), Dhaka, Bangladesh. She joined UAP on February 1, 2016 as Associate Professor. After she completed her B.Sc.(4 year) in Electronics and Computer Science from Jahangirnagar University, she started her teaching carrier in 1998 as a Lecturer in the Department of CSE, Shahjalal University of Science and Technology (SUST), Sylhet and later she promoted to Assistant Professor in 2004. After serving SUST for five and half years, she went to OVG -University of Magdeburg, Germany to complete her M.Sc. in Computational Visualistics. After that she completed her PhD degree from University of Groningen, the Netherlands in 2011. From September 1, 2012 – February 26, 2014 she worked as Assistant Professor and Head in the department of CSE, State University of Bangladesh. From February 27, 2014 - January 20, 2016, she worked as Associate Professor and Head in the same department. From June 01, 2016 – November 30, 2016, she also worked as Head (currently on leave) in the department of CSE, UAP. She also worked as visiting researcher in the University of Missouri - Columbia, USA and as research assistant in prestigious Max Planck Institute, Germany, t eaching assistant in University of Magdeburg, Germany, and teaching assistant in University of Groningen, the Netherlands. She also worked as a coordinator of the 2016 ACM -ICPC Asia Dhaka Regional Contest organized by UAP. She has","[""course_code"", ""email"", ""date""]"
step9-development-final-20260929T185115270858Z-84c03a,Q004:banglish,banglish,1,curricula_BSc-Curriculum-New.pdf,curricula_BSc-Curriculum-New.pdf,doc-4d373684ce4879ed066003f5,33,doc-4d373684ce4879ed066003f5-p000033-b0002-c0001,7.0,,,,"Associate Professor & Head M. Sc. (CS), DU, 1996 B. Sc. (APE), DU, 1995 E-mail: aloke@uap-bd.edu URL: http://www.uap-bd.edu/cse/aloke.html Aloke Kumar Saha is Associate Professor and Head of Computer Science and Engineering D epartment of University of Asia Pacific (UAP), Dhaka, Bangladesh. He joined UAP on March 1999 as a Lecturer. Before, he was a Lecturer at Queens University from June 1997 to March 1999. He completed B.Sc. (Hons.) in Applied Physics & Electronics from the U niversity of Dhaka in 1995. He received his M.Sc.(Thesis) in Computer Science from University of Dhaka in 1997. And he is now pursuing his Ph.D. from Jahangirnagar University, Savar, Dhaka, B angladesh. He has twenty four (24) Journal publications and sixteen (16) Conference publications. He usually teaches courses on","[""course_code"", ""email"", ""date""]"
step9-development-final-20260929T185115270858Z-84c03a,Q004:banglish,banglish,2,curricula_BSc-Curriculum-New.pdf,curricula_BSc-Curriculum-New.pdf,doc-4d373684ce4879ed066003f5,35,doc-4d373684ce4879ed066003f5-p000035-b0002-c0001,7.0,,,,"Korea, 2016 M. Sc., University of Boras, Sweden, 2011 B. Sc. in CSE, University of Rajshahi, Bangladesh, 2006 E-mail: rashed.cse@uap-bd.edu URL: www. rashedul.info http://uapbd.edu/cse/rashed.html Dr. Md. Rashedul Islam is an Associate Professor at Department of Computer Science and Engineerin g, University of Asia Pacific (UAP), Bangladesh. He received the Bachelor of Science (B.Sc) in Computer Science and Engineering at University of Rajshahi, Bangladesh on 2006, M.Sc. in Informatics from Högskolan i Borås (University of Boras), Sweden on 2011 , and Ph.D. in Computer Engineering , University of Ulsan (UoU), South Korea on August 2016 . He has one (1) book publication, twenty one (21) Journal publications and seventeen (17) Conference publications. His research interests are Signal & Image processing, Feature selection schemes, Machine learning, Data Clustering, Data-driven bearing fault diagnosis and prognostics, parallel algorithm/processing, and GPS positioning. His is currently working on HCI, Online Fault detection and diagnosis of induction mo tor using signal analysis, clustering, and machine learning, Feature selection for supervised and unsupervised learning, Supervised and Unsupervised machine learning, Enhancing supervised classification algorithm, Realtime Smoke and fire detection, Parall el algorithm for Signal processing. For more than 5 (Five) years, he is working with the undergraduate and master‘s students of UAP as a supervisor or co -researcher of their project and thesis works. He is: a) Head, Self-Assessment Committee of Dept. of CSE, Under IQAC UAP, b) Convener, UAP Website Development Committee, UAP, c) Member, Central Admission Committee, UAP, d) Convener, Software and Hardware Club, Dept of CSE, UAP, e) Reviewer of Three international Journal, f) Judge of","[""course_code"", ""email"", ""date""]"
step9-development-final-20260929T185115270858Z-84c03a,Q004:banglish,banglish,3,curricula_BSc-Curriculum-New.pdf,curricula_BSc-Curriculum-New.pdf,doc-4d373684ce4879ed066003f5,37,doc-4d373684ce4879ed066003f5-p000037-b0001-c0001,7.0,,,,"Shaila Rahman, Assistant Professor M.Sc Computer Science, DU B.Sc Applied Physics & Electronics, DU Email: shaila@uap-bd.edu Shaila Rahman completed her masters in Computer Science from DU. She joined in UAP aft er her graduation. She secured 4 th position in M.Sc. She also secured the 4 th position in B.Sc (Hons) in Applied Physics & Electro nics from the same institution. She teaches","[""email""]"
step9-development-final-20260929T185115270858Z-84c03a,Q005:english,english,1,curricula_BSc-Curriculum-New.pdf,curricula_BSc-Curriculum-New.pdf,doc-4d373684ce4879ed066003f5,3,doc-4d373684ce4879ed066003f5-p000003-b0001-c0001,6.0,,,,"Disclaimer The information contained in this prospectus is subject to change at the discretion of the Department of Computer Science & Engineering, UAP.",[]
step9-development-final-20260929T185115270858Z-84c03a,Q005:english,english,2,curricula_BSc-Curriculum-New.pdf,curricula_BSc-Curriculum-New.pdf,doc-4d373684ce4879ed066003f5,13,doc-4d373684ce4879ed066003f5-p000013-b0004-c0001,4.0,,,,"Laboratory UAP provide laboratory facilities for the students of respective departments. The laboratories are self -sufficient and r ich in instruments and other facilities to carry out sessional / practical classes for different courses. Unlike many other private Universities, UAP does not depend on any other institutions for its laboratory classes. Other than sessional / practical cla sses, the faculties of UAP do their research work in these laboratories also. Website and Internet Faci lity University of Asia Pacific (UAP) provides twenty -four hour high -speed Internet facilities to its students. All the computers of lab and other place s of each department of UAP are connected under a LAN and high -speed Internet line. There is a web site of UAP that contains important information about faculty members, ongoing research, admission, faculty search, exam of UAP etc., which is updated each week and URL is www.uap-bd.edu. Each student of UAP is given an individual email account at uap-bd.edu domain that recognizes the UAP students. Student can submit their assignments through Internet.",[]
step9-development-final-20260929T185115270858Z-84c03a,Q005:english,english,3,curricula_BSc-Curriculum-New.pdf,curricula_BSc-Curriculum-New.pdf,doc-4d373684ce4879ed066003f5,1,doc-4d373684ce4879ed066003f5-p000001-b0001-c0001,2.0,,,,University of Asia Pacific (UAP) Department of Computer Science & Engineering Prospectus (Undergraduate Program) 2017-18 Board of Editors,"[""date""]"
step9-development-final-20260929T185115270858Z-84c03a,Q005:banglish,banglish,1,curricula_BSc-Curriculum-New.pdf,curricula_BSc-Curriculum-New.pdf,doc-4d373684ce4879ed066003f5,3,doc-4d373684ce4879ed066003f5-p000003-b0001-c0001,7.0,,,,"Disclaimer The information contained in this prospectus is subject to change at the discretion of the Department of Computer Science & Engineering, UAP.",[]
step9-development-final-20260929T185115270858Z-84c03a,Q005:banglish,banglish,2,curricula_BSc-Curriculum-New.pdf,curricula_BSc-Curriculum-New.pdf,doc-4d373684ce4879ed066003f5,4,doc-4d373684ce4879ed066003f5-p000004-b0001-c0001,4.0,,,,"University of Asia Pacific (UAP) was established in 1996 under the Private University Act 1992 as a private university with the vision of providing quality education and fulf illing the needs of our motherland, Bangladesh. This university started its journ ey in 1996 and offered four years bachelor degree programs in Computer Science & Engineering and Business Administration only, thus the very step of publishing the thirteenth edition of the prospectus for Undergraduate Studies of the Department of Computer Science & Engineering makes us proud. This department established in 1996, with the full support of the Administration and the UAP Foundation Members, is thriving forward in disseminating knowledge in this emerging field. Such endeavor is not only helpin g in developing the human resources of this country but also in earning foreign exchange by exporting skilled manpower abroad. Till to date, B.Sc.Engg. Degree has been conferred on 2200 graduates and these graduates are making positive contributions in the field of Computer Science and Engineering. To enhance the quality of education even further, the Department is planning to take some crush programs, some of which are mentioned below:  Faculty Search Team has been formed to attract Senior Faculty Members in the CSE Department of UAP.  All the Programmin g Lab PCs are regularly updated with the latest computer configuration.  A project lab has already been established for project/research work.  Mobile Games and App Development Lab has been approved to be buil t in CSE, UAP by government fund. CSE Department has several clubs namely UAP Software and","[""course_code"", ""date""]"
step9-development-final-20260929T185115270858Z-84c03a,Q005:banglish,banglish,3,curricula_BSc-Curriculum-New.pdf,curricula_BSc-Curriculum-New.pdf,doc-4d373684ce4879ed066003f5,33,doc-4d373684ce4879ed066003f5-p000033-b0004-c0001,4.0,,,,"Mathematics, Computer Graphics and Basic Electrical Engineering. His current research interests are Algorithm, Artificial Inte lligence and Universal Networking Language (UNL). For more than 18 (Eighteen) years, he is working with the undergraduate and master‘s students of UAP as a supervisor or co -researcher of their project and thesis works. He is Chief of Organizing Committee o f International Journal of Computer and Information Technology (IJCIT), published by department of CSE, UAP. He is also Convener of Departmental Quality Assurance Unit (DQAU) of the department of CSE, UAP. He is Member of Academic Council UAP, Chairman of Examination Committee of CSE, Advisor of Research & Publication unit, Programming Contest club, Hardware& Software Club, Sports Club and Cultural & Debating Club of the department of CSE, UAP.","[""course_code""]"
step9-development-final-20260929T185115270858Z-84c03a,Q006:english,english,1,curricula_BSc-Curriculum-New.pdf,curricula_BSc-Curriculum-New.pdf,doc-4d373684ce4879ed066003f5,4,doc-4d373684ce4879ed066003f5-p000004-b0001-c0001,6.0,,,,"University of Asia Pacific (UAP) was established in 1996 under the Private University Act 1992 as a private university with the vision of providing quality education and fulf illing the needs of our motherland, Bangladesh. This university started its journ ey in 1996 and offered four years bachelor degree programs in Computer Science & Engineering and Business Administration only, thus the very step of publishing the thirteenth edition of the prospectus for Undergraduate Studies of the Department of Computer Science & Engineering makes us proud. This department established in 1996, with the full support of the Administration and the UAP Foundation Members, is thriving forward in disseminating knowledge in this emerging field. Such endeavor is not only helpin g in developing the human resources of this country but also in earning foreign exchange by exporting skilled manpower abroad. Till to date, B.Sc.Engg. Degree has been conferred on 2200 graduates and these graduates are making positive contributions in the field of Computer Science and Engineering. To enhance the quality of education even further, the Department is planning to take some crush programs, some of which are mentioned below:  Faculty Search Team has been formed to attract Senior Faculty Members in the CSE Department of UAP.  All the Programmin g Lab PCs are regularly updated with the latest computer configuration.  A project lab has already been established for project/research work.  Mobile Games and App Development Lab has been approved to be buil t in CSE, UAP by government fund. CSE Department has several clubs namely UAP Software and","[""course_code"", ""date""]"
step9-development-final-20260929T185115270858Z-84c03a,Q006:english,english,2,curricula_BSc-Curriculum-New.pdf,curricula_BSc-Curriculum-New.pdf,doc-4d373684ce4879ed066003f5,5,doc-4d373684ce4879ed066003f5-p000005-b0001-c0001,6.0,,,,"Cultural and Debating Club arranges cultural week in every semester to hunt talents in different cultural fields. In every semester there is a grand cultural show participated by the students and teachers. Sports Club arranges sports week in every semester to arrange competitions in different events like Cricket, Bad Minton, Table Tennis, Football, etc. Robotics Club arranges interesting sessions on modern robotics and reveals a new world of electronics and computer programming. Film and Photography Club aims to organize events on artistic work of film industry of home and abroad as well as photography of contemporary materials. The Research & Publication Unit arranges Seminar at least once in every mon th on various important topics on Science & Technology. Also, Research & Publication unit publishes International Journal of Computer and Information Technology (IJCIT). The first issue was published in August, 2010. Department has also Master‘s Program ‗Master in Computer Science & Engineering (MCSE )‘. Currently 50 students are continuing in our MCSE program. The Department also offers two other Masters Programs: Master in Computer Applications (MCA) and Master in Computer Science (MCS). Besides, every student enjoys the right to join any club activity organized through any other department of UAP. They enjoy a range of central club activities such as Career Club. Formation of IEERD (The Institute for Energy, Environment, Research and Development) The Institute for Energy, Environment, Research and Development (IEERD) is established at University of Asia Pacific as a constituent research and academic institute or center with a separate administrative structure. The purpose of the ―Institute‖ is to","[""course_code"", ""date"", ""topics""]"
step9-development-final-20260929T185115270858Z-84c03a,Q006:english,english,3,curricula_BSc-Curriculum-New.pdf,curricula_BSc-Curriculum-New.pdf,doc-4d373684ce4879ed066003f5,8,doc-4d373684ce4879ed066003f5-p000008-b0001-c0001,6.0,,,,"1. Introduction University of Asia Pacific (UAP) was established in 1996 with a vision to enhance the opportunities for higher education in Bangladesh. The University, under the Private University Act 1992, started its operation in 1996 by offering four -year Bachelor Degree Programs in Computer Science & Technology and Business Administration only. Now UAP offers undergraduate programs in nine disciplines and post-graduate programs in eight disciplines. Its curriculum has been approved by the University Grants Commission of the Government of the People's Republic of Bangladesh. UAP is sponsored by University of Asia Pacific Foundation, a non -profitable, non-commercial organization based in Dhaka, Bangladesh. The Foundation has been established in 1995 by a group of eminent educationalists, Industrialists and administrators who share the same vision and social commitments to promote improve and innovative educational opportunities to the society. UAP is the pr oject of such noble goals. Mr. Qayum Reza Chowdhury is the current Chairperson of this foundation.","[""course_code"", ""date""]"
step9-development-final-20260929T185115270858Z-84c03a,Q006:bangla,bangla,1,curricula_BSc-Curriculum-New.pdf,curricula_BSc-Curriculum-New.pdf,doc-4d373684ce4879ed066003f5,1,doc-4d373684ce4879ed066003f5-p000001-b0001-c0001,2.0,,,,University of Asia Pacific (UAP) Department of Computer Science & Engineering Prospectus (Undergraduate Program) 2017-18 Board of Editors,"[""date""]"
step9-development-final-20260929T185115270858Z-84c03a,Q006:bangla,bangla,2,curricula_BSc-Curriculum-New.pdf,curricula_BSc-Curriculum-New.pdf,doc-4d373684ce4879ed066003f5,1,doc-4d373684ce4879ed066003f5-p000001-b0002-c0001,2.0,,,,"Aloke Kumar Saha Associate Professor and Head, Dept. of CSE, UAP",[]
step9-development-final-20260929T185115270858Z-84c03a,Q006:bangla,bangla,3,curricula_BSc-Curriculum-New.pdf,curricula_BSc-Curriculum-New.pdf,doc-4d373684ce4879ed066003f5,1,doc-4d373684ce4879ed066003f5-p000001-b0003-c0001,2.0,,,,"Dr. Bilkis Jamal Ferdosi Associate Professor, Dept. of CSE, UAP",[]
step9-development-final-20260929T185115270858Z-84c03a,Q006:banglish,banglish,1,curricula_BSc-Curriculum-New.pdf,curricula_BSc-Curriculum-New.pdf,doc-4d373684ce4879ed066003f5,4,doc-4d373684ce4879ed066003f5-p000004-b0001-c0001,4.0,,,,"University of Asia Pacific (UAP) was established in 1996 under the Private University Act 1992 as a private university with the vision of providing quality education and fulf illing the needs of our motherland, Bangladesh. This university started its journ ey in 1996 and offered four years bachelor degree programs in Computer Science & Engineering and Business Administration only, thus the very step of publishing the thirteenth edition of the prospectus for Undergraduate Studies of the Department of Computer Science & Engineering makes us proud. This department established in 1996, with the full support of the Administration and the UAP Foundation Members, is thriving forward in disseminating knowledge in this emerging field. Such endeavor is not only helpin g in developing the human resources of this country but also in earning foreign exchange by exporting skilled manpower abroad. Till to date, B.Sc.Engg. Degree has been conferred on 2200 graduates and these graduates are making positive contributions in the field of Computer Science and Engineering. To enhance the quality of education even further, the Department is planning to take some crush programs, some of which are mentioned below:  Faculty Search Team has been formed to attract Senior Faculty Members in the CSE Department of UAP.  All the Programmin g Lab PCs are regularly updated with the latest computer configuration.  A project lab has already been established for project/research work.  Mobile Games and App Development Lab has been approved to be buil t in CSE, UAP by government fund. CSE Department has several clubs namely UAP Software and","[""course_code"", ""date""]"
step9-development-final-20260929T185115270858Z-84c03a,Q006:banglish,banglish,2,curricula_BSc-Curriculum-New.pdf,curricula_BSc-Curriculum-New.pdf,doc-4d373684ce4879ed066003f5,4,doc-4d373684ce4879ed066003f5-p000004-b0001-c0002,4.0,,,," A project lab has already been established for project/research work.  Mobile Games and App Development Lab has been approved to be buil t in CSE, UAP by government fund. CSE Department has several clubs namely UAP Software and Hardware Club , Programming Contest Club , Cultural and Debating Club , Robotics Club, Film and Photography club, Research and Publication unit and Sports Club to integrate the students in different co -curricular and extra -curricular activities. The University authority always provides financial help for the clubs to achieve goals. UAP Software and Hardware Club aims to develop students‘ skills in software and hardware development and to produce marketable products. UAP Software and Hardware club conduct training programs for students to prepare them to develop different attractive hardware/software projects. To improve analytical ability of the students, the c lub arrang es training programs and workshops. To improve programming skills of the students, UAP software and Hardware club arranges Intra and Inter University Software and Competition with the participation of various universities as well as software companies. Programming Contest Club works on developing students‘ skills in programming and prepares them for various programming contests across the globe, especially the ACM Programming Contest. Programming Contest club conducts coaching and workshops to improve the p roblem solving ability of the students. Faculty attended in the ACM ICPC world fina l conducts these coaching. The c lub arranges Intra UAP programming c ontests on a regular basis and also planning to arrange an Inter University Programming Contests with the participation of all universities of","[""course_code"", ""date""]"
step9-development-final-20260929T185115270858Z-84c03a,Q006:banglish,banglish,3,curricula_BSc-Curriculum-New.pdf,curricula_BSc-Curriculum-New.pdf,doc-4d373684ce4879ed066003f5,5,doc-4d373684ce4879ed066003f5-p000005-b0001-c0001,4.0,,,,"Cultural and Debating Club arranges cultural week in every semester to hunt talents in different cultural fields. In every semester there is a grand cultural show participated by the students and teachers. Sports Club arranges sports week in every semester to arrange competitions in different events like Cricket, Bad Minton, Table Tennis, Football, etc. Robotics Club arranges interesting sessions on modern robotics and reveals a new world of electronics and computer programming. Film and Photography Club aims to organize events on artistic work of film industry of home and abroad as well as photography of contemporary materials. The Research & Publication Unit arranges Seminar at least once in every mon th on various important topics on Science & Technology. Also, Research & Publication unit publishes International Journal of Computer and Information Technology (IJCIT). The first issue was published in August, 2010. Department has also Master‘s Program ‗Master in Computer Science & Engineering (MCSE )‘. Currently 50 students are continuing in our MCSE program. The Department also offers two other Masters Programs: Master in Computer Applications (MCA) and Master in Computer Science (MCS). Besides, every student enjoys the right to join any club activity organized through any other department of UAP. They enjoy a range of central club activities such as Career Club. Formation of IEERD (The Institute for Energy, Environment, Research and Development) The Institute for Energy, Environment, Research and Development (IEERD) is established at University of Asia Pacific as a constituent research and academic institute or center with a separate administrative structure. The purpose of the ―Institute‖ is to","[""course_code"", ""date"", ""topics""]"
step9-development-final-20260929T185115270858Z-84c03a,Q007:english,english,1,curricula_BSc-Curriculum-New.pdf,curricula_BSc-Curriculum-New.pdf,doc-4d373684ce4879ed066003f5,14,doc-4d373684ce4879ed066003f5-p000014-b0001-c0001,10.0,,,,"1.8 Academic and Technical Collaborations 1. Foreign Academic and Technical collaborations With increasing internationalization of educati on, particularly at the university level, there is a strong compulsion to promote interaction, especially with institution of higher education in the industrial countries. Such interaction provides access to ever -changing scenarios of modern education deli very system and the most up -to-date innovative developments in teaching -learning methodology. Recognizing this imperative, UAP has already initiated a number of collaborative programs with universities in the USA, Australia and Canada. An agreement betwee n the University of Baltimore, USA and University of Asia Pacific has already been signed to collaborate in a joint undergraduate studies program in Business Administration. The objective of this program is to offer a collaboration baccalaureate degree to students of UAP through a course of studies pursued at UAP and in the USA at the University of Baltimore. An exchange program and academic cooperation agreement has been signed with Virginia Polytechnic Institute (VPI) and State University (SU), USA, whic h provides for exchange of students and visits of faculty members between UAP and VPI, SU; transfer of credits for courses taken by UAP students: undertaking joint research programs and joint supervision. Under the agreement, UAP students may pursue their studies as exchange students or seek transfer to VPI and SU after studying two years at UAP. Similar agreements for academic collaboration had been undertaken with South Dakota School of Mines and Technology (SDSMT) in the USA and University of Western Sydney and University of Canberra in Australia. An exchange program and","[""credits""]"
step9-development-final-20260929T185115270858Z-84c03a,Q007:english,english,2,curricula_BSc-Curriculum-New.pdf,curricula_BSc-Curriculum-New.pdf,doc-4d373684ce4879ed066003f5,4,doc-4d373684ce4879ed066003f5-p000004-b0001-c0001,9.0,,,,"University of Asia Pacific (UAP) was established in 1996 under the Private University Act 1992 as a private university with the vision of providing quality education and fulf illing the needs of our motherland, Bangladesh. This university started its journ ey in 1996 and offered four years bachelor degree programs in Computer Science & Engineering and Business Administration only, thus the very step of publishing the thirteenth edition of the prospectus for Undergraduate Studies of the Department of Computer Science & Engineering makes us proud. This department established in 1996, with the full support of the Administration and the UAP Foundation Members, is thriving forward in disseminating knowledge in this emerging field. Such endeavor is not only helpin g in developing the human resources of this country but also in earning foreign exchange by exporting skilled manpower abroad. Till to date, B.Sc.Engg. Degree has been conferred on 2200 graduates and these graduates are making positive contributions in the field of Computer Science and Engineering. To enhance the quality of education even further, the Department is planning to take some crush programs, some of which are mentioned below:  Faculty Search Team has been formed to attract Senior Faculty Members in the CSE Department of UAP.  All the Programmin g Lab PCs are regularly updated with the latest computer configuration.  A project lab has already been established for project/research work.  Mobile Games and App Development Lab has been approved to be buil t in CSE, UAP by government fund. CSE Department has several clubs namely UAP Software and","[""course_code"", ""date""]"
step9-development-final-20260929T185115270858Z-84c03a,Q007:english,english,3,curricula_BSc-Curriculum-New.pdf,curricula_BSc-Curriculum-New.pdf,doc-4d373684ce4879ed066003f5,8,doc-4d373684ce4879ed066003f5-p000008-b0001-c0001,9.0,,,,"1. Introduction University of Asia Pacific (UAP) was established in 1996 with a vision to enhance the opportunities for higher education in Bangladesh. The University, under the Private University Act 1992, started its operation in 1996 by offering four -year Bachelor Degree Programs in Computer Science & Technology and Business Administration only. Now UAP offers undergraduate programs in nine disciplines and post-graduate programs in eight disciplines. Its curriculum has been approved by the University Grants Commission of the Government of the People's Republic of Bangladesh. UAP is sponsored by University of Asia Pacific Foundation, a non -profitable, non-commercial organization based in Dhaka, Bangladesh. The Foundation has been established in 1995 by a group of eminent educationalists, Industrialists and administrators who share the same vision and social commitments to promote improve and innovative educational opportunities to the society. UAP is the pr oject of such noble goals. Mr. Qayum Reza Chowdhury is the current Chairperson of this foundation.","[""course_code"", ""date""]"
step9-development-final-20260929T185115270858Z-84c03a,Q007:bangla,bangla,1,curricula_BSc-Curriculum-New.pdf,curricula_BSc-Curriculum-New.pdf,doc-4d373684ce4879ed066003f5,1,doc-4d373684ce4879ed066003f5-p000001-b0001-c0001,2.0,,,,University of Asia Pacific (UAP) Department of Computer Science & Engineering Prospectus (Undergraduate Program) 2017-18 Board of Editors,"[""date""]"
step9-development-final-20260929T185115270858Z-84c03a,Q007:bangla,bangla,2,curricula_BSc-Curriculum-New.pdf,curricula_BSc-Curriculum-New.pdf,doc-4d373684ce4879ed066003f5,1,doc-4d373684ce4879ed066003f5-p000001-b0002-c0001,2.0,,,,"Aloke Kumar Saha Associate Professor and Head, Dept. of CSE, UAP",[]
step9-development-final-20260929T185115270858Z-84c03a,Q007:bangla,bangla,3,curricula_BSc-Curriculum-New.pdf,curricula_BSc-Curriculum-New.pdf,doc-4d373684ce4879ed066003f5,1,doc-4d373684ce4879ed066003f5-p000001-b0003-c0001,2.0,,,,"Dr. Bilkis Jamal Ferdosi Associate Professor, Dept. of CSE, UAP",[]
step9-development-final-20260929T185115270858Z-84c03a,Q007:banglish,banglish,1,curricula_BSc-Curriculum-New.pdf,curricula_BSc-Curriculum-New.pdf,doc-4d373684ce4879ed066003f5,4,doc-4d373684ce4879ed066003f5-p000004-b0001-c0001,8.0,,,,"University of Asia Pacific (UAP) was established in 1996 under the Private University Act 1992 as a private university with the vision of providing quality education and fulf illing the needs of our motherland, Bangladesh. This university started its journ ey in 1996 and offered four years bachelor degree programs in Computer Science & Engineering and Business Administration only, thus the very step of publishing the thirteenth edition of the prospectus for Undergraduate Studies of the Department of Computer Science & Engineering makes us proud. This department established in 1996, with the full support of the Administration and the UAP Foundation Members, is thriving forward in disseminating knowledge in this emerging field. Such endeavor is not only helpin g in developing the human resources of this country but also in earning foreign exchange by exporting skilled manpower abroad. Till to date, B.Sc.Engg. Degree has been conferred on 2200 graduates and these graduates are making positive contributions in the field of Computer Science and Engineering. To enhance the quality of education even further, the Department is planning to take some crush programs, some of which are mentioned below:  Faculty Search Team has been formed to attract Senior Faculty Members in the CSE Department of UAP.  All the Programmin g Lab PCs are regularly updated with the latest computer configuration.  A project lab has already been established for project/research work.  Mobile Games and App Development Lab has been approved to be buil t in CSE, UAP by government fund. CSE Department has several clubs namely UAP Software and","[""course_code"", ""date""]"
step9-development-final-20260929T185115270858Z-84c03a,Q007:banglish,banglish,2,curricula_BSc-Curriculum-New.pdf,curricula_BSc-Curriculum-New.pdf,doc-4d373684ce4879ed066003f5,8,doc-4d373684ce4879ed066003f5-p000008-b0001-c0001,8.0,,,,"1. Introduction University of Asia Pacific (UAP) was established in 1996 with a vision to enhance the opportunities for higher education in Bangladesh. The University, under the Private University Act 1992, started its operation in 1996 by offering four -year Bachelor Degree Programs in Computer Science & Technology and Business Administration only. Now UAP offers undergraduate programs in nine disciplines and post-graduate programs in eight disciplines. Its curriculum has been approved by the University Grants Commission of the Government of the People's Republic of Bangladesh. UAP is sponsored by University of Asia Pacific Foundation, a non -profitable, non-commercial organization based in Dhaka, Bangladesh. The Foundation has been established in 1995 by a group of eminent educationalists, Industrialists and administrators who share the same vision and social commitments to promote improve and innovative educational opportunities to the society. UAP is the pr oject of such noble goals. Mr. Qayum Reza Chowdhury is the current Chairperson of this foundation.","[""course_code"", ""date""]"
step9-development-final-20260929T185115270858Z-84c03a,Q007:banglish,banglish,3,curricula_BSc-Curriculum-New.pdf,curricula_BSc-Curriculum-New.pdf,doc-4d373684ce4879ed066003f5,14,doc-4d373684ce4879ed066003f5-p000014-b0001-c0001,8.0,,,,"1.8 Academic and Technical Collaborations 1. Foreign Academic and Technical collaborations With increasing internationalization of educati on, particularly at the university level, there is a strong compulsion to promote interaction, especially with institution of higher education in the industrial countries. Such interaction provides access to ever -changing scenarios of modern education deli very system and the most up -to-date innovative developments in teaching -learning methodology. Recognizing this imperative, UAP has already initiated a number of collaborative programs with universities in the USA, Australia and Canada. An agreement betwee n the University of Baltimore, USA and University of Asia Pacific has already been signed to collaborate in a joint undergraduate studies program in Business Administration. The objective of this program is to offer a collaboration baccalaureate degree to students of UAP through a course of studies pursued at UAP and in the USA at the University of Baltimore. An exchange program and academic cooperation agreement has been signed with Virginia Polytechnic Institute (VPI) and State University (SU), USA, whic h provides for exchange of students and visits of faculty members between UAP and VPI, SU; transfer of credits for courses taken by UAP students: undertaking joint research programs and joint supervision. Under the agreement, UAP students may pursue their studies as exchange students or seek transfer to VPI and SU after studying two years at UAP. Similar agreements for academic collaboration had been undertaken with South Dakota School of Mines and Technology (SDSMT) in the USA and University of Western Sydney and University of Canberra in Australia. An exchange program and","[""credits""]"
step9-development-final-20260929T185115270858Z-84c03a,Q008:english,english,1,curricula_BSc-Curriculum-New.pdf,curricula_BSc-Curriculum-New.pdf,doc-4d373684ce4879ed066003f5,4,doc-4d373684ce4879ed066003f5-p000004-b0001-c0001,8.0,,,,"University of Asia Pacific (UAP) was established in 1996 under the Private University Act 1992 as a private university with the vision of providing quality education and fulf illing the needs of our motherland, Bangladesh. This university started its journ ey in 1996 and offered four years bachelor degree programs in Computer Science & Engineering and Business Administration only, thus the very step of publishing the thirteenth edition of the prospectus for Undergraduate Studies of the Department of Computer Science & Engineering makes us proud. This department established in 1996, with the full support of the Administration and the UAP Foundation Members, is thriving forward in disseminating knowledge in this emerging field. Such endeavor is not only helpin g in developing the human resources of this country but also in earning foreign exchange by exporting skilled manpower abroad. Till to date, B.Sc.Engg. Degree has been conferred on 2200 graduates and these graduates are making positive contributions in the field of Computer Science and Engineering. To enhance the quality of education even further, the Department is planning to take some crush programs, some of which are mentioned below:  Faculty Search Team has been formed to attract Senior Faculty Members in the CSE Department of UAP.  All the Programmin g Lab PCs are regularly updated with the latest computer configuration.  A project lab has already been established for project/research work.  Mobile Games and App Development Lab has been approved to be buil t in CSE, UAP by government fund. CSE Department has several clubs namely UAP Software and","[""course_code"", ""date""]"
step9-development-final-20260929T185115270858Z-84c03a,Q008:english,english,2,curricula_BSc-Curriculum-New.pdf,curricula_BSc-Curriculum-New.pdf,doc-4d373684ce4879ed066003f5,31,doc-4d373684ce4879ed066003f5-p000031-b0004-c0001,5.0,,,,"Activities: The Activities of this club are as follows:  The club arranges at least one intradepartmental robotic competition in an academic year on regular basis.  This club usually selects the participants from the CSE department for any Robotic event outside the university.  The Club arranges training as well as workshops for the interested students to spread robotics. Developments and progress achieved For the last 20 years, the Department has maintained a steady trend of improvement. Our students are proudl y contributing towards the development of our country. Further research and development work is being carried out by many of our graduates. Some of the students are employed in different prestigious multi -national, cellular and software companies. This ref lects the quality of students being produced by CSE, UAP. A good number of students are pursuing higher studies in Italy, UK, USA, Sweden, Japan, Germany and Korea. Starting from 4 students in 1996 the Department has experienced a massive i ntake of student s,","[""course_code"", ""date""]"
step9-development-final-20260929T185115270858Z-84c03a,Q008:english,english,3,curricula_BSc-Curriculum-New.pdf,curricula_BSc-Curriculum-New.pdf,doc-4d373684ce4879ed066003f5,8,doc-4d373684ce4879ed066003f5-p000008-b0003-c0001,4.0,,,,"1.2 University Administration Vice-Chancellor Prof. Dr. Jamilur Reza Choudhury B.Sc.(Engg.), Civil (BUET), M.Sc.(Engg.) ( Advanced Structural Engineering), Ph.D. (University of Southampton), Doctor of Engineering (Honoris Causa) Man chester University, UK. Fellow, Bangladesh Computer Society, Fellow, Bangladesh Academy of Sciences. Fellow, Institution of Engineers (Ba ngladesh) Email: vc@uap -bd.edu Pro Vice- Chancellor",[]
step9-development-final-20260929T185115270858Z-84c03a,Q008:bangla,bangla,1,curricula_BSc-Curriculum-New.pdf,curricula_BSc-Curriculum-New.pdf,doc-4d373684ce4879ed066003f5,4,doc-4d373684ce4879ed066003f5-p000004-b0001-c0001,4.0,,,,"University of Asia Pacific (UAP) was established in 1996 under the Private University Act 1992 as a private university with the vision of providing quality education and fulf illing the needs of our motherland, Bangladesh. This university started its journ ey in 1996 and offered four years bachelor degree programs in Computer Science & Engineering and Business Administration only, thus the very step of publishing the thirteenth edition of the prospectus for Undergraduate Studies of the Department of Computer Science & Engineering makes us proud. This department established in 1996, with the full support of the Administration and the UAP Foundation Members, is thriving forward in disseminating knowledge in this emerging field. Such endeavor is not only helpin g in developing the human resources of this country but also in earning foreign exchange by exporting skilled manpower abroad. Till to date, B.Sc.Engg. Degree has been conferred on 2200 graduates and these graduates are making positive contributions in the field of Computer Science and Engineering. To enhance the quality of education even further, the Department is planning to take some crush programs, some of which are mentioned below:  Faculty Search Team has been formed to attract Senior Faculty Members in the CSE Department of UAP.  All the Programmin g Lab PCs are regularly updated with the latest computer configuration.  A project lab has already been established for project/research work.  Mobile Games and App Development Lab has been approved to be buil t in CSE, UAP by government fund. CSE Department has several clubs namely UAP Software and","[""course_code"", ""date""]"
step9-development-final-20260929T185115270858Z-84c03a,Q008:bangla,bangla,2,curricula_BSc-Curriculum-New.pdf,curricula_BSc-Curriculum-New.pdf,doc-4d373684ce4879ed066003f5,8,doc-4d373684ce4879ed066003f5-p000008-b0003-c0001,4.0,,,,"1.2 University Administration Vice-Chancellor Prof. Dr. Jamilur Reza Choudhury B.Sc.(Engg.), Civil (BUET), M.Sc.(Engg.) ( Advanced Structural Engineering), Ph.D. (University of Southampton), Doctor of Engineering (Honoris Causa) Man chester University, UK. Fellow, Bangladesh Computer Society, Fellow, Bangladesh Academy of Sciences. Fellow, Institution of Engineers (Ba ngladesh) Email: vc@uap -bd.edu Pro Vice- Chancellor",[]
step9-development-final-20260929T185115270858Z-84c03a,Q008:bangla,bangla,3,curricula_BSc-Curriculum-New.pdf,curricula_BSc-Curriculum-New.pdf,doc-4d373684ce4879ed066003f5,8,doc-4d373684ce4879ed066003f5-p000008-b0004-c0001,4.0,,,,"Prof. M. R. Kabir Ph.D,Catholic University of Leuven, Belgium, M.Sc.Engg.Post Graduate Diploma,",[]
step9-development-final-20260929T185115270858Z-84c03a,Q008:banglish,banglish,1,curricula_BSc-Curriculum-New.pdf,curricula_BSc-Curriculum-New.pdf,doc-4d373684ce4879ed066003f5,4,doc-4d373684ce4879ed066003f5-p000004-b0001-c0001,9.0,,,,"University of Asia Pacific (UAP) was established in 1996 under the Private University Act 1992 as a private university with the vision of providing quality education and fulf illing the needs of our motherland, Bangladesh. This university started its journ ey in 1996 and offered four years bachelor degree programs in Computer Science & Engineering and Business Administration only, thus the very step of publishing the thirteenth edition of the prospectus for Undergraduate Studies of the Department of Computer Science & Engineering makes us proud. This department established in 1996, with the full support of the Administration and the UAP Foundation Members, is thriving forward in disseminating knowledge in this emerging field. Such endeavor is not only helpin g in developing the human resources of this country but also in earning foreign exchange by exporting skilled manpower abroad. Till to date, B.Sc.Engg. Degree has been conferred on 2200 graduates and these graduates are making positive contributions in the field of Computer Science and Engineering. To enhance the quality of education even further, the Department is planning to take some crush programs, some of which are mentioned below:  Faculty Search Team has been formed to attract Senior Faculty Members in the CSE Department of UAP.  All the Programmin g Lab PCs are regularly updated with the latest computer configuration.  A project lab has already been established for project/research work.  Mobile Games and App Development Lab has been approved to be buil t in CSE, UAP by government fund. CSE Department has several clubs namely UAP Software and","[""course_code"", ""date""]"
step9-development-final-20260929T185115270858Z-84c03a,Q008:banglish,banglish,2,curricula_BSc-Curriculum-New.pdf,curricula_BSc-Curriculum-New.pdf,doc-4d373684ce4879ed066003f5,8,doc-4d373684ce4879ed066003f5-p000008-b0004-c0001,6.0,,,,"Prof. M. R. Kabir Ph.D,Catholic University of Leuven, Belgium, M.Sc.Engg.Post Graduate Diploma,",[]
step9-development-final-20260929T185115270858Z-84c03a,Q008:banglish,banglish,3,curricula_BSc-Curriculum-New.pdf,curricula_BSc-Curriculum-New.pdf,doc-4d373684ce4879ed066003f5,37,doc-4d373684ce4879ed066003f5-p000037-b0003-c0001,6.0,,,,"M.Sc.Engg,(CSE),UAP, Dhaka B.Sc. Engg. (CSE), UAP, Dhaka Email: shammi@uap-bd.edu Shammi Akhtar science and engineering of the University of Asia Pacific, Bangladesh. She joined UAP in 2003 as l ecturer after obtaining her B.Sc. degree in is currently working as an assistant professor at the department of computer computer Science & Engineering with Honors from the University of Asia Pacific. She completed her M.Sc. degree in computer Science & Engineering from the same university. She teaches courses on Operating system, Assembly Language, Computer","[""course_code"", ""email"", ""date""]"
step9-development-final-20260929T185115270858Z-84c03a,Q009:english,english,1,curricula_BSc-Curriculum-New.pdf,curricula_BSc-Curriculum-New.pdf,doc-4d373684ce4879ed066003f5,6,doc-4d373684ce4879ed066003f5-p000006-b0002-c0001,9.0,,,,IEB Affiliation Department of CSE has received the Certificate of Accreditation from the Engineers Institution Bangladesh (IEB) for the BSc in CSE program starting from August 2014. This will enable the CSE students to enjoy the privileges offered by Engineers Institution Bangladesh (IEB) including membership.,"[""course_code"", ""date""]"
step9-development-final-20260929T185115270858Z-84c03a,Q009:english,english,2,curricula_BSc-Curriculum-New.pdf,curricula_BSc-Curriculum-New.pdf,doc-4d373684ce4879ed066003f5,35,doc-4d373684ce4879ed066003f5-p000035-b0002-c0001,5.0,,,,"Korea, 2016 M. Sc., University of Boras, Sweden, 2011 B. Sc. in CSE, University of Rajshahi, Bangladesh, 2006 E-mail: rashed.cse@uap-bd.edu URL: www. rashedul.info http://uapbd.edu/cse/rashed.html Dr. Md. Rashedul Islam is an Associate Professor at Department of Computer Science and Engineerin g, University of Asia Pacific (UAP), Bangladesh. He received the Bachelor of Science (B.Sc) in Computer Science and Engineering at University of Rajshahi, Bangladesh on 2006, M.Sc. in Informatics from Högskolan i Borås (University of Boras), Sweden on 2011 , and Ph.D. in Computer Engineering , University of Ulsan (UoU), South Korea on August 2016 . He has one (1) book publication, twenty one (21) Journal publications and seventeen (17) Conference publications. His research interests are Signal & Image processing, Feature selection schemes, Machine learning, Data Clustering, Data-driven bearing fault diagnosis and prognostics, parallel algorithm/processing, and GPS positioning. His is currently working on HCI, Online Fault detection and diagnosis of induction mo tor using signal analysis, clustering, and machine learning, Feature selection for supervised and unsupervised learning, Supervised and Unsupervised machine learning, Enhancing supervised classification algorithm, Realtime Smoke and fire detection, Parall el algorithm for Signal processing. For more than 5 (Five) years, he is working with the undergraduate and master‘s students of UAP as a supervisor or co -researcher of their project and thesis works. He is: a) Head, Self-Assessment Committee of Dept. of CSE, Under IQAC UAP, b) Convener, UAP Website Development Committee, UAP, c) Member, Central Admission Committee, UAP, d) Convener, Software and Hardware Club, Dept of CSE, UAP, e) Reviewer of Three international Journal, f) Judge of","[""course_code"", ""email"", ""date""]"
step9-development-final-20260929T185115270858Z-84c03a,Q009:english,english,3,curricula_BSc-Curriculum-New.pdf,curricula_BSc-Curriculum-New.pdf,doc-4d373684ce4879ed066003f5,38,doc-4d373684ce4879ed066003f5-p000038-b0001-c0001,5.0,,,,"Dr. Muhammad Firoz Mridha Assistant Professor PhD, JU, Bangladesh M.Sc. in CSE, UIU, 2010 B. Sc. (Hons) in CSE, KUET, 2004 E-mail: firoz@uap-bd.edu URL: www.uapbd.edu/cse/firoz.html Dr. Muhammad Firoz Mridha is currently working as an assistant professor in the department of Computer Science and Engineering of the University of Asia Pacific. He is also working as a co-ordinator of Master of Science in Computer Science and Engineering Program (MCSE) program, UAP. He completed B.Sc. (Hons.) in Computer Science and Engineering from the Khulna University of Engineering and Technology (KUET), in 2004. He received his M.Sc . in Computer Science and Engineering in 2010 and Ph.D. in Computer Engineering , Jahangirnagar University on May 2017 . He joined as a Lecturer at the department of Computer Science and Engineering, Stamford University Bangladesh in June 2007. He was promot ed as a Senior Lecturer at the same department in October, 2010 and also promoted as an assistant professor at the same department in October, 2011. Then he joined UAP on May, 2012 as an Assistant Professor. He has Twenty (20) Journal publications and Twen ty two (22) Conference publications. His research interests include Artificial Intelligence (AI), Machine learning, Natural Language Processing (NLP) and Universal Networking Language (UNL). He is currently working on Machine Translation (MT), Bangla Lan guage Processing (BLP), Solving Ambiguity of Bangla words, WordNet and supervised and unsupervised learning. For more than 10 (Ten) years, he is working with the master‘s and undergraduate students as a supervisor of their thesis works. He has served as a reviewer of various IEEE conferences","[""course_code"", ""email"", ""date""]"
step9-development-final-20260929T185115270858Z-84c03a,Q009:bangla,bangla,1,curricula_BSc-Curriculum-New.pdf,curricula_BSc-Curriculum-New.pdf,doc-4d373684ce4879ed066003f5,6,doc-4d373684ce4879ed066003f5-p000006-b0002-c0001,6.0,,,,IEB Affiliation Department of CSE has received the Certificate of Accreditation from the Engineers Institution Bangladesh (IEB) for the BSc in CSE program starting from August 2014. This will enable the CSE students to enjoy the privileges offered by Engineers Institution Bangladesh (IEB) including membership.,"[""course_code"", ""date""]"
step9-development-final-20260929T185115270858Z-84c03a,Q009:bangla,bangla,2,curricula_BSc-Curriculum-New.pdf,curricula_BSc-Curriculum-New.pdf,doc-4d373684ce4879ed066003f5,4,doc-4d373684ce4879ed066003f5-p000004-b0001-c0001,4.0,,,,"University of Asia Pacific (UAP) was established in 1996 under the Private University Act 1992 as a private university with the vision of providing quality education and fulf illing the needs of our motherland, Bangladesh. This university started its journ ey in 1996 and offered four years bachelor degree programs in Computer Science & Engineering and Business Administration only, thus the very step of publishing the thirteenth edition of the prospectus for Undergraduate Studies of the Department of Computer Science & Engineering makes us proud. This department established in 1996, with the full support of the Administration and the UAP Foundation Members, is thriving forward in disseminating knowledge in this emerging field. Such endeavor is not only helpin g in developing the human resources of this country but also in earning foreign exchange by exporting skilled manpower abroad. Till to date, B.Sc.Engg. Degree has been conferred on 2200 graduates and these graduates are making positive contributions in the field of Computer Science and Engineering. To enhance the quality of education even further, the Department is planning to take some crush programs, some of which are mentioned below:  Faculty Search Team has been formed to attract Senior Faculty Members in the CSE Department of UAP.  All the Programmin g Lab PCs are regularly updated with the latest computer configuration.  A project lab has already been established for project/research work.  Mobile Games and App Development Lab has been approved to be buil t in CSE, UAP by government fund. CSE Department has several clubs namely UAP Software and","[""course_code"", ""date""]"
step9-development-final-20260929T185115270858Z-84c03a,Q009:bangla,bangla,3,curricula_BSc-Curriculum-New.pdf,curricula_BSc-Curriculum-New.pdf,doc-4d373684ce4879ed066003f5,4,doc-4d373684ce4879ed066003f5-p000004-b0001-c0002,4.0,,,," A project lab has already been established for project/research work.  Mobile Games and App Development Lab has been approved to be buil t in CSE, UAP by government fund. CSE Department has several clubs namely UAP Software and Hardware Club , Programming Contest Club , Cultural and Debating Club , Robotics Club, Film and Photography club, Research and Publication unit and Sports Club to integrate the students in different co -curricular and extra -curricular activities. The University authority always provides financial help for the clubs to achieve goals. UAP Software and Hardware Club aims to develop students‘ skills in software and hardware development and to produce marketable products. UAP Software and Hardware club conduct training programs for students to prepare them to develop different attractive hardware/software projects. To improve analytical ability of the students, the c lub arrang es training programs and workshops. To improve programming skills of the students, UAP software and Hardware club arranges Intra and Inter University Software and Competition with the participation of various universities as well as software companies. Programming Contest Club works on developing students‘ skills in programming and prepares them for various programming contests across the globe, especially the ACM Programming Contest. Programming Contest club conducts coaching and workshops to improve the p roblem solving ability of the students. Faculty attended in the ACM ICPC world fina l conducts these coaching. The c lub arranges Intra UAP programming c ontests on a regular basis and also planning to arrange an Inter University Programming Contests with the participation of all universities of","[""course_code"", ""date""]"
step9-development-final-20260929T185115270858Z-84c03a,Q009:banglish,banglish,1,curricula_BSc-Curriculum-New.pdf,curricula_BSc-Curriculum-New.pdf,doc-4d373684ce4879ed066003f5,6,doc-4d373684ce4879ed066003f5-p000006-b0002-c0001,8.0,,,,IEB Affiliation Department of CSE has received the Certificate of Accreditation from the Engineers Institution Bangladesh (IEB) for the BSc in CSE program starting from August 2014. This will enable the CSE students to enjoy the privileges offered by Engineers Institution Bangladesh (IEB) including membership.,"[""course_code"", ""date""]"
step9-development-final-20260929T185115270858Z-84c03a,Q009:banglish,banglish,2,curricula_BSc-Curriculum-New.pdf,curricula_BSc-Curriculum-New.pdf,doc-4d373684ce4879ed066003f5,4,doc-4d373684ce4879ed066003f5-p000004-b0001-c0001,5.0,,,,"University of Asia Pacific (UAP) was established in 1996 under the Private University Act 1992 as a private university with the vision of providing quality education and fulf illing the needs of our motherland, Bangladesh. This university started its journ ey in 1996 and offered four years bachelor degree programs in Computer Science & Engineering and Business Administration only, thus the very step of publishing the thirteenth edition of the prospectus for Undergraduate Studies of the Department of Computer Science & Engineering makes us proud. This department established in 1996, with the full support of the Administration and the UAP Foundation Members, is thriving forward in disseminating knowledge in this emerging field. Such endeavor is not only helpin g in developing the human resources of this country but also in earning foreign exchange by exporting skilled manpower abroad. Till to date, B.Sc.Engg. Degree has been conferred on 2200 graduates and these graduates are making positive contributions in the field of Computer Science and Engineering. To enhance the quality of education even further, the Department is planning to take some crush programs, some of which are mentioned below:  Faculty Search Team has been formed to attract Senior Faculty Members in the CSE Department of UAP.  All the Programmin g Lab PCs are regularly updated with the latest computer configuration.  A project lab has already been established for project/research work.  Mobile Games and App Development Lab has been approved to be buil t in CSE, UAP by government fund. CSE Department has several clubs namely UAP Software and","[""course_code"", ""date""]"
step9-development-final-20260929T185115270858Z-84c03a,Q009:banglish,banglish,3,curricula_BSc-Curriculum-New.pdf,curricula_BSc-Curriculum-New.pdf,doc-4d373684ce4879ed066003f5,4,doc-4d373684ce4879ed066003f5-p000004-b0001-c0002,5.0,,,," A project lab has already been established for project/research work.  Mobile Games and App Development Lab has been approved to be buil t in CSE, UAP by government fund. CSE Department has several clubs namely UAP Software and Hardware Club , Programming Contest Club , Cultural and Debating Club , Robotics Club, Film and Photography club, Research and Publication unit and Sports Club to integrate the students in different co -curricular and extra -curricular activities. The University authority always provides financial help for the clubs to achieve goals. UAP Software and Hardware Club aims to develop students‘ skills in software and hardware development and to produce marketable products. UAP Software and Hardware club conduct training programs for students to prepare them to develop different attractive hardware/software projects. To improve analytical ability of the students, the c lub arrang es training programs and workshops. To improve programming skills of the students, UAP software and Hardware club arranges Intra and Inter University Software and Competition with the participation of various universities as well as software companies. Programming Contest Club works on developing students‘ skills in programming and prepares them for various programming contests across the globe, especially the ACM Programming Contest. Programming Contest club conducts coaching and workshops to improve the p roblem solving ability of the students. Faculty attended in the ACM ICPC world fina l conducts these coaching. The c lub arranges Intra UAP programming c ontests on a regular basis and also planning to arrange an Inter University Programming Contests with the participation of all universities of","[""course_code"", ""date""]"
step9-development-final-20260929T185115270858Z-84c03a,Q010:english,english,1,curricula_BSc-Curriculum-New.pdf,curricula_BSc-Curriculum-New.pdf,doc-4d373684ce4879ed066003f5,70,doc-4d373684ce4879ed066003f5-p000070-b0006-c0001,12.0,,,,"Course Code: CSE 203 Course Title: Object Oriented Programming I: Java Credits: 3.00 Prerequisite: CSE 103 Course Contents: Object-Oriented Fundamentals, Encapsulation, Polymorphism, Inheritance, Class, Object, Java Language Introduction, Variabl e Types and operators, Casting, Arrays, Introducing classes, Adding methods to class, constructor, String Handling, Garbage collection, Inheritance, Inner Class, Abstract Classes, Interfaces and Packages, Exception Handling, Java Input / Output, Multithreaded Programming and Synchronization, Applet, Event Handling, Networking with Java, Introducing the Swing, Utility Classes, Java Generics, Introduction to Android. Books: 1. Java The Complete Reference, 8th Edition by Herbert Schildt; McGraw-Hill Osborne 2. Effective Java (2nd Edition) by Joshua Bloch; Addison-Wesley","[""course_code"", ""course_title"", ""credits"", ""prerequisite""]"
step9-development-final-20260929T185115270858Z-84c03a,Q010:english,english,2,curricula_BSc-Curriculum-New.pdf,curricula_BSc-Curriculum-New.pdf,doc-4d373684ce4879ed066003f5,93,doc-4d373684ce4879ed066003f5-p000093-b0014-c0001,12.0,,,,"Course Code: CSE 421 Course Title: Basic Graph Theory Credits: 3.00 Prerequisite: CSE 207 Course Content: Introduction to graph theory: Graphs as models, Matrices and Isomorphism, Decomposition and Special graphs, Paths, Cycles and Trails : connectivity, Bipartite graph, Eulerian graphs, Hamiltonian graph, other algorithms; Vertex Degrees and counting, Directed graph; Trees: properties of trees, Distance in trees and graphs, Spanning trees, graceful labeling, counting trees ordered tree, Huffman tree; planarity: planar graphs, Euler‘s formula, dual graph, infinite graph; Matching and Factors: maximum matching, Min -Max theorem, independent sets and covers, edge connectivity, k-connected graph and application, Network flow problems, Maximum network flow Graph coloring: Vertex coloring, upper bound, Brooks‘ theorem, Structure of k -chromatic graphs, Perfect graph, spanning","[""course_code"", ""course_title"", ""credits"", ""prerequisite"", ""topics""]"
step9-development-final-20260929T185115270858Z-84c03a,Q010:english,english,3,curricula_BSc-Curriculum-New.pdf,curricula_BSc-Curriculum-New.pdf,doc-4d373684ce4879ed066003f5,8,doc-4d373684ce4879ed066003f5-p000008-b0001-c0001,11.0,,,,"1. Introduction University of Asia Pacific (UAP) was established in 1996 with a vision to enhance the opportunities for higher education in Bangladesh. The University, under the Private University Act 1992, started its operation in 1996 by offering four -year Bachelor Degree Programs in Computer Science & Technology and Business Administration only. Now UAP offers undergraduate programs in nine disciplines and post-graduate programs in eight disciplines. Its curriculum has been approved by the University Grants Commission of the Government of the People's Republic of Bangladesh. UAP is sponsored by University of Asia Pacific Foundation, a non -profitable, non-commercial organization based in Dhaka, Bangladesh. The Foundation has been established in 1995 by a group of eminent educationalists, Industrialists and administrators who share the same vision and social commitments to promote improve and innovative educational opportunities to the society. UAP is the pr oject of such noble goals. Mr. Qayum Reza Chowdhury is the current Chairperson of this foundation.","[""course_code"", ""date""]"
step9-development-final-20260929T185115270858Z-84c03a,Q010:bangla,bangla,1,curricula_BSc-Curriculum-New.pdf,curricula_BSc-Curriculum-New.pdf,doc-4d373684ce4879ed066003f5,1,doc-4d373684ce4879ed066003f5-p000001-b0001-c0001,2.0,,,,University of Asia Pacific (UAP) Department of Computer Science & Engineering Prospectus (Undergraduate Program) 2017-18 Board of Editors,"[""date""]"
step9-development-final-20260929T185115270858Z-84c03a,Q010:bangla,bangla,2,curricula_BSc-Curriculum-New.pdf,curricula_BSc-Curriculum-New.pdf,doc-4d373684ce4879ed066003f5,1,doc-4d373684ce4879ed066003f5-p000001-b0002-c0001,2.0,,,,"Aloke Kumar Saha Associate Professor and Head, Dept. of CSE, UAP",[]
step9-development-final-20260929T185115270858Z-84c03a,Q010:bangla,bangla,3,curricula_BSc-Curriculum-New.pdf,curricula_BSc-Curriculum-New.pdf,doc-4d373684ce4879ed066003f5,1,doc-4d373684ce4879ed066003f5-p000001-b0003-c0001,2.0,,,,"Dr. Bilkis Jamal Ferdosi Associate Professor, Dept. of CSE, UAP",[]
step9-development-final-20260929T185115270858Z-84c03a,Q010:banglish,banglish,1,curricula_BSc-Curriculum-New.pdf,curricula_BSc-Curriculum-New.pdf,doc-4d373684ce4879ed066003f5,8,doc-4d373684ce4879ed066003f5-p000008-b0001-c0001,8.0,,,,"1. Introduction University of Asia Pacific (UAP) was established in 1996 with a vision to enhance the opportunities for higher education in Bangladesh. The University, under the Private University Act 1992, started its operation in 1996 by offering four -year Bachelor Degree Programs in Computer Science & Technology and Business Administration only. Now UAP offers undergraduate programs in nine disciplines and post-graduate programs in eight disciplines. Its curriculum has been approved by the University Grants Commission of the Government of the People's Republic of Bangladesh. UAP is sponsored by University of Asia Pacific Foundation, a non -profitable, non-commercial organization based in Dhaka, Bangladesh. The Foundation has been established in 1995 by a group of eminent educationalists, Industrialists and administrators who share the same vision and social commitments to promote improve and innovative educational opportunities to the society. UAP is the pr oject of such noble goals. Mr. Qayum Reza Chowdhury is the current Chairperson of this foundation.","[""course_code"", ""date""]"
step9-development-final-20260929T185115270858Z-84c03a,Q010:banglish,banglish,2,curricula_BSc-Curriculum-New.pdf,curricula_BSc-Curriculum-New.pdf,doc-4d373684ce4879ed066003f5,4,doc-4d373684ce4879ed066003f5-p000004-b0001-c0001,6.0,,,,"University of Asia Pacific (UAP) was established in 1996 under the Private University Act 1992 as a private university with the vision of providing quality education and fulf illing the needs of our motherland, Bangladesh. This university started its journ ey in 1996 and offered four years bachelor degree programs in Computer Science & Engineering and Business Administration only, thus the very step of publishing the thirteenth edition of the prospectus for Undergraduate Studies of the Department of Computer Science & Engineering makes us proud. This department established in 1996, with the full support of the Administration and the UAP Foundation Members, is thriving forward in disseminating knowledge in this emerging field. Such endeavor is not only helpin g in developing the human resources of this country but also in earning foreign exchange by exporting skilled manpower abroad. Till to date, B.Sc.Engg. Degree has been conferred on 2200 graduates and these graduates are making positive contributions in the field of Computer Science and Engineering. To enhance the quality of education even further, the Department is planning to take some crush programs, some of which are mentioned below:  Faculty Search Team has been formed to attract Senior Faculty Members in the CSE Department of UAP.  All the Programmin g Lab PCs are regularly updated with the latest computer configuration.  A project lab has already been established for project/research work.  Mobile Games and App Development Lab has been approved to be buil t in CSE, UAP by government fund. CSE Department has several clubs namely UAP Software and","[""course_code"", ""date""]"
step9-development-final-20260929T185115270858Z-84c03a,Q010:banglish,banglish,3,curricula_BSc-Curriculum-New.pdf,curricula_BSc-Curriculum-New.pdf,doc-4d373684ce4879ed066003f5,14,doc-4d373684ce4879ed066003f5-p000014-b0001-c0001,5.0,,,,"1.8 Academic and Technical Collaborations 1. Foreign Academic and Technical collaborations With increasing internationalization of educati on, particularly at the university level, there is a strong compulsion to promote interaction, especially with institution of higher education in the industrial countries. Such interaction provides access to ever -changing scenarios of modern education deli very system and the most up -to-date innovative developments in teaching -learning methodology. Recognizing this imperative, UAP has already initiated a number of collaborative programs with universities in the USA, Australia and Canada. An agreement betwee n the University of Baltimore, USA and University of Asia Pacific has already been signed to collaborate in a joint undergraduate studies program in Business Administration. The objective of this program is to offer a collaboration baccalaureate degree to students of UAP through a course of studies pursued at UAP and in the USA at the University of Baltimore. An exchange program and academic cooperation agreement has been signed with Virginia Polytechnic Institute (VPI) and State University (SU), USA, whic h provides for exchange of students and visits of faculty members between UAP and VPI, SU; transfer of credits for courses taken by UAP students: undertaking joint research programs and joint supervision. Under the agreement, UAP students may pursue their studies as exchange students or seek transfer to VPI and SU after studying two years at UAP. Similar agreements for academic collaboration had been undertaken with South Dakota School of Mines and Technology (SDSMT) in the USA and University of Western Sydney and University of Canberra in Australia. An exchange program and","[""credits""]"
step9-development-final-20260929T185115270858Z-84c03a,Q011:english,english,1,curricula_BSc-Curriculum-New.pdf,curricula_BSc-Curriculum-New.pdf,doc-4d373684ce4879ed066003f5,70,doc-4d373684ce4879ed066003f5-p000070-b0006-c0001,12.0,,,,"Course Code: CSE 203 Course Title: Object Oriented Programming I: Java Credits: 3.00 Prerequisite: CSE 103 Course Contents: Object-Oriented Fundamentals, Encapsulation, Polymorphism, Inheritance, Class, Object, Java Language Introduction, Variabl e Types and operators, Casting, Arrays, Introducing classes, Adding methods to class, constructor, String Handling, Garbage collection, Inheritance, Inner Class, Abstract Classes, Interfaces and Packages, Exception Handling, Java Input / Output, Multithreaded Programming and Synchronization, Applet, Event Handling, Networking with Java, Introducing the Swing, Utility Classes, Java Generics, Introduction to Android. Books: 1. Java The Complete Reference, 8th Edition by Herbert Schildt; McGraw-Hill Osborne 2. Effective Java (2nd Edition) by Joshua Bloch; Addison-Wesley","[""course_code"", ""course_title"", ""credits"", ""prerequisite""]"
step9-development-final-20260929T185115270858Z-84c03a,Q011:english,english,2,curricula_BSc-Curriculum-New.pdf,curricula_BSc-Curriculum-New.pdf,doc-4d373684ce4879ed066003f5,93,doc-4d373684ce4879ed066003f5-p000093-b0014-c0001,12.0,,,,"Course Code: CSE 421 Course Title: Basic Graph Theory Credits: 3.00 Prerequisite: CSE 207 Course Content: Introduction to graph theory: Graphs as models, Matrices and Isomorphism, Decomposition and Special graphs, Paths, Cycles and Trails : connectivity, Bipartite graph, Eulerian graphs, Hamiltonian graph, other algorithms; Vertex Degrees and counting, Directed graph; Trees: properties of trees, Distance in trees and graphs, Spanning trees, graceful labeling, counting trees ordered tree, Huffman tree; planarity: planar graphs, Euler‘s formula, dual graph, infinite graph; Matching and Factors: maximum matching, Min -Max theorem, independent sets and covers, edge connectivity, k-connected graph and application, Network flow problems, Maximum network flow Graph coloring: Vertex coloring, upper bound, Brooks‘ theorem, Structure of k -chromatic graphs, Perfect graph, spanning","[""course_code"", ""course_title"", ""credits"", ""prerequisite"", ""topics""]"
step9-development-final-20260929T185115270858Z-84c03a,Q011:english,english,3,curricula_BSc-Curriculum-New.pdf,curricula_BSc-Curriculum-New.pdf,doc-4d373684ce4879ed066003f5,8,doc-4d373684ce4879ed066003f5-p000008-b0001-c0001,9.0,,,,"1. Introduction University of Asia Pacific (UAP) was established in 1996 with a vision to enhance the opportunities for higher education in Bangladesh. The University, under the Private University Act 1992, started its operation in 1996 by offering four -year Bachelor Degree Programs in Computer Science & Technology and Business Administration only. Now UAP offers undergraduate programs in nine disciplines and post-graduate programs in eight disciplines. Its curriculum has been approved by the University Grants Commission of the Government of the People's Republic of Bangladesh. UAP is sponsored by University of Asia Pacific Foundation, a non -profitable, non-commercial organization based in Dhaka, Bangladesh. The Foundation has been established in 1995 by a group of eminent educationalists, Industrialists and administrators who share the same vision and social commitments to promote improve and innovative educational opportunities to the society. UAP is the pr oject of such noble goals. Mr. Qayum Reza Chowdhury is the current Chairperson of this foundation.","[""course_code"", ""date""]"
step9-development-final-20260929T185115270858Z-84c03a,Q011:bangla,bangla,1,curricula_BSc-Curriculum-New.pdf,curricula_BSc-Curriculum-New.pdf,doc-4d373684ce4879ed066003f5,1,doc-4d373684ce4879ed066003f5-p000001-b0001-c0001,2.0,,,,University of Asia Pacific (UAP) Department of Computer Science & Engineering Prospectus (Undergraduate Program) 2017-18 Board of Editors,"[""date""]"
step9-development-final-20260929T185115270858Z-84c03a,Q011:bangla,bangla,2,curricula_BSc-Curriculum-New.pdf,curricula_BSc-Curriculum-New.pdf,doc-4d373684ce4879ed066003f5,1,doc-4d373684ce4879ed066003f5-p000001-b0002-c0001,2.0,,,,"Aloke Kumar Saha Associate Professor and Head, Dept. of CSE, UAP",[]
step9-development-final-20260929T185115270858Z-84c03a,Q011:bangla,bangla,3,curricula_BSc-Curriculum-New.pdf,curricula_BSc-Curriculum-New.pdf,doc-4d373684ce4879ed066003f5,1,doc-4d373684ce4879ed066003f5-p000001-b0003-c0001,2.0,,,,"Dr. Bilkis Jamal Ferdosi Associate Professor, Dept. of CSE, UAP",[]
step9-development-final-20260929T185115270858Z-84c03a,Q011:banglish,banglish,1,curricula_BSc-Curriculum-New.pdf,curricula_BSc-Curriculum-New.pdf,doc-4d373684ce4879ed066003f5,70,doc-4d373684ce4879ed066003f5-p000070-b0006-c0001,13.0,,,,"Course Code: CSE 203 Course Title: Object Oriented Programming I: Java Credits: 3.00 Prerequisite: CSE 103 Course Contents: Object-Oriented Fundamentals, Encapsulation, Polymorphism, Inheritance, Class, Object, Java Language Introduction, Variabl e Types and operators, Casting, Arrays, Introducing classes, Adding methods to class, constructor, String Handling, Garbage collection, Inheritance, Inner Class, Abstract Classes, Interfaces and Packages, Exception Handling, Java Input / Output, Multithreaded Programming and Synchronization, Applet, Event Handling, Networking with Java, Introducing the Swing, Utility Classes, Java Generics, Introduction to Android. Books: 1. Java The Complete Reference, 8th Edition by Herbert Schildt; McGraw-Hill Osborne 2. Effective Java (2nd Edition) by Joshua Bloch; Addison-Wesley","[""course_code"", ""course_title"", ""credits"", ""prerequisite""]"
step9-development-final-20260929T185115270858Z-84c03a,Q011:banglish,banglish,2,curricula_BSc-Curriculum-New.pdf,curricula_BSc-Curriculum-New.pdf,doc-4d373684ce4879ed066003f5,93,doc-4d373684ce4879ed066003f5-p000093-b0014-c0001,13.0,,,,"Course Code: CSE 421 Course Title: Basic Graph Theory Credits: 3.00 Prerequisite: CSE 207 Course Content: Introduction to graph theory: Graphs as models, Matrices and Isomorphism, Decomposition and Special graphs, Paths, Cycles and Trails : connectivity, Bipartite graph, Eulerian graphs, Hamiltonian graph, other algorithms; Vertex Degrees and counting, Directed graph; Trees: properties of trees, Distance in trees and graphs, Spanning trees, graceful labeling, counting trees ordered tree, Huffman tree; planarity: planar graphs, Euler‘s formula, dual graph, infinite graph; Matching and Factors: maximum matching, Min -Max theorem, independent sets and covers, edge connectivity, k-connected graph and application, Network flow problems, Maximum network flow Graph coloring: Vertex coloring, upper bound, Brooks‘ theorem, Structure of k -chromatic graphs, Perfect graph, spanning","[""course_code"", ""course_title"", ""credits"", ""prerequisite"", ""topics""]"
step9-development-final-20260929T185115270858Z-84c03a,Q011:banglish,banglish,3,curricula_BSc-Curriculum-New.pdf,curricula_BSc-Curriculum-New.pdf,doc-4d373684ce4879ed066003f5,8,doc-4d373684ce4879ed066003f5-p000008-b0001-c0001,9.0,,,,"1. Introduction University of Asia Pacific (UAP) was established in 1996 with a vision to enhance the opportunities for higher education in Bangladesh. The University, under the Private University Act 1992, started its operation in 1996 by offering four -year Bachelor Degree Programs in Computer Science & Technology and Business Administration only. Now UAP offers undergraduate programs in nine disciplines and post-graduate programs in eight disciplines. Its curriculum has been approved by the University Grants Commission of the Government of the People's Republic of Bangladesh. UAP is sponsored by University of Asia Pacific Foundation, a non -profitable, non-commercial organization based in Dhaka, Bangladesh. The Foundation has been established in 1995 by a group of eminent educationalists, Industrialists and administrators who share the same vision and social commitments to promote improve and innovative educational opportunities to the society. UAP is the pr oject of such noble goals. Mr. Qayum Reza Chowdhury is the current Chairperson of this foundation.","[""course_code"", ""date""]"
step9-development-final-20260929T185115270858Z-84c03a,Q012:english,english,1,curricula_BSc-Curriculum-New.pdf,curricula_BSc-Curriculum-New.pdf,doc-4d373684ce4879ed066003f5,5,doc-4d373684ce4879ed066003f5-p000005-b0001-c0002,6.0,,,,"Research and Development) The Institute for Energy, Environment, Research and Development (IEERD) is established at University of Asia Pacific as a constituent research and academic institute or center with a separate administrative structure. The purpose of the ―Institute‖ is to keep pace with regional and global research of development and education in energy including clean energy, increasing energy efficiency of equipment and appliances, work on quality of materials, environment, water resources and water management and other relat ed fields at the University. The aims and objectives of the‖ Institute‖ are to undertake and promote research and teaching in the fields of energy with emphasis on new and renewable energy development, energy conservation and energy management, assessing quality of materials, environment, water resources, water management, development and to develop human resources in the relevant fields. The head of the ―Institute‖ is the Director designated who is appointed by the Vice Chancellor. Director is appointed on a two-year term from among the Professors/Research Professors of UAP. CISP (Center for IT Security and Privacy) CISP is the first ever center of its kind in Bangladesh. The mission of CISP is to enhance and extend the university's existing technologic al strength in IT, with demonstrated potential for Bangladesh. In pursuing this mission the center will conduct interdisciplinary research on IT security, data privacy, and trusted systems; on software for fault tolerant and dependable systems; and on prod uct","[""course_code"", ""date"", ""topics""]"
step9-development-final-20260929T185115270858Z-84c03a,Q012:english,english,2,curricula_BSc-Curriculum-New.pdf,curricula_BSc-Curriculum-New.pdf,doc-4d373684ce4879ed066003f5,22,doc-4d373684ce4879ed066003f5-p000022-b0008-c0001,5.0,,,,Waiver Policy 3% of total seats are reserved for the children of Freedom Fighters and another 3% for meritorious but poor students from remote areas of Bangladesh. They will be offered full free education opportunity. 1. Top 3% students in each department will be offered 100% tuition waiver based on semester results. 2. Vice Chancellor‘s special tuition fee waiver will be offered in amount 10%-100% to poor but meritorious students. 3. 50% waiver for students with individual GP A of 5.00 in S.S.C and H.S.C. 4. 25% waiver for students with individual GPA of 4.50 in S.S.C and H.S.C.,"[""course_code"", ""percentage"", ""policy""]"
step9-development-final-20260929T185115270858Z-84c03a,Q012:english,english,3,curricula_BSc-Curriculum-New.pdf,curricula_BSc-Curriculum-New.pdf,doc-4d373684ce4879ed066003f5,23,doc-4d373684ce4879ed066003f5-p000023-b0001-c0001,5.0,,,,5. 10% waiver for students with individual GPA of 4.00 in S.S.C and H.S.C. Criteria for semester based tuition fee waiver (including Vice Chancellor‘s Special Tuition fee waiver) 1. Has to be regular throughout all the semesters(i.e. no break of studies or lower than acceptable credit hours enrolled un any semester),"[""credits"", ""percentage""]"
step9-development-final-20260929T185115270858Z-84c03a,Q012:bangla,bangla,1,curricula_BSc-Curriculum-New.pdf,curricula_BSc-Curriculum-New.pdf,doc-4d373684ce4879ed066003f5,5,doc-4d373684ce4879ed066003f5-p000005-b0001-c0002,4.0,,,,"Research and Development) The Institute for Energy, Environment, Research and Development (IEERD) is established at University of Asia Pacific as a constituent research and academic institute or center with a separate administrative structure. The purpose of the ―Institute‖ is to keep pace with regional and global research of development and education in energy including clean energy, increasing energy efficiency of equipment and appliances, work on quality of materials, environment, water resources and water management and other relat ed fields at the University. The aims and objectives of the‖ Institute‖ are to undertake and promote research and teaching in the fields of energy with emphasis on new and renewable energy development, energy conservation and energy management, assessing quality of materials, environment, water resources, water management, development and to develop human resources in the relevant fields. The head of the ―Institute‖ is the Director designated who is appointed by the Vice Chancellor. Director is appointed on a two-year term from among the Professors/Research Professors of UAP. CISP (Center for IT Security and Privacy) CISP is the first ever center of its kind in Bangladesh. The mission of CISP is to enhance and extend the university's existing technologic al strength in IT, with demonstrated potential for Bangladesh. In pursuing this mission the center will conduct interdisciplinary research on IT security, data privacy, and trusted systems; on software for fault tolerant and dependable systems; and on prod uct","[""course_code"", ""date"", ""topics""]"
step9-development-final-20260929T185115270858Z-84c03a,Q012:bangla,bangla,2,curricula_BSc-Curriculum-New.pdf,curricula_BSc-Curriculum-New.pdf,doc-4d373684ce4879ed066003f5,8,doc-4d373684ce4879ed066003f5-p000008-b0003-c0001,4.0,,,,"1.2 University Administration Vice-Chancellor Prof. Dr. Jamilur Reza Choudhury B.Sc.(Engg.), Civil (BUET), M.Sc.(Engg.) ( Advanced Structural Engineering), Ph.D. (University of Southampton), Doctor of Engineering (Honoris Causa) Man chester University, UK. Fellow, Bangladesh Computer Society, Fellow, Bangladesh Academy of Sciences. Fellow, Institution of Engineers (Ba ngladesh) Email: vc@uap -bd.edu Pro Vice- Chancellor",[]
step9-development-final-20260929T185115270858Z-84c03a,Q012:bangla,bangla,3,curricula_BSc-Curriculum-New.pdf,curricula_BSc-Curriculum-New.pdf,doc-4d373684ce4879ed066003f5,11,doc-4d373684ce4879ed066003f5-p000011-b0002-c0001,4.0,,,,"1.5 Academic Council Academic council is the highest academic body of the University. It is chaired by the Vice Chancellor of UAP and comprise s of the departmental Heads, Deans and eminent academicians of the country.",[]
step9-development-final-20260929T185115270858Z-84c03a,Q012:banglish,banglish,1,curricula_BSc-Curriculum-New.pdf,curricula_BSc-Curriculum-New.pdf,doc-4d373684ce4879ed066003f5,5,doc-4d373684ce4879ed066003f5-p000005-b0001-c0002,4.0,,,,"Research and Development) The Institute for Energy, Environment, Research and Development (IEERD) is established at University of Asia Pacific as a constituent research and academic institute or center with a separate administrative structure. The purpose of the ―Institute‖ is to keep pace with regional and global research of development and education in energy including clean energy, increasing energy efficiency of equipment and appliances, work on quality of materials, environment, water resources and water management and other relat ed fields at the University. The aims and objectives of the‖ Institute‖ are to undertake and promote research and teaching in the fields of energy with emphasis on new and renewable energy development, energy conservation and energy management, assessing quality of materials, environment, water resources, water management, development and to develop human resources in the relevant fields. The head of the ―Institute‖ is the Director designated who is appointed by the Vice Chancellor. Director is appointed on a two-year term from among the Professors/Research Professors of UAP. CISP (Center for IT Security and Privacy) CISP is the first ever center of its kind in Bangladesh. The mission of CISP is to enhance and extend the university's existing technologic al strength in IT, with demonstrated potential for Bangladesh. In pursuing this mission the center will conduct interdisciplinary research on IT security, data privacy, and trusted systems; on software for fault tolerant and dependable systems; and on prod uct","[""course_code"", ""date"", ""topics""]"
step9-development-final-20260929T185115270858Z-84c03a,Q012:banglish,banglish,2,curricula_BSc-Curriculum-New.pdf,curricula_BSc-Curriculum-New.pdf,doc-4d373684ce4879ed066003f5,8,doc-4d373684ce4879ed066003f5-p000008-b0003-c0001,4.0,,,,"1.2 University Administration Vice-Chancellor Prof. Dr. Jamilur Reza Choudhury B.Sc.(Engg.), Civil (BUET), M.Sc.(Engg.) ( Advanced Structural Engineering), Ph.D. (University of Southampton), Doctor of Engineering (Honoris Causa) Man chester University, UK. Fellow, Bangladesh Computer Society, Fellow, Bangladesh Academy of Sciences. Fellow, Institution of Engineers (Ba ngladesh) Email: vc@uap -bd.edu Pro Vice- Chancellor",[]
step9-development-final-20260929T185115270858Z-84c03a,Q012:banglish,banglish,3,curricula_BSc-Curriculum-New.pdf,curricula_BSc-Curriculum-New.pdf,doc-4d373684ce4879ed066003f5,11,doc-4d373684ce4879ed066003f5-p000011-b0002-c0001,4.0,,,,"1.5 Academic Council Academic council is the highest academic body of the University. It is chaired by the Vice Chancellor of UAP and comprise s of the departmental Heads, Deans and eminent academicians of the country.",[]
step9-development-final-20260929T185115270858Z-84c03a,Q013:english,english,1,curricula_BSc-Curriculum-New.pdf,curricula_BSc-Curriculum-New.pdf,doc-4d373684ce4879ed066003f5,4,doc-4d373684ce4879ed066003f5-p000004-b0001-c0001,4.0,,,,"University of Asia Pacific (UAP) was established in 1996 under the Private University Act 1992 as a private university with the vision of providing quality education and fulf illing the needs of our motherland, Bangladesh. This university started its journ ey in 1996 and offered four years bachelor degree programs in Computer Science & Engineering and Business Administration only, thus the very step of publishing the thirteenth edition of the prospectus for Undergraduate Studies of the Department of Computer Science & Engineering makes us proud. This department established in 1996, with the full support of the Administration and the UAP Foundation Members, is thriving forward in disseminating knowledge in this emerging field. Such endeavor is not only helpin g in developing the human resources of this country but also in earning foreign exchange by exporting skilled manpower abroad. Till to date, B.Sc.Engg. Degree has been conferred on 2200 graduates and these graduates are making positive contributions in the field of Computer Science and Engineering. To enhance the quality of education even further, the Department is planning to take some crush programs, some of which are mentioned below:  Faculty Search Team has been formed to attract Senior Faculty Members in the CSE Department of UAP.  All the Programmin g Lab PCs are regularly updated with the latest computer configuration.  A project lab has already been established for project/research work.  Mobile Games and App Development Lab has been approved to be buil t in CSE, UAP by government fund. CSE Department has several clubs namely UAP Software and","[""course_code"", ""date""]"
step9-development-final-20260929T185115270858Z-84c03a,Q013:english,english,2,curricula_BSc-Curriculum-New.pdf,curricula_BSc-Curriculum-New.pdf,doc-4d373684ce4879ed066003f5,8,doc-4d373684ce4879ed066003f5-p000008-b0001-c0001,4.0,,,,"1. Introduction University of Asia Pacific (UAP) was established in 1996 with a vision to enhance the opportunities for higher education in Bangladesh. The University, under the Private University Act 1992, started its operation in 1996 by offering four -year Bachelor Degree Programs in Computer Science & Technology and Business Administration only. Now UAP offers undergraduate programs in nine disciplines and post-graduate programs in eight disciplines. Its curriculum has been approved by the University Grants Commission of the Government of the People's Republic of Bangladesh. UAP is sponsored by University of Asia Pacific Foundation, a non -profitable, non-commercial organization based in Dhaka, Bangladesh. The Foundation has been established in 1995 by a group of eminent educationalists, Industrialists and administrators who share the same vision and social commitments to promote improve and innovative educational opportunities to the society. UAP is the pr oject of such noble goals. Mr. Qayum Reza Chowdhury is the current Chairperson of this foundation.","[""course_code"", ""date""]"
step9-development-final-20260929T185115270858Z-84c03a,Q013:english,english,3,curricula_BSc-Curriculum-New.pdf,curricula_BSc-Curriculum-New.pdf,doc-4d373684ce4879ed066003f5,8,doc-4d373684ce4879ed066003f5-p000008-b0003-c0001,4.0,,,,"1.2 University Administration Vice-Chancellor Prof. Dr. Jamilur Reza Choudhury B.Sc.(Engg.), Civil (BUET), M.Sc.(Engg.) ( Advanced Structural Engineering), Ph.D. (University of Southampton), Doctor of Engineering (Honoris Causa) Man chester University, UK. Fellow, Bangladesh Computer Society, Fellow, Bangladesh Academy of Sciences. Fellow, Institution of Engineers (Ba ngladesh) Email: vc@uap -bd.edu Pro Vice- Chancellor",[]
step9-development-final-20260929T185115270858Z-84c03a,Q013:bangla,bangla,1,curricula_BSc-Curriculum-New.pdf,curricula_BSc-Curriculum-New.pdf,doc-4d373684ce4879ed066003f5,4,doc-4d373684ce4879ed066003f5-p000004-b0001-c0001,4.0,,,,"University of Asia Pacific (UAP) was established in 1996 under the Private University Act 1992 as a private university with the vision of providing quality education and fulf illing the needs of our motherland, Bangladesh. This university started its journ ey in 1996 and offered four years bachelor degree programs in Computer Science & Engineering and Business Administration only, thus the very step of publishing the thirteenth edition of the prospectus for Undergraduate Studies of the Department of Computer Science & Engineering makes us proud. This department established in 1996, with the full support of the Administration and the UAP Foundation Members, is thriving forward in disseminating knowledge in this emerging field. Such endeavor is not only helpin g in developing the human resources of this country but also in earning foreign exchange by exporting skilled manpower abroad. Till to date, B.Sc.Engg. Degree has been conferred on 2200 graduates and these graduates are making positive contributions in the field of Computer Science and Engineering. To enhance the quality of education even further, the Department is planning to take some crush programs, some of which are mentioned below:  Faculty Search Team has been formed to attract Senior Faculty Members in the CSE Department of UAP.  All the Programmin g Lab PCs are regularly updated with the latest computer configuration.  A project lab has already been established for project/research work.  Mobile Games and App Development Lab has been approved to be buil t in CSE, UAP by government fund. CSE Department has several clubs namely UAP Software and","[""course_code"", ""date""]"
step9-development-final-20260929T185115270858Z-84c03a,Q013:bangla,bangla,2,curricula_BSc-Curriculum-New.pdf,curricula_BSc-Curriculum-New.pdf,doc-4d373684ce4879ed066003f5,8,doc-4d373684ce4879ed066003f5-p000008-b0001-c0001,4.0,,,,"1. Introduction University of Asia Pacific (UAP) was established in 1996 with a vision to enhance the opportunities for higher education in Bangladesh. The University, under the Private University Act 1992, started its operation in 1996 by offering four -year Bachelor Degree Programs in Computer Science & Technology and Business Administration only. Now UAP offers undergraduate programs in nine disciplines and post-graduate programs in eight disciplines. Its curriculum has been approved by the University Grants Commission of the Government of the People's Republic of Bangladesh. UAP is sponsored by University of Asia Pacific Foundation, a non -profitable, non-commercial organization based in Dhaka, Bangladesh. The Foundation has been established in 1995 by a group of eminent educationalists, Industrialists and administrators who share the same vision and social commitments to promote improve and innovative educational opportunities to the society. UAP is the pr oject of such noble goals. Mr. Qayum Reza Chowdhury is the current Chairperson of this foundation.","[""course_code"", ""date""]"
step9-development-final-20260929T185115270858Z-84c03a,Q013:bangla,bangla,3,curricula_BSc-Curriculum-New.pdf,curricula_BSc-Curriculum-New.pdf,doc-4d373684ce4879ed066003f5,8,doc-4d373684ce4879ed066003f5-p000008-b0003-c0001,4.0,,,,"1.2 University Administration Vice-Chancellor Prof. Dr. Jamilur Reza Choudhury B.Sc.(Engg.), Civil (BUET), M.Sc.(Engg.) ( Advanced Structural Engineering), Ph.D. (University of Southampton), Doctor of Engineering (Honoris Causa) Man chester University, UK. Fellow, Bangladesh Computer Society, Fellow, Bangladesh Academy of Sciences. Fellow, Institution of Engineers (Ba ngladesh) Email: vc@uap -bd.edu Pro Vice- Chancellor",[]
step9-development-final-20260929T185115270858Z-84c03a,Q013:banglish,banglish,1,curricula_BSc-Curriculum-New.pdf,curricula_BSc-Curriculum-New.pdf,doc-4d373684ce4879ed066003f5,4,doc-4d373684ce4879ed066003f5-p000004-b0001-c0001,4.0,,,,"University of Asia Pacific (UAP) was established in 1996 under the Private University Act 1992 as a private university with the vision of providing quality education and fulf illing the needs of our motherland, Bangladesh. This university started its journ ey in 1996 and offered four years bachelor degree programs in Computer Science & Engineering and Business Administration only, thus the very step of publishing the thirteenth edition of the prospectus for Undergraduate Studies of the Department of Computer Science & Engineering makes us proud. This department established in 1996, with the full support of the Administration and the UAP Foundation Members, is thriving forward in disseminating knowledge in this emerging field. Such endeavor is not only helpin g in developing the human resources of this country but also in earning foreign exchange by exporting skilled manpower abroad. Till to date, B.Sc.Engg. Degree has been conferred on 2200 graduates and these graduates are making positive contributions in the field of Computer Science and Engineering. To enhance the quality of education even further, the Department is planning to take some crush programs, some of which are mentioned below:  Faculty Search Team has been formed to attract Senior Faculty Members in the CSE Department of UAP.  All the Programmin g Lab PCs are regularly updated with the latest computer configuration.  A project lab has already been established for project/research work.  Mobile Games and App Development Lab has been approved to be buil t in CSE, UAP by government fund. CSE Department has several clubs namely UAP Software and","[""course_code"", ""date""]"
step9-development-final-20260929T185115270858Z-84c03a,Q013:banglish,banglish,2,curricula_BSc-Curriculum-New.pdf,curricula_BSc-Curriculum-New.pdf,doc-4d373684ce4879ed066003f5,8,doc-4d373684ce4879ed066003f5-p000008-b0001-c0001,4.0,,,,"1. Introduction University of Asia Pacific (UAP) was established in 1996 with a vision to enhance the opportunities for higher education in Bangladesh. The University, under the Private University Act 1992, started its operation in 1996 by offering four -year Bachelor Degree Programs in Computer Science & Technology and Business Administration only. Now UAP offers undergraduate programs in nine disciplines and post-graduate programs in eight disciplines. Its curriculum has been approved by the University Grants Commission of the Government of the People's Republic of Bangladesh. UAP is sponsored by University of Asia Pacific Foundation, a non -profitable, non-commercial organization based in Dhaka, Bangladesh. The Foundation has been established in 1995 by a group of eminent educationalists, Industrialists and administrators who share the same vision and social commitments to promote improve and innovative educational opportunities to the society. UAP is the pr oject of such noble goals. Mr. Qayum Reza Chowdhury is the current Chairperson of this foundation.","[""course_code"", ""date""]"
step9-development-final-20260929T185115270858Z-84c03a,Q013:banglish,banglish,3,curricula_BSc-Curriculum-New.pdf,curricula_BSc-Curriculum-New.pdf,doc-4d373684ce4879ed066003f5,8,doc-4d373684ce4879ed066003f5-p000008-b0003-c0001,4.0,,,,"1.2 University Administration Vice-Chancellor Prof. Dr. Jamilur Reza Choudhury B.Sc.(Engg.), Civil (BUET), M.Sc.(Engg.) ( Advanced Structural Engineering), Ph.D. (University of Southampton), Doctor of Engineering (Honoris Causa) Man chester University, UK. Fellow, Bangladesh Computer Society, Fellow, Bangladesh Academy of Sciences. Fellow, Institution of Engineers (Ba ngladesh) Email: vc@uap -bd.edu Pro Vice- Chancellor",[]
step9-development-final-20260929T185115270858Z-84c03a,Q014:english,english,1,curricula_BSc-Curriculum-New.pdf,curricula_BSc-Curriculum-New.pdf,doc-4d373684ce4879ed066003f5,11,doc-4d373684ce4879ed066003f5-p000011-b0004-c0001,6.0,,,,"Admission Office 74/A , Green Road , Farmgate, Dhaka - 1215, Bangladesh Telephone: +8802-9126812 PABX: +8802-58157091-4, +8802-58157096 (Ext - 0, 120) FAX:+8802-58157097 Email: admission@uap-bd.edu,, registrar@uap-bd.edu Department of Architecture 74/A , Green Road, Farmgate,Dhaka - 1215, Bangladesh PABX:+8802-58157091-4, +8802-58157096 FAX:+8802-58157097 Email: headarch@uap-bd.edu Department of Business Administration R H Center , House # 74/B/1 ,Green Road , Dhaka, Bangladesh Telephone: 9128716 PABX: +8802-58157091-4, +8802-58157096 (Ext - 121) Email: headba@uap-bd.edu Department of Civil Engineering 74/A , Green Road, Farmgate, Dhaka - 1215, Bangladesh PABX: +8802-58157091-4 FAX:+8802-58157097 Email: headce@uap-bd.edu Department of Computer S cience and Engineering 74/A , Green Road, Farmgate, Dhaka - 1215, Bangladesh PABX:+8802-58157091-4, +8802-58157096 FAX:+8802-58157097 Email: headcse@uap-bd.edu","[""course_code"", ""email""]"
step9-development-final-20260929T185115270858Z-84c03a,Q014:english,english,2,curricula_BSc-Curriculum-New.pdf,curricula_BSc-Curriculum-New.pdf,doc-4d373684ce4879ed066003f5,13,doc-4d373684ce4879ed066003f5-p000013-b0004-c0001,4.0,,,,"Laboratory UAP provide laboratory facilities for the students of respective departments. The laboratories are self -sufficient and r ich in instruments and other facilities to carry out sessional / practical classes for different courses. Unlike many other private Universities, UAP does not depend on any other institutions for its laboratory classes. Other than sessional / practical cla sses, the faculties of UAP do their research work in these laboratories also. Website and Internet Faci lity University of Asia Pacific (UAP) provides twenty -four hour high -speed Internet facilities to its students. All the computers of lab and other place s of each department of UAP are connected under a LAN and high -speed Internet line. There is a web site of UAP that contains important information about faculty members, ongoing research, admission, faculty search, exam of UAP etc., which is updated each week and URL is www.uap-bd.edu. Each student of UAP is given an individual email account at uap-bd.edu domain that recognizes the UAP students. Student can submit their assignments through Internet.",[]
step9-development-final-20260929T185115270858Z-84c03a,Q014:english,english,3,curricula_BSc-Curriculum-New.pdf,curricula_BSc-Curriculum-New.pdf,doc-4d373684ce4879ed066003f5,2,doc-4d373684ce4879ed066003f5-p000002-b0001-c0001,2.0,,,,"Published by Department of Computer Science & Engineering University of Asia Pacific 74/A, Green Road, Dhaka-1215 Edition 13th Edition, July 2017 Address of Correspondence","[""course_code"", ""date""]"
step9-development-final-20260929T185115270858Z-84c03a,Q014:bangla,bangla,1,curricula_BSc-Curriculum-New.pdf,curricula_BSc-Curriculum-New.pdf,doc-4d373684ce4879ed066003f5,11,doc-4d373684ce4879ed066003f5-p000011-b0004-c0001,4.0,,,,"Admission Office 74/A , Green Road , Farmgate, Dhaka - 1215, Bangladesh Telephone: +8802-9126812 PABX: +8802-58157091-4, +8802-58157096 (Ext - 0, 120) FAX:+8802-58157097 Email: admission@uap-bd.edu,, registrar@uap-bd.edu Department of Architecture 74/A , Green Road, Farmgate,Dhaka - 1215, Bangladesh PABX:+8802-58157091-4, +8802-58157096 FAX:+8802-58157097 Email: headarch@uap-bd.edu Department of Business Administration R H Center , House # 74/B/1 ,Green Road , Dhaka, Bangladesh Telephone: 9128716 PABX: +8802-58157091-4, +8802-58157096 (Ext - 121) Email: headba@uap-bd.edu Department of Civil Engineering 74/A , Green Road, Farmgate, Dhaka - 1215, Bangladesh PABX: +8802-58157091-4 FAX:+8802-58157097 Email: headce@uap-bd.edu Department of Computer S cience and Engineering 74/A , Green Road, Farmgate, Dhaka - 1215, Bangladesh PABX:+8802-58157091-4, +8802-58157096 FAX:+8802-58157097 Email: headcse@uap-bd.edu","[""course_code"", ""email""]"
step9-development-final-20260929T185115270858Z-84c03a,Q014:bangla,bangla,2,curricula_BSc-Curriculum-New.pdf,curricula_BSc-Curriculum-New.pdf,doc-4d373684ce4879ed066003f5,13,doc-4d373684ce4879ed066003f5-p000013-b0004-c0001,2.0,,,,"Laboratory UAP provide laboratory facilities for the students of respective departments. The laboratories are self -sufficient and r ich in instruments and other facilities to carry out sessional / practical classes for different courses. Unlike many other private Universities, UAP does not depend on any other institutions for its laboratory classes. Other than sessional / practical cla sses, the faculties of UAP do their research work in these laboratories also. Website and Internet Faci lity University of Asia Pacific (UAP) provides twenty -four hour high -speed Internet facilities to its students. All the computers of lab and other place s of each department of UAP are connected under a LAN and high -speed Internet line. There is a web site of UAP that contains important information about faculty members, ongoing research, admission, faculty search, exam of UAP etc., which is updated each week and URL is www.uap-bd.edu. Each student of UAP is given an individual email account at uap-bd.edu domain that recognizes the UAP students. Student can submit their assignments through Internet.",[]
step9-development-final-20260929T185115270858Z-84c03a,Q014:bangla,bangla,3,curricula_BSc-Curriculum-New.pdf,curricula_BSc-Curriculum-New.pdf,doc-4d373684ce4879ed066003f5,22,doc-4d373684ce4879ed066003f5-p000022-b0002-c0001,2.0,,,,"1. Maintain regularly scheduled office hours for academic advising as needed throughout the semester. 2. Assists the students in selection of courses on a short -term and longterm basis. 3. Monitor advisees‘ academic progress as well as behavior, manner in the campus and initiate contact with advisees those are failing to progress satisfactorily. 4. Inform students the chang es in academic policy, rules and curriculum in the university.","[""policy""]"
step9-development-final-20260929T185115270858Z-84c03a,Q014:banglish,banglish,1,curricula_BSc-Curriculum-New.pdf,curricula_BSc-Curriculum-New.pdf,doc-4d373684ce4879ed066003f5,11,doc-4d373684ce4879ed066003f5-p000011-b0004-c0001,7.0,,,,"Admission Office 74/A , Green Road , Farmgate, Dhaka - 1215, Bangladesh Telephone: +8802-9126812 PABX: +8802-58157091-4, +8802-58157096 (Ext - 0, 120) FAX:+8802-58157097 Email: admission@uap-bd.edu,, registrar@uap-bd.edu Department of Architecture 74/A , Green Road, Farmgate,Dhaka - 1215, Bangladesh PABX:+8802-58157091-4, +8802-58157096 FAX:+8802-58157097 Email: headarch@uap-bd.edu Department of Business Administration R H Center , House # 74/B/1 ,Green Road , Dhaka, Bangladesh Telephone: 9128716 PABX: +8802-58157091-4, +8802-58157096 (Ext - 121) Email: headba@uap-bd.edu Department of Civil Engineering 74/A , Green Road, Farmgate, Dhaka - 1215, Bangladesh PABX: +8802-58157091-4 FAX:+8802-58157097 Email: headce@uap-bd.edu Department of Computer S cience and Engineering 74/A , Green Road, Farmgate, Dhaka - 1215, Bangladesh PABX:+8802-58157091-4, +8802-58157096 FAX:+8802-58157097 Email: headcse@uap-bd.edu","[""course_code"", ""email""]"
step9-development-final-20260929T185115270858Z-84c03a,Q014:banglish,banglish,2,curricula_BSc-Curriculum-New.pdf,curricula_BSc-Curriculum-New.pdf,doc-4d373684ce4879ed066003f5,13,doc-4d373684ce4879ed066003f5-p000013-b0004-c0001,5.0,,,,"Laboratory UAP provide laboratory facilities for the students of respective departments. The laboratories are self -sufficient and r ich in instruments and other facilities to carry out sessional / practical classes for different courses. Unlike many other private Universities, UAP does not depend on any other institutions for its laboratory classes. Other than sessional / practical cla sses, the faculties of UAP do their research work in these laboratories also. Website and Internet Faci lity University of Asia Pacific (UAP) provides twenty -four hour high -speed Internet facilities to its students. All the computers of lab and other place s of each department of UAP are connected under a LAN and high -speed Internet line. There is a web site of UAP that contains important information about faculty members, ongoing research, admission, faculty search, exam of UAP etc., which is updated each week and URL is www.uap-bd.edu. Each student of UAP is given an individual email account at uap-bd.edu domain that recognizes the UAP students. Student can submit their assignments through Internet.",[]
step9-development-final-20260929T185115270858Z-84c03a,Q014:banglish,banglish,3,curricula_BSc-Curriculum-New.pdf,curricula_BSc-Curriculum-New.pdf,doc-4d373684ce4879ed066003f5,35,doc-4d373684ce4879ed066003f5-p000035-b0002-c0001,4.0,,,,"Korea, 2016 M. Sc., University of Boras, Sweden, 2011 B. Sc. in CSE, University of Rajshahi, Bangladesh, 2006 E-mail: rashed.cse@uap-bd.edu URL: www. rashedul.info http://uapbd.edu/cse/rashed.html Dr. Md. Rashedul Islam is an Associate Professor at Department of Computer Science and Engineerin g, University of Asia Pacific (UAP), Bangladesh. He received the Bachelor of Science (B.Sc) in Computer Science and Engineering at University of Rajshahi, Bangladesh on 2006, M.Sc. in Informatics from Högskolan i Borås (University of Boras), Sweden on 2011 , and Ph.D. in Computer Engineering , University of Ulsan (UoU), South Korea on August 2016 . He has one (1) book publication, twenty one (21) Journal publications and seventeen (17) Conference publications. His research interests are Signal & Image processing, Feature selection schemes, Machine learning, Data Clustering, Data-driven bearing fault diagnosis and prognostics, parallel algorithm/processing, and GPS positioning. His is currently working on HCI, Online Fault detection and diagnosis of induction mo tor using signal analysis, clustering, and machine learning, Feature selection for supervised and unsupervised learning, Supervised and Unsupervised machine learning, Enhancing supervised classification algorithm, Realtime Smoke and fire detection, Parall el algorithm for Signal processing. For more than 5 (Five) years, he is working with the undergraduate and master‘s students of UAP as a supervisor or co -researcher of their project and thesis works. He is: a) Head, Self-Assessment Committee of Dept. of CSE, Under IQAC UAP, b) Convener, UAP Website Development Committee, UAP, c) Member, Central Admission Committee, UAP, d) Convener, Software and Hardware Club, Dept of CSE, UAP, e) Reviewer of Three international Journal, f) Judge of","[""course_code"", ""email"", ""date""]"
step9-development-final-20260929T185115270858Z-84c03a,Q015:english,english,1,curricula_BSc-Curriculum-New.pdf,curricula_BSc-Curriculum-New.pdf,doc-4d373684ce4879ed066003f5,17,doc-4d373684ce4879ed066003f5-p000017-b0002-c0001,10.0,,,,"Semester System There will be two semesters- Fall and Spring Semester in an academic year. In addition to these two regular semesters, there may be a short semester (Summer) in the intervening period between the e nd of Spring Semester and commencement of Fall Semester. Regular Semester",[]
step9-development-final-20260929T185115270858Z-84c03a,Q015:english,english,2,curricula_BSc-Curriculum-New.pdf,curricula_BSc-Curriculum-New.pdf,doc-4d373684ce4879ed066003f5,10,doc-4d373684ce4879ed066003f5-p000010-b0001-c0001,8.0,,,,"1.4 Academic Programs Undergraduate Studies Currently UAP is offering undergraduate programs in the following seven disciplines Architecture Business Administration Civil Engineering Computer Science and Engineering Electrical and Electronic Engineering Law and Human Rights Pharmacy English Basic Science and Humanities Other than Architecture, all the courses are four -year programs. Architecture is a five-year course. Academic programs are conducted on semester basis. There are two semesters of 18 weeks each - Fall and Spring in each year. At present the University has roughly 5,500 students, with sufficient number of faculty members on full time basis. Besides, a good number of renowned educationists of different disciplines are involved in teaching on part time basis. The faculty is a blend of senior teachers with wide experience both at home and abroad and Young teachers with fresh and innovative ideas. Postg raduate Studies The Department of Business Administration is presently offering an Executive MBA program in conjunction with US / Australian Universities. It is full time program of 60 credit hours spread over two years. The Department of Pharmacy is now offering Master‘s Program in Pharmaceutical Technology (MS in Pharm. Tech.). It is a full time program of 24 credits having one - year duration. The Department of Computer Science and Engineering is offering Masters in Computer Science, Masters in Computer Science and Engineering.","[""course_code"", ""credits""]"
step9-development-final-20260929T185115270858Z-84c03a,Q015:english,english,3,curricula_BSc-Curriculum-New.pdf,curricula_BSc-Curriculum-New.pdf,doc-4d373684ce4879ed066003f5,31,doc-4d373684ce4879ed066003f5-p000031-b0004-c0001,8.0,,,,"Activities: The Activities of this club are as follows:  The club arranges at least one intradepartmental robotic competition in an academic year on regular basis.  This club usually selects the participants from the CSE department for any Robotic event outside the university.  The Club arranges training as well as workshops for the interested students to spread robotics. Developments and progress achieved For the last 20 years, the Department has maintained a steady trend of improvement. Our students are proudl y contributing towards the development of our country. Further research and development work is being carried out by many of our graduates. Some of the students are employed in different prestigious multi -national, cellular and software companies. This ref lects the quality of students being produced by CSE, UAP. A good number of students are pursuing higher studies in Italy, UK, USA, Sweden, Japan, Germany and Korea. Starting from 4 students in 1996 the Department has experienced a massive i ntake of student s,","[""course_code"", ""date""]"
step9-development-final-20260929T185115270858Z-84c03a,Q015:banglish,banglish,1,curricula_BSc-Curriculum-New.pdf,curricula_BSc-Curriculum-New.pdf,doc-4d373684ce4879ed066003f5,17,doc-4d373684ce4879ed066003f5-p000017-b0002-c0001,8.0,,,,"Semester System There will be two semesters- Fall and Spring Semester in an academic year. In addition to these two regular semesters, there may be a short semester (Summer) in the intervening period between the e nd of Spring Semester and commencement of Fall Semester. Regular Semester",[]
step9-development-final-20260929T185115270858Z-84c03a,Q015:banglish,banglish,2,curricula_BSc-Curriculum-New.pdf,curricula_BSc-Curriculum-New.pdf,doc-4d373684ce4879ed066003f5,10,doc-4d373684ce4879ed066003f5-p000010-b0001-c0001,7.0,,,,"1.4 Academic Programs Undergraduate Studies Currently UAP is offering undergraduate programs in the following seven disciplines Architecture Business Administration Civil Engineering Computer Science and Engineering Electrical and Electronic Engineering Law and Human Rights Pharmacy English Basic Science and Humanities Other than Architecture, all the courses are four -year programs. Architecture is a five-year course. Academic programs are conducted on semester basis. There are two semesters of 18 weeks each - Fall and Spring in each year. At present the University has roughly 5,500 students, with sufficient number of faculty members on full time basis. Besides, a good number of renowned educationists of different disciplines are involved in teaching on part time basis. The faculty is a blend of senior teachers with wide experience both at home and abroad and Young teachers with fresh and innovative ideas. Postg raduate Studies The Department of Business Administration is presently offering an Executive MBA program in conjunction with US / Australian Universities. It is full time program of 60 credit hours spread over two years. The Department of Pharmacy is now offering Master‘s Program in Pharmaceutical Technology (MS in Pharm. Tech.). It is a full time program of 24 credits having one - year duration. The Department of Computer Science and Engineering is offering Masters in Computer Science, Masters in Computer Science and Engineering.","[""course_code"", ""credits""]"
step9-development-final-20260929T185115270858Z-84c03a,Q015:banglish,banglish,3,curricula_BSc-Curriculum-New.pdf,curricula_BSc-Curriculum-New.pdf,doc-4d373684ce4879ed066003f5,28,doc-4d373684ce4879ed066003f5-p000028-b0003-c0001,6.0,,,,Activities: The Activities of this club are as follows:  The Club arranges at least one intradepartmental sports competition in an academic year on regular basis.  This club usually selects the participants from the CSE department for UAP Sports Competitions or any Sports event outside the university.  The Club arranges training for the participants of both indoor and outdoor games if required.,"[""requirement""]"
step9-development-final-20260929T185115270858Z-84c03a,Q016:english,english,1,curricula_BSc-Curriculum-New.pdf,curricula_BSc-Curriculum-New.pdf,doc-4d373684ce4879ed066003f5,17,doc-4d373684ce4879ed066003f5-p000017-b0002-c0001,4.0,,,,"Semester System There will be two semesters- Fall and Spring Semester in an academic year. In addition to these two regular semesters, there may be a short semester (Summer) in the intervening period between the e nd of Spring Semester and commencement of Fall Semester. Regular Semester",[]
step9-development-final-20260929T185115270858Z-84c03a,Q016:english,english,2,curricula_BSc-Curriculum-New.pdf,curricula_BSc-Curriculum-New.pdf,doc-4d373684ce4879ed066003f5,22,doc-4d373684ce4879ed066003f5-p000022-b0002-c0001,4.0,,,,"1. Maintain regularly scheduled office hours for academic advising as needed throughout the semester. 2. Assists the students in selection of courses on a short -term and longterm basis. 3. Monitor advisees‘ academic progress as well as behavior, manner in the campus and initiate contact with advisees those are failing to progress satisfactorily. 4. Inform students the chang es in academic policy, rules and curriculum in the university.","[""policy""]"
step9-development-final-20260929T185115270858Z-84c03a,Q016:english,english,3,curricula_BSc-Curriculum-New.pdf,curricula_BSc-Curriculum-New.pdf,doc-4d373684ce4879ed066003f5,23,doc-4d373684ce4879ed066003f5-p000023-b0001-c0001,4.0,,,,5. 10% waiver for students with individual GPA of 4.00 in S.S.C and H.S.C. Criteria for semester based tuition fee waiver (including Vice Chancellor‘s Special Tuition fee waiver) 1. Has to be regular throughout all the semesters(i.e. no break of studies or lower than acceptable credit hours enrolled un any semester),"[""credits"", ""percentage""]"
step9-development-final-20260929T185115270858Z-84c03a,Q016:banglish,banglish,1,curricula_BSc-Curriculum-New.pdf,curricula_BSc-Curriculum-New.pdf,doc-4d373684ce4879ed066003f5,18,doc-4d373684ce4879ed066003f5-p000018-b0005-c0001,7.0,,,,"Grading System The total performance of a student in a given course is based on a scheme of continuous assessments. For theoretical courses this continuous assessment is made through homework, assignments, attendance, quizzes etc., a mid semester and a semester final examina tion of three/two hours duration. The distribution of marks for a given course is as follows: Assessment 30% Mid Semester 20% Final Exam 50%","[""course_code"", ""attendance"", ""percentage""]"
step9-development-final-20260929T185115270858Z-84c03a,Q016:banglish,banglish,2,curricula_BSc-Curriculum-New.pdf,curricula_BSc-Curriculum-New.pdf,doc-4d373684ce4879ed066003f5,10,doc-4d373684ce4879ed066003f5-p000010-b0001-c0001,5.0,,,,"1.4 Academic Programs Undergraduate Studies Currently UAP is offering undergraduate programs in the following seven disciplines Architecture Business Administration Civil Engineering Computer Science and Engineering Electrical and Electronic Engineering Law and Human Rights Pharmacy English Basic Science and Humanities Other than Architecture, all the courses are four -year programs. Architecture is a five-year course. Academic programs are conducted on semester basis. There are two semesters of 18 weeks each - Fall and Spring in each year. At present the University has roughly 5,500 students, with sufficient number of faculty members on full time basis. Besides, a good number of renowned educationists of different disciplines are involved in teaching on part time basis. The faculty is a blend of senior teachers with wide experience both at home and abroad and Young teachers with fresh and innovative ideas. Postg raduate Studies The Department of Business Administration is presently offering an Executive MBA program in conjunction with US / Australian Universities. It is full time program of 60 credit hours spread over two years. The Department of Pharmacy is now offering Master‘s Program in Pharmaceutical Technology (MS in Pharm. Tech.). It is a full time program of 24 credits having one - year duration. The Department of Computer Science and Engineering is offering Masters in Computer Science, Masters in Computer Science and Engineering.","[""course_code"", ""credits""]"
step9-development-final-20260929T185115270858Z-84c03a,Q016:banglish,banglish,3,curricula_BSc-Curriculum-New.pdf,curricula_BSc-Curriculum-New.pdf,doc-4d373684ce4879ed066003f5,17,doc-4d373684ce4879ed066003f5-p000017-b0002-c0001,5.0,,,,"Semester System There will be two semesters- Fall and Spring Semester in an academic year. In addition to these two regular semesters, there may be a short semester (Summer) in the intervening period between the e nd of Spring Semester and commencement of Fall Semester. Regular Semester",[]
step9-development-final-20260929T185115270858Z-84c03a,Q017:english,english,1,curricula_BSc-Curriculum-New.pdf,curricula_BSc-Curriculum-New.pdf,doc-4d373684ce4879ed066003f5,17,doc-4d373684ce4879ed066003f5-p000017-b0003-c0001,6.0,,,,Classes 15 Weeks Recess before examination 1 Week Semester final examination 2 Weeks,"[""course_code""]"
step9-development-final-20260929T185115270858Z-84c03a,Q017:english,english,2,curricula_BSc-Curriculum-New.pdf,curricula_BSc-Curriculum-New.pdf,doc-4d373684ce4879ed066003f5,10,doc-4d373684ce4879ed066003f5-p000010-b0001-c0001,4.0,,,,"1.4 Academic Programs Undergraduate Studies Currently UAP is offering undergraduate programs in the following seven disciplines Architecture Business Administration Civil Engineering Computer Science and Engineering Electrical and Electronic Engineering Law and Human Rights Pharmacy English Basic Science and Humanities Other than Architecture, all the courses are four -year programs. Architecture is a five-year course. Academic programs are conducted on semester basis. There are two semesters of 18 weeks each - Fall and Spring in each year. At present the University has roughly 5,500 students, with sufficient number of faculty members on full time basis. Besides, a good number of renowned educationists of different disciplines are involved in teaching on part time basis. The faculty is a blend of senior teachers with wide experience both at home and abroad and Young teachers with fresh and innovative ideas. Postg raduate Studies The Department of Business Administration is presently offering an Executive MBA program in conjunction with US / Australian Universities. It is full time program of 60 credit hours spread over two years. The Department of Pharmacy is now offering Master‘s Program in Pharmaceutical Technology (MS in Pharm. Tech.). It is a full time program of 24 credits having one - year duration. The Department of Computer Science and Engineering is offering Masters in Computer Science, Masters in Computer Science and Engineering.","[""course_code"", ""credits""]"
step9-development-final-20260929T185115270858Z-84c03a,Q017:english,english,3,curricula_BSc-Curriculum-New.pdf,curricula_BSc-Curriculum-New.pdf,doc-4d373684ce4879ed066003f5,13,doc-4d373684ce4879ed066003f5-p000013-b0004-c0001,4.0,,,,"Laboratory UAP provide laboratory facilities for the students of respective departments. The laboratories are self -sufficient and r ich in instruments and other facilities to carry out sessional / practical classes for different courses. Unlike many other private Universities, UAP does not depend on any other institutions for its laboratory classes. Other than sessional / practical cla sses, the faculties of UAP do their research work in these laboratories also. Website and Internet Faci lity University of Asia Pacific (UAP) provides twenty -four hour high -speed Internet facilities to its students. All the computers of lab and other place s of each department of UAP are connected under a LAN and high -speed Internet line. There is a web site of UAP that contains important information about faculty members, ongoing research, admission, faculty search, exam of UAP etc., which is updated each week and URL is www.uap-bd.edu. Each student of UAP is given an individual email account at uap-bd.edu domain that recognizes the UAP students. Student can submit their assignments through Internet.",[]
step9-development-final-20260929T185115270858Z-84c03a,Q017:banglish,banglish,1,curricula_BSc-Curriculum-New.pdf,curricula_BSc-Curriculum-New.pdf,doc-4d373684ce4879ed066003f5,17,doc-4d373684ce4879ed066003f5-p000017-b0002-c0001,4.0,,,,"Semester System There will be two semesters- Fall and Spring Semester in an academic year. In addition to these two regular semesters, there may be a short semester (Summer) in the intervening period between the e nd of Spring Semester and commencement of Fall Semester. Regular Semester",[]
step9-development-final-20260929T185115270858Z-84c03a,Q017:banglish,banglish,2,curricula_BSc-Curriculum-New.pdf,curricula_BSc-Curriculum-New.pdf,doc-4d373684ce4879ed066003f5,17,doc-4d373684ce4879ed066003f5-p000017-b0004-c0001,4.0,,,,"Total 18 Weeks Course Pattern and Credit Structure The entire undergraduate program is c overed through a set of theoretical and laboratory courses, fieldwork, design and project/thesis work. Assignment of Credits: Theoretical Courses: One lecture per week per semester will be equivalent to one credit. Thus, a three (3) credit hour course wi ll have three (3) lectures per week throughout the semester. Laboratory/Field/Design/Project/Thesis Work: Credits for laboratory/field work or design work usually will be half of the class hours per week per semester. Credits are also assigned to project a nd thesis work taken by the students. The amount of credits assigned to each of these may vary from discipline to discipline. Type of Courses: Core Courses: In each discipline, a number of compulsory courses will be identified as core courses, which form the nucleus of the bachelor degree program. Optional Courses : Apart form the core courses, students will have to complete a number of courses, which are optional in nature. Hence students may have some choices in selecting courses from a specific group o r a number of courses.","[""course_code"", ""credits""]"
step9-development-final-20260929T185115270858Z-84c03a,Q017:banglish,banglish,3,curricula_BSc-Curriculum-New.pdf,curricula_BSc-Curriculum-New.pdf,doc-4d373684ce4879ed066003f5,21,doc-4d373684ce4879ed066003f5-p000021-b0001-c0001,4.0,,,,Examination concerned. The respective departments would arrange such Repeat Examinations. Candidates willing to appear at such Repeat Examinations must apply to the respective heads of departments through the advisors stating their willingness to appear at the said examination with the receipt of payment @ Taka3000/ - per course. Repeat examination would be held before next semester would start. Repeat Examinations on theory courses would be held on 50 percent of marks for each course and the marks for Class Assessment and Mid Semester Examination would be carried. There shall be no repeat examinations for sessional courses. The maximum grade to be obtained by a student in a repeat examination would be ‗B‘ (equivalent to 60%). The following grading system would be followed in the repeat examinations:,"[""course_code"", ""percentage"", ""requirement""]"
step9-development-final-20260929T185115270858Z-84c03a,Q018:english,english,1,curricula_BSc-Curriculum-New.pdf,curricula_BSc-Curriculum-New.pdf,doc-4d373684ce4879ed066003f5,17,doc-4d373684ce4879ed066003f5-p000017-b0004-c0001,10.0,,,,"Total 18 Weeks Course Pattern and Credit Structure The entire undergraduate program is c overed through a set of theoretical and laboratory courses, fieldwork, design and project/thesis work. Assignment of Credits: Theoretical Courses: One lecture per week per semester will be equivalent to one credit. Thus, a three (3) credit hour course wi ll have three (3) lectures per week throughout the semester. Laboratory/Field/Design/Project/Thesis Work: Credits for laboratory/field work or design work usually will be half of the class hours per week per semester. Credits are also assigned to project a nd thesis work taken by the students. The amount of credits assigned to each of these may vary from discipline to discipline. Type of Courses: Core Courses: In each discipline, a number of compulsory courses will be identified as core courses, which form the nucleus of the bachelor degree program. Optional Courses : Apart form the core courses, students will have to complete a number of courses, which are optional in nature. Hence students may have some choices in selecting courses from a specific group o r a number of courses.","[""course_code"", ""credits""]"
step9-development-final-20260929T185115270858Z-84c03a,Q018:english,english,2,curricula_BSc-Curriculum-New.pdf,curricula_BSc-Curriculum-New.pdf,doc-4d373684ce4879ed066003f5,10,doc-4d373684ce4879ed066003f5-p000010-b0001-c0001,6.0,,,,"1.4 Academic Programs Undergraduate Studies Currently UAP is offering undergraduate programs in the following seven disciplines Architecture Business Administration Civil Engineering Computer Science and Engineering Electrical and Electronic Engineering Law and Human Rights Pharmacy English Basic Science and Humanities Other than Architecture, all the courses are four -year programs. Architecture is a five-year course. Academic programs are conducted on semester basis. There are two semesters of 18 weeks each - Fall and Spring in each year. At present the University has roughly 5,500 students, with sufficient number of faculty members on full time basis. Besides, a good number of renowned educationists of different disciplines are involved in teaching on part time basis. The faculty is a blend of senior teachers with wide experience both at home and abroad and Young teachers with fresh and innovative ideas. Postg raduate Studies The Department of Business Administration is presently offering an Executive MBA program in conjunction with US / Australian Universities. It is full time program of 60 credit hours spread over two years. The Department of Pharmacy is now offering Master‘s Program in Pharmaceutical Technology (MS in Pharm. Tech.). It is a full time program of 24 credits having one - year duration. The Department of Computer Science and Engineering is offering Masters in Computer Science, Masters in Computer Science and Engineering.","[""course_code"", ""credits""]"
step9-development-final-20260929T185115270858Z-84c03a,Q018:english,english,3,curricula_BSc-Curriculum-New.pdf,curricula_BSc-Curriculum-New.pdf,doc-4d373684ce4879ed066003f5,18,doc-4d373684ce4879ed066003f5-p000018-b0003-c0001,5.0,,,,"Category 2: Students, who have earned at least 15 credits in a semester but do not belong to Category 1. These students are advised to take at least one course less in the following semester than those offered for students of Category 1, subject to the condition that, they will register for such backlog courses as prescribed by the respective adviser.","[""course_code"", ""credits""]"
step9-development-final-20260929T185115270858Z-84c03a,Q018:banglish,banglish,1,curricula_BSc-Curriculum-New.pdf,curricula_BSc-Curriculum-New.pdf,doc-4d373684ce4879ed066003f5,17,doc-4d373684ce4879ed066003f5-p000017-b0004-c0001,8.0,,,,"Total 18 Weeks Course Pattern and Credit Structure The entire undergraduate program is c overed through a set of theoretical and laboratory courses, fieldwork, design and project/thesis work. Assignment of Credits: Theoretical Courses: One lecture per week per semester will be equivalent to one credit. Thus, a three (3) credit hour course wi ll have three (3) lectures per week throughout the semester. Laboratory/Field/Design/Project/Thesis Work: Credits for laboratory/field work or design work usually will be half of the class hours per week per semester. Credits are also assigned to project a nd thesis work taken by the students. The amount of credits assigned to each of these may vary from discipline to discipline. Type of Courses: Core Courses: In each discipline, a number of compulsory courses will be identified as core courses, which form the nucleus of the bachelor degree program. Optional Courses : Apart form the core courses, students will have to complete a number of courses, which are optional in nature. Hence students may have some choices in selecting courses from a specific group o r a number of courses.","[""course_code"", ""credits""]"
step9-development-final-20260929T185115270858Z-84c03a,Q018:banglish,banglish,2,curricula_BSc-Curriculum-New.pdf,curricula_BSc-Curriculum-New.pdf,doc-4d373684ce4879ed066003f5,10,doc-4d373684ce4879ed066003f5-p000010-b0001-c0001,4.0,,,,"1.4 Academic Programs Undergraduate Studies Currently UAP is offering undergraduate programs in the following seven disciplines Architecture Business Administration Civil Engineering Computer Science and Engineering Electrical and Electronic Engineering Law and Human Rights Pharmacy English Basic Science and Humanities Other than Architecture, all the courses are four -year programs. Architecture is a five-year course. Academic programs are conducted on semester basis. There are two semesters of 18 weeks each - Fall and Spring in each year. At present the University has roughly 5,500 students, with sufficient number of faculty members on full time basis. Besides, a good number of renowned educationists of different disciplines are involved in teaching on part time basis. The faculty is a blend of senior teachers with wide experience both at home and abroad and Young teachers with fresh and innovative ideas. Postg raduate Studies The Department of Business Administration is presently offering an Executive MBA program in conjunction with US / Australian Universities. It is full time program of 60 credit hours spread over two years. The Department of Pharmacy is now offering Master‘s Program in Pharmaceutical Technology (MS in Pharm. Tech.). It is a full time program of 24 credits having one - year duration. The Department of Computer Science and Engineering is offering Masters in Computer Science, Masters in Computer Science and Engineering.","[""course_code"", ""credits""]"
step9-development-final-20260929T185115270858Z-84c03a,Q018:banglish,banglish,3,curricula_BSc-Curriculum-New.pdf,curricula_BSc-Curriculum-New.pdf,doc-4d373684ce4879ed066003f5,32,doc-4d373684ce4879ed066003f5-p000032-b0001-c0001,4.0,,,,"Spring 2017 saw 167 students admitted. At present, there are around 850 undergraduate and graduate students in the Department. For the last five years, new programming labs with brand machines (1 Student: 1 Computer) have been established, circuit lab a nd digital lab have been restructured and reinforced with latest equipment and computers, new project lab has been established to encourage the students to take practical hardware & software oriented projects . All class rooms are air conditioned with multimedia projector support. Industry -Institution Interaction We have got the Spectrum Engineers Consortium and Plasma Plus involved with us. Similar articulation with some other organizations is still underway. This collaborative effort will include training students, guiding students' projects and industry-related suggestions to be incorporated while developing programs and curricula. The above organizations have come up with their suggestions and training programs. To enhance the quality of education even f urther, Department of CSE of UAP has established an Industry-Academia Collaboration with QUBEE, Augere Wireless Broadband Bangladesh Ltd (AWBBL). As part of the collaboration, following activities are performed by the two parties on a regular basis: 1. UAP-CSE visits selected Hub Sites, Aggregation Sites and Access Sites with the final year students as part of a one -day long Industrial Tour (twice in a year). A representative from QUBEE demonstrates the practical side of the theoretical aspects. 2. UAP -CSE invites QUBEE delegates in some of the Networking and Security related seminars, workshops and conferences organized by UAP.","[""course_code"", ""date""]"
step9-development-final-20260929T185115270858Z-84c03a,Q019:english,english,1,curricula_BSc-Curriculum-New.pdf,curricula_BSc-Curriculum-New.pdf,doc-4d373684ce4879ed066003f5,18,doc-4d373684ce4879ed066003f5-p000018-b0001-c0001,4.0,,,,"Registration Process For the Second and Subsequent Semester A student is normally required to earn at least 15 credits (out of 17.5 to 20 credits) in a semester. At the end of each semester, the students will be classified into one of the following three categories:","[""course_code"", ""credits"", ""requirement""]"
step9-development-final-20260929T185115270858Z-84c03a,Q019:english,english,2,curricula_BSc-Curriculum-New.pdf,curricula_BSc-Curriculum-New.pdf,doc-4d373684ce4879ed066003f5,18,doc-4d373684ce4879ed066003f5-p000018-b0002-c0001,4.0,,,,"Category 1: Students, who have passed all the courses prescribed for the semester and have no backlog of courses. A student of Category -1 is eligible for registration in all courses prescribed for the next or following semesters.",[]
step9-development-final-20260929T185115270858Z-84c03a,Q019:english,english,3,curricula_BSc-Curriculum-New.pdf,curricula_BSc-Curriculum-New.pdf,doc-4d373684ce4879ed066003f5,18,doc-4d373684ce4879ed066003f5-p000018-b0004-c0001,4.0,,,,"Category 3: Students, who have failed to earn 15 credits in a semester, belong to this category. Students of this category are advised to take a t least two courses less in the following semester than those offered for students of Category -1 subject to the registration for a minimum of 15 credits and maximum 24 credit hours. However, they are required to register for such backlog courses as would be prescribed by the adviser. any course in any semester will have to repeat the course for the purpose of grade improvement. F grades will not be counted for GPA calculation but shall be mentioned on the grade sheet and transcript.","[""course_code"", ""credits"", ""requirement""]"
step9-development-final-20260929T185115270858Z-84c03a,Q019:bangla,bangla,1,curricula_BSc-Curriculum-New.pdf,curricula_BSc-Curriculum-New.pdf,doc-4d373684ce4879ed066003f5,18,doc-4d373684ce4879ed066003f5-p000018-b0002-c0001,2.0,,,,"Category 1: Students, who have passed all the courses prescribed for the semester and have no backlog of courses. A student of Category -1 is eligible for registration in all courses prescribed for the next or following semesters.",[]
step9-development-final-20260929T185115270858Z-84c03a,Q019:bangla,bangla,2,curricula_BSc-Curriculum-New.pdf,curricula_BSc-Curriculum-New.pdf,doc-4d373684ce4879ed066003f5,18,doc-4d373684ce4879ed066003f5-p000018-b0003-c0001,2.0,,,,"Category 2: Students, who have earned at least 15 credits in a semester but do not belong to Category 1. These students are advised to take at least one course less in the following semester than those offered for students of Category 1, subject to the condition that, they will register for such backlog courses as prescribed by the respective adviser.","[""course_code"", ""credits""]"
step9-development-final-20260929T185115270858Z-84c03a,Q019:bangla,bangla,3,curricula_BSc-Curriculum-New.pdf,curricula_BSc-Curriculum-New.pdf,doc-4d373684ce4879ed066003f5,18,doc-4d373684ce4879ed066003f5-p000018-b0004-c0001,2.0,,,,"Category 3: Students, who have failed to earn 15 credits in a semester, belong to this category. Students of this category are advised to take a t least two courses less in the following semester than those offered for students of Category -1 subject to the registration for a minimum of 15 credits and maximum 24 credit hours. However, they are required to register for such backlog courses as would be prescribed by the adviser. any course in any semester will have to repeat the course for the purpose of grade improvement. F grades will not be counted for GPA calculation but shall be mentioned on the grade sheet and transcript.","[""course_code"", ""credits"", ""requirement""]"
step9-development-final-20260929T185115270858Z-84c03a,Q019:banglish,banglish,1,curricula_BSc-Curriculum-New.pdf,curricula_BSc-Curriculum-New.pdf,doc-4d373684ce4879ed066003f5,18,doc-4d373684ce4879ed066003f5-p000018-b0001-c0001,4.0,,,,"Registration Process For the Second and Subsequent Semester A student is normally required to earn at least 15 credits (out of 17.5 to 20 credits) in a semester. At the end of each semester, the students will be classified into one of the following three categories:","[""course_code"", ""credits"", ""requirement""]"
step9-development-final-20260929T185115270858Z-84c03a,Q019:banglish,banglish,2,curricula_BSc-Curriculum-New.pdf,curricula_BSc-Curriculum-New.pdf,doc-4d373684ce4879ed066003f5,18,doc-4d373684ce4879ed066003f5-p000018-b0002-c0001,4.0,,,,"Category 1: Students, who have passed all the courses prescribed for the semester and have no backlog of courses. A student of Category -1 is eligible for registration in all courses prescribed for the next or following semesters.",[]
step9-development-final-20260929T185115270858Z-84c03a,Q019:banglish,banglish,3,curricula_BSc-Curriculum-New.pdf,curricula_BSc-Curriculum-New.pdf,doc-4d373684ce4879ed066003f5,18,doc-4d373684ce4879ed066003f5-p000018-b0004-c0001,4.0,,,,"Category 3: Students, who have failed to earn 15 credits in a semester, belong to this category. Students of this category are advised to take a t least two courses less in the following semester than those offered for students of Category -1 subject to the registration for a minimum of 15 credits and maximum 24 credit hours. However, they are required to register for such backlog courses as would be prescribed by the adviser. any course in any semester will have to repeat the course for the purpose of grade improvement. F grades will not be counted for GPA calculation but shall be mentioned on the grade sheet and transcript.","[""course_code"", ""credits"", ""requirement""]"
step9-development-final-20260929T185115270858Z-84c03a,Q020:english,english,1,curricula_BSc-Curriculum-New.pdf,curricula_BSc-Curriculum-New.pdf,doc-4d373684ce4879ed066003f5,18,doc-4d373684ce4879ed066003f5-p000018-b0005-c0001,35.0,,,,"Grading System The total performance of a student in a given course is based on a scheme of continuous assessments. For theoretical courses this continuous assessment is made through homework, assignments, attendance, quizzes etc., a mid semester and a semester final examina tion of three/two hours duration. The distribution of marks for a given course is as follows: Assessment 30% Mid Semester 20% Final Exam 50%","[""course_code"", ""attendance"", ""percentage""]"
step9-development-final-20260929T185115270858Z-84c03a,Q020:english,english,2,curricula_BSc-Curriculum-New.pdf,curricula_BSc-Curriculum-New.pdf,doc-4d373684ce4879ed066003f5,87,doc-4d373684ce4879ed066003f5-p000087-b0001-c0001,15.0,,,,"Course Code: BUS 401 Course Title: Business and Entrepreneurship Credits: 3.00 Prerequisite: ECN 101 Management and Organization: Fundamentals of Management, Organization of Business in Software Industries, Managing production and operation. Managerial Constraints/Environment, Managerial Skills in Software Industries. Financial Management: Present Value and Future Value Calculation and Residual Earnings, Payback Period, Net Present Value (NPV) Calculation, Internal Rate of Return (IRR) Calcula tion. Risk Exposures: Market Risk, Business Risk, Foreign Exchange Risk. Human Resources and Strategic Management: Human Relations, Motivation, Communication between Software Developers, Managing Human Resources and Labor Management Relations in Software Projects, Strategic Positioning of the Software Firm. Marketing: Marketing Strategies, Product & Price, Distribution and Promotion of Software. Accounting Principles: Accounting Fundamentals, Accounting in perspective of Software Industries, Transaction Analysis, Accounting Cycle, Principles of Journal Entries, Ledger, Trial Balance, Adjusting Entries in Software Industries. Financial Statement: Income statement, Cash flow statement, Balance sheet, Analysis of Financial Statements for Software Industries. Managerial and Cost Accounting : Cost concepts; Cost of Goods Manufactured Statement, Cost -Volume-Profit analysis, Costing for Decision making and reporting, Flexible budget and standard costing. Entrepreneurship: Introduction t o Entrepreneurship, Forms of Entrepreneurship in Software Industries, Social responsibility and Entrepreneurship Ethics, Entrepreneurship Law and Government. Business Plan: Target Market, The Competition, Risk Assessment, Technology Plan, Exit Plan, Cash -Flow Projection, SWOT (Strengths/Weaknesses/Opportunities/Threats), Case Study: Various case studies relevant to the course for better understanding of the topics covered in this course. Books: 1. Management, Harold Koontz, McGraw-Hill. 2. Account Principle, Weygandt,Kieso& Kimmel, John Wil ey & Sons, Inc. 3. Entrepreneurship Development, Nazrul Islam and Muhammad Z Mamun,","[""course_code"", ""course_title"", ""credits"", ""prerequisite"", ""topics""]"
step9-development-final-20260929T185115270858Z-84c03a,Q020:english,english,3,curricula_BSc-Curriculum-New.pdf,curricula_BSc-Curriculum-New.pdf,doc-4d373684ce4879ed066003f5,45,doc-4d373684ce4879ed066003f5-p000045-b0001-c0001,14.0,,,,"He serves as member of UAP CSE Self -Assessment Committee which is governed by IQAC, UAP under HEQEP. He is a member of Research and Publication Unit at CSE, UAP and has served as a co -chair of Publicity and Media Committee for ACM -ICPC Asia Dhaka Regional 2016. He is a core member of Bangladesh Open S ource Network (BdOSN) and facilitates various technology-related programs for them. He is currently pursuing his M. Sc. Degree from CSE, BUET. Risul Islam Lecturer B.Sc., CSE, BUET Email: risulcse09@uap-bd.edu Faculty URL: http://uapbd.edu/cse/risul.html Risul Islam is a lecturer of UAP. He had completed his undergrad from Department of Computer Science and Engineering, Bangladesh University of Engineering and Technology (BUET). His research Interests are Computer Networks and Network Security, IoT, Image Processing and VoIP. He has contributed in writing a book called ―Sohoje Shikhi C‖. Moreover, IT professional passers examination certificate (ITFE) organized by Japan Govt, BCC and BDiTEC is also in his bag. He was a proactive member of System, Kit s Distribution and Logistics committees for ACM ICPC 2016. Now, he is acting as a member of different committees for ICCIT 2017 and ICPC 2017. His favorite dialogue is ―Valar Morghulis‖. Anika Anwar","[""course_code"", ""email"", ""date""]"
step9-development-final-20260929T185115270858Z-84c03a,Q020:bangla,bangla,1,curricula_BSc-Curriculum-New.pdf,curricula_BSc-Curriculum-New.pdf,doc-4d373684ce4879ed066003f5,18,doc-4d373684ce4879ed066003f5-p000018-b0005-c0001,30.0,,,,"Grading System The total performance of a student in a given course is based on a scheme of continuous assessments. For theoretical courses this continuous assessment is made through homework, assignments, attendance, quizzes etc., a mid semester and a semester final examina tion of three/two hours duration. The distribution of marks for a given course is as follows: Assessment 30% Mid Semester 20% Final Exam 50%","[""course_code"", ""attendance"", ""percentage""]"
step9-development-final-20260929T185115270858Z-84c03a,Q020:bangla,bangla,2,curricula_BSc-Curriculum-New.pdf,curricula_BSc-Curriculum-New.pdf,doc-4d373684ce4879ed066003f5,18,doc-4d373684ce4879ed066003f5-p000018-b0006-c0001,12.0,,,,Total 100%  The assessment in laboratory/field work courses is made by observing the student in the respectiv e lab classes and also by taking viva -voce and quizzes.,"[""course_code"", ""percentage""]"
step9-development-final-20260929T185115270858Z-84c03a,Q020:bangla,bangla,3,curricula_BSc-Curriculum-New.pdf,curricula_BSc-Curriculum-New.pdf,doc-4d373684ce4879ed066003f5,21,doc-4d373684ce4879ed066003f5-p000021-b0001-c0001,12.0,,,,Examination concerned. The respective departments would arrange such Repeat Examinations. Candidates willing to appear at such Repeat Examinations must apply to the respective heads of departments through the advisors stating their willingness to appear at the said examination with the receipt of payment @ Taka3000/ - per course. Repeat examination would be held before next semester would start. Repeat Examinations on theory courses would be held on 50 percent of marks for each course and the marks for Class Assessment and Mid Semester Examination would be carried. There shall be no repeat examinations for sessional courses. The maximum grade to be obtained by a student in a repeat examination would be ‗B‘ (equivalent to 60%). The following grading system would be followed in the repeat examinations:,"[""course_code"", ""percentage"", ""requirement""]"
step9-development-final-20260929T185115270858Z-84c03a,Q020:banglish,banglish,1,curricula_BSc-Curriculum-New.pdf,curricula_BSc-Curriculum-New.pdf,doc-4d373684ce4879ed066003f5,18,doc-4d373684ce4879ed066003f5-p000018-b0005-c0001,36.0,,,,"Grading System The total performance of a student in a given course is based on a scheme of continuous assessments. For theoretical courses this continuous assessment is made through homework, assignments, attendance, quizzes etc., a mid semester and a semester final examina tion of three/two hours duration. The distribution of marks for a given course is as follows: Assessment 30% Mid Semester 20% Final Exam 50%","[""course_code"", ""attendance"", ""percentage""]"
step9-development-final-20260929T185115270858Z-84c03a,Q020:banglish,banglish,2,curricula_BSc-Curriculum-New.pdf,curricula_BSc-Curriculum-New.pdf,doc-4d373684ce4879ed066003f5,45,doc-4d373684ce4879ed066003f5-p000045-b0001-c0001,15.0,,,,"He serves as member of UAP CSE Self -Assessment Committee which is governed by IQAC, UAP under HEQEP. He is a member of Research and Publication Unit at CSE, UAP and has served as a co -chair of Publicity and Media Committee for ACM -ICPC Asia Dhaka Regional 2016. He is a core member of Bangladesh Open S ource Network (BdOSN) and facilitates various technology-related programs for them. He is currently pursuing his M. Sc. Degree from CSE, BUET. Risul Islam Lecturer B.Sc., CSE, BUET Email: risulcse09@uap-bd.edu Faculty URL: http://uapbd.edu/cse/risul.html Risul Islam is a lecturer of UAP. He had completed his undergrad from Department of Computer Science and Engineering, Bangladesh University of Engineering and Technology (BUET). His research Interests are Computer Networks and Network Security, IoT, Image Processing and VoIP. He has contributed in writing a book called ―Sohoje Shikhi C‖. Moreover, IT professional passers examination certificate (ITFE) organized by Japan Govt, BCC and BDiTEC is also in his bag. He was a proactive member of System, Kit s Distribution and Logistics committees for ACM ICPC 2016. Now, he is acting as a member of different committees for ICCIT 2017 and ICPC 2017. His favorite dialogue is ―Valar Morghulis‖. Anika Anwar","[""course_code"", ""email"", ""date""]"
step9-development-final-20260929T185115270858Z-84c03a,Q020:banglish,banglish,3,curricula_BSc-Curriculum-New.pdf,curricula_BSc-Curriculum-New.pdf,doc-4d373684ce4879ed066003f5,87,doc-4d373684ce4879ed066003f5-p000087-b0001-c0001,15.0,,,,"Course Code: BUS 401 Course Title: Business and Entrepreneurship Credits: 3.00 Prerequisite: ECN 101 Management and Organization: Fundamentals of Management, Organization of Business in Software Industries, Managing production and operation. Managerial Constraints/Environment, Managerial Skills in Software Industries. Financial Management: Present Value and Future Value Calculation and Residual Earnings, Payback Period, Net Present Value (NPV) Calculation, Internal Rate of Return (IRR) Calcula tion. Risk Exposures: Market Risk, Business Risk, Foreign Exchange Risk. Human Resources and Strategic Management: Human Relations, Motivation, Communication between Software Developers, Managing Human Resources and Labor Management Relations in Software Projects, Strategic Positioning of the Software Firm. Marketing: Marketing Strategies, Product & Price, Distribution and Promotion of Software. Accounting Principles: Accounting Fundamentals, Accounting in perspective of Software Industries, Transaction Analysis, Accounting Cycle, Principles of Journal Entries, Ledger, Trial Balance, Adjusting Entries in Software Industries. Financial Statement: Income statement, Cash flow statement, Balance sheet, Analysis of Financial Statements for Software Industries. Managerial and Cost Accounting : Cost concepts; Cost of Goods Manufactured Statement, Cost -Volume-Profit analysis, Costing for Decision making and reporting, Flexible budget and standard costing. Entrepreneurship: Introduction t o Entrepreneurship, Forms of Entrepreneurship in Software Industries, Social responsibility and Entrepreneurship Ethics, Entrepreneurship Law and Government. Business Plan: Target Market, The Competition, Risk Assessment, Technology Plan, Exit Plan, Cash -Flow Projection, SWOT (Strengths/Weaknesses/Opportunities/Threats), Case Study: Various case studies relevant to the course for better understanding of the topics covered in this course. Books: 1. Management, Harold Koontz, McGraw-Hill. 2. Account Principle, Weygandt,Kieso& Kimmel, John Wil ey & Sons, Inc. 3. Entrepreneurship Development, Nazrul Islam and Muhammad Z Mamun,","[""course_code"", ""course_title"", ""credits"", ""prerequisite"", ""topics""]"
step9-development-final-20260929T185115270858Z-84c03a,Q021:english,english,1,curricula_BSc-Curriculum-New.pdf,curricula_BSc-Curriculum-New.pdf,doc-4d373684ce4879ed066003f5,21,doc-4d373684ce4879ed066003f5-p000021-b0001-c0001,15.0,,,,Examination concerned. The respective departments would arrange such Repeat Examinations. Candidates willing to appear at such Repeat Examinations must apply to the respective heads of departments through the advisors stating their willingness to appear at the said examination with the receipt of payment @ Taka3000/ - per course. Repeat examination would be held before next semester would start. Repeat Examinations on theory courses would be held on 50 percent of marks for each course and the marks for Class Assessment and Mid Semester Examination would be carried. There shall be no repeat examinations for sessional courses. The maximum grade to be obtained by a student in a repeat examination would be ‗B‘ (equivalent to 60%). The following grading system would be followed in the repeat examinations:,"[""course_code"", ""percentage"", ""requirement""]"
step9-development-final-20260929T185115270858Z-84c03a,Q021:english,english,2,curricula_BSc-Curriculum-New.pdf,curricula_BSc-Curriculum-New.pdf,doc-4d373684ce4879ed066003f5,18,doc-4d373684ce4879ed066003f5-p000018-b0005-c0001,13.0,,,,"Grading System The total performance of a student in a given course is based on a scheme of continuous assessments. For theoretical courses this continuous assessment is made through homework, assignments, attendance, quizzes etc., a mid semester and a semester final examina tion of three/two hours duration. The distribution of marks for a given course is as follows: Assessment 30% Mid Semester 20% Final Exam 50%","[""course_code"", ""attendance"", ""percentage""]"
step9-development-final-20260929T185115270858Z-84c03a,Q021:english,english,3,curricula_BSc-Curriculum-New.pdf,curricula_BSc-Curriculum-New.pdf,doc-4d373684ce4879ed066003f5,87,doc-4d373684ce4879ed066003f5-p000087-b0001-c0001,13.0,,,,"Course Code: BUS 401 Course Title: Business and Entrepreneurship Credits: 3.00 Prerequisite: ECN 101 Management and Organization: Fundamentals of Management, Organization of Business in Software Industries, Managing production and operation. Managerial Constraints/Environment, Managerial Skills in Software Industries. Financial Management: Present Value and Future Value Calculation and Residual Earnings, Payback Period, Net Present Value (NPV) Calculation, Internal Rate of Return (IRR) Calcula tion. Risk Exposures: Market Risk, Business Risk, Foreign Exchange Risk. Human Resources and Strategic Management: Human Relations, Motivation, Communication between Software Developers, Managing Human Resources and Labor Management Relations in Software Projects, Strategic Positioning of the Software Firm. Marketing: Marketing Strategies, Product & Price, Distribution and Promotion of Software. Accounting Principles: Accounting Fundamentals, Accounting in perspective of Software Industries, Transaction Analysis, Accounting Cycle, Principles of Journal Entries, Ledger, Trial Balance, Adjusting Entries in Software Industries. Financial Statement: Income statement, Cash flow statement, Balance sheet, Analysis of Financial Statements for Software Industries. Managerial and Cost Accounting : Cost concepts; Cost of Goods Manufactured Statement, Cost -Volume-Profit analysis, Costing for Decision making and reporting, Flexible budget and standard costing. Entrepreneurship: Introduction t o Entrepreneurship, Forms of Entrepreneurship in Software Industries, Social responsibility and Entrepreneurship Ethics, Entrepreneurship Law and Government. Business Plan: Target Market, The Competition, Risk Assessment, Technology Plan, Exit Plan, Cash -Flow Projection, SWOT (Strengths/Weaknesses/Opportunities/Threats), Case Study: Various case studies relevant to the course for better understanding of the topics covered in this course. Books: 1. Management, Harold Koontz, McGraw-Hill. 2. Account Principle, Weygandt,Kieso& Kimmel, John Wil ey & Sons, Inc. 3. Entrepreneurship Development, Nazrul Islam and Muhammad Z Mamun,","[""course_code"", ""course_title"", ""credits"", ""prerequisite"", ""topics""]"
step9-development-final-20260929T185115270858Z-84c03a,Q021:bangla,bangla,1,curricula_BSc-Curriculum-New.pdf,curricula_BSc-Curriculum-New.pdf,doc-4d373684ce4879ed066003f5,18,doc-4d373684ce4879ed066003f5-p000018-b0005-c0001,12.0,,,,"Grading System The total performance of a student in a given course is based on a scheme of continuous assessments. For theoretical courses this continuous assessment is made through homework, assignments, attendance, quizzes etc., a mid semester and a semester final examina tion of three/two hours duration. The distribution of marks for a given course is as follows: Assessment 30% Mid Semester 20% Final Exam 50%","[""course_code"", ""attendance"", ""percentage""]"
step9-development-final-20260929T185115270858Z-84c03a,Q021:bangla,bangla,2,curricula_BSc-Curriculum-New.pdf,curricula_BSc-Curriculum-New.pdf,doc-4d373684ce4879ed066003f5,18,doc-4d373684ce4879ed066003f5-p000018-b0006-c0001,12.0,,,,Total 100%  The assessment in laboratory/field work courses is made by observing the student in the respectiv e lab classes and also by taking viva -voce and quizzes.,"[""course_code"", ""percentage""]"
step9-development-final-20260929T185115270858Z-84c03a,Q021:bangla,bangla,3,curricula_BSc-Curriculum-New.pdf,curricula_BSc-Curriculum-New.pdf,doc-4d373684ce4879ed066003f5,21,doc-4d373684ce4879ed066003f5-p000021-b0001-c0001,12.0,,,,Examination concerned. The respective departments would arrange such Repeat Examinations. Candidates willing to appear at such Repeat Examinations must apply to the respective heads of departments through the advisors stating their willingness to appear at the said examination with the receipt of payment @ Taka3000/ - per course. Repeat examination would be held before next semester would start. Repeat Examinations on theory courses would be held on 50 percent of marks for each course and the marks for Class Assessment and Mid Semester Examination would be carried. There shall be no repeat examinations for sessional courses. The maximum grade to be obtained by a student in a repeat examination would be ‗B‘ (equivalent to 60%). The following grading system would be followed in the repeat examinations:,"[""course_code"", ""percentage"", ""requirement""]"
step9-development-final-20260929T185115270858Z-84c03a,Q021:banglish,banglish,1,curricula_BSc-Curriculum-New.pdf,curricula_BSc-Curriculum-New.pdf,doc-4d373684ce4879ed066003f5,21,doc-4d373684ce4879ed066003f5-p000021-b0001-c0001,16.0,,,,Examination concerned. The respective departments would arrange such Repeat Examinations. Candidates willing to appear at such Repeat Examinations must apply to the respective heads of departments through the advisors stating their willingness to appear at the said examination with the receipt of payment @ Taka3000/ - per course. Repeat examination would be held before next semester would start. Repeat Examinations on theory courses would be held on 50 percent of marks for each course and the marks for Class Assessment and Mid Semester Examination would be carried. There shall be no repeat examinations for sessional courses. The maximum grade to be obtained by a student in a repeat examination would be ‗B‘ (equivalent to 60%). The following grading system would be followed in the repeat examinations:,"[""course_code"", ""percentage"", ""requirement""]"
step9-development-final-20260929T185115270858Z-84c03a,Q021:banglish,banglish,2,curricula_BSc-Curriculum-New.pdf,curricula_BSc-Curriculum-New.pdf,doc-4d373684ce4879ed066003f5,18,doc-4d373684ce4879ed066003f5-p000018-b0005-c0001,14.0,,,,"Grading System The total performance of a student in a given course is based on a scheme of continuous assessments. For theoretical courses this continuous assessment is made through homework, assignments, attendance, quizzes etc., a mid semester and a semester final examina tion of three/two hours duration. The distribution of marks for a given course is as follows: Assessment 30% Mid Semester 20% Final Exam 50%","[""course_code"", ""attendance"", ""percentage""]"
step9-development-final-20260929T185115270858Z-84c03a,Q021:banglish,banglish,3,curricula_BSc-Curriculum-New.pdf,curricula_BSc-Curriculum-New.pdf,doc-4d373684ce4879ed066003f5,18,doc-4d373684ce4879ed066003f5-p000018-b0006-c0001,12.0,,,,Total 100%  The assessment in laboratory/field work courses is made by observing the student in the respectiv e lab classes and also by taking viva -voce and quizzes.,"[""course_code"", ""percentage""]"
step9-development-final-20260929T185115270858Z-84c03a,Q022:english,english,1,curricula_BSc-Curriculum-New.pdf,curricula_BSc-Curriculum-New.pdf,doc-4d373684ce4879ed066003f5,21,doc-4d373684ce4879ed066003f5-p000021-b0002-c0001,14.0,,,,Numeric Grade Letter Grade Grade Point 60% and above B 3.00 55% to less than 60% B- 2.75 50% to less than 55% C+ 2.50 45% to less than 50% C 2.25 40% to less than 45% D 2.00 Less than 40% F 0.00 Any student who fails to successfully complete any sessional course has to repeat that course in the following semester. Provisions for Improvement of Grades:,"[""course_code"", ""percentage""]"
step9-development-final-20260929T185115270858Z-84c03a,Q022:english,english,2,curricula_BSc-Curriculum-New.pdf,curricula_BSc-Curriculum-New.pdf,doc-4d373684ce4879ed066003f5,19,doc-4d373684ce4879ed066003f5-p000019-b0002-c0001,12.0,,,,Numeric Grade Letter Grade Grade Point 80% and above A+ 4.00 75% to less than 80% A 3.75 70% to less than 75% A- 3.50 65% to less than 70% B+ 3.25 60% to less than 65% B 3.00 55% to less than 60% B- 2.75 50% to less than 55% C+ 2.50 45% to less than 50% C 2.25 40% to less than 45% D 2.00 Less than 40% F 0.00,"[""course_code"", ""percentage""]"
step9-development-final-20260929T185115270858Z-84c03a,Q022:english,english,3,curricula_BSc-Curriculum-New.pdf,curricula_BSc-Curriculum-New.pdf,doc-4d373684ce4879ed066003f5,19,doc-4d373684ce4879ed066003f5-p000019-b0004-c0001,6.0,,,,"S –– Exempted (For credit transfer courses) E –– Grade ‗F‘: If a student fails to achieve at least 40% marks in a course, he/she will get ‗F‘ grade in that course. B esides, absence in final examination at the end of each academic semester will also result ‗F‘ grade. Grade ‗E‘: A student transferred to UAP from another university or academic institution will earn ‗E‘ grades in the courses exempted at UAP. Grade ‗I‘ : Grade ‗I‘ may be given when a course, according to the syllabus is extended to two consecutive semesters and grade ‗S‘ is given in the first semester to mean satisfactory progression.","[""course_code"", ""credits"", ""percentage""]"
step9-development-final-20260929T185115270858Z-84c03a,Q022:bangla,bangla,1,curricula_BSc-Curriculum-New.pdf,curricula_BSc-Curriculum-New.pdf,doc-4d373684ce4879ed066003f5,19,doc-4d373684ce4879ed066003f5-p000019-b0002-c0001,2.0,,,,Numeric Grade Letter Grade Grade Point 80% and above A+ 4.00 75% to less than 80% A 3.75 70% to less than 75% A- 3.50 65% to less than 70% B+ 3.25 60% to less than 65% B 3.00 55% to less than 60% B- 2.75 50% to less than 55% C+ 2.50 45% to less than 50% C 2.25 40% to less than 45% D 2.00 Less than 40% F 0.00,"[""course_code"", ""percentage""]"
step9-development-final-20260929T185115270858Z-84c03a,Q022:bangla,bangla,2,curricula_BSc-Curriculum-New.pdf,curricula_BSc-Curriculum-New.pdf,doc-4d373684ce4879ed066003f5,19,doc-4d373684ce4879ed066003f5-p000019-b0004-c0001,2.0,,,,"S –– Exempted (For credit transfer courses) E –– Grade ‗F‘: If a student fails to achieve at least 40% marks in a course, he/she will get ‗F‘ grade in that course. B esides, absence in final examination at the end of each academic semester will also result ‗F‘ grade. Grade ‗E‘: A student transferred to UAP from another university or academic institution will earn ‗E‘ grades in the courses exempted at UAP. Grade ‗I‘ : Grade ‗I‘ may be given when a course, according to the syllabus is extended to two consecutive semesters and grade ‗S‘ is given in the first semester to mean satisfactory progression.","[""course_code"", ""credits"", ""percentage""]"
step9-development-final-20260929T185115270858Z-84c03a,Q022:bangla,bangla,3,curricula_BSc-Curriculum-New.pdf,curricula_BSc-Curriculum-New.pdf,doc-4d373684ce4879ed066003f5,21,doc-4d373684ce4879ed066003f5-p000021-b0002-c0001,2.0,,,,Numeric Grade Letter Grade Grade Point 60% and above B 3.00 55% to less than 60% B- 2.75 50% to less than 55% C+ 2.50 45% to less than 50% C 2.25 40% to less than 45% D 2.00 Less than 40% F 0.00 Any student who fails to successfully complete any sessional course has to repeat that course in the following semester. Provisions for Improvement of Grades:,"[""course_code"", ""percentage""]"
step9-development-final-20260929T185115270858Z-84c03a,Q022:banglish,banglish,1,curricula_BSc-Curriculum-New.pdf,curricula_BSc-Curriculum-New.pdf,doc-4d373684ce4879ed066003f5,36,doc-4d373684ce4879ed066003f5-p000036-b0002-c0001,4.0,,,,"JAIST, Japan, 2009 B.Sc. (Hons) in CSE, DU, 2006 E-mail: shahriar.rahman@uap-bd.edu URL: www.uap-bd.edu/cse/shahriar.html https://sites.google.com/site/msrahman1662/ Dr. Mohammad Shahriar Rahman is currently working as an associate professor at the de partment of computer science and engineering of University of Asia Pacific, Bangladesh. Dr. Rahman has over 10 years of teaching and research experience, within both academia and industry, resulting over 40 research papers and patents on cyber security an d privacy. He worked at KDDI Research in Japan from 2015 to 2017 as a research engineer. His research ranges from secure protocol construction to security modeling in order to solve real-world problems in Cyber Security domain. He also focuses on privacy as an information security paradigm in an increasingly knowledge -based connected world facilitated by the Internet of Things (IoT) and cloud computing.He was an expert member of the Japanese national body for International Organization for Standardization (ISO), ISO/IEC JTC 1 SC 27. Dr. Rahman completed B.Sc. (Hons) from University of Dhaka, Bangladesh, in 2006. He received M.Sc. and Ph.D. from Japan Advanced Institute of Science and Technology (JAIST) in 2009 and 2012, respectively. Dr. Rahman is the reci pient of Japan Government‘s Monbukagakusho scholarship from October 2006 to March 2012 for M.Sc. and PhD studies, the IEICE Excellent Student Award 2008, the Best Paper Award at the 6th International Conference on Advanced Data Mining and Applications (ADM A‘10), and Outstanding Performance Award from JAIST for PhD studies. He is a member of the International Association for Cryptologic Research (IACR).","[""course_code"", ""email"", ""date""]"
step9-development-final-20260929T185115270858Z-84c03a,Q022:banglish,banglish,2,curricula_BSc-Curriculum-New.pdf,curricula_BSc-Curriculum-New.pdf,doc-4d373684ce4879ed066003f5,19,doc-4d373684ce4879ed066003f5-p000019-b0002-c0001,3.0,,,,Numeric Grade Letter Grade Grade Point 80% and above A+ 4.00 75% to less than 80% A 3.75 70% to less than 75% A- 3.50 65% to less than 70% B+ 3.25 60% to less than 65% B 3.00 55% to less than 60% B- 2.75 50% to less than 55% C+ 2.50 45% to less than 50% C 2.25 40% to less than 45% D 2.00 Less than 40% F 0.00,"[""course_code"", ""percentage""]"
step9-development-final-20260929T185115270858Z-84c03a,Q022:banglish,banglish,3,curricula_BSc-Curriculum-New.pdf,curricula_BSc-Curriculum-New.pdf,doc-4d373684ce4879ed066003f5,19,doc-4d373684ce4879ed066003f5-p000019-b0004-c0001,3.0,,,,"S –– Exempted (For credit transfer courses) E –– Grade ‗F‘: If a student fails to achieve at least 40% marks in a course, he/she will get ‗F‘ grade in that course. B esides, absence in final examination at the end of each academic semester will also result ‗F‘ grade. Grade ‗E‘: A student transferred to UAP from another university or academic institution will earn ‗E‘ grades in the courses exempted at UAP. Grade ‗I‘ : Grade ‗I‘ may be given when a course, according to the syllabus is extended to two consecutive semesters and grade ‗S‘ is given in the first semester to mean satisfactory progression.","[""course_code"", ""credits"", ""percentage""]"
step9-development-final-20260929T185115270858Z-84c03a,Q023:english,english,1,curricula_BSc-Curriculum-New.pdf,curricula_BSc-Curriculum-New.pdf,doc-4d373684ce4879ed066003f5,20,doc-4d373684ce4879ed066003f5-p000020-b0001-c0001,10.0,,,,Attendance All students are expected to attend classes regularly. The University of Asia Pacific believes that regular attendance is essential for effective learning. A student is required to attend at least 70% of all the classes held in every course in order to sit for the final examination.,"[""course_code"", ""attendance"", ""percentage"", ""requirement""]"
step9-development-final-20260929T185115270858Z-84c03a,Q023:english,english,2,curricula_BSc-Curriculum-New.pdf,curricula_BSc-Curriculum-New.pdf,doc-4d373684ce4879ed066003f5,19,doc-4d373684ce4879ed066003f5-p000019-b0004-c0001,5.0,,,,"S –– Exempted (For credit transfer courses) E –– Grade ‗F‘: If a student fails to achieve at least 40% marks in a course, he/she will get ‗F‘ grade in that course. B esides, absence in final examination at the end of each academic semester will also result ‗F‘ grade. Grade ‗E‘: A student transferred to UAP from another university or academic institution will earn ‗E‘ grades in the courses exempted at UAP. Grade ‗I‘ : Grade ‗I‘ may be given when a course, according to the syllabus is extended to two consecutive semesters and grade ‗S‘ is given in the first semester to mean satisfactory progression.","[""course_code"", ""credits"", ""percentage""]"
step9-development-final-20260929T185115270858Z-84c03a,Q023:english,english,3,curricula_BSc-Curriculum-New.pdf,curricula_BSc-Curriculum-New.pdf,doc-4d373684ce4879ed066003f5,17,doc-4d373684ce4879ed066003f5-p000017-b0003-c0001,4.0,,,,Classes 15 Weeks Recess before examination 1 Week Semester final examination 2 Weeks,"[""course_code""]"
step9-development-final-20260929T185115270858Z-84c03a,Q023:banglish,banglish,1,curricula_BSc-Curriculum-New.pdf,curricula_BSc-Curriculum-New.pdf,doc-4d373684ce4879ed066003f5,18,doc-4d373684ce4879ed066003f5-p000018-b0005-c0001,6.0,,,,"Grading System The total performance of a student in a given course is based on a scheme of continuous assessments. For theoretical courses this continuous assessment is made through homework, assignments, attendance, quizzes etc., a mid semester and a semester final examina tion of three/two hours duration. The distribution of marks for a given course is as follows: Assessment 30% Mid Semester 20% Final Exam 50%","[""course_code"", ""attendance"", ""percentage""]"
step9-development-final-20260929T185115270858Z-84c03a,Q023:banglish,banglish,2,curricula_BSc-Curriculum-New.pdf,curricula_BSc-Curriculum-New.pdf,doc-4d373684ce4879ed066003f5,20,doc-4d373684ce4879ed066003f5-p000020-b0001-c0001,5.0,,,,Attendance All students are expected to attend classes regularly. The University of Asia Pacific believes that regular attendance is essential for effective learning. A student is required to attend at least 70% of all the classes held in every course in order to sit for the final examination.,"[""course_code"", ""attendance"", ""percentage"", ""requirement""]"
step9-development-final-20260929T185115270858Z-84c03a,Q023:banglish,banglish,3,curricula_BSc-Curriculum-New.pdf,curricula_BSc-Curriculum-New.pdf,doc-4d373684ce4879ed066003f5,17,doc-4d373684ce4879ed066003f5-p000017-b0003-c0001,3.0,,,,Classes 15 Weeks Recess before examination 1 Week Semester final examination 2 Weeks,"[""course_code""]"
step9-development-final-20260929T185115270858Z-84c03a,Q024:english,english,1,curricula_BSc-Curriculum-New.pdf,curricula_BSc-Curriculum-New.pdf,doc-4d373684ce4879ed066003f5,20,doc-4d373684ce4879ed066003f5-p000020-b0003-c0001,8.0,,,,"Performance Evaluation The performance of a student will be evaluated in terms of semester GPA and cumulative grade point average (CGPA), which is the grade point average for the semesters under consideration. A candidate will be awarded a degree with honors if his/her CGPA is 3.75 or above. A student will be considered to be making normal progress towards a degree if his/her CGPA for all work attempted is 2.25 or better and is in good standing with the university. Students who fail to maintain this minimum rate of progress will fail to be in good standing. Such circumstances may prevail under one or more of the following conditions:  Semester GPA falls below 2.25,  Cumulative GPA falls below 2.25.  Earned credits fall below 15 times the number of semesters studied.","[""course_code"", ""credits""]"
step9-development-final-20260929T185115270858Z-84c03a,Q024:english,english,2,curricula_BSc-Curriculum-New.pdf,curricula_BSc-Curriculum-New.pdf,doc-4d373684ce4879ed066003f5,37,doc-4d373684ce4879ed066003f5-p000037-b0003-c0001,6.0,,,,"M.Sc.Engg,(CSE),UAP, Dhaka B.Sc. Engg. (CSE), UAP, Dhaka Email: shammi@uap-bd.edu Shammi Akhtar science and engineering of the University of Asia Pacific, Bangladesh. She joined UAP in 2003 as l ecturer after obtaining her B.Sc. degree in is currently working as an assistant professor at the department of computer computer Science & Engineering with Honors from the University of Asia Pacific. She completed her M.Sc. degree in computer Science & Engineering from the same university. She teaches courses on Operating system, Assembly Language, Computer","[""course_code"", ""email"", ""date""]"
step9-development-final-20260929T185115270858Z-84c03a,Q024:english,english,3,curricula_BSc-Curriculum-New.pdf,curricula_BSc-Curriculum-New.pdf,doc-4d373684ce4879ed066003f5,21,doc-4d373684ce4879ed066003f5-p000021-b0004-c0001,5.0,,,,Category - B 1. A Cumulative Grade Point Average (CGPA) of minimum 2.25 is required for graduation. A candidate whose CGPA is below 2.25 shall have to increase his/her CGPA to the minimum requirement within two consecutive semesters failing which s/he shall be placed under academic probation.,"[""requirement""]"
step9-development-final-20260929T185115270858Z-84c03a,Q024:bangla,bangla,1,curricula_BSc-Curriculum-New.pdf,curricula_BSc-Curriculum-New.pdf,doc-4d373684ce4879ed066003f5,20,doc-4d373684ce4879ed066003f5-p000020-b0003-c0001,2.0,,,,"Performance Evaluation The performance of a student will be evaluated in terms of semester GPA and cumulative grade point average (CGPA), which is the grade point average for the semesters under consideration. A candidate will be awarded a degree with honors if his/her CGPA is 3.75 or above. A student will be considered to be making normal progress towards a degree if his/her CGPA for all work attempted is 2.25 or better and is in good standing with the university. Students who fail to maintain this minimum rate of progress will fail to be in good standing. Such circumstances may prevail under one or more of the following conditions:  Semester GPA falls below 2.25,  Cumulative GPA falls below 2.25.  Earned credits fall below 15 times the number of semesters studied.","[""course_code"", ""credits""]"
step9-development-final-20260929T185115270858Z-84c03a,Q024:bangla,bangla,2,curricula_BSc-Curriculum-New.pdf,curricula_BSc-Curriculum-New.pdf,doc-4d373684ce4879ed066003f5,21,doc-4d373684ce4879ed066003f5-p000021-b0004-c0001,2.0,,,,Category - B 1. A Cumulative Grade Point Average (CGPA) of minimum 2.25 is required for graduation. A candidate whose CGPA is below 2.25 shall have to increase his/her CGPA to the minimum requirement within two consecutive semesters failing which s/he shall be placed under academic probation.,"[""requirement""]"
step9-development-final-20260929T185115270858Z-84c03a,Q024:bangla,bangla,3,curricula_BSc-Curriculum-New.pdf,curricula_BSc-Curriculum-New.pdf,doc-4d373684ce4879ed066003f5,21,doc-4d373684ce4879ed066003f5-p000021-b0005-c0001,2.0,,,,2. Candidates requiring to increase their CGPA under this category (Category - B) shall apply to the Controller of Examinations through the head of the department concerned with a payment of @ Tk. 3000/ - (Tk. Three Thousand) per credit hour.,"[""credits""]"
step9-development-final-20260929T185115270858Z-84c03a,Q024:banglish,banglish,1,curricula_BSc-Curriculum-New.pdf,curricula_BSc-Curriculum-New.pdf,doc-4d373684ce4879ed066003f5,20,doc-4d373684ce4879ed066003f5-p000020-b0003-c0001,9.0,,,,"Performance Evaluation The performance of a student will be evaluated in terms of semester GPA and cumulative grade point average (CGPA), which is the grade point average for the semesters under consideration. A candidate will be awarded a degree with honors if his/her CGPA is 3.75 or above. A student will be considered to be making normal progress towards a degree if his/her CGPA for all work attempted is 2.25 or better and is in good standing with the university. Students who fail to maintain this minimum rate of progress will fail to be in good standing. Such circumstances may prevail under one or more of the following conditions:  Semester GPA falls below 2.25,  Cumulative GPA falls below 2.25.  Earned credits fall below 15 times the number of semesters studied.","[""course_code"", ""credits""]"
step9-development-final-20260929T185115270858Z-84c03a,Q024:banglish,banglish,2,curricula_BSc-Curriculum-New.pdf,curricula_BSc-Curriculum-New.pdf,doc-4d373684ce4879ed066003f5,37,doc-4d373684ce4879ed066003f5-p000037-b0003-c0001,7.0,,,,"M.Sc.Engg,(CSE),UAP, Dhaka B.Sc. Engg. (CSE), UAP, Dhaka Email: shammi@uap-bd.edu Shammi Akhtar science and engineering of the University of Asia Pacific, Bangladesh. She joined UAP in 2003 as l ecturer after obtaining her B.Sc. degree in is currently working as an assistant professor at the department of computer computer Science & Engineering with Honors from the University of Asia Pacific. She completed her M.Sc. degree in computer Science & Engineering from the same university. She teaches courses on Operating system, Assembly Language, Computer","[""course_code"", ""email"", ""date""]"
step9-development-final-20260929T185115270858Z-84c03a,Q024:banglish,banglish,3,curricula_BSc-Curriculum-New.pdf,curricula_BSc-Curriculum-New.pdf,doc-4d373684ce4879ed066003f5,4,doc-4d373684ce4879ed066003f5-p000004-b0001-c0001,5.0,,,,"University of Asia Pacific (UAP) was established in 1996 under the Private University Act 1992 as a private university with the vision of providing quality education and fulf illing the needs of our motherland, Bangladesh. This university started its journ ey in 1996 and offered four years bachelor degree programs in Computer Science & Engineering and Business Administration only, thus the very step of publishing the thirteenth edition of the prospectus for Undergraduate Studies of the Department of Computer Science & Engineering makes us proud. This department established in 1996, with the full support of the Administration and the UAP Foundation Members, is thriving forward in disseminating knowledge in this emerging field. Such endeavor is not only helpin g in developing the human resources of this country but also in earning foreign exchange by exporting skilled manpower abroad. Till to date, B.Sc.Engg. Degree has been conferred on 2200 graduates and these graduates are making positive contributions in the field of Computer Science and Engineering. To enhance the quality of education even further, the Department is planning to take some crush programs, some of which are mentioned below:  Faculty Search Team has been formed to attract Senior Faculty Members in the CSE Department of UAP.  All the Programmin g Lab PCs are regularly updated with the latest computer configuration.  A project lab has already been established for project/research work.  Mobile Games and App Development Lab has been approved to be buil t in CSE, UAP by government fund. CSE Department has several clubs namely UAP Software and","[""course_code"", ""date""]"
step9-development-final-20260929T185115270858Z-84c03a,Q025:english,english,1,curricula_BSc-Curriculum-New.pdf,curricula_BSc-Curriculum-New.pdf,doc-4d373684ce4879ed066003f5,20,doc-4d373684ce4879ed066003f5-p000020-b0003-c0001,11.0,,,,"Performance Evaluation The performance of a student will be evaluated in terms of semester GPA and cumulative grade point average (CGPA), which is the grade point average for the semesters under consideration. A candidate will be awarded a degree with honors if his/her CGPA is 3.75 or above. A student will be considered to be making normal progress towards a degree if his/her CGPA for all work attempted is 2.25 or better and is in good standing with the university. Students who fail to maintain this minimum rate of progress will fail to be in good standing. Such circumstances may prevail under one or more of the following conditions:  Semester GPA falls below 2.25,  Cumulative GPA falls below 2.25.  Earned credits fall below 15 times the number of semesters studied.","[""course_code"", ""credits""]"
step9-development-final-20260929T185115270858Z-84c03a,Q025:english,english,2,curricula_BSc-Curriculum-New.pdf,curricula_BSc-Curriculum-New.pdf,doc-4d373684ce4879ed066003f5,26,doc-4d373684ce4879ed066003f5-p000026-b0001-c0001,3.0,,,,"The ever -increasing needs and applications of computers in almost every walk of life need no overemphasis. Computers nowadays are being widely used in all fields conceivable. To keep pace with the advancement in computer science and engineering in more developed countries than Bangladesh it is essential that efforts are made both in the public and private sectors to develop human resources in this particular field. Opportunities to pursue academic programs in computer engineering are rather limited in Bangladesh. The prime objecti ve in establishing the Computer Science & Engineering Department at University of Asia Pacific is to make a concerted effort towards achieving the goal of providing quality education for the duration of 4 years at the undergraduate level. Later it is to be followed by higher academic degree programs such as MS/Ph. D. The courses in the undergraduate programs are designed to give students a rigorous and comprehensive academic training on both the fundamental and advanced aspects of Computer Science & Enginee ring (CSE). It would concentrate both on software and hardware aspects. A student in CSE must not only have a sound basis in the fundamentals of computer but also should be aware of socio -economic problems of the country. Therefore, courses in science, hum anities, economics, accounting, finance and management are also included in the curricula. The last two semesters will offer the students a number of alternatives to choose from and to specialize in a particular one. Theory and seasonal work will be supple mented by Project/Thesis work, Seminars and visits to relevant research and","[""requirement""]"
step9-development-final-20260929T185115270858Z-84c03a,Q025:english,english,3,curricula_BSc-Curriculum-New.pdf,curricula_BSc-Curriculum-New.pdf,doc-4d373684ce4879ed066003f5,31,doc-4d373684ce4879ed066003f5-p000031-b0004-c0001,3.0,,,,"Activities: The Activities of this club are as follows:  The club arranges at least one intradepartmental robotic competition in an academic year on regular basis.  This club usually selects the participants from the CSE department for any Robotic event outside the university.  The Club arranges training as well as workshops for the interested students to spread robotics. Developments and progress achieved For the last 20 years, the Department has maintained a steady trend of improvement. Our students are proudl y contributing towards the development of our country. Further research and development work is being carried out by many of our graduates. Some of the students are employed in different prestigious multi -national, cellular and software companies. This ref lects the quality of students being produced by CSE, UAP. A good number of students are pursuing higher studies in Italy, UK, USA, Sweden, Japan, Germany and Korea. Starting from 4 students in 1996 the Department has experienced a massive i ntake of student s,","[""course_code"", ""date""]"
step9-development-final-20260929T185115270858Z-84c03a,Q025:bangla,bangla,1,curricula_BSc-Curriculum-New.pdf,curricula_BSc-Curriculum-New.pdf,doc-4d373684ce4879ed066003f5,20,doc-4d373684ce4879ed066003f5-p000020-b0003-c0001,6.0,,,,"Performance Evaluation The performance of a student will be evaluated in terms of semester GPA and cumulative grade point average (CGPA), which is the grade point average for the semesters under consideration. A candidate will be awarded a degree with honors if his/her CGPA is 3.75 or above. A student will be considered to be making normal progress towards a degree if his/her CGPA for all work attempted is 2.25 or better and is in good standing with the university. Students who fail to maintain this minimum rate of progress will fail to be in good standing. Such circumstances may prevail under one or more of the following conditions:  Semester GPA falls below 2.25,  Cumulative GPA falls below 2.25.  Earned credits fall below 15 times the number of semesters studied.","[""course_code"", ""credits""]"
step9-development-final-20260929T185115270858Z-84c03a,Q025:bangla,bangla,2,curricula_BSc-Curriculum-New.pdf,curricula_BSc-Curriculum-New.pdf,doc-4d373684ce4879ed066003f5,19,doc-4d373684ce4879ed066003f5-p000019-b0005-c0001,2.0,,,,"GPA Calculation: A student's performance is measured by the number of c redits that he/she has completed satisfactorily and the weighted average of the grade points that he/she has maintained. A minimum GPA is required to be maintained for satisfactory progress and a minimum number of earned credits should be acquired in Credits CreditssGradePoGPA   )int( Where grade points are points against letter grades A+, A, A -, B+, B, B -, C+, C, D and F. Credits are only for those courses attempted at this university.","[""credits"", ""requirement""]"
step9-development-final-20260929T185115270858Z-84c03a,Q025:bangla,bangla,3,curricula_BSc-Curriculum-New.pdf,curricula_BSc-Curriculum-New.pdf,doc-4d373684ce4879ed066003f5,21,doc-4d373684ce4879ed066003f5-p000021-b0004-c0001,2.0,,,,Category - B 1. A Cumulative Grade Point Average (CGPA) of minimum 2.25 is required for graduation. A candidate whose CGPA is below 2.25 shall have to increase his/her CGPA to the minimum requirement within two consecutive semesters failing which s/he shall be placed under academic probation.,"[""requirement""]"
step9-development-final-20260929T185115270858Z-84c03a,Q025:banglish,banglish,1,curricula_BSc-Curriculum-New.pdf,curricula_BSc-Curriculum-New.pdf,doc-4d373684ce4879ed066003f5,20,doc-4d373684ce4879ed066003f5-p000020-b0003-c0001,8.0,,,,"Performance Evaluation The performance of a student will be evaluated in terms of semester GPA and cumulative grade point average (CGPA), which is the grade point average for the semesters under consideration. A candidate will be awarded a degree with honors if his/her CGPA is 3.75 or above. A student will be considered to be making normal progress towards a degree if his/her CGPA for all work attempted is 2.25 or better and is in good standing with the university. Students who fail to maintain this minimum rate of progress will fail to be in good standing. Such circumstances may prevail under one or more of the following conditions:  Semester GPA falls below 2.25,  Cumulative GPA falls below 2.25.  Earned credits fall below 15 times the number of semesters studied.","[""course_code"", ""credits""]"
step9-development-final-20260929T185115270858Z-84c03a,Q025:banglish,banglish,2,curricula_BSc-Curriculum-New.pdf,curricula_BSc-Curriculum-New.pdf,doc-4d373684ce4879ed066003f5,4,doc-4d373684ce4879ed066003f5-p000004-b0001-c0001,2.0,,,,"University of Asia Pacific (UAP) was established in 1996 under the Private University Act 1992 as a private university with the vision of providing quality education and fulf illing the needs of our motherland, Bangladesh. This university started its journ ey in 1996 and offered four years bachelor degree programs in Computer Science & Engineering and Business Administration only, thus the very step of publishing the thirteenth edition of the prospectus for Undergraduate Studies of the Department of Computer Science & Engineering makes us proud. This department established in 1996, with the full support of the Administration and the UAP Foundation Members, is thriving forward in disseminating knowledge in this emerging field. Such endeavor is not only helpin g in developing the human resources of this country but also in earning foreign exchange by exporting skilled manpower abroad. Till to date, B.Sc.Engg. Degree has been conferred on 2200 graduates and these graduates are making positive contributions in the field of Computer Science and Engineering. To enhance the quality of education even further, the Department is planning to take some crush programs, some of which are mentioned below:  Faculty Search Team has been formed to attract Senior Faculty Members in the CSE Department of UAP.  All the Programmin g Lab PCs are regularly updated with the latest computer configuration.  A project lab has already been established for project/research work.  Mobile Games and App Development Lab has been approved to be buil t in CSE, UAP by government fund. CSE Department has several clubs namely UAP Software and","[""course_code"", ""date""]"
step9-development-final-20260929T185115270858Z-84c03a,Q025:banglish,banglish,3,curricula_BSc-Curriculum-New.pdf,curricula_BSc-Curriculum-New.pdf,doc-4d373684ce4879ed066003f5,8,doc-4d373684ce4879ed066003f5-p000008-b0001-c0001,2.0,,,,"1. Introduction University of Asia Pacific (UAP) was established in 1996 with a vision to enhance the opportunities for higher education in Bangladesh. The University, under the Private University Act 1992, started its operation in 1996 by offering four -year Bachelor Degree Programs in Computer Science & Technology and Business Administration only. Now UAP offers undergraduate programs in nine disciplines and post-graduate programs in eight disciplines. Its curriculum has been approved by the University Grants Commission of the Government of the People's Republic of Bangladesh. UAP is sponsored by University of Asia Pacific Foundation, a non -profitable, non-commercial organization based in Dhaka, Bangladesh. The Foundation has been established in 1995 by a group of eminent educationalists, Industrialists and administrators who share the same vision and social commitments to promote improve and innovative educational opportunities to the society. UAP is the pr oject of such noble goals. Mr. Qayum Reza Chowdhury is the current Chairperson of this foundation.","[""course_code"", ""date""]"
step9-development-final-20260929T185115270858Z-84c03a,Q026:english,english,1,curricula_BSc-Curriculum-New.pdf,curricula_BSc-Curriculum-New.pdf,doc-4d373684ce4879ed066003f5,20,doc-4d373684ce4879ed066003f5-p000020-b0005-c0001,10.0,,,,"Examination Rules Re -examination or Re -scrutiny of Answer Scripts Re-examination of final examination answer scripts may be permissible. A candidate can apply for re -examination of any answer script of final examination to the Controller of Examinati ons through their advisor and the head of the department on payment of Taka 200/ - (Tk. Two Hundred) only per script within 7 (seven) working days from the publication of final results. No such application shall be entertained after the mentioned time. No such re- examination is allowed for practical/sessional courses. While re-examining such answer scripts the examiner shall re- examine the scripts thoroughly and shall award a grade, which shall be treated as final.","[""course_code"", ""policy""]"
step9-development-final-20260929T185115270858Z-84c03a,Q026:english,english,2,curricula_BSc-Curriculum-New.pdf,curricula_BSc-Curriculum-New.pdf,doc-4d373684ce4879ed066003f5,21,doc-4d373684ce4879ed066003f5-p000021-b0003-c0001,6.0,,,,"Category – A 1. The Provision for Improvement of grades applies to those only who obtained a grade C or lower in any course. Such candidates may be allowed to improve their grades by surrendering the earlier grade obtained by him/her. 2. For grade improvement purpose, a student will be allowed to repeat a maximum of four courses. 3. For availing s uch provision of grade improvement, a candidate shall apply to the Controller of Examinations through the Head of the Department concerned with a fee @ Tk. 3000/ - (Tk. Three Thousand) only per credit hour. A student may apply for such provision any time during his/her study period in the university but not beyond two weeks after the publication of his/her final semester results.","[""credits""]"
step9-development-final-20260929T185115270858Z-84c03a,Q026:english,english,3,curricula_BSc-Curriculum-New.pdf,curricula_BSc-Curriculum-New.pdf,doc-4d373684ce4879ed066003f5,17,doc-4d373684ce4879ed066003f5-p000017-b0003-c0001,5.0,,,,Classes 15 Weeks Recess before examination 1 Week Semester final examination 2 Weeks,"[""course_code""]"
step9-development-final-20260929T185115270858Z-84c03a,Q026:bangla,bangla,1,curricula_BSc-Curriculum-New.pdf,curricula_BSc-Curriculum-New.pdf,doc-4d373684ce4879ed066003f5,20,doc-4d373684ce4879ed066003f5-p000020-b0005-c0001,8.0,,,,"Examination Rules Re -examination or Re -scrutiny of Answer Scripts Re-examination of final examination answer scripts may be permissible. A candidate can apply for re -examination of any answer script of final examination to the Controller of Examinati ons through their advisor and the head of the department on payment of Taka 200/ - (Tk. Two Hundred) only per script within 7 (seven) working days from the publication of final results. No such application shall be entertained after the mentioned time. No such re- examination is allowed for practical/sessional courses. While re-examining such answer scripts the examiner shall re- examine the scripts thoroughly and shall award a grade, which shall be treated as final.","[""course_code"", ""policy""]"
step9-development-final-20260929T185115270858Z-84c03a,Q026:bangla,bangla,2,curricula_BSc-Curriculum-New.pdf,curricula_BSc-Curriculum-New.pdf,doc-4d373684ce4879ed066003f5,17,doc-4d373684ce4879ed066003f5-p000017-b0003-c0001,3.0,,,,Classes 15 Weeks Recess before examination 1 Week Semester final examination 2 Weeks,"[""course_code""]"
step9-development-final-20260929T185115270858Z-84c03a,Q026:bangla,bangla,3,curricula_BSc-Curriculum-New.pdf,curricula_BSc-Curriculum-New.pdf,doc-4d373684ce4879ed066003f5,19,doc-4d373684ce4879ed066003f5-p000019-b0004-c0001,3.0,,,,"S –– Exempted (For credit transfer courses) E –– Grade ‗F‘: If a student fails to achieve at least 40% marks in a course, he/she will get ‗F‘ grade in that course. B esides, absence in final examination at the end of each academic semester will also result ‗F‘ grade. Grade ‗E‘: A student transferred to UAP from another university or academic institution will earn ‗E‘ grades in the courses exempted at UAP. Grade ‗I‘ : Grade ‗I‘ may be given when a course, according to the syllabus is extended to two consecutive semesters and grade ‗S‘ is given in the first semester to mean satisfactory progression.","[""course_code"", ""credits"", ""percentage""]"
step9-development-final-20260929T185115270858Z-84c03a,Q026:banglish,banglish,1,curricula_BSc-Curriculum-New.pdf,curricula_BSc-Curriculum-New.pdf,doc-4d373684ce4879ed066003f5,20,doc-4d373684ce4879ed066003f5-p000020-b0005-c0001,11.0,,,,"Examination Rules Re -examination or Re -scrutiny of Answer Scripts Re-examination of final examination answer scripts may be permissible. A candidate can apply for re -examination of any answer script of final examination to the Controller of Examinati ons through their advisor and the head of the department on payment of Taka 200/ - (Tk. Two Hundred) only per script within 7 (seven) working days from the publication of final results. No such application shall be entertained after the mentioned time. No such re- examination is allowed for practical/sessional courses. While re-examining such answer scripts the examiner shall re- examine the scripts thoroughly and shall award a grade, which shall be treated as final.","[""course_code"", ""policy""]"
step9-development-final-20260929T185115270858Z-84c03a,Q026:banglish,banglish,2,curricula_BSc-Curriculum-New.pdf,curricula_BSc-Curriculum-New.pdf,doc-4d373684ce4879ed066003f5,21,doc-4d373684ce4879ed066003f5-p000021-b0003-c0001,7.0,,,,"Category – A 1. The Provision for Improvement of grades applies to those only who obtained a grade C or lower in any course. Such candidates may be allowed to improve their grades by surrendering the earlier grade obtained by him/her. 2. For grade improvement purpose, a student will be allowed to repeat a maximum of four courses. 3. For availing s uch provision of grade improvement, a candidate shall apply to the Controller of Examinations through the Head of the Department concerned with a fee @ Tk. 3000/ - (Tk. Three Thousand) only per credit hour. A student may apply for such provision any time during his/her study period in the university but not beyond two weeks after the publication of his/her final semester results.","[""credits""]"
step9-development-final-20260929T185115270858Z-84c03a,Q026:banglish,banglish,3,curricula_BSc-Curriculum-New.pdf,curricula_BSc-Curriculum-New.pdf,doc-4d373684ce4879ed066003f5,17,doc-4d373684ce4879ed066003f5-p000017-b0003-c0001,6.0,,,,Classes 15 Weeks Recess before examination 1 Week Semester final examination 2 Weeks,"[""course_code""]"
step9-development-final-20260929T185115270858Z-84c03a,Q027:english,english,1,curricula_BSc-Curriculum-New.pdf,curricula_BSc-Curriculum-New.pdf,doc-4d373684ce4879ed066003f5,20,doc-4d373684ce4879ed066003f5-p000020-b0005-c0001,12.0,,,,"Examination Rules Re -examination or Re -scrutiny of Answer Scripts Re-examination of final examination answer scripts may be permissible. A candidate can apply for re -examination of any answer script of final examination to the Controller of Examinati ons through their advisor and the head of the department on payment of Taka 200/ - (Tk. Two Hundred) only per script within 7 (seven) working days from the publication of final results. No such application shall be entertained after the mentioned time. No such re- examination is allowed for practical/sessional courses. While re-examining such answer scripts the examiner shall re- examine the scripts thoroughly and shall award a grade, which shall be treated as final.","[""course_code"", ""policy""]"
step9-development-final-20260929T185115270858Z-84c03a,Q027:english,english,2,curricula_BSc-Curriculum-New.pdf,curricula_BSc-Curriculum-New.pdf,doc-4d373684ce4879ed066003f5,36,doc-4d373684ce4879ed066003f5-p000036-b0002-c0001,6.0,,,,"JAIST, Japan, 2009 B.Sc. (Hons) in CSE, DU, 2006 E-mail: shahriar.rahman@uap-bd.edu URL: www.uap-bd.edu/cse/shahriar.html https://sites.google.com/site/msrahman1662/ Dr. Mohammad Shahriar Rahman is currently working as an associate professor at the de partment of computer science and engineering of University of Asia Pacific, Bangladesh. Dr. Rahman has over 10 years of teaching and research experience, within both academia and industry, resulting over 40 research papers and patents on cyber security an d privacy. He worked at KDDI Research in Japan from 2015 to 2017 as a research engineer. His research ranges from secure protocol construction to security modeling in order to solve real-world problems in Cyber Security domain. He also focuses on privacy as an information security paradigm in an increasingly knowledge -based connected world facilitated by the Internet of Things (IoT) and cloud computing.He was an expert member of the Japanese national body for International Organization for Standardization (ISO), ISO/IEC JTC 1 SC 27. Dr. Rahman completed B.Sc. (Hons) from University of Dhaka, Bangladesh, in 2006. He received M.Sc. and Ph.D. from Japan Advanced Institute of Science and Technology (JAIST) in 2009 and 2012, respectively. Dr. Rahman is the reci pient of Japan Government‘s Monbukagakusho scholarship from October 2006 to March 2012 for M.Sc. and PhD studies, the IEICE Excellent Student Award 2008, the Best Paper Award at the 6th International Conference on Advanced Data Mining and Applications (ADM A‘10), and Outstanding Performance Award from JAIST for PhD studies. He is a member of the International Association for Cryptologic Research (IACR).","[""course_code"", ""email"", ""date""]"
step9-development-final-20260929T185115270858Z-84c03a,Q027:english,english,3,curricula_BSc-Curriculum-New.pdf,curricula_BSc-Curriculum-New.pdf,doc-4d373684ce4879ed066003f5,20,doc-4d373684ce4879ed066003f5-p000020-b0006-c0001,5.0,,,,Rules for Repeat Examination A student wo uld be allowed to appear at the Repeat Examination in case s/he fails in three theory courses or less but not exceeding 10 credit hours. The results of Repeat Examinations would be published within three weeks from the date of publication of the results of the Semester Final,"[""course_code"", ""credits"", ""policy""]"
step9-development-final-20260929T185115270858Z-84c03a,Q027:bangla,bangla,1,curricula_BSc-Curriculum-New.pdf,curricula_BSc-Curriculum-New.pdf,doc-4d373684ce4879ed066003f5,20,doc-4d373684ce4879ed066003f5-p000020-b0005-c0001,9.0,,,,"Examination Rules Re -examination or Re -scrutiny of Answer Scripts Re-examination of final examination answer scripts may be permissible. A candidate can apply for re -examination of any answer script of final examination to the Controller of Examinati ons through their advisor and the head of the department on payment of Taka 200/ - (Tk. Two Hundred) only per script within 7 (seven) working days from the publication of final results. No such application shall be entertained after the mentioned time. No such re- examination is allowed for practical/sessional courses. While re-examining such answer scripts the examiner shall re- examine the scripts thoroughly and shall award a grade, which shall be treated as final.","[""course_code"", ""policy""]"
step9-development-final-20260929T185115270858Z-84c03a,Q027:bangla,bangla,2,curricula_BSc-Curriculum-New.pdf,curricula_BSc-Curriculum-New.pdf,doc-4d373684ce4879ed066003f5,30,doc-4d373684ce4879ed066003f5-p000030-b0003-c0001,5.0,,,,Activities: UAP Software & Hardware Club initiated several programs to achieve its goal. Till now the club organized the following events  CSE Carnival May 2011.  Three-day workshop on C and C++ before midterm examination of Fall – 2009 in order to help junior students to strengthen their knowledge in programming language.  Software & Hardware Fair on CSE – DAY 2009.  Oracle Certified Programmer (OCP) training course to make students more competitive in job market.,"[""course_code"", ""date""]"
step9-development-final-20260929T185115270858Z-84c03a,Q027:bangla,bangla,3,curricula_BSc-Curriculum-New.pdf,curricula_BSc-Curriculum-New.pdf,doc-4d373684ce4879ed066003f5,33,doc-4d373684ce4879ed066003f5-p000033-b0004-c0001,5.0,,,,"Mathematics, Computer Graphics and Basic Electrical Engineering. His current research interests are Algorithm, Artificial Inte lligence and Universal Networking Language (UNL). For more than 18 (Eighteen) years, he is working with the undergraduate and master‘s students of UAP as a supervisor or co -researcher of their project and thesis works. He is Chief of Organizing Committee o f International Journal of Computer and Information Technology (IJCIT), published by department of CSE, UAP. He is also Convener of Departmental Quality Assurance Unit (DQAU) of the department of CSE, UAP. He is Member of Academic Council UAP, Chairman of Examination Committee of CSE, Advisor of Research & Publication unit, Programming Contest club, Hardware& Software Club, Sports Club and Cultural & Debating Club of the department of CSE, UAP.","[""course_code""]"
step9-development-final-20260929T185115270858Z-84c03a,Q027:banglish,banglish,1,curricula_BSc-Curriculum-New.pdf,curricula_BSc-Curriculum-New.pdf,doc-4d373684ce4879ed066003f5,20,doc-4d373684ce4879ed066003f5-p000020-b0005-c0001,10.0,,,,"Examination Rules Re -examination or Re -scrutiny of Answer Scripts Re-examination of final examination answer scripts may be permissible. A candidate can apply for re -examination of any answer script of final examination to the Controller of Examinati ons through their advisor and the head of the department on payment of Taka 200/ - (Tk. Two Hundred) only per script within 7 (seven) working days from the publication of final results. No such application shall be entertained after the mentioned time. No such re- examination is allowed for practical/sessional courses. While re-examining such answer scripts the examiner shall re- examine the scripts thoroughly and shall award a grade, which shall be treated as final.","[""course_code"", ""policy""]"
step9-development-final-20260929T185115270858Z-84c03a,Q027:banglish,banglish,2,curricula_BSc-Curriculum-New.pdf,curricula_BSc-Curriculum-New.pdf,doc-4d373684ce4879ed066003f5,30,doc-4d373684ce4879ed066003f5-p000030-b0003-c0001,6.0,,,,Activities: UAP Software & Hardware Club initiated several programs to achieve its goal. Till now the club organized the following events  CSE Carnival May 2011.  Three-day workshop on C and C++ before midterm examination of Fall – 2009 in order to help junior students to strengthen their knowledge in programming language.  Software & Hardware Fair on CSE – DAY 2009.  Oracle Certified Programmer (OCP) training course to make students more competitive in job market.,"[""course_code"", ""date""]"
step9-development-final-20260929T185115270858Z-84c03a,Q027:banglish,banglish,3,curricula_BSc-Curriculum-New.pdf,curricula_BSc-Curriculum-New.pdf,doc-4d373684ce4879ed066003f5,33,doc-4d373684ce4879ed066003f5-p000033-b0004-c0001,6.0,,,,"Mathematics, Computer Graphics and Basic Electrical Engineering. His current research interests are Algorithm, Artificial Inte lligence and Universal Networking Language (UNL). For more than 18 (Eighteen) years, he is working with the undergraduate and master‘s students of UAP as a supervisor or co -researcher of their project and thesis works. He is Chief of Organizing Committee o f International Journal of Computer and Information Technology (IJCIT), published by department of CSE, UAP. He is also Convener of Departmental Quality Assurance Unit (DQAU) of the department of CSE, UAP. He is Member of Academic Council UAP, Chairman of Examination Committee of CSE, Advisor of Research & Publication unit, Programming Contest club, Hardware& Software Club, Sports Club and Cultural & Debating Club of the department of CSE, UAP.","[""course_code""]"
step9-development-final-20260929T185115270858Z-84c03a,Q028:english,english,1,curricula_BSc-Curriculum-New.pdf,curricula_BSc-Curriculum-New.pdf,doc-4d373684ce4879ed066003f5,20,doc-4d373684ce4879ed066003f5-p000020-b0006-c0001,12.0,,,,Rules for Repeat Examination A student wo uld be allowed to appear at the Repeat Examination in case s/he fails in three theory courses or less but not exceeding 10 credit hours. The results of Repeat Examinations would be published within three weeks from the date of publication of the results of the Semester Final,"[""course_code"", ""credits"", ""policy""]"
step9-development-final-20260929T185115270858Z-84c03a,Q028:english,english,2,curricula_BSc-Curriculum-New.pdf,curricula_BSc-Curriculum-New.pdf,doc-4d373684ce4879ed066003f5,21,doc-4d373684ce4879ed066003f5-p000021-b0001-c0001,10.0,,,,Examination concerned. The respective departments would arrange such Repeat Examinations. Candidates willing to appear at such Repeat Examinations must apply to the respective heads of departments through the advisors stating their willingness to appear at the said examination with the receipt of payment @ Taka3000/ - per course. Repeat examination would be held before next semester would start. Repeat Examinations on theory courses would be held on 50 percent of marks for each course and the marks for Class Assessment and Mid Semester Examination would be carried. There shall be no repeat examinations for sessional courses. The maximum grade to be obtained by a student in a repeat examination would be ‗B‘ (equivalent to 60%). The following grading system would be followed in the repeat examinations:,"[""course_code"", ""percentage"", ""requirement""]"
step9-development-final-20260929T185115270858Z-84c03a,Q028:english,english,3,curricula_BSc-Curriculum-New.pdf,curricula_BSc-Curriculum-New.pdf,doc-4d373684ce4879ed066003f5,21,doc-4d373684ce4879ed066003f5-p000021-b0003-c0001,8.0,,,,"Category – A 1. The Provision for Improvement of grades applies to those only who obtained a grade C or lower in any course. Such candidates may be allowed to improve their grades by surrendering the earlier grade obtained by him/her. 2. For grade improvement purpose, a student will be allowed to repeat a maximum of four courses. 3. For availing s uch provision of grade improvement, a candidate shall apply to the Controller of Examinations through the Head of the Department concerned with a fee @ Tk. 3000/ - (Tk. Three Thousand) only per credit hour. A student may apply for such provision any time during his/her study period in the university but not beyond two weeks after the publication of his/her final semester results.","[""credits""]"
step9-development-final-20260929T185115270858Z-84c03a,Q028:bangla,bangla,1,curricula_BSc-Curriculum-New.pdf,curricula_BSc-Curriculum-New.pdf,doc-4d373684ce4879ed066003f5,20,doc-4d373684ce4879ed066003f5-p000020-b0006-c0001,4.0,,,,Rules for Repeat Examination A student wo uld be allowed to appear at the Repeat Examination in case s/he fails in three theory courses or less but not exceeding 10 credit hours. The results of Repeat Examinations would be published within three weeks from the date of publication of the results of the Semester Final,"[""course_code"", ""credits"", ""policy""]"
step9-development-final-20260929T185115270858Z-84c03a,Q028:bangla,bangla,2,curricula_BSc-Curriculum-New.pdf,curricula_BSc-Curriculum-New.pdf,doc-4d373684ce4879ed066003f5,21,doc-4d373684ce4879ed066003f5-p000021-b0001-c0001,4.0,,,,Examination concerned. The respective departments would arrange such Repeat Examinations. Candidates willing to appear at such Repeat Examinations must apply to the respective heads of departments through the advisors stating their willingness to appear at the said examination with the receipt of payment @ Taka3000/ - per course. Repeat examination would be held before next semester would start. Repeat Examinations on theory courses would be held on 50 percent of marks for each course and the marks for Class Assessment and Mid Semester Examination would be carried. There shall be no repeat examinations for sessional courses. The maximum grade to be obtained by a student in a repeat examination would be ‗B‘ (equivalent to 60%). The following grading system would be followed in the repeat examinations:,"[""course_code"", ""percentage"", ""requirement""]"
step9-development-final-20260929T185115270858Z-84c03a,Q028:bangla,bangla,3,curricula_BSc-Curriculum-New.pdf,curricula_BSc-Curriculum-New.pdf,doc-4d373684ce4879ed066003f5,22,doc-4d373684ce4879ed066003f5-p000022-b0006-c0001,4.0,,,,"5. Know academic policies, procedures, and regulations such as withdrawal, repeat & improvement examination, retakes, academic probation/dismissal, financial aid, etc.","[""policy""]"
step9-development-final-20260929T185115270858Z-84c03a,Q028:banglish,banglish,1,curricula_BSc-Curriculum-New.pdf,curricula_BSc-Curriculum-New.pdf,doc-4d373684ce4879ed066003f5,20,doc-4d373684ce4879ed066003f5-p000020-b0006-c0001,6.0,,,,Rules for Repeat Examination A student wo uld be allowed to appear at the Repeat Examination in case s/he fails in three theory courses or less but not exceeding 10 credit hours. The results of Repeat Examinations would be published within three weeks from the date of publication of the results of the Semester Final,"[""course_code"", ""credits"", ""policy""]"
step9-development-final-20260929T185115270858Z-84c03a,Q028:banglish,banglish,2,curricula_BSc-Curriculum-New.pdf,curricula_BSc-Curriculum-New.pdf,doc-4d373684ce4879ed066003f5,21,doc-4d373684ce4879ed066003f5-p000021-b0001-c0001,6.0,,,,Examination concerned. The respective departments would arrange such Repeat Examinations. Candidates willing to appear at such Repeat Examinations must apply to the respective heads of departments through the advisors stating their willingness to appear at the said examination with the receipt of payment @ Taka3000/ - per course. Repeat examination would be held before next semester would start. Repeat Examinations on theory courses would be held on 50 percent of marks for each course and the marks for Class Assessment and Mid Semester Examination would be carried. There shall be no repeat examinations for sessional courses. The maximum grade to be obtained by a student in a repeat examination would be ‗B‘ (equivalent to 60%). The following grading system would be followed in the repeat examinations:,"[""course_code"", ""percentage"", ""requirement""]"
step9-development-final-20260929T185115270858Z-84c03a,Q028:banglish,banglish,3,curricula_BSc-Curriculum-New.pdf,curricula_BSc-Curriculum-New.pdf,doc-4d373684ce4879ed066003f5,21,doc-4d373684ce4879ed066003f5-p000021-b0003-c0001,5.0,,,,"Category – A 1. The Provision for Improvement of grades applies to those only who obtained a grade C or lower in any course. Such candidates may be allowed to improve their grades by surrendering the earlier grade obtained by him/her. 2. For grade improvement purpose, a student will be allowed to repeat a maximum of four courses. 3. For availing s uch provision of grade improvement, a candidate shall apply to the Controller of Examinations through the Head of the Department concerned with a fee @ Tk. 3000/ - (Tk. Three Thousand) only per credit hour. A student may apply for such provision any time during his/her study period in the university but not beyond two weeks after the publication of his/her final semester results.","[""credits""]"
step9-development-final-20260929T185115270858Z-84c03a,Q029:english,english,1,curricula_BSc-Curriculum-New.pdf,curricula_BSc-Curriculum-New.pdf,doc-4d373684ce4879ed066003f5,21,doc-4d373684ce4879ed066003f5-p000021-b0003-c0001,5.0,,,,"Category – A 1. The Provision for Improvement of grades applies to those only who obtained a grade C or lower in any course. Such candidates may be allowed to improve their grades by surrendering the earlier grade obtained by him/her. 2. For grade improvement purpose, a student will be allowed to repeat a maximum of four courses. 3. For availing s uch provision of grade improvement, a candidate shall apply to the Controller of Examinations through the Head of the Department concerned with a fee @ Tk. 3000/ - (Tk. Three Thousand) only per credit hour. A student may apply for such provision any time during his/her study period in the university but not beyond two weeks after the publication of his/her final semester results.","[""credits""]"
step9-development-final-20260929T185115270858Z-84c03a,Q029:english,english,2,curricula_BSc-Curriculum-New.pdf,curricula_BSc-Curriculum-New.pdf,doc-4d373684ce4879ed066003f5,20,doc-4d373684ce4879ed066003f5-p000020-b0006-c0001,4.0,,,,Rules for Repeat Examination A student wo uld be allowed to appear at the Repeat Examination in case s/he fails in three theory courses or less but not exceeding 10 credit hours. The results of Repeat Examinations would be published within three weeks from the date of publication of the results of the Semester Final,"[""course_code"", ""credits"", ""policy""]"
step9-development-final-20260929T185115270858Z-84c03a,Q029:english,english,3,curricula_BSc-Curriculum-New.pdf,curricula_BSc-Curriculum-New.pdf,doc-4d373684ce4879ed066003f5,21,doc-4d373684ce4879ed066003f5-p000021-b0001-c0001,4.0,,,,Examination concerned. The respective departments would arrange such Repeat Examinations. Candidates willing to appear at such Repeat Examinations must apply to the respective heads of departments through the advisors stating their willingness to appear at the said examination with the receipt of payment @ Taka3000/ - per course. Repeat examination would be held before next semester would start. Repeat Examinations on theory courses would be held on 50 percent of marks for each course and the marks for Class Assessment and Mid Semester Examination would be carried. There shall be no repeat examinations for sessional courses. The maximum grade to be obtained by a student in a repeat examination would be ‗B‘ (equivalent to 60%). The following grading system would be followed in the repeat examinations:,"[""course_code"", ""percentage"", ""requirement""]"
step9-development-final-20260929T185115270858Z-84c03a,Q029:bangla,bangla,1,curricula_BSc-Curriculum-New.pdf,curricula_BSc-Curriculum-New.pdf,doc-4d373684ce4879ed066003f5,20,doc-4d373684ce4879ed066003f5-p000020-b0006-c0001,4.0,,,,Rules for Repeat Examination A student wo uld be allowed to appear at the Repeat Examination in case s/he fails in three theory courses or less but not exceeding 10 credit hours. The results of Repeat Examinations would be published within three weeks from the date of publication of the results of the Semester Final,"[""course_code"", ""credits"", ""policy""]"
step9-development-final-20260929T185115270858Z-84c03a,Q029:bangla,bangla,2,curricula_BSc-Curriculum-New.pdf,curricula_BSc-Curriculum-New.pdf,doc-4d373684ce4879ed066003f5,21,doc-4d373684ce4879ed066003f5-p000021-b0001-c0001,4.0,,,,Examination concerned. The respective departments would arrange such Repeat Examinations. Candidates willing to appear at such Repeat Examinations must apply to the respective heads of departments through the advisors stating their willingness to appear at the said examination with the receipt of payment @ Taka3000/ - per course. Repeat examination would be held before next semester would start. Repeat Examinations on theory courses would be held on 50 percent of marks for each course and the marks for Class Assessment and Mid Semester Examination would be carried. There shall be no repeat examinations for sessional courses. The maximum grade to be obtained by a student in a repeat examination would be ‗B‘ (equivalent to 60%). The following grading system would be followed in the repeat examinations:,"[""course_code"", ""percentage"", ""requirement""]"
step9-development-final-20260929T185115270858Z-84c03a,Q029:bangla,bangla,3,curricula_BSc-Curriculum-New.pdf,curricula_BSc-Curriculum-New.pdf,doc-4d373684ce4879ed066003f5,22,doc-4d373684ce4879ed066003f5-p000022-b0006-c0001,4.0,,,,"5. Know academic policies, procedures, and regulations such as withdrawal, repeat & improvement examination, retakes, academic probation/dismissal, financial aid, etc.","[""policy""]"
step9-development-final-20260929T185115270858Z-84c03a,Q029:banglish,banglish,1,curricula_BSc-Curriculum-New.pdf,curricula_BSc-Curriculum-New.pdf,doc-4d373684ce4879ed066003f5,21,doc-4d373684ce4879ed066003f5-p000021-b0003-c0001,8.0,,,,"Category – A 1. The Provision for Improvement of grades applies to those only who obtained a grade C or lower in any course. Such candidates may be allowed to improve their grades by surrendering the earlier grade obtained by him/her. 2. For grade improvement purpose, a student will be allowed to repeat a maximum of four courses. 3. For availing s uch provision of grade improvement, a candidate shall apply to the Controller of Examinations through the Head of the Department concerned with a fee @ Tk. 3000/ - (Tk. Three Thousand) only per credit hour. A student may apply for such provision any time during his/her study period in the university but not beyond two weeks after the publication of his/her final semester results.","[""credits""]"
step9-development-final-20260929T185115270858Z-84c03a,Q029:banglish,banglish,2,curricula_BSc-Curriculum-New.pdf,curricula_BSc-Curriculum-New.pdf,doc-4d373684ce4879ed066003f5,21,doc-4d373684ce4879ed066003f5-p000021-b0001-c0001,7.0,,,,Examination concerned. The respective departments would arrange such Repeat Examinations. Candidates willing to appear at such Repeat Examinations must apply to the respective heads of departments through the advisors stating their willingness to appear at the said examination with the receipt of payment @ Taka3000/ - per course. Repeat examination would be held before next semester would start. Repeat Examinations on theory courses would be held on 50 percent of marks for each course and the marks for Class Assessment and Mid Semester Examination would be carried. There shall be no repeat examinations for sessional courses. The maximum grade to be obtained by a student in a repeat examination would be ‗B‘ (equivalent to 60%). The following grading system would be followed in the repeat examinations:,"[""course_code"", ""percentage"", ""requirement""]"
step9-development-final-20260929T185115270858Z-84c03a,Q029:banglish,banglish,3,curricula_BSc-Curriculum-New.pdf,curricula_BSc-Curriculum-New.pdf,doc-4d373684ce4879ed066003f5,23,doc-4d373684ce4879ed066003f5-p000023-b0004-c0001,6.0,,,,"7. Has obtained one of the following GPAs GPA Percentage of Tuition fee waived 3.5-3.74 25% 3.75-3.89 50% 3.90-3.99 75% 4.0 100% Students taking repeat exams or with ―F‖ grade in previous semester, are not eligible for merit-based waiver/scholarship.","[""percentage""]"
step9-development-final-20260929T185115270858Z-84c03a,Q030:english,english,1,curricula_BSc-Curriculum-New.pdf,curricula_BSc-Curriculum-New.pdf,doc-4d373684ce4879ed066003f5,21,doc-4d373684ce4879ed066003f5-p000021-b0001-c0001,20.0,,,,Examination concerned. The respective departments would arrange such Repeat Examinations. Candidates willing to appear at such Repeat Examinations must apply to the respective heads of departments through the advisors stating their willingness to appear at the said examination with the receipt of payment @ Taka3000/ - per course. Repeat examination would be held before next semester would start. Repeat Examinations on theory courses would be held on 50 percent of marks for each course and the marks for Class Assessment and Mid Semester Examination would be carried. There shall be no repeat examinations for sessional courses. The maximum grade to be obtained by a student in a repeat examination would be ‗B‘ (equivalent to 60%). The following grading system would be followed in the repeat examinations:,"[""course_code"", ""percentage"", ""requirement""]"
step9-development-final-20260929T185115270858Z-84c03a,Q030:english,english,2,curricula_BSc-Curriculum-New.pdf,curricula_BSc-Curriculum-New.pdf,doc-4d373684ce4879ed066003f5,18,doc-4d373684ce4879ed066003f5-p000018-b0005-c0001,16.0,,,,"Grading System The total performance of a student in a given course is based on a scheme of continuous assessments. For theoretical courses this continuous assessment is made through homework, assignments, attendance, quizzes etc., a mid semester and a semester final examina tion of three/two hours duration. The distribution of marks for a given course is as follows: Assessment 30% Mid Semester 20% Final Exam 50%","[""course_code"", ""attendance"", ""percentage""]"
step9-development-final-20260929T185115270858Z-84c03a,Q030:english,english,3,curricula_BSc-Curriculum-New.pdf,curricula_BSc-Curriculum-New.pdf,doc-4d373684ce4879ed066003f5,18,doc-4d373684ce4879ed066003f5-p000018-b0006-c0001,16.0,,,,Total 100%  The assessment in laboratory/field work courses is made by observing the student in the respectiv e lab classes and also by taking viva -voce and quizzes.,"[""course_code"", ""percentage""]"
step9-development-final-20260929T185115270858Z-84c03a,Q030:bangla,bangla,1,curricula_BSc-Curriculum-New.pdf,curricula_BSc-Curriculum-New.pdf,doc-4d373684ce4879ed066003f5,21,doc-4d373684ce4879ed066003f5-p000021-b0001-c0001,16.0,,,,Examination concerned. The respective departments would arrange such Repeat Examinations. Candidates willing to appear at such Repeat Examinations must apply to the respective heads of departments through the advisors stating their willingness to appear at the said examination with the receipt of payment @ Taka3000/ - per course. Repeat examination would be held before next semester would start. Repeat Examinations on theory courses would be held on 50 percent of marks for each course and the marks for Class Assessment and Mid Semester Examination would be carried. There shall be no repeat examinations for sessional courses. The maximum grade to be obtained by a student in a repeat examination would be ‗B‘ (equivalent to 60%). The following grading system would be followed in the repeat examinations:,"[""course_code"", ""percentage"", ""requirement""]"
step9-development-final-20260929T185115270858Z-84c03a,Q030:bangla,bangla,2,curricula_BSc-Curriculum-New.pdf,curricula_BSc-Curriculum-New.pdf,doc-4d373684ce4879ed066003f5,18,doc-4d373684ce4879ed066003f5-p000018-b0005-c0001,12.0,,,,"Grading System The total performance of a student in a given course is based on a scheme of continuous assessments. For theoretical courses this continuous assessment is made through homework, assignments, attendance, quizzes etc., a mid semester and a semester final examina tion of three/two hours duration. The distribution of marks for a given course is as follows: Assessment 30% Mid Semester 20% Final Exam 50%","[""course_code"", ""attendance"", ""percentage""]"
step9-development-final-20260929T185115270858Z-84c03a,Q030:bangla,bangla,3,curricula_BSc-Curriculum-New.pdf,curricula_BSc-Curriculum-New.pdf,doc-4d373684ce4879ed066003f5,18,doc-4d373684ce4879ed066003f5-p000018-b0006-c0001,12.0,,,,Total 100%  The assessment in laboratory/field work courses is made by observing the student in the respectiv e lab classes and also by taking viva -voce and quizzes.,"[""course_code"", ""percentage""]"
step9-development-final-20260929T185115270858Z-84c03a,Q030:banglish,banglish,1,curricula_BSc-Curriculum-New.pdf,curricula_BSc-Curriculum-New.pdf,doc-4d373684ce4879ed066003f5,21,doc-4d373684ce4879ed066003f5-p000021-b0001-c0001,21.0,,,,Examination concerned. The respective departments would arrange such Repeat Examinations. Candidates willing to appear at such Repeat Examinations must apply to the respective heads of departments through the advisors stating their willingness to appear at the said examination with the receipt of payment @ Taka3000/ - per course. Repeat examination would be held before next semester would start. Repeat Examinations on theory courses would be held on 50 percent of marks for each course and the marks for Class Assessment and Mid Semester Examination would be carried. There shall be no repeat examinations for sessional courses. The maximum grade to be obtained by a student in a repeat examination would be ‗B‘ (equivalent to 60%). The following grading system would be followed in the repeat examinations:,"[""course_code"", ""percentage"", ""requirement""]"
step9-development-final-20260929T185115270858Z-84c03a,Q030:banglish,banglish,2,curricula_BSc-Curriculum-New.pdf,curricula_BSc-Curriculum-New.pdf,doc-4d373684ce4879ed066003f5,18,doc-4d373684ce4879ed066003f5-p000018-b0005-c0001,15.0,,,,"Grading System The total performance of a student in a given course is based on a scheme of continuous assessments. For theoretical courses this continuous assessment is made through homework, assignments, attendance, quizzes etc., a mid semester and a semester final examina tion of three/two hours duration. The distribution of marks for a given course is as follows: Assessment 30% Mid Semester 20% Final Exam 50%","[""course_code"", ""attendance"", ""percentage""]"
step9-development-final-20260929T185115270858Z-84c03a,Q030:banglish,banglish,3,curricula_BSc-Curriculum-New.pdf,curricula_BSc-Curriculum-New.pdf,doc-4d373684ce4879ed066003f5,18,doc-4d373684ce4879ed066003f5-p000018-b0006-c0001,15.0,,,,Total 100%  The assessment in laboratory/field work courses is made by observing the student in the respectiv e lab classes and also by taking viva -voce and quizzes.,"[""course_code"", ""percentage""]"
step9-development-final-20260929T185115270858Z-84c03a,Q031:english,english,1,curricula_BSc-Curriculum-New.pdf,curricula_BSc-Curriculum-New.pdf,doc-4d373684ce4879ed066003f5,18,doc-4d373684ce4879ed066003f5-p000018-b0005-c0001,32.0,,,,"Grading System The total performance of a student in a given course is based on a scheme of continuous assessments. For theoretical courses this continuous assessment is made through homework, assignments, attendance, quizzes etc., a mid semester and a semester final examina tion of three/two hours duration. The distribution of marks for a given course is as follows: Assessment 30% Mid Semester 20% Final Exam 50%","[""course_code"", ""attendance"", ""percentage""]"
step9-development-final-20260929T185115270858Z-84c03a,Q031:english,english,2,curricula_BSc-Curriculum-New.pdf,curricula_BSc-Curriculum-New.pdf,doc-4d373684ce4879ed066003f5,18,doc-4d373684ce4879ed066003f5-p000018-b0006-c0001,14.0,,,,Total 100%  The assessment in laboratory/field work courses is made by observing the student in the respectiv e lab classes and also by taking viva -voce and quizzes.,"[""course_code"", ""percentage""]"
step9-development-final-20260929T185115270858Z-84c03a,Q031:english,english,3,curricula_BSc-Curriculum-New.pdf,curricula_BSc-Curriculum-New.pdf,doc-4d373684ce4879ed066003f5,21,doc-4d373684ce4879ed066003f5-p000021-b0001-c0001,12.0,,,,Examination concerned. The respective departments would arrange such Repeat Examinations. Candidates willing to appear at such Repeat Examinations must apply to the respective heads of departments through the advisors stating their willingness to appear at the said examination with the receipt of payment @ Taka3000/ - per course. Repeat examination would be held before next semester would start. Repeat Examinations on theory courses would be held on 50 percent of marks for each course and the marks for Class Assessment and Mid Semester Examination would be carried. There shall be no repeat examinations for sessional courses. The maximum grade to be obtained by a student in a repeat examination would be ‗B‘ (equivalent to 60%). The following grading system would be followed in the repeat examinations:,"[""course_code"", ""percentage"", ""requirement""]"
step9-development-final-20260929T185115270858Z-84c03a,Q031:bangla,bangla,1,curricula_BSc-Curriculum-New.pdf,curricula_BSc-Curriculum-New.pdf,doc-4d373684ce4879ed066003f5,18,doc-4d373684ce4879ed066003f5-p000018-b0005-c0001,30.0,,,,"Grading System The total performance of a student in a given course is based on a scheme of continuous assessments. For theoretical courses this continuous assessment is made through homework, assignments, attendance, quizzes etc., a mid semester and a semester final examina tion of three/two hours duration. The distribution of marks for a given course is as follows: Assessment 30% Mid Semester 20% Final Exam 50%","[""course_code"", ""attendance"", ""percentage""]"
step9-development-final-20260929T185115270858Z-84c03a,Q031:bangla,bangla,2,curricula_BSc-Curriculum-New.pdf,curricula_BSc-Curriculum-New.pdf,doc-4d373684ce4879ed066003f5,18,doc-4d373684ce4879ed066003f5-p000018-b0006-c0001,12.0,,,,Total 100%  The assessment in laboratory/field work courses is made by observing the student in the respectiv e lab classes and also by taking viva -voce and quizzes.,"[""course_code"", ""percentage""]"
step9-development-final-20260929T185115270858Z-84c03a,Q031:bangla,bangla,3,curricula_BSc-Curriculum-New.pdf,curricula_BSc-Curriculum-New.pdf,doc-4d373684ce4879ed066003f5,21,doc-4d373684ce4879ed066003f5-p000021-b0001-c0001,12.0,,,,Examination concerned. The respective departments would arrange such Repeat Examinations. Candidates willing to appear at such Repeat Examinations must apply to the respective heads of departments through the advisors stating their willingness to appear at the said examination with the receipt of payment @ Taka3000/ - per course. Repeat examination would be held before next semester would start. Repeat Examinations on theory courses would be held on 50 percent of marks for each course and the marks for Class Assessment and Mid Semester Examination would be carried. There shall be no repeat examinations for sessional courses. The maximum grade to be obtained by a student in a repeat examination would be ‗B‘ (equivalent to 60%). The following grading system would be followed in the repeat examinations:,"[""course_code"", ""percentage"", ""requirement""]"
step9-development-final-20260929T185115270858Z-84c03a,Q031:banglish,banglish,1,curricula_BSc-Curriculum-New.pdf,curricula_BSc-Curriculum-New.pdf,doc-4d373684ce4879ed066003f5,18,doc-4d373684ce4879ed066003f5-p000018-b0005-c0001,34.0,,,,"Grading System The total performance of a student in a given course is based on a scheme of continuous assessments. For theoretical courses this continuous assessment is made through homework, assignments, attendance, quizzes etc., a mid semester and a semester final examina tion of three/two hours duration. The distribution of marks for a given course is as follows: Assessment 30% Mid Semester 20% Final Exam 50%","[""course_code"", ""attendance"", ""percentage""]"
step9-development-final-20260929T185115270858Z-84c03a,Q031:banglish,banglish,2,curricula_BSc-Curriculum-New.pdf,curricula_BSc-Curriculum-New.pdf,doc-4d373684ce4879ed066003f5,18,doc-4d373684ce4879ed066003f5-p000018-b0006-c0001,16.0,,,,Total 100%  The assessment in laboratory/field work courses is made by observing the student in the respectiv e lab classes and also by taking viva -voce and quizzes.,"[""course_code"", ""percentage""]"
step9-development-final-20260929T185115270858Z-84c03a,Q031:banglish,banglish,3,curricula_BSc-Curriculum-New.pdf,curricula_BSc-Curriculum-New.pdf,doc-4d373684ce4879ed066003f5,21,doc-4d373684ce4879ed066003f5-p000021-b0001-c0001,16.0,,,,Examination concerned. The respective departments would arrange such Repeat Examinations. Candidates willing to appear at such Repeat Examinations must apply to the respective heads of departments through the advisors stating their willingness to appear at the said examination with the receipt of payment @ Taka3000/ - per course. Repeat examination would be held before next semester would start. Repeat Examinations on theory courses would be held on 50 percent of marks for each course and the marks for Class Assessment and Mid Semester Examination would be carried. There shall be no repeat examinations for sessional courses. The maximum grade to be obtained by a student in a repeat examination would be ‗B‘ (equivalent to 60%). The following grading system would be followed in the repeat examinations:,"[""course_code"", ""percentage"", ""requirement""]"
step9-development-final-20260929T185115270858Z-84c03a,Q032:english,english,1,curricula_BSc-Curriculum-New.pdf,curricula_BSc-Curriculum-New.pdf,doc-4d373684ce4879ed066003f5,60,doc-4d373684ce4879ed066003f5-p000060-b0002-c0001,22.0,,,,"Course Code: CSE 101 Course Title: Introduction to Computer Science & Programming Methodology Credits: 3.00 Prerequisite: None Introduction to computer science, what is computer, Fundamental parts of a computer, sto rage and memory management (RAM, ROM, Hard disk) system overview of a computer, I/O devices, software and hardware, basic knowledge of computer, Files and folders, Command prompt, Microsoft office, Shortcut command keys, web ideas, Number System: Binary, Decimal, Octal, Hexadecimal number system and their conversion. Introduction to structured programming, Flowchart: what is flowchart, expressions of flowchart, importance of flow chart. Pseudo code: pseudo code and expression of pseudo code. Algorithm: Algorithm writing, relationship among algorithm, pseudo code and flow chart, code to flowchart and vice versa conversion. Introduction to C program, Skeleton of C program, Compiler: overview of compiler, importance and functionality, output standard libr ary function as printf(), input standard library function as scanf(), Data types and Variable: different data types, variable types and their sizes, conversion among them, scope: global variable, local variable, static variable, auto variable . Operators: Types of operator in C, functionality of operators, increment – decrement operators, precedence of operators. Header files, library files, object files and their importance. Conditional Operators: if-else structure, switchcase structure, selection structure, statement and expression. Control Flow: for loop structure, while loop structure, do -while structure, sum of the series, co-ordinate geometry, design pattern using loop. Debugging: debug a sample program using compiler. Function: argument and parameter of a function, return types, inline declaration, forward declaration of a function. Macro: types of macro, sample macro program, macro as preprocessor,","[""course_code"", ""course_title"", ""credits"", ""prerequisite""]"
step9-development-final-20260929T185115270858Z-84c03a,Q032:english,english,2,curricula_BSc-Curriculum-New.pdf,curricula_BSc-Curriculum-New.pdf,doc-4d373684ce4879ed066003f5,51,doc-4d373684ce4879ed066003f5-p000051-b0002-c0001,20.0,,,,CSE 101 Introduction to Computer Science & Programming Methodology 3.00 Nil,"[""course_code"", ""course_title"", ""credits"", ""prerequisite""]"
step9-development-final-20260929T185115270858Z-84c03a,Q032:english,english,3,curricula_BSc-Curriculum-New.pdf,curricula_BSc-Curriculum-New.pdf,doc-4d373684ce4879ed066003f5,60,doc-4d373684ce4879ed066003f5-p000060-b0002-c0002,20.0,,,,"Course Code: CSE 101
Course Title: Introduction to Computer Science & Programming
Credits: 3.00
Prerequisite: None
series, co-ordinate geometry, design pattern using loop. Debugging: debug a sample program using compiler. Function: argument and parameter of a function, return types, inline declaration, forward declaration of a function. Macro: types of macro, sample macro program, macro as preprocessor, difference between macro and function, advantages and disadvantages of macro. Bitwise operator: introduction to bitwise operators, their functionality and truth table of basic and, or, xor, nor algebraic functions . Arrays: introduction to array, declaration and definition of an array, types of array, multidimensional array, size calculation of di fferent types of array, scanning array, programs using array, matrix multiplication using array, insertion, deletion, replacement, search from an array, advantages of array over variable. Scientific calculator using C program. References: 1. Teach yourself C by Herbert Schildt. Publisher: Osborne McGraw-Hill 2. C programming Language by Brian W. Kernighan, Dennis M. Ritchie Publisher: Prentice Hall","[""course_code"", ""course_title"", ""credits"", ""prerequisite""]"
step9-development-final-20260929T185115270858Z-84c03a,Q032:bangla,bangla,1,curricula_BSc-Curriculum-New.pdf,curricula_BSc-Curriculum-New.pdf,doc-4d373684ce4879ed066003f5,51,doc-4d373684ce4879ed066003f5-p000051-b0002-c0001,20.0,,,,CSE 101 Introduction to Computer Science & Programming Methodology 3.00 Nil,"[""course_code"", ""course_title"", ""credits"", ""prerequisite""]"
step9-development-final-20260929T185115270858Z-84c03a,Q032:bangla,bangla,2,curricula_BSc-Curriculum-New.pdf,curricula_BSc-Curriculum-New.pdf,doc-4d373684ce4879ed066003f5,60,doc-4d373684ce4879ed066003f5-p000060-b0002-c0001,20.0,,,,"Course Code: CSE 101 Course Title: Introduction to Computer Science & Programming Methodology Credits: 3.00 Prerequisite: None Introduction to computer science, what is computer, Fundamental parts of a computer, sto rage and memory management (RAM, ROM, Hard disk) system overview of a computer, I/O devices, software and hardware, basic knowledge of computer, Files and folders, Command prompt, Microsoft office, Shortcut command keys, web ideas, Number System: Binary, Decimal, Octal, Hexadecimal number system and their conversion. Introduction to structured programming, Flowchart: what is flowchart, expressions of flowchart, importance of flow chart. Pseudo code: pseudo code and expression of pseudo code. Algorithm: Algorithm writing, relationship among algorithm, pseudo code and flow chart, code to flowchart and vice versa conversion. Introduction to C program, Skeleton of C program, Compiler: overview of compiler, importance and functionality, output standard libr ary function as printf(), input standard library function as scanf(), Data types and Variable: different data types, variable types and their sizes, conversion among them, scope: global variable, local variable, static variable, auto variable . Operators: Types of operator in C, functionality of operators, increment – decrement operators, precedence of operators. Header files, library files, object files and their importance. Conditional Operators: if-else structure, switchcase structure, selection structure, statement and expression. Control Flow: for loop structure, while loop structure, do -while structure, sum of the series, co-ordinate geometry, design pattern using loop. Debugging: debug a sample program using compiler. Function: argument and parameter of a function, return types, inline declaration, forward declaration of a function. Macro: types of macro, sample macro program, macro as preprocessor,","[""course_code"", ""course_title"", ""credits"", ""prerequisite""]"
step9-development-final-20260929T185115270858Z-84c03a,Q032:bangla,bangla,3,curricula_BSc-Curriculum-New.pdf,curricula_BSc-Curriculum-New.pdf,doc-4d373684ce4879ed066003f5,60,doc-4d373684ce4879ed066003f5-p000060-b0002-c0002,18.0,,,,"Course Code: CSE 101
Course Title: Introduction to Computer Science & Programming
Credits: 3.00
Prerequisite: None
series, co-ordinate geometry, design pattern using loop. Debugging: debug a sample program using compiler. Function: argument and parameter of a function, return types, inline declaration, forward declaration of a function. Macro: types of macro, sample macro program, macro as preprocessor, difference between macro and function, advantages and disadvantages of macro. Bitwise operator: introduction to bitwise operators, their functionality and truth table of basic and, or, xor, nor algebraic functions . Arrays: introduction to array, declaration and definition of an array, types of array, multidimensional array, size calculation of di fferent types of array, scanning array, programs using array, matrix multiplication using array, insertion, deletion, replacement, search from an array, advantages of array over variable. Scientific calculator using C program. References: 1. Teach yourself C by Herbert Schildt. Publisher: Osborne McGraw-Hill 2. C programming Language by Brian W. Kernighan, Dennis M. Ritchie Publisher: Prentice Hall","[""course_code"", ""course_title"", ""credits"", ""prerequisite""]"
step9-development-final-20260929T185115270858Z-84c03a,Q032:banglish,banglish,1,curricula_BSc-Curriculum-New.pdf,curricula_BSc-Curriculum-New.pdf,doc-4d373684ce4879ed066003f5,60,doc-4d373684ce4879ed066003f5-p000060-b0002-c0001,22.0,,,,"Course Code: CSE 101 Course Title: Introduction to Computer Science & Programming Methodology Credits: 3.00 Prerequisite: None Introduction to computer science, what is computer, Fundamental parts of a computer, sto rage and memory management (RAM, ROM, Hard disk) system overview of a computer, I/O devices, software and hardware, basic knowledge of computer, Files and folders, Command prompt, Microsoft office, Shortcut command keys, web ideas, Number System: Binary, Decimal, Octal, Hexadecimal number system and their conversion. Introduction to structured programming, Flowchart: what is flowchart, expressions of flowchart, importance of flow chart. Pseudo code: pseudo code and expression of pseudo code. Algorithm: Algorithm writing, relationship among algorithm, pseudo code and flow chart, code to flowchart and vice versa conversion. Introduction to C program, Skeleton of C program, Compiler: overview of compiler, importance and functionality, output standard libr ary function as printf(), input standard library function as scanf(), Data types and Variable: different data types, variable types and their sizes, conversion among them, scope: global variable, local variable, static variable, auto variable . Operators: Types of operator in C, functionality of operators, increment – decrement operators, precedence of operators. Header files, library files, object files and their importance. Conditional Operators: if-else structure, switchcase structure, selection structure, statement and expression. Control Flow: for loop structure, while loop structure, do -while structure, sum of the series, co-ordinate geometry, design pattern using loop. Debugging: debug a sample program using compiler. Function: argument and parameter of a function, return types, inline declaration, forward declaration of a function. Macro: types of macro, sample macro program, macro as preprocessor,","[""course_code"", ""course_title"", ""credits"", ""prerequisite""]"
step9-development-final-20260929T185115270858Z-84c03a,Q032:banglish,banglish,2,curricula_BSc-Curriculum-New.pdf,curricula_BSc-Curriculum-New.pdf,doc-4d373684ce4879ed066003f5,51,doc-4d373684ce4879ed066003f5-p000051-b0002-c0001,21.0,,,,CSE 101 Introduction to Computer Science & Programming Methodology 3.00 Nil,"[""course_code"", ""course_title"", ""credits"", ""prerequisite""]"
step9-development-final-20260929T185115270858Z-84c03a,Q032:banglish,banglish,3,curricula_BSc-Curriculum-New.pdf,curricula_BSc-Curriculum-New.pdf,doc-4d373684ce4879ed066003f5,60,doc-4d373684ce4879ed066003f5-p000060-b0002-c0002,20.0,,,,"Course Code: CSE 101
Course Title: Introduction to Computer Science & Programming
Credits: 3.00
Prerequisite: None
series, co-ordinate geometry, design pattern using loop. Debugging: debug a sample program using compiler. Function: argument and parameter of a function, return types, inline declaration, forward declaration of a function. Macro: types of macro, sample macro program, macro as preprocessor, difference between macro and function, advantages and disadvantages of macro. Bitwise operator: introduction to bitwise operators, their functionality and truth table of basic and, or, xor, nor algebraic functions . Arrays: introduction to array, declaration and definition of an array, types of array, multidimensional array, size calculation of di fferent types of array, scanning array, programs using array, matrix multiplication using array, insertion, deletion, replacement, search from an array, advantages of array over variable. Scientific calculator using C program. References: 1. Teach yourself C by Herbert Schildt. Publisher: Osborne McGraw-Hill 2. C programming Language by Brian W. Kernighan, Dennis M. Ritchie Publisher: Prentice Hall","[""course_code"", ""course_title"", ""credits"", ""prerequisite""]"
step9-development-final-20260929T185115270858Z-84c03a,Q033:english,english,1,curricula_BSc-Curriculum-New.pdf,curricula_BSc-Curriculum-New.pdf,doc-4d373684ce4879ed066003f5,61,doc-4d373684ce4879ed066003f5-p000061-b0004-c0001,23.0,,,,Course Code: CSE 102 Course Title: Introduction to Computer Science & Programming Methodology Lab Credits: 1.50 Prerequisite: None Objective: Laboratory works and assignments will be based on CSE-101,"[""course_code"", ""course_title"", ""credits"", ""prerequisite""]"
step9-development-final-20260929T185115270858Z-84c03a,Q033:english,english,2,curricula_BSc-Curriculum-New.pdf,curricula_BSc-Curriculum-New.pdf,doc-4d373684ce4879ed066003f5,51,doc-4d373684ce4879ed066003f5-p000051-b0003-c0001,22.0,,,,CSE 102 Introduction to Computer Sc. & Programming Methodology Lab 1.50 Nil,"[""course_code"", ""course_title"", ""credits"", ""prerequisite""]"
step9-development-final-20260929T185115270858Z-84c03a,Q033:english,english,3,curricula_BSc-Curriculum-New.pdf,curricula_BSc-Curriculum-New.pdf,doc-4d373684ce4879ed066003f5,60,doc-4d373684ce4879ed066003f5-p000060-b0002-c0001,13.0,,,,"Course Code: CSE 101 Course Title: Introduction to Computer Science & Programming Methodology Credits: 3.00 Prerequisite: None Introduction to computer science, what is computer, Fundamental parts of a computer, sto rage and memory management (RAM, ROM, Hard disk) system overview of a computer, I/O devices, software and hardware, basic knowledge of computer, Files and folders, Command prompt, Microsoft office, Shortcut command keys, web ideas, Number System: Binary, Decimal, Octal, Hexadecimal number system and their conversion. Introduction to structured programming, Flowchart: what is flowchart, expressions of flowchart, importance of flow chart. Pseudo code: pseudo code and expression of pseudo code. Algorithm: Algorithm writing, relationship among algorithm, pseudo code and flow chart, code to flowchart and vice versa conversion. Introduction to C program, Skeleton of C program, Compiler: overview of compiler, importance and functionality, output standard libr ary function as printf(), input standard library function as scanf(), Data types and Variable: different data types, variable types and their sizes, conversion among them, scope: global variable, local variable, static variable, auto variable . Operators: Types of operator in C, functionality of operators, increment – decrement operators, precedence of operators. Header files, library files, object files and their importance. Conditional Operators: if-else structure, switchcase structure, selection structure, statement and expression. Control Flow: for loop structure, while loop structure, do -while structure, sum of the series, co-ordinate geometry, design pattern using loop. Debugging: debug a sample program using compiler. Function: argument and parameter of a function, return types, inline declaration, forward declaration of a function. Macro: types of macro, sample macro program, macro as preprocessor,","[""course_code"", ""course_title"", ""credits"", ""prerequisite""]"
step9-development-final-20260929T185115270858Z-84c03a,Q033:bangla,bangla,1,curricula_BSc-Curriculum-New.pdf,curricula_BSc-Curriculum-New.pdf,doc-4d373684ce4879ed066003f5,51,doc-4d373684ce4879ed066003f5-p000051-b0003-c0001,22.0,,,,CSE 102 Introduction to Computer Sc. & Programming Methodology Lab 1.50 Nil,"[""course_code"", ""course_title"", ""credits"", ""prerequisite""]"
step9-development-final-20260929T185115270858Z-84c03a,Q033:bangla,bangla,2,curricula_BSc-Curriculum-New.pdf,curricula_BSc-Curriculum-New.pdf,doc-4d373684ce4879ed066003f5,61,doc-4d373684ce4879ed066003f5-p000061-b0004-c0001,21.0,,,,Course Code: CSE 102 Course Title: Introduction to Computer Science & Programming Methodology Lab Credits: 1.50 Prerequisite: None Objective: Laboratory works and assignments will be based on CSE-101,"[""course_code"", ""course_title"", ""credits"", ""prerequisite""]"
step9-development-final-20260929T185115270858Z-84c03a,Q033:bangla,bangla,3,curricula_BSc-Curriculum-New.pdf,curricula_BSc-Curriculum-New.pdf,doc-4d373684ce4879ed066003f5,51,doc-4d373684ce4879ed066003f5-p000051-b0002-c0001,11.0,,,,CSE 101 Introduction to Computer Science & Programming Methodology 3.00 Nil,"[""course_code"", ""course_title"", ""credits"", ""prerequisite""]"
step9-development-final-20260929T185115270858Z-84c03a,Q033:banglish,banglish,1,curricula_BSc-Curriculum-New.pdf,curricula_BSc-Curriculum-New.pdf,doc-4d373684ce4879ed066003f5,51,doc-4d373684ce4879ed066003f5-p000051-b0003-c0001,23.0,,,,CSE 102 Introduction to Computer Sc. & Programming Methodology Lab 1.50 Nil,"[""course_code"", ""course_title"", ""credits"", ""prerequisite""]"
step9-development-final-20260929T185115270858Z-84c03a,Q033:banglish,banglish,2,curricula_BSc-Curriculum-New.pdf,curricula_BSc-Curriculum-New.pdf,doc-4d373684ce4879ed066003f5,61,doc-4d373684ce4879ed066003f5-p000061-b0004-c0001,23.0,,,,Course Code: CSE 102 Course Title: Introduction to Computer Science & Programming Methodology Lab Credits: 1.50 Prerequisite: None Objective: Laboratory works and assignments will be based on CSE-101,"[""course_code"", ""course_title"", ""credits"", ""prerequisite""]"
step9-development-final-20260929T185115270858Z-84c03a,Q033:banglish,banglish,3,curricula_BSc-Curriculum-New.pdf,curricula_BSc-Curriculum-New.pdf,doc-4d373684ce4879ed066003f5,60,doc-4d373684ce4879ed066003f5-p000060-b0002-c0001,13.0,,,,"Course Code: CSE 101 Course Title: Introduction to Computer Science & Programming Methodology Credits: 3.00 Prerequisite: None Introduction to computer science, what is computer, Fundamental parts of a computer, sto rage and memory management (RAM, ROM, Hard disk) system overview of a computer, I/O devices, software and hardware, basic knowledge of computer, Files and folders, Command prompt, Microsoft office, Shortcut command keys, web ideas, Number System: Binary, Decimal, Octal, Hexadecimal number system and their conversion. Introduction to structured programming, Flowchart: what is flowchart, expressions of flowchart, importance of flow chart. Pseudo code: pseudo code and expression of pseudo code. Algorithm: Algorithm writing, relationship among algorithm, pseudo code and flow chart, code to flowchart and vice versa conversion. Introduction to C program, Skeleton of C program, Compiler: overview of compiler, importance and functionality, output standard libr ary function as printf(), input standard library function as scanf(), Data types and Variable: different data types, variable types and their sizes, conversion among them, scope: global variable, local variable, static variable, auto variable . Operators: Types of operator in C, functionality of operators, increment – decrement operators, precedence of operators. Header files, library files, object files and their importance. Conditional Operators: if-else structure, switchcase structure, selection structure, statement and expression. Control Flow: for loop structure, while loop structure, do -while structure, sum of the series, co-ordinate geometry, design pattern using loop. Debugging: debug a sample program using compiler. Function: argument and parameter of a function, return types, inline declaration, forward declaration of a function. Macro: types of macro, sample macro program, macro as preprocessor,","[""course_code"", ""course_title"", ""credits"", ""prerequisite""]"
step9-development-final-20260929T185115270858Z-84c03a,Q034:english,english,1,curricula_BSc-Curriculum-New.pdf,curricula_BSc-Curriculum-New.pdf,doc-4d373684ce4879ed066003f5,61,doc-4d373684ce4879ed066003f5-p000061-b0005-c0001,20.0,,,,"Course Code: HSS 101 Course Title: English I: Written and Spoken English Credits: 1.50 A. Written English: Writing Mechanics & Grammar: Spelling, Capitalization, Punctuation, Vocabulary Writing skills for formal and i nformal communications: Paragraph/ Essay/ Story Writing, Opinion Writing, Letter Writing – Formal and Informal, Memo Writing, Report Writing, E-mail Writing, Web Content Writing. Editing & Proofreading: Headings, Correct use of capitals and other elements of consistency, S entence Construction, Italics and Bolding, Spacing and Layout, Common Editing and Proofreading Errors. B. Spoken English: Conversation skills: Starting a conversation, Introducing oneself and others, Responding. Speaking skills in a forma l and informal setting: Casual conversation, Discussion, Giving Opinions, Apologizing, Expressing Wishes and Regrets, Giving and seeking Permission/Advice/Suggestions. Presentation skills and Interview skills . Anchoring: Tips and tricks for anchoring in University events, Department events, Cultural events. References: 1. John & Liz Soars: New Headway Intermediate, Publisher: Oxford University Press 2. Langan J.(2005) College Writing skills with Readings, Sixth Edition, Publisher: McGraw-Hill 3. Judith R. & Wiene r, Harvey (editor) Lambert: The Advancing Writer Book Reading and Writing Essays, Publisher: HaperCollins College 4. Philip Binham: How to Say It? Publisher: Longma","[""course_code"", ""course_title"", ""credits"", ""date""]"
step9-development-final-20260929T185115270858Z-84c03a,Q034:english,english,2,curricula_BSc-Curriculum-New.pdf,curricula_BSc-Curriculum-New.pdf,doc-4d373684ce4879ed066003f5,51,doc-4d373684ce4879ed066003f5-p000051-b0004-c0001,18.0,,,,HSS 101 English I: Written and Spoken English 3.00 Nil,"[""course_code"", ""course_title"", ""credits"", ""prerequisite""]"
step9-development-final-20260929T185115270858Z-84c03a,Q034:english,english,3,curricula_BSc-Curriculum-New.pdf,curricula_BSc-Curriculum-New.pdf,doc-4d373684ce4879ed066003f5,75,doc-4d373684ce4879ed066003f5-p000075-b0002-c0001,18.0,,,,"Course Code: HSS 301 Course Title: English II : English for Communications Credits: 2.00 Prerequisite: HSS 101 Introduction: Issues of technical writing and effective oral presentation in Computer Science and Engineeri ng; Writing styles of definitions: propositions, theorems and proofs; Preparation of reports : research papers, technical papers etc. Theses and books: abstract, preface, contents, bibliography and index; Writing of book reviews and referee reports; Writing tools: LATEX; Diagram drawing software; presentation tools. Theory and Process of communication ; Barriers to Effective communication; Communication skills: Reading, Writing, Listening, and Speaking skills; Written communication : The writing process, writing formal letter, resume/CV, memos and formal reports etc. Tender writing, Job Vacancy Announcement, Auction Announcement. Oral communication: Use of visual aids in communication; Communicating in today‘s workplace: Professionalism, Teamwork, speaking skill. Effective Business Meeting; Internal Communication. Oral reports /reporting work place data, Presentation skills, interviews, and communication over telephone etc. Reading: Reading for main ideas, using contexts for vocabulary, scanning for details, making inferences, reading reports and various articles, papers, etc. Recommended Texts: 1. Writing and presenting reports, Author: Eunson B, John Wiley 2. Writing Tools: 50 Essential Strategies for Every, Author: Roy Peter Clark 3. How to Write Technical Rep orts: Understandable Structure, Good Design, Convincing Presentation, Author: Lutz Hering, Heike Hering 4. LaTeX: A Document Preparation System, Author: Leslie Lamport 5. Basic Business Communication (7 th edition), by Rayomond V. Lesikar, John D. Petit, Marie E. Flatley 6. Effective Business Communications, by Murphy, Herta A, Hildebrandt, Herbert W, and Thomas, Jane P. 7. The Business Communication handbook Author: Dwyer J,","[""course_code"", ""course_title"", ""credits"", ""prerequisite""]"
step9-development-final-20260929T185115270858Z-84c03a,Q034:bangla,bangla,1,curricula_BSc-Curriculum-New.pdf,curricula_BSc-Curriculum-New.pdf,doc-4d373684ce4879ed066003f5,51,doc-4d373684ce4879ed066003f5-p000051-b0004-c0001,18.0,,,,HSS 101 English I: Written and Spoken English 3.00 Nil,"[""course_code"", ""course_title"", ""credits"", ""prerequisite""]"
step9-development-final-20260929T185115270858Z-84c03a,Q034:bangla,bangla,2,curricula_BSc-Curriculum-New.pdf,curricula_BSc-Curriculum-New.pdf,doc-4d373684ce4879ed066003f5,61,doc-4d373684ce4879ed066003f5-p000061-b0005-c0001,18.0,,,,"Course Code: HSS 101 Course Title: English I: Written and Spoken English Credits: 1.50 A. Written English: Writing Mechanics & Grammar: Spelling, Capitalization, Punctuation, Vocabulary Writing skills for formal and i nformal communications: Paragraph/ Essay/ Story Writing, Opinion Writing, Letter Writing – Formal and Informal, Memo Writing, Report Writing, E-mail Writing, Web Content Writing. Editing & Proofreading: Headings, Correct use of capitals and other elements of consistency, S entence Construction, Italics and Bolding, Spacing and Layout, Common Editing and Proofreading Errors. B. Spoken English: Conversation skills: Starting a conversation, Introducing oneself and others, Responding. Speaking skills in a forma l and informal setting: Casual conversation, Discussion, Giving Opinions, Apologizing, Expressing Wishes and Regrets, Giving and seeking Permission/Advice/Suggestions. Presentation skills and Interview skills . Anchoring: Tips and tricks for anchoring in University events, Department events, Cultural events. References: 1. John & Liz Soars: New Headway Intermediate, Publisher: Oxford University Press 2. Langan J.(2005) College Writing skills with Readings, Sixth Edition, Publisher: McGraw-Hill 3. Judith R. & Wiene r, Harvey (editor) Lambert: The Advancing Writer Book Reading and Writing Essays, Publisher: HaperCollins College 4. Philip Binham: How to Say It? Publisher: Longma","[""course_code"", ""course_title"", ""credits"", ""date""]"
step9-development-final-20260929T185115270858Z-84c03a,Q034:bangla,bangla,3,curricula_BSc-Curriculum-New.pdf,curricula_BSc-Curriculum-New.pdf,doc-4d373684ce4879ed066003f5,75,doc-4d373684ce4879ed066003f5-p000075-b0002-c0001,16.0,,,,"Course Code: HSS 301 Course Title: English II : English for Communications Credits: 2.00 Prerequisite: HSS 101 Introduction: Issues of technical writing and effective oral presentation in Computer Science and Engineeri ng; Writing styles of definitions: propositions, theorems and proofs; Preparation of reports : research papers, technical papers etc. Theses and books: abstract, preface, contents, bibliography and index; Writing of book reviews and referee reports; Writing tools: LATEX; Diagram drawing software; presentation tools. Theory and Process of communication ; Barriers to Effective communication; Communication skills: Reading, Writing, Listening, and Speaking skills; Written communication : The writing process, writing formal letter, resume/CV, memos and formal reports etc. Tender writing, Job Vacancy Announcement, Auction Announcement. Oral communication: Use of visual aids in communication; Communicating in today‘s workplace: Professionalism, Teamwork, speaking skill. Effective Business Meeting; Internal Communication. Oral reports /reporting work place data, Presentation skills, interviews, and communication over telephone etc. Reading: Reading for main ideas, using contexts for vocabulary, scanning for details, making inferences, reading reports and various articles, papers, etc. Recommended Texts: 1. Writing and presenting reports, Author: Eunson B, John Wiley 2. Writing Tools: 50 Essential Strategies for Every, Author: Roy Peter Clark 3. How to Write Technical Rep orts: Understandable Structure, Good Design, Convincing Presentation, Author: Lutz Hering, Heike Hering 4. LaTeX: A Document Preparation System, Author: Leslie Lamport 5. Basic Business Communication (7 th edition), by Rayomond V. Lesikar, John D. Petit, Marie E. Flatley 6. Effective Business Communications, by Murphy, Herta A, Hildebrandt, Herbert W, and Thomas, Jane P. 7. The Business Communication handbook Author: Dwyer J,","[""course_code"", ""course_title"", ""credits"", ""prerequisite""]"
step9-development-final-20260929T185115270858Z-84c03a,Q034:banglish,banglish,1,curricula_BSc-Curriculum-New.pdf,curricula_BSc-Curriculum-New.pdf,doc-4d373684ce4879ed066003f5,61,doc-4d373684ce4879ed066003f5-p000061-b0005-c0001,20.0,,,,"Course Code: HSS 101 Course Title: English I: Written and Spoken English Credits: 1.50 A. Written English: Writing Mechanics & Grammar: Spelling, Capitalization, Punctuation, Vocabulary Writing skills for formal and i nformal communications: Paragraph/ Essay/ Story Writing, Opinion Writing, Letter Writing – Formal and Informal, Memo Writing, Report Writing, E-mail Writing, Web Content Writing. Editing & Proofreading: Headings, Correct use of capitals and other elements of consistency, S entence Construction, Italics and Bolding, Spacing and Layout, Common Editing and Proofreading Errors. B. Spoken English: Conversation skills: Starting a conversation, Introducing oneself and others, Responding. Speaking skills in a forma l and informal setting: Casual conversation, Discussion, Giving Opinions, Apologizing, Expressing Wishes and Regrets, Giving and seeking Permission/Advice/Suggestions. Presentation skills and Interview skills . Anchoring: Tips and tricks for anchoring in University events, Department events, Cultural events. References: 1. John & Liz Soars: New Headway Intermediate, Publisher: Oxford University Press 2. Langan J.(2005) College Writing skills with Readings, Sixth Edition, Publisher: McGraw-Hill 3. Judith R. & Wiene r, Harvey (editor) Lambert: The Advancing Writer Book Reading and Writing Essays, Publisher: HaperCollins College 4. Philip Binham: How to Say It? Publisher: Longma","[""course_code"", ""course_title"", ""credits"", ""date""]"
step9-development-final-20260929T185115270858Z-84c03a,Q034:banglish,banglish,2,curricula_BSc-Curriculum-New.pdf,curricula_BSc-Curriculum-New.pdf,doc-4d373684ce4879ed066003f5,51,doc-4d373684ce4879ed066003f5-p000051-b0004-c0001,18.0,,,,HSS 101 English I: Written and Spoken English 3.00 Nil,"[""course_code"", ""course_title"", ""credits"", ""prerequisite""]"
step9-development-final-20260929T185115270858Z-84c03a,Q034:banglish,banglish,3,curricula_BSc-Curriculum-New.pdf,curricula_BSc-Curriculum-New.pdf,doc-4d373684ce4879ed066003f5,75,doc-4d373684ce4879ed066003f5-p000075-b0002-c0001,18.0,,,,"Course Code: HSS 301 Course Title: English II : English for Communications Credits: 2.00 Prerequisite: HSS 101 Introduction: Issues of technical writing and effective oral presentation in Computer Science and Engineeri ng; Writing styles of definitions: propositions, theorems and proofs; Preparation of reports : research papers, technical papers etc. Theses and books: abstract, preface, contents, bibliography and index; Writing of book reviews and referee reports; Writing tools: LATEX; Diagram drawing software; presentation tools. Theory and Process of communication ; Barriers to Effective communication; Communication skills: Reading, Writing, Listening, and Speaking skills; Written communication : The writing process, writing formal letter, resume/CV, memos and formal reports etc. Tender writing, Job Vacancy Announcement, Auction Announcement. Oral communication: Use of visual aids in communication; Communicating in today‘s workplace: Professionalism, Teamwork, speaking skill. Effective Business Meeting; Internal Communication. Oral reports /reporting work place data, Presentation skills, interviews, and communication over telephone etc. Reading: Reading for main ideas, using contexts for vocabulary, scanning for details, making inferences, reading reports and various articles, papers, etc. Recommended Texts: 1. Writing and presenting reports, Author: Eunson B, John Wiley 2. Writing Tools: 50 Essential Strategies for Every, Author: Roy Peter Clark 3. How to Write Technical Rep orts: Understandable Structure, Good Design, Convincing Presentation, Author: Lutz Hering, Heike Hering 4. LaTeX: A Document Preparation System, Author: Leslie Lamport 5. Basic Business Communication (7 th edition), by Rayomond V. Lesikar, John D. Petit, Marie E. Flatley 6. Effective Business Communications, by Murphy, Herta A, Hildebrandt, Herbert W, and Thomas, Jane P. 7. The Business Communication handbook Author: Dwyer J,","[""course_code"", ""course_title"", ""credits"", ""prerequisite""]"
step9-development-final-20260929T185115270858Z-84c03a,Q035:english,english,1,curricula_BSc-Curriculum-New.pdf,curricula_BSc-Curriculum-New.pdf,doc-4d373684ce4879ed066003f5,51,doc-4d373684ce4879ed066003f5-p000051-b0005-c0001,18.0,,,,HSS 111(A) Bangladesh Studies: Society and Culture 2.00 Nil,"[""course_code"", ""course_title"", ""credits"", ""prerequisite""]"
step9-development-final-20260929T185115270858Z-84c03a,Q035:english,english,2,curricula_BSc-Curriculum-New.pdf,curricula_BSc-Curriculum-New.pdf,doc-4d373684ce4879ed066003f5,61,doc-4d373684ce4879ed066003f5-p000061-b0006-c0001,14.0,,,,"Course Code: HSS 111 A & B Course Title: Bangladesh Studies Credits: 4.00 HSS 111 A : Society and Culture: The Sociological Perspective: Definition, nature. Sociology as a scientific discipline, relation with other social sciences. Primary Concepts: Society, Community, Association, Institution, Group, Culture, Norms & Values. Social Structure an d Process: Social Stratification Social classes, Caste system, Social Mobility. Social Institutions: Family, Marriage, Economic Institutions – Property, Ownership; Political Institutions – Forms of State and Forms of Government; Local Government; Religious and Cultural Institutions. Culture, Cultural diffusion and change, Bengali culture.","[""course_code"", ""course_title"", ""credits""]"
step9-development-final-20260929T185115270858Z-84c03a,Q035:english,english,3,curricula_BSc-Curriculum-New.pdf,curricula_BSc-Curriculum-New.pdf,doc-4d373684ce4879ed066003f5,51,doc-4d373684ce4879ed066003f5-p000051-b0006-c0001,8.0,,,,HSS 111(B) Bangladesh Studies: Bangladesh History 2.00 Nil,"[""course_code"", ""course_title"", ""credits"", ""prerequisite""]"
step9-development-final-20260929T185115270858Z-84c03a,Q035:bangla,bangla,1,curricula_BSc-Curriculum-New.pdf,curricula_BSc-Curriculum-New.pdf,doc-4d373684ce4879ed066003f5,51,doc-4d373684ce4879ed066003f5-p000051-b0005-c0001,18.0,,,,HSS 111(A) Bangladesh Studies: Society and Culture 2.00 Nil,"[""course_code"", ""course_title"", ""credits"", ""prerequisite""]"
step9-development-final-20260929T185115270858Z-84c03a,Q035:bangla,bangla,2,curricula_BSc-Curriculum-New.pdf,curricula_BSc-Curriculum-New.pdf,doc-4d373684ce4879ed066003f5,61,doc-4d373684ce4879ed066003f5-p000061-b0006-c0001,12.0,,,,"Course Code: HSS 111 A & B Course Title: Bangladesh Studies Credits: 4.00 HSS 111 A : Society and Culture: The Sociological Perspective: Definition, nature. Sociology as a scientific discipline, relation with other social sciences. Primary Concepts: Society, Community, Association, Institution, Group, Culture, Norms & Values. Social Structure an d Process: Social Stratification Social classes, Caste system, Social Mobility. Social Institutions: Family, Marriage, Economic Institutions – Property, Ownership; Political Institutions – Forms of State and Forms of Government; Local Government; Religious and Cultural Institutions. Culture, Cultural diffusion and change, Bengali culture.","[""course_code"", ""course_title"", ""credits""]"
step9-development-final-20260929T185115270858Z-84c03a,Q035:bangla,bangla,3,curricula_BSc-Curriculum-New.pdf,curricula_BSc-Curriculum-New.pdf,doc-4d373684ce4879ed066003f5,51,doc-4d373684ce4879ed066003f5-p000051-b0006-c0001,8.0,,,,HSS 111(B) Bangladesh Studies: Bangladesh History 2.00 Nil,"[""course_code"", ""course_title"", ""credits"", ""prerequisite""]"
step9-development-final-20260929T185115270858Z-84c03a,Q035:banglish,banglish,1,curricula_BSc-Curriculum-New.pdf,curricula_BSc-Curriculum-New.pdf,doc-4d373684ce4879ed066003f5,51,doc-4d373684ce4879ed066003f5-p000051-b0005-c0001,18.0,,,,HSS 111(A) Bangladesh Studies: Society and Culture 2.00 Nil,"[""course_code"", ""course_title"", ""credits"", ""prerequisite""]"
step9-development-final-20260929T185115270858Z-84c03a,Q035:banglish,banglish,2,curricula_BSc-Curriculum-New.pdf,curricula_BSc-Curriculum-New.pdf,doc-4d373684ce4879ed066003f5,61,doc-4d373684ce4879ed066003f5-p000061-b0006-c0001,14.0,,,,"Course Code: HSS 111 A & B Course Title: Bangladesh Studies Credits: 4.00 HSS 111 A : Society and Culture: The Sociological Perspective: Definition, nature. Sociology as a scientific discipline, relation with other social sciences. Primary Concepts: Society, Community, Association, Institution, Group, Culture, Norms & Values. Social Structure an d Process: Social Stratification Social classes, Caste system, Social Mobility. Social Institutions: Family, Marriage, Economic Institutions – Property, Ownership; Political Institutions – Forms of State and Forms of Government; Local Government; Religious and Cultural Institutions. Culture, Cultural diffusion and change, Bengali culture.","[""course_code"", ""course_title"", ""credits""]"
step9-development-final-20260929T185115270858Z-84c03a,Q035:banglish,banglish,3,curricula_BSc-Curriculum-New.pdf,curricula_BSc-Curriculum-New.pdf,doc-4d373684ce4879ed066003f5,62,doc-4d373684ce4879ed066003f5-p000062-b0001-c0001,9.0,,,,"Problems of Society, Social Problems of Bangladesh. Social Change, Theories of Social Change, Social Change in Bangladesh. Urbanization process and its impact on Bangladesh society. HSS 111 B: History of Bengal: The land: Geographical factors, the people. Historical perspectives: Ancient Bengal: Sasanka -Rise of the Palas – the Senas. Early Medieval Bengal: Coming of the Muslims. The Independent Sultanate of Bengal: Ily as Shahi and Hossein Shahi Bengal. Development of Bengali language and Bengali literature. Late Medieval Bengal: the establishment of Mughal rule in Bengal – the Bara Bhuiyans: Subedars and Nawabs. Coming of the Europeans. New approach in Bengal architectu re. Beginning of British rule in Bengal: Battles of Palassey and Buxar. Diwani (1765). The Dual government. Permanent Settlement (1793). Nineteenth century Bengali Renaissance: areas of social and religious reforms – Raja Rammohan Roy, Ishawar Chandra Vid yasagar, Titu Meer. Partition of Bengal (1905). Its annulments(1911). Partition of Bengal (1947). Language Movement (1952). Movement for autonomy; 6-point and 11 point programs. The 1970 election-military action, genocide in the then East Pakistan. The Lib eration War: The emergence of Bangladesh as a sovereign independent state in 1971.","[""course_code"", ""date"", ""policy""]"
step9-development-final-20260929T185115270858Z-84c03a,Q036:english,english,1,curricula_BSc-Curriculum-New.pdf,curricula_BSc-Curriculum-New.pdf,doc-4d373684ce4879ed066003f5,51,doc-4d373684ce4879ed066003f5-p000051-b0006-c0001,18.0,,,,HSS 111(B) Bangladesh Studies: Bangladesh History 2.00 Nil,"[""course_code"", ""course_title"", ""credits"", ""prerequisite""]"
step9-development-final-20260929T185115270858Z-84c03a,Q036:english,english,2,curricula_BSc-Curriculum-New.pdf,curricula_BSc-Curriculum-New.pdf,doc-4d373684ce4879ed066003f5,61,doc-4d373684ce4879ed066003f5-p000061-b0006-c0001,12.0,,,,"Course Code: HSS 111 A & B Course Title: Bangladesh Studies Credits: 4.00 HSS 111 A : Society and Culture: The Sociological Perspective: Definition, nature. Sociology as a scientific discipline, relation with other social sciences. Primary Concepts: Society, Community, Association, Institution, Group, Culture, Norms & Values. Social Structure an d Process: Social Stratification Social classes, Caste system, Social Mobility. Social Institutions: Family, Marriage, Economic Institutions – Property, Ownership; Political Institutions – Forms of State and Forms of Government; Local Government; Religious and Cultural Institutions. Culture, Cultural diffusion and change, Bengali culture.","[""course_code"", ""course_title"", ""credits""]"
step9-development-final-20260929T185115270858Z-84c03a,Q036:english,english,3,curricula_BSc-Curriculum-New.pdf,curricula_BSc-Curriculum-New.pdf,doc-4d373684ce4879ed066003f5,51,doc-4d373684ce4879ed066003f5-p000051-b0005-c0001,10.0,,,,HSS 111(A) Bangladesh Studies: Society and Culture 2.00 Nil,"[""course_code"", ""course_title"", ""credits"", ""prerequisite""]"
step9-development-final-20260929T185115270858Z-84c03a,Q036:bangla,bangla,1,curricula_BSc-Curriculum-New.pdf,curricula_BSc-Curriculum-New.pdf,doc-4d373684ce4879ed066003f5,51,doc-4d373684ce4879ed066003f5-p000051-b0006-c0001,18.0,,,,HSS 111(B) Bangladesh Studies: Bangladesh History 2.00 Nil,"[""course_code"", ""course_title"", ""credits"", ""prerequisite""]"
step9-development-final-20260929T185115270858Z-84c03a,Q036:bangla,bangla,2,curricula_BSc-Curriculum-New.pdf,curricula_BSc-Curriculum-New.pdf,doc-4d373684ce4879ed066003f5,51,doc-4d373684ce4879ed066003f5-p000051-b0005-c0001,10.0,,,,HSS 111(A) Bangladesh Studies: Society and Culture 2.00 Nil,"[""course_code"", ""course_title"", ""credits"", ""prerequisite""]"
step9-development-final-20260929T185115270858Z-84c03a,Q036:bangla,bangla,3,curricula_BSc-Curriculum-New.pdf,curricula_BSc-Curriculum-New.pdf,doc-4d373684ce4879ed066003f5,61,doc-4d373684ce4879ed066003f5-p000061-b0006-c0001,10.0,,,,"Course Code: HSS 111 A & B Course Title: Bangladesh Studies Credits: 4.00 HSS 111 A : Society and Culture: The Sociological Perspective: Definition, nature. Sociology as a scientific discipline, relation with other social sciences. Primary Concepts: Society, Community, Association, Institution, Group, Culture, Norms & Values. Social Structure an d Process: Social Stratification Social classes, Caste system, Social Mobility. Social Institutions: Family, Marriage, Economic Institutions – Property, Ownership; Political Institutions – Forms of State and Forms of Government; Local Government; Religious and Cultural Institutions. Culture, Cultural diffusion and change, Bengali culture.","[""course_code"", ""course_title"", ""credits""]"
step9-development-final-20260929T185115270858Z-84c03a,Q036:banglish,banglish,1,curricula_BSc-Curriculum-New.pdf,curricula_BSc-Curriculum-New.pdf,doc-4d373684ce4879ed066003f5,51,doc-4d373684ce4879ed066003f5-p000051-b0006-c0001,18.0,,,,HSS 111(B) Bangladesh Studies: Bangladesh History 2.00 Nil,"[""course_code"", ""course_title"", ""credits"", ""prerequisite""]"
step9-development-final-20260929T185115270858Z-84c03a,Q036:banglish,banglish,2,curricula_BSc-Curriculum-New.pdf,curricula_BSc-Curriculum-New.pdf,doc-4d373684ce4879ed066003f5,61,doc-4d373684ce4879ed066003f5-p000061-b0006-c0001,12.0,,,,"Course Code: HSS 111 A & B Course Title: Bangladesh Studies Credits: 4.00 HSS 111 A : Society and Culture: The Sociological Perspective: Definition, nature. Sociology as a scientific discipline, relation with other social sciences. Primary Concepts: Society, Community, Association, Institution, Group, Culture, Norms & Values. Social Structure an d Process: Social Stratification Social classes, Caste system, Social Mobility. Social Institutions: Family, Marriage, Economic Institutions – Property, Ownership; Political Institutions – Forms of State and Forms of Government; Local Government; Religious and Cultural Institutions. Culture, Cultural diffusion and change, Bengali culture.","[""course_code"", ""course_title"", ""credits""]"
step9-development-final-20260929T185115270858Z-84c03a,Q036:banglish,banglish,3,curricula_BSc-Curriculum-New.pdf,curricula_BSc-Curriculum-New.pdf,doc-4d373684ce4879ed066003f5,62,doc-4d373684ce4879ed066003f5-p000062-b0001-c0001,11.0,,,,"Problems of Society, Social Problems of Bangladesh. Social Change, Theories of Social Change, Social Change in Bangladesh. Urbanization process and its impact on Bangladesh society. HSS 111 B: History of Bengal: The land: Geographical factors, the people. Historical perspectives: Ancient Bengal: Sasanka -Rise of the Palas – the Senas. Early Medieval Bengal: Coming of the Muslims. The Independent Sultanate of Bengal: Ily as Shahi and Hossein Shahi Bengal. Development of Bengali language and Bengali literature. Late Medieval Bengal: the establishment of Mughal rule in Bengal – the Bara Bhuiyans: Subedars and Nawabs. Coming of the Europeans. New approach in Bengal architectu re. Beginning of British rule in Bengal: Battles of Palassey and Buxar. Diwani (1765). The Dual government. Permanent Settlement (1793). Nineteenth century Bengali Renaissance: areas of social and religious reforms – Raja Rammohan Roy, Ishawar Chandra Vid yasagar, Titu Meer. Partition of Bengal (1905). Its annulments(1911). Partition of Bengal (1947). Language Movement (1952). Movement for autonomy; 6-point and 11 point programs. The 1970 election-military action, genocide in the then East Pakistan. The Lib eration War: The emergence of Bangladesh as a sovereign independent state in 1971.","[""course_code"", ""date"", ""policy""]"
step9-development-final-20260929T185115270858Z-84c03a,Q037:english,english,1,curricula_BSc-Curriculum-New.pdf,curricula_BSc-Curriculum-New.pdf,doc-4d373684ce4879ed066003f5,62,doc-4d373684ce4879ed066003f5-p000062-b0007-c0001,14.0,,,,"Course Code: PHY 101 Course Title: Physics Credits: 3.00 Prerequisite: None Heat and Thermodynamics: Principle of temperature measurements: platinum resistance thermometer, thermo -electric thermometer, pyrometer; Kinetic theory of gases: Maxwell's distribution of molecular speeds, mean free path, equipartition of energy, Brownian motion, Van der Waal's equation of state, review of the First Law of thermodynamics and its application, reversible and irreversible processes, Second Law of thermodynamics, Carnot cycle; Efficiency of heat engines, Carnot's Theorem, entropy and disorder, thermodynamic functions, Maxw ell relations, Clausius -Clapeyron Equation, Gibbs Phase Rule, Third Law of thermodynamics. Structure of Matter: Crystalline and non -crystalline solids, single crystal and polycrystal solids, unit cell, crystal systems, coordinations number, crystal planes and directions, sodium chloride and CsCl structure, packing factor, Miller indices, relation between interplanar spacing and Miller indices, Bragg's Law, methods of determination of interplanar spacing from diffraction patterns; Defects in solids: point defects, line defects; Bonds in solids, inter -atomic distances, calculation of cohesive and bonding energy; Introduction to band theory: distinction","[""course_code"", ""course_title"", ""credits"", ""prerequisite"", ""policy""]"
step9-development-final-20260929T185115270858Z-84c03a,Q037:english,english,2,curricula_BSc-Curriculum-New.pdf,curricula_BSc-Curriculum-New.pdf,doc-4d373684ce4879ed066003f5,51,doc-4d373684ce4879ed066003f5-p000051-b0007-c0001,12.0,,,,PHY 101 Physics 3.00 Nil,"[""course_code"", ""course_title"", ""credits"", ""prerequisite""]"
step9-development-final-20260929T185115270858Z-84c03a,Q037:english,english,3,curricula_BSc-Curriculum-New.pdf,curricula_BSc-Curriculum-New.pdf,doc-4d373684ce4879ed066003f5,78,doc-4d373684ce4879ed066003f5-p000078-b0006-c0001,12.0,,,,"Course Code: CSE 303 Course Title: Data Communications Credits: 3.00 Prerequisite: ECE 201, PHY 101, MTH 205 Introduction to data communication model, Data communication task, Data communication standards and organization, protocol architecture, TCP/IP model and OSI model : data representation, signal encoding and signal analysis; Data Transmission Channel: channel capacity, transmission line characteristics, Baseband and Broadband transmission; Guided and unguided transmission media; Transmission networks; Transmission modulation techniques, modems and interfaces; Multiplexing techniques; Introduction to error handling and switching techniques. Introduction to modulation techniques: pulse modulation, pulse amplitude modulation, pulse width modulat ion and pulse position modulation; pulse code modulation: quantization, delta modulation; TDM, FDM, OOK, FSK, PSK, QPSK; representation of noise, threshold effects in PCM and FM; asynchronous and synchronous communications; Data link control: Line configurations, flow control and error control techniques - sliding window, stop and wait ARQ, selective reject ARQ and HDLC protocol. Reference Books: 1. Behrouz A. Forouzan, Data Communications and Networking, 4 th Edition. McGraw-Hill. 2. William Stallings, Data and C omputer Communications, Published by Pearson, 8th Edition","[""course_code"", ""course_title"", ""credits"", ""prerequisite""]"
step9-development-final-20260929T185115270858Z-84c03a,Q037:bangla,bangla,1,curricula_BSc-Curriculum-New.pdf,curricula_BSc-Curriculum-New.pdf,doc-4d373684ce4879ed066003f5,51,doc-4d373684ce4879ed066003f5-p000051-b0007-c0001,12.0,,,,PHY 101 Physics 3.00 Nil,"[""course_code"", ""course_title"", ""credits"", ""prerequisite""]"
step9-development-final-20260929T185115270858Z-84c03a,Q037:bangla,bangla,2,curricula_BSc-Curriculum-New.pdf,curricula_BSc-Curriculum-New.pdf,doc-4d373684ce4879ed066003f5,62,doc-4d373684ce4879ed066003f5-p000062-b0007-c0001,12.0,,,,"Course Code: PHY 101 Course Title: Physics Credits: 3.00 Prerequisite: None Heat and Thermodynamics: Principle of temperature measurements: platinum resistance thermometer, thermo -electric thermometer, pyrometer; Kinetic theory of gases: Maxwell's distribution of molecular speeds, mean free path, equipartition of energy, Brownian motion, Van der Waal's equation of state, review of the First Law of thermodynamics and its application, reversible and irreversible processes, Second Law of thermodynamics, Carnot cycle; Efficiency of heat engines, Carnot's Theorem, entropy and disorder, thermodynamic functions, Maxw ell relations, Clausius -Clapeyron Equation, Gibbs Phase Rule, Third Law of thermodynamics. Structure of Matter: Crystalline and non -crystalline solids, single crystal and polycrystal solids, unit cell, crystal systems, coordinations number, crystal planes and directions, sodium chloride and CsCl structure, packing factor, Miller indices, relation between interplanar spacing and Miller indices, Bragg's Law, methods of determination of interplanar spacing from diffraction patterns; Defects in solids: point defects, line defects; Bonds in solids, inter -atomic distances, calculation of cohesive and bonding energy; Introduction to band theory: distinction","[""course_code"", ""course_title"", ""credits"", ""prerequisite"", ""policy""]"
step9-development-final-20260929T185115270858Z-84c03a,Q037:bangla,bangla,3,curricula_BSc-Curriculum-New.pdf,curricula_BSc-Curriculum-New.pdf,doc-4d373684ce4879ed066003f5,53,doc-4d373684ce4879ed066003f5-p000053-b0010-c0001,10.0,,,,"CSE 303 Data Communications 3.00 ECE 201, PHY 101, MTH 205","[""course_code"", ""course_title"", ""credits"", ""prerequisite""]"
step9-development-final-20260929T185115270858Z-84c03a,Q037:banglish,banglish,1,curricula_BSc-Curriculum-New.pdf,curricula_BSc-Curriculum-New.pdf,doc-4d373684ce4879ed066003f5,62,doc-4d373684ce4879ed066003f5-p000062-b0007-c0001,14.0,,,,"Course Code: PHY 101 Course Title: Physics Credits: 3.00 Prerequisite: None Heat and Thermodynamics: Principle of temperature measurements: platinum resistance thermometer, thermo -electric thermometer, pyrometer; Kinetic theory of gases: Maxwell's distribution of molecular speeds, mean free path, equipartition of energy, Brownian motion, Van der Waal's equation of state, review of the First Law of thermodynamics and its application, reversible and irreversible processes, Second Law of thermodynamics, Carnot cycle; Efficiency of heat engines, Carnot's Theorem, entropy and disorder, thermodynamic functions, Maxw ell relations, Clausius -Clapeyron Equation, Gibbs Phase Rule, Third Law of thermodynamics. Structure of Matter: Crystalline and non -crystalline solids, single crystal and polycrystal solids, unit cell, crystal systems, coordinations number, crystal planes and directions, sodium chloride and CsCl structure, packing factor, Miller indices, relation between interplanar spacing and Miller indices, Bragg's Law, methods of determination of interplanar spacing from diffraction patterns; Defects in solids: point defects, line defects; Bonds in solids, inter -atomic distances, calculation of cohesive and bonding energy; Introduction to band theory: distinction","[""course_code"", ""course_title"", ""credits"", ""prerequisite"", ""policy""]"
step9-development-final-20260929T185115270858Z-84c03a,Q037:banglish,banglish,2,curricula_BSc-Curriculum-New.pdf,curricula_BSc-Curriculum-New.pdf,doc-4d373684ce4879ed066003f5,51,doc-4d373684ce4879ed066003f5-p000051-b0007-c0001,12.0,,,,PHY 101 Physics 3.00 Nil,"[""course_code"", ""course_title"", ""credits"", ""prerequisite""]"
step9-development-final-20260929T185115270858Z-84c03a,Q037:banglish,banglish,3,curricula_BSc-Curriculum-New.pdf,curricula_BSc-Curriculum-New.pdf,doc-4d373684ce4879ed066003f5,78,doc-4d373684ce4879ed066003f5-p000078-b0006-c0001,12.0,,,,"Course Code: CSE 303 Course Title: Data Communications Credits: 3.00 Prerequisite: ECE 201, PHY 101, MTH 205 Introduction to data communication model, Data communication task, Data communication standards and organization, protocol architecture, TCP/IP model and OSI model : data representation, signal encoding and signal analysis; Data Transmission Channel: channel capacity, transmission line characteristics, Baseband and Broadband transmission; Guided and unguided transmission media; Transmission networks; Transmission modulation techniques, modems and interfaces; Multiplexing techniques; Introduction to error handling and switching techniques. Introduction to modulation techniques: pulse modulation, pulse amplitude modulation, pulse width modulat ion and pulse position modulation; pulse code modulation: quantization, delta modulation; TDM, FDM, OOK, FSK, PSK, QPSK; representation of noise, threshold effects in PCM and FM; asynchronous and synchronous communications; Data link control: Line configurations, flow control and error control techniques - sliding window, stop and wait ARQ, selective reject ARQ and HDLC protocol. Reference Books: 1. Behrouz A. Forouzan, Data Communications and Networking, 4 th Edition. McGraw-Hill. 2. William Stallings, Data and C omputer Communications, Published by Pearson, 8th Edition","[""course_code"", ""course_title"", ""credits"", ""prerequisite""]"
step9-development-final-20260929T185115270858Z-84c03a,Q038:english,english,1,curricula_BSc-Curriculum-New.pdf,curricula_BSc-Curriculum-New.pdf,doc-4d373684ce4879ed066003f5,63,doc-4d373684ce4879ed066003f5-p000063-b0004-c0001,16.0,,,,"Course Code: PHY 102 Course Title: Physics Lab Credits: 1.5 Prerequisite: None Lab work based on theory, assigned by the course teacher.","[""course_code"", ""course_title"", ""credits"", ""prerequisite""]"
step9-development-final-20260929T185115270858Z-84c03a,Q038:english,english,2,curricula_BSc-Curriculum-New.pdf,curricula_BSc-Curriculum-New.pdf,doc-4d373684ce4879ed066003f5,51,doc-4d373684ce4879ed066003f5-p000051-b0008-c0001,14.0,,,,PHY 102 Physics Lab 1.50 Nil,"[""course_code"", ""course_title"", ""credits"", ""prerequisite""]"
step9-development-final-20260929T185115270858Z-84c03a,Q038:english,english,3,curricula_BSc-Curriculum-New.pdf,curricula_BSc-Curriculum-New.pdf,doc-4d373684ce4879ed066003f5,51,doc-4d373684ce4879ed066003f5-p000051-b0001-c0001,7.0,,,,"4. Summary of Undergraduate Course The undergraduate students of different years of the Department of Computer Science and Engineering have to follow the course schedule given below. The letter prefix in any course number indic ates the discipline/subject offering the course viz. HSS for Humanities and Social Science, Business, Management Studies, Language etc., PHY for Physics, CHEM for Chemistry, MTH for Mathematics , ECN for Economics, ACN for Accounting and CSE for Computer Sc ience and Engineering. The first digit in the number indicates the year/level for which the course is intended; the second digit is assigned by the department and the last digit, if odd, indicates a theory course and if even, indicates a laboratory course. Core Courses First Year First Semester Course Code Course Title Credits Pre- Requisite","[""course_code"", ""course_title"", ""credits"", ""prerequisite""]"
step9-development-final-20260929T185115270858Z-84c03a,Q038:bangla,bangla,1,curricula_BSc-Curriculum-New.pdf,curricula_BSc-Curriculum-New.pdf,doc-4d373684ce4879ed066003f5,51,doc-4d373684ce4879ed066003f5-p000051-b0008-c0001,14.0,,,,PHY 102 Physics Lab 1.50 Nil,"[""course_code"", ""course_title"", ""credits"", ""prerequisite""]"
step9-development-final-20260929T185115270858Z-84c03a,Q038:bangla,bangla,2,curricula_BSc-Curriculum-New.pdf,curricula_BSc-Curriculum-New.pdf,doc-4d373684ce4879ed066003f5,63,doc-4d373684ce4879ed066003f5-p000063-b0004-c0001,14.0,,,,"Course Code: PHY 102 Course Title: Physics Lab Credits: 1.5 Prerequisite: None Lab work based on theory, assigned by the course teacher.","[""course_code"", ""course_title"", ""credits"", ""prerequisite""]"
step9-development-final-20260929T185115270858Z-84c03a,Q038:bangla,bangla,3,curricula_BSc-Curriculum-New.pdf,curricula_BSc-Curriculum-New.pdf,doc-4d373684ce4879ed066003f5,27,doc-4d373684ce4879ed066003f5-p000027-b0003-c0001,5.0,,,,"1.4 Other Laboratories Besides the core labs, students of the CSE Department have to attend in two other labs: Physics Lab and English Language Lab. The Physics lab is used to perform the various experiments based on physics courses. The English Language lab is provided to enhance the skill of the students in both oral and written communication in English.",[]
step9-development-final-20260929T185115270858Z-84c03a,Q038:banglish,banglish,1,curricula_BSc-Curriculum-New.pdf,curricula_BSc-Curriculum-New.pdf,doc-4d373684ce4879ed066003f5,63,doc-4d373684ce4879ed066003f5-p000063-b0004-c0001,16.0,,,,"Course Code: PHY 102 Course Title: Physics Lab Credits: 1.5 Prerequisite: None Lab work based on theory, assigned by the course teacher.","[""course_code"", ""course_title"", ""credits"", ""prerequisite""]"
step9-development-final-20260929T185115270858Z-84c03a,Q038:banglish,banglish,2,curricula_BSc-Curriculum-New.pdf,curricula_BSc-Curriculum-New.pdf,doc-4d373684ce4879ed066003f5,51,doc-4d373684ce4879ed066003f5-p000051-b0008-c0001,14.0,,,,PHY 102 Physics Lab 1.50 Nil,"[""course_code"", ""course_title"", ""credits"", ""prerequisite""]"
step9-development-final-20260929T185115270858Z-84c03a,Q038:banglish,banglish,3,curricula_BSc-Curriculum-New.pdf,curricula_BSc-Curriculum-New.pdf,doc-4d373684ce4879ed066003f5,51,doc-4d373684ce4879ed066003f5-p000051-b0001-c0001,7.0,,,,"4. Summary of Undergraduate Course The undergraduate students of different years of the Department of Computer Science and Engineering have to follow the course schedule given below. The letter prefix in any course number indic ates the discipline/subject offering the course viz. HSS for Humanities and Social Science, Business, Management Studies, Language etc., PHY for Physics, CHEM for Chemistry, MTH for Mathematics , ECN for Economics, ACN for Accounting and CSE for Computer Sc ience and Engineering. The first digit in the number indicates the year/level for which the course is intended; the second digit is assigned by the department and the last digit, if odd, indicates a theory course and if even, indicates a laboratory course. Core Courses First Year First Semester Course Code Course Title Credits Pre- Requisite","[""course_code"", ""course_title"", ""credits"", ""prerequisite""]"
step9-development-final-20260929T185115270858Z-84c03a,Q039:english,english,1,curricula_BSc-Curriculum-New.pdf,curricula_BSc-Curriculum-New.pdf,doc-4d373684ce4879ed066003f5,63,doc-4d373684ce4879ed066003f5-p000063-b0005-c0001,21.0,,,,"Course Code: MTH 101 Course Title: Math I Credits: 3.00 Prerequisite: N/A Three dimensional geometry: Co-ordinates in three dimensions, direction cosines and direction ratios, planes, sphere, straight line and conicoids (basic definition and properties only). Concept of functions : Function, domain and range of a function, graphs of simple functions (exponential, logarithmic and trigonometric), inverse function, function of several variables. Limit and continuity for single and several variables : Existence of limits, limits at infinity, properties and computational techniques of limits, properties of continuous functions, L‘ Hospital‘s rule. Differentiation and its applications : Tangent lines and rates of change, differentiability, techniques of differentiation, successive differentiation, Leibnitz‘s theorem, Rolle‘s theorem and mean value theorem, Taylor and","[""course_code"", ""course_title"", ""credits"", ""prerequisite"", ""policy""]"
step9-development-final-20260929T185115270858Z-84c03a,Q039:english,english,2,curricula_BSc-Curriculum-New.pdf,curricula_BSc-Curriculum-New.pdf,doc-4d373684ce4879ed066003f5,51,doc-4d373684ce4879ed066003f5-p000051-b0009-c0001,18.0,,,,"MTH 101 Math I: Basic Calcu lus, Coordinate Geometry 3.00 Nil Total 19.00","[""course_code"", ""course_title"", ""credits"", ""prerequisite""]"
step9-development-final-20260929T185115270858Z-84c03a,Q039:english,english,3,curricula_BSc-Curriculum-New.pdf,curricula_BSc-Curriculum-New.pdf,doc-4d373684ce4879ed066003f5,67,doc-4d373684ce4879ed066003f5-p000067-b0009-c0001,18.0,,,,"Course Code: MTH 201 Course Title: Math III: Multivariable Calculus Credits: 3.00 Prerequisite: MTH 103, MTH 101 Vectors and the Ge ometry of Space: Cylinders and Quadric Surfaces. Vector Functions: Vector Functions and Space Curves, Derivatives and Integrals of Vector, Functions, Arc Length and Curvature, Motion in Space: Velocity and Acceleration. Partial Derivatives: Functions of Se veral Variables, Limits and Continuity, Partial Derivatives, Tangent Planes and Linear Approximations, The Chain Rule, Directional Derivatives and the Gradient Vector, Maximum and Minimum Values, Lagrange Multipliers. Multiple Integrals: Double Integrals o ver Rectangles, Iterated Integrals, Double Integrals over General Regions, Double Integrals in Polar Coordinates, Applications of Double Integrals, Surface Area, Triple Integrals, Triple Integrals in Cylindrical Coordinates, Triple Integrals in Spherical Coordinates, Change of Variables in Multiple Integrals. Vector Calculus: Vector Fields, Line Integrals, The Fundamental Theorem for Line Integrals, Green‘s Theorem, Curl and Divergence, Parametric Surfaces and Their Areas, Surface Integrals, Stokes‘ Theore m, The Divergence Theorem. Books Recommended: 1. James Stewart, Multivariable Calculus, Cengage Learning. 2. Edwards, Henry C., and David E. Penney. Multivariable Calculus, Prentice Hall.","[""course_code"", ""course_title"", ""credits"", ""prerequisite"", ""policy""]"
step9-development-final-20260929T185115270858Z-84c03a,Q039:bangla,bangla,1,curricula_BSc-Curriculum-New.pdf,curricula_BSc-Curriculum-New.pdf,doc-4d373684ce4879ed066003f5,63,doc-4d373684ce4879ed066003f5-p000063-b0005-c0001,19.0,,,,"Course Code: MTH 101 Course Title: Math I Credits: 3.00 Prerequisite: N/A Three dimensional geometry: Co-ordinates in three dimensions, direction cosines and direction ratios, planes, sphere, straight line and conicoids (basic definition and properties only). Concept of functions : Function, domain and range of a function, graphs of simple functions (exponential, logarithmic and trigonometric), inverse function, function of several variables. Limit and continuity for single and several variables : Existence of limits, limits at infinity, properties and computational techniques of limits, properties of continuous functions, L‘ Hospital‘s rule. Differentiation and its applications : Tangent lines and rates of change, differentiability, techniques of differentiation, successive differentiation, Leibnitz‘s theorem, Rolle‘s theorem and mean value theorem, Taylor and","[""course_code"", ""course_title"", ""credits"", ""prerequisite"", ""policy""]"
step9-development-final-20260929T185115270858Z-84c03a,Q039:bangla,bangla,2,curricula_BSc-Curriculum-New.pdf,curricula_BSc-Curriculum-New.pdf,doc-4d373684ce4879ed066003f5,51,doc-4d373684ce4879ed066003f5-p000051-b0009-c0001,18.0,,,,"MTH 101 Math I: Basic Calcu lus, Coordinate Geometry 3.00 Nil Total 19.00","[""course_code"", ""course_title"", ""credits"", ""prerequisite""]"
step9-development-final-20260929T185115270858Z-84c03a,Q039:bangla,bangla,3,curricula_BSc-Curriculum-New.pdf,curricula_BSc-Curriculum-New.pdf,doc-4d373684ce4879ed066003f5,67,doc-4d373684ce4879ed066003f5-p000067-b0009-c0001,16.0,,,,"Course Code: MTH 201 Course Title: Math III: Multivariable Calculus Credits: 3.00 Prerequisite: MTH 103, MTH 101 Vectors and the Ge ometry of Space: Cylinders and Quadric Surfaces. Vector Functions: Vector Functions and Space Curves, Derivatives and Integrals of Vector, Functions, Arc Length and Curvature, Motion in Space: Velocity and Acceleration. Partial Derivatives: Functions of Se veral Variables, Limits and Continuity, Partial Derivatives, Tangent Planes and Linear Approximations, The Chain Rule, Directional Derivatives and the Gradient Vector, Maximum and Minimum Values, Lagrange Multipliers. Multiple Integrals: Double Integrals o ver Rectangles, Iterated Integrals, Double Integrals over General Regions, Double Integrals in Polar Coordinates, Applications of Double Integrals, Surface Area, Triple Integrals, Triple Integrals in Cylindrical Coordinates, Triple Integrals in Spherical Coordinates, Change of Variables in Multiple Integrals. Vector Calculus: Vector Fields, Line Integrals, The Fundamental Theorem for Line Integrals, Green‘s Theorem, Curl and Divergence, Parametric Surfaces and Their Areas, Surface Integrals, Stokes‘ Theore m, The Divergence Theorem. Books Recommended: 1. James Stewart, Multivariable Calculus, Cengage Learning. 2. Edwards, Henry C., and David E. Penney. Multivariable Calculus, Prentice Hall.","[""course_code"", ""course_title"", ""credits"", ""prerequisite"", ""policy""]"
step9-development-final-20260929T185115270858Z-84c03a,Q039:banglish,banglish,1,curricula_BSc-Curriculum-New.pdf,curricula_BSc-Curriculum-New.pdf,doc-4d373684ce4879ed066003f5,63,doc-4d373684ce4879ed066003f5-p000063-b0005-c0001,21.0,,,,"Course Code: MTH 101 Course Title: Math I Credits: 3.00 Prerequisite: N/A Three dimensional geometry: Co-ordinates in three dimensions, direction cosines and direction ratios, planes, sphere, straight line and conicoids (basic definition and properties only). Concept of functions : Function, domain and range of a function, graphs of simple functions (exponential, logarithmic and trigonometric), inverse function, function of several variables. Limit and continuity for single and several variables : Existence of limits, limits at infinity, properties and computational techniques of limits, properties of continuous functions, L‘ Hospital‘s rule. Differentiation and its applications : Tangent lines and rates of change, differentiability, techniques of differentiation, successive differentiation, Leibnitz‘s theorem, Rolle‘s theorem and mean value theorem, Taylor and","[""course_code"", ""course_title"", ""credits"", ""prerequisite"", ""policy""]"
step9-development-final-20260929T185115270858Z-84c03a,Q039:banglish,banglish,2,curricula_BSc-Curriculum-New.pdf,curricula_BSc-Curriculum-New.pdf,doc-4d373684ce4879ed066003f5,51,doc-4d373684ce4879ed066003f5-p000051-b0009-c0001,18.0,,,,"MTH 101 Math I: Basic Calcu lus, Coordinate Geometry 3.00 Nil Total 19.00","[""course_code"", ""course_title"", ""credits"", ""prerequisite""]"
step9-development-final-20260929T185115270858Z-84c03a,Q039:banglish,banglish,3,curricula_BSc-Curriculum-New.pdf,curricula_BSc-Curriculum-New.pdf,doc-4d373684ce4879ed066003f5,67,doc-4d373684ce4879ed066003f5-p000067-b0009-c0001,18.0,,,,"Course Code: MTH 201 Course Title: Math III: Multivariable Calculus Credits: 3.00 Prerequisite: MTH 103, MTH 101 Vectors and the Ge ometry of Space: Cylinders and Quadric Surfaces. Vector Functions: Vector Functions and Space Curves, Derivatives and Integrals of Vector, Functions, Arc Length and Curvature, Motion in Space: Velocity and Acceleration. Partial Derivatives: Functions of Se veral Variables, Limits and Continuity, Partial Derivatives, Tangent Planes and Linear Approximations, The Chain Rule, Directional Derivatives and the Gradient Vector, Maximum and Minimum Values, Lagrange Multipliers. Multiple Integrals: Double Integrals o ver Rectangles, Iterated Integrals, Double Integrals over General Regions, Double Integrals in Polar Coordinates, Applications of Double Integrals, Surface Area, Triple Integrals, Triple Integrals in Cylindrical Coordinates, Triple Integrals in Spherical Coordinates, Change of Variables in Multiple Integrals. Vector Calculus: Vector Fields, Line Integrals, The Fundamental Theorem for Line Integrals, Green‘s Theorem, Curl and Divergence, Parametric Surfaces and Their Areas, Surface Integrals, Stokes‘ Theore m, The Divergence Theorem. Books Recommended: 1. James Stewart, Multivariable Calculus, Cengage Learning. 2. Edwards, Henry C., and David E. Penney. Multivariable Calculus, Prentice Hall.","[""course_code"", ""course_title"", ""credits"", ""prerequisite"", ""policy""]"
step9-development-final-20260929T185115270858Z-84c03a,Q040:english,english,1,curricula_BSc-Curriculum-New.pdf,curricula_BSc-Curriculum-New.pdf,doc-4d373684ce4879ed066003f5,66,doc-4d373684ce4879ed066003f5-p000066-b0001-c0001,16.0,,,,"Course Code: CSE 103 Course Title: Structured Programming Credits: 3.00 Prerequisite: CSE 101 Character Strings: Variable length character strings, String manipulat ion, Dynamic memory allocation. Recursive functions: Defining and working procedure, base condition. Structures: Concepts, Accessing members, Arrays of structures. Pointers: Fundamentals, declarations, Pointers and structures/arrays, Operations on Pointers, Pointers to function, Pointer and memory address, Arrays of Pointers. File Operations: opening and closing a file, Operation on a file, Binary I/O, Random access. Additional features: Low level programming, Bitwise operations, The preprocessor, Compiler d irectives, command line arguments. C++: Introduction to C++ and Object Oriented Programming, I/O system in C++, file system in C++, Array, Pointers, References and Dynamic memory allocation in C++. Text Books: 1. C++ The Complete Reference (5 th Edition) – Herbert Schildt – McGraw-Hill Education 2. Programming in ANSI C (3 rd Edition) – E. Balagurusamy - Tata McGraw-Hill Education Reference Books: 1. Teach yourself C+ + (3 rd Edition) - Herbert Schildt - McGraw-Hill Education 2. C++ - How to Program – Deitel & Deitel - Prentice Hall","[""course_code"", ""course_title"", ""credits"", ""prerequisite""]"
step9-development-final-20260929T185115270858Z-84c03a,Q040:english,english,2,curricula_BSc-Curriculum-New.pdf,curricula_BSc-Curriculum-New.pdf,doc-4d373684ce4879ed066003f5,52,doc-4d373684ce4879ed066003f5-p000052-b0002-c0001,14.0,,,,CSE 103 Structured Programming 3.00 CSE 101,"[""course_code"", ""course_title"", ""credits"", ""prerequisite""]"
step9-development-final-20260929T185115270858Z-84c03a,Q040:english,english,3,curricula_BSc-Curriculum-New.pdf,curricula_BSc-Curriculum-New.pdf,doc-4d373684ce4879ed066003f5,70,doc-4d373684ce4879ed066003f5-p000070-b0006-c0001,14.0,,,,"Course Code: CSE 203 Course Title: Object Oriented Programming I: Java Credits: 3.00 Prerequisite: CSE 103 Course Contents: Object-Oriented Fundamentals, Encapsulation, Polymorphism, Inheritance, Class, Object, Java Language Introduction, Variabl e Types and operators, Casting, Arrays, Introducing classes, Adding methods to class, constructor, String Handling, Garbage collection, Inheritance, Inner Class, Abstract Classes, Interfaces and Packages, Exception Handling, Java Input / Output, Multithreaded Programming and Synchronization, Applet, Event Handling, Networking with Java, Introducing the Swing, Utility Classes, Java Generics, Introduction to Android. Books: 1. Java The Complete Reference, 8th Edition by Herbert Schildt; McGraw-Hill Osborne 2. Effective Java (2nd Edition) by Joshua Bloch; Addison-Wesley","[""course_code"", ""course_title"", ""credits"", ""prerequisite""]"
step9-development-final-20260929T185115270858Z-84c03a,Q040:bangla,bangla,1,curricula_BSc-Curriculum-New.pdf,curricula_BSc-Curriculum-New.pdf,doc-4d373684ce4879ed066003f5,52,doc-4d373684ce4879ed066003f5-p000052-b0002-c0001,14.0,,,,CSE 103 Structured Programming 3.00 CSE 101,"[""course_code"", ""course_title"", ""credits"", ""prerequisite""]"
step9-development-final-20260929T185115270858Z-84c03a,Q040:bangla,bangla,2,curricula_BSc-Curriculum-New.pdf,curricula_BSc-Curriculum-New.pdf,doc-4d373684ce4879ed066003f5,66,doc-4d373684ce4879ed066003f5-p000066-b0001-c0001,14.0,,,,"Course Code: CSE 103 Course Title: Structured Programming Credits: 3.00 Prerequisite: CSE 101 Character Strings: Variable length character strings, String manipulat ion, Dynamic memory allocation. Recursive functions: Defining and working procedure, base condition. Structures: Concepts, Accessing members, Arrays of structures. Pointers: Fundamentals, declarations, Pointers and structures/arrays, Operations on Pointers, Pointers to function, Pointer and memory address, Arrays of Pointers. File Operations: opening and closing a file, Operation on a file, Binary I/O, Random access. Additional features: Low level programming, Bitwise operations, The preprocessor, Compiler d irectives, command line arguments. C++: Introduction to C++ and Object Oriented Programming, I/O system in C++, file system in C++, Array, Pointers, References and Dynamic memory allocation in C++. Text Books: 1. C++ The Complete Reference (5 th Edition) – Herbert Schildt – McGraw-Hill Education 2. Programming in ANSI C (3 rd Edition) – E. Balagurusamy - Tata McGraw-Hill Education Reference Books: 1. Teach yourself C+ + (3 rd Edition) - Herbert Schildt - McGraw-Hill Education 2. C++ - How to Program – Deitel & Deitel - Prentice Hall","[""course_code"", ""course_title"", ""credits"", ""prerequisite""]"
step9-development-final-20260929T185115270858Z-84c03a,Q040:bangla,bangla,3,curricula_BSc-Curriculum-New.pdf,curricula_BSc-Curriculum-New.pdf,doc-4d373684ce4879ed066003f5,52,doc-4d373684ce4879ed066003f5-p000052-b0010-c0001,12.0,,,,CSE 203 Object Oriented Programming I: Java 3.00 CSE 103,"[""course_code"", ""course_title"", ""credits"", ""prerequisite""]"
step9-development-final-20260929T185115270858Z-84c03a,Q040:banglish,banglish,1,curricula_BSc-Curriculum-New.pdf,curricula_BSc-Curriculum-New.pdf,doc-4d373684ce4879ed066003f5,66,doc-4d373684ce4879ed066003f5-p000066-b0001-c0001,16.0,,,,"Course Code: CSE 103 Course Title: Structured Programming Credits: 3.00 Prerequisite: CSE 101 Character Strings: Variable length character strings, String manipulat ion, Dynamic memory allocation. Recursive functions: Defining and working procedure, base condition. Structures: Concepts, Accessing members, Arrays of structures. Pointers: Fundamentals, declarations, Pointers and structures/arrays, Operations on Pointers, Pointers to function, Pointer and memory address, Arrays of Pointers. File Operations: opening and closing a file, Operation on a file, Binary I/O, Random access. Additional features: Low level programming, Bitwise operations, The preprocessor, Compiler d irectives, command line arguments. C++: Introduction to C++ and Object Oriented Programming, I/O system in C++, file system in C++, Array, Pointers, References and Dynamic memory allocation in C++. Text Books: 1. C++ The Complete Reference (5 th Edition) – Herbert Schildt – McGraw-Hill Education 2. Programming in ANSI C (3 rd Edition) – E. Balagurusamy - Tata McGraw-Hill Education Reference Books: 1. Teach yourself C+ + (3 rd Edition) - Herbert Schildt - McGraw-Hill Education 2. C++ - How to Program – Deitel & Deitel - Prentice Hall","[""course_code"", ""course_title"", ""credits"", ""prerequisite""]"
step9-development-final-20260929T185115270858Z-84c03a,Q040:banglish,banglish,2,curricula_BSc-Curriculum-New.pdf,curricula_BSc-Curriculum-New.pdf,doc-4d373684ce4879ed066003f5,52,doc-4d373684ce4879ed066003f5-p000052-b0002-c0001,14.0,,,,CSE 103 Structured Programming 3.00 CSE 101,"[""course_code"", ""course_title"", ""credits"", ""prerequisite""]"
step9-development-final-20260929T185115270858Z-84c03a,Q040:banglish,banglish,3,curricula_BSc-Curriculum-New.pdf,curricula_BSc-Curriculum-New.pdf,doc-4d373684ce4879ed066003f5,70,doc-4d373684ce4879ed066003f5-p000070-b0006-c0001,14.0,,,,"Course Code: CSE 203 Course Title: Object Oriented Programming I: Java Credits: 3.00 Prerequisite: CSE 103 Course Contents: Object-Oriented Fundamentals, Encapsulation, Polymorphism, Inheritance, Class, Object, Java Language Introduction, Variabl e Types and operators, Casting, Arrays, Introducing classes, Adding methods to class, constructor, String Handling, Garbage collection, Inheritance, Inner Class, Abstract Classes, Interfaces and Packages, Exception Handling, Java Input / Output, Multithreaded Programming and Synchronization, Applet, Event Handling, Networking with Java, Introducing the Swing, Utility Classes, Java Generics, Introduction to Android. Books: 1. Java The Complete Reference, 8th Edition by Herbert Schildt; McGraw-Hill Osborne 2. Effective Java (2nd Edition) by Joshua Bloch; Addison-Wesley","[""course_code"", ""course_title"", ""credits"", ""prerequisite""]"
step9-development-final-20260929T185115270858Z-84c03a,Q041:english,english,1,curricula_BSc-Curriculum-New.pdf,curricula_BSc-Curriculum-New.pdf,doc-4d373684ce4879ed066003f5,66,doc-4d373684ce4879ed066003f5-p000066-b0002-c0001,18.0,,,,Course Code: CSE 104 Course Title: Structured Programming Lab Credits: 1.50 Prerequisite: None Objectives: Laboratory works and assignments will be based on CSE – 103,"[""course_code"", ""course_title"", ""credits"", ""prerequisite""]"
step9-development-final-20260929T185115270858Z-84c03a,Q041:english,english,2,curricula_BSc-Curriculum-New.pdf,curricula_BSc-Curriculum-New.pdf,doc-4d373684ce4879ed066003f5,52,doc-4d373684ce4879ed066003f5-p000052-b0003-c0001,16.0,,,,CSE 104 Structured Programming Lab 1.50 Nil,"[""course_code"", ""course_title"", ""credits"", ""prerequisite""]"
step9-development-final-20260929T185115270858Z-84c03a,Q041:english,english,3,curricula_BSc-Curriculum-New.pdf,curricula_BSc-Curriculum-New.pdf,doc-4d373684ce4879ed066003f5,60,doc-4d373684ce4879ed066003f5-p000060-b0002-c0001,8.0,,,,"Course Code: CSE 101 Course Title: Introduction to Computer Science & Programming Methodology Credits: 3.00 Prerequisite: None Introduction to computer science, what is computer, Fundamental parts of a computer, sto rage and memory management (RAM, ROM, Hard disk) system overview of a computer, I/O devices, software and hardware, basic knowledge of computer, Files and folders, Command prompt, Microsoft office, Shortcut command keys, web ideas, Number System: Binary, Decimal, Octal, Hexadecimal number system and their conversion. Introduction to structured programming, Flowchart: what is flowchart, expressions of flowchart, importance of flow chart. Pseudo code: pseudo code and expression of pseudo code. Algorithm: Algorithm writing, relationship among algorithm, pseudo code and flow chart, code to flowchart and vice versa conversion. Introduction to C program, Skeleton of C program, Compiler: overview of compiler, importance and functionality, output standard libr ary function as printf(), input standard library function as scanf(), Data types and Variable: different data types, variable types and their sizes, conversion among them, scope: global variable, local variable, static variable, auto variable . Operators: Types of operator in C, functionality of operators, increment – decrement operators, precedence of operators. Header files, library files, object files and their importance. Conditional Operators: if-else structure, switchcase structure, selection structure, statement and expression. Control Flow: for loop structure, while loop structure, do -while structure, sum of the series, co-ordinate geometry, design pattern using loop. Debugging: debug a sample program using compiler. Function: argument and parameter of a function, return types, inline declaration, forward declaration of a function. Macro: types of macro, sample macro program, macro as preprocessor,","[""course_code"", ""course_title"", ""credits"", ""prerequisite""]"
step9-development-final-20260929T185115270858Z-84c03a,Q041:bangla,bangla,1,curricula_BSc-Curriculum-New.pdf,curricula_BSc-Curriculum-New.pdf,doc-4d373684ce4879ed066003f5,52,doc-4d373684ce4879ed066003f5-p000052-b0003-c0001,16.0,,,,CSE 104 Structured Programming Lab 1.50 Nil,"[""course_code"", ""course_title"", ""credits"", ""prerequisite""]"
step9-development-final-20260929T185115270858Z-84c03a,Q041:bangla,bangla,2,curricula_BSc-Curriculum-New.pdf,curricula_BSc-Curriculum-New.pdf,doc-4d373684ce4879ed066003f5,66,doc-4d373684ce4879ed066003f5-p000066-b0002-c0001,16.0,,,,Course Code: CSE 104 Course Title: Structured Programming Lab Credits: 1.50 Prerequisite: None Objectives: Laboratory works and assignments will be based on CSE – 103,"[""course_code"", ""course_title"", ""credits"", ""prerequisite""]"
step9-development-final-20260929T185115270858Z-84c03a,Q041:bangla,bangla,3,curricula_BSc-Curriculum-New.pdf,curricula_BSc-Curriculum-New.pdf,doc-4d373684ce4879ed066003f5,32,doc-4d373684ce4879ed066003f5-p000032-b0001-c0001,7.0,,,,"Spring 2017 saw 167 students admitted. At present, there are around 850 undergraduate and graduate students in the Department. For the last five years, new programming labs with brand machines (1 Student: 1 Computer) have been established, circuit lab a nd digital lab have been restructured and reinforced with latest equipment and computers, new project lab has been established to encourage the students to take practical hardware & software oriented projects . All class rooms are air conditioned with multimedia projector support. Industry -Institution Interaction We have got the Spectrum Engineers Consortium and Plasma Plus involved with us. Similar articulation with some other organizations is still underway. This collaborative effort will include training students, guiding students' projects and industry-related suggestions to be incorporated while developing programs and curricula. The above organizations have come up with their suggestions and training programs. To enhance the quality of education even f urther, Department of CSE of UAP has established an Industry-Academia Collaboration with QUBEE, Augere Wireless Broadband Bangladesh Ltd (AWBBL). As part of the collaboration, following activities are performed by the two parties on a regular basis: 1. UAP-CSE visits selected Hub Sites, Aggregation Sites and Access Sites with the final year students as part of a one -day long Industrial Tour (twice in a year). A representative from QUBEE demonstrates the practical side of the theoretical aspects. 2. UAP -CSE invites QUBEE delegates in some of the Networking and Security related seminars, workshops and conferences organized by UAP.","[""course_code"", ""date""]"
step9-development-final-20260929T185115270858Z-84c03a,Q041:banglish,banglish,1,curricula_BSc-Curriculum-New.pdf,curricula_BSc-Curriculum-New.pdf,doc-4d373684ce4879ed066003f5,66,doc-4d373684ce4879ed066003f5-p000066-b0002-c0001,18.0,,,,Course Code: CSE 104 Course Title: Structured Programming Lab Credits: 1.50 Prerequisite: None Objectives: Laboratory works and assignments will be based on CSE – 103,"[""course_code"", ""course_title"", ""credits"", ""prerequisite""]"
step9-development-final-20260929T185115270858Z-84c03a,Q041:banglish,banglish,2,curricula_BSc-Curriculum-New.pdf,curricula_BSc-Curriculum-New.pdf,doc-4d373684ce4879ed066003f5,52,doc-4d373684ce4879ed066003f5-p000052-b0003-c0001,16.0,,,,CSE 104 Structured Programming Lab 1.50 Nil,"[""course_code"", ""course_title"", ""credits"", ""prerequisite""]"
step9-development-final-20260929T185115270858Z-84c03a,Q041:banglish,banglish,3,curricula_BSc-Curriculum-New.pdf,curricula_BSc-Curriculum-New.pdf,doc-4d373684ce4879ed066003f5,32,doc-4d373684ce4879ed066003f5-p000032-b0001-c0001,8.0,,,,"Spring 2017 saw 167 students admitted. At present, there are around 850 undergraduate and graduate students in the Department. For the last five years, new programming labs with brand machines (1 Student: 1 Computer) have been established, circuit lab a nd digital lab have been restructured and reinforced with latest equipment and computers, new project lab has been established to encourage the students to take practical hardware & software oriented projects . All class rooms are air conditioned with multimedia projector support. Industry -Institution Interaction We have got the Spectrum Engineers Consortium and Plasma Plus involved with us. Similar articulation with some other organizations is still underway. This collaborative effort will include training students, guiding students' projects and industry-related suggestions to be incorporated while developing programs and curricula. The above organizations have come up with their suggestions and training programs. To enhance the quality of education even f urther, Department of CSE of UAP has established an Industry-Academia Collaboration with QUBEE, Augere Wireless Broadband Bangladesh Ltd (AWBBL). As part of the collaboration, following activities are performed by the two parties on a regular basis: 1. UAP-CSE visits selected Hub Sites, Aggregation Sites and Access Sites with the final year students as part of a one -day long Industrial Tour (twice in a year). A representative from QUBEE demonstrates the practical side of the theoretical aspects. 2. UAP -CSE invites QUBEE delegates in some of the Networking and Security related seminars, workshops and conferences organized by UAP.","[""course_code"", ""date""]"
step9-development-final-20260929T185115270858Z-84c03a,Q042:english,english,1,curricula_BSc-Curriculum-New.pdf,curricula_BSc-Curriculum-New.pdf,doc-4d373684ce4879ed066003f5,66,doc-4d373684ce4879ed066003f5-p000066-b0003-c0001,16.0,,,,"Course Code: CSE 105 Course Title: Discrete Mathematics Credits: 3.00 Prerequisite: None Mathematical Models & Foundations: Logic, Proposition, Propositional Equivalence, Propositional and Predicate Calculus: Predicates, predicate formulas, Quantifiers, Statements and Compound statements, tautologies and contradictions, logic al equivalence, algebra of propositions and conditionals, arguments and theory of inference of prepositional calculus. Methods of proof: Mathematical Induction. Sets: Set theory --Basic concepts of sets and elements, Venn diagram and membership table, set operations, algebra of sets duality classes of sets, power set. Relations between sets, Operations on sets. Functions: Basic properties. Classifications of functions. Counting: The basics of Counting, The Pigeonhole principle, Permutations and Combinations , Discrete Probability, Probability Theory. Advanced Counting Techniques: Recurrence Relations, Solving Recurrence Relations, Generating Functions. Functions and counting, inclusion -exclusion principle. Number Theory: Division Algorithms -GCD, LCM, Prime n umbers and prime factorization, modular arithmetic and congruence, modular exponentiation, Eucledian algorithm. Introduction to groups, rings and fields.","[""course_code"", ""course_title"", ""credits"", ""prerequisite""]"
step9-development-final-20260929T185115270858Z-84c03a,Q042:english,english,2,curricula_BSc-Curriculum-New.pdf,curricula_BSc-Curriculum-New.pdf,doc-4d373684ce4879ed066003f5,52,doc-4d373684ce4879ed066003f5-p000052-b0004-c0001,14.0,,,,CSE 105 Discrete Mathematics 3.00 Nil,"[""course_code"", ""course_title"", ""credits"", ""prerequisite""]"
step9-development-final-20260929T185115270858Z-84c03a,Q042:english,english,3,curricula_BSc-Curriculum-New.pdf,curricula_BSc-Curriculum-New.pdf,doc-4d373684ce4879ed066003f5,68,doc-4d373684ce4879ed066003f5-p000068-b0002-c0001,12.0,,,,"Course Code: CSE 205 Course Title: Data Structures Credits: 3.00 Prerequisite: CSE 101, CSE 103, CSE 105 Introduction to Data Structures, Purposes of data stru cture, operations. Complexity of Algorithms: Asymptotic Notation and Runtime Analysis of Algorithms, Array: Insertion, Deletion, Matrix representation of arrays, Multidimensional arrays, Pointers arrays, Record structures, Representation of records in memory; parallel arrays. Sparse matrices. Usefulness of sparse matrices. Strings: implementations and developing algorithms using strings. Linked List: Singly Linked Lists, Doubly Linked Lists and Circular Linked Lists. Basic Operations on Linked List (Insertion, Deletion, Searching, Sorting and Traverse). Stack: Basic Stack Operations (Push and Pop Operations), Infix, Postfix and Prefix Notation of Arithmetic Expressions, Conversions and Evaluations of Arithmetic Expressions Using Stack, Recursion: Direct and indirect recursion, Simulation of recursion, Depth of recursion, Removal of recursion. Towers of Hanoi using recursion. Queue: Basic Queue Operations (Insertion and Deletion), types of Queue, Linear Queue, Priority Queue, Circular Queue and Double-ended Queue, Searching – Sequential Searching, Binary Searching, Basic Sorting: Quick Sort, Merge Sort, Selection Sort, Inserting Sort, Radix Sort, Counting Sort, External Sort, Trees: Basic terminology, Binary Tree: Binary tree representation, Traversal of Binary Tree (Inorder, Preorder and Postorder), Application of Binary Trees. Set Representation, Counting Binary Trees, Binary Search Tree: BST representation, Basic","[""course_code"", ""course_title"", ""credits"", ""prerequisite""]"
step9-development-final-20260929T185115270858Z-84c03a,Q042:bangla,bangla,1,curricula_BSc-Curriculum-New.pdf,curricula_BSc-Curriculum-New.pdf,doc-4d373684ce4879ed066003f5,52,doc-4d373684ce4879ed066003f5-p000052-b0004-c0001,14.0,,,,CSE 105 Discrete Mathematics 3.00 Nil,"[""course_code"", ""course_title"", ""credits"", ""prerequisite""]"
step9-development-final-20260929T185115270858Z-84c03a,Q042:bangla,bangla,2,curricula_BSc-Curriculum-New.pdf,curricula_BSc-Curriculum-New.pdf,doc-4d373684ce4879ed066003f5,66,doc-4d373684ce4879ed066003f5-p000066-b0003-c0001,14.0,,,,"Course Code: CSE 105 Course Title: Discrete Mathematics Credits: 3.00 Prerequisite: None Mathematical Models & Foundations: Logic, Proposition, Propositional Equivalence, Propositional and Predicate Calculus: Predicates, predicate formulas, Quantifiers, Statements and Compound statements, tautologies and contradictions, logic al equivalence, algebra of propositions and conditionals, arguments and theory of inference of prepositional calculus. Methods of proof: Mathematical Induction. Sets: Set theory --Basic concepts of sets and elements, Venn diagram and membership table, set operations, algebra of sets duality classes of sets, power set. Relations between sets, Operations on sets. Functions: Basic properties. Classifications of functions. Counting: The basics of Counting, The Pigeonhole principle, Permutations and Combinations , Discrete Probability, Probability Theory. Advanced Counting Techniques: Recurrence Relations, Solving Recurrence Relations, Generating Functions. Functions and counting, inclusion -exclusion principle. Number Theory: Division Algorithms -GCD, LCM, Prime n umbers and prime factorization, modular arithmetic and congruence, modular exponentiation, Eucledian algorithm. Introduction to groups, rings and fields.","[""course_code"", ""course_title"", ""credits"", ""prerequisite""]"
step9-development-final-20260929T185115270858Z-84c03a,Q042:bangla,bangla,3,curricula_BSc-Curriculum-New.pdf,curricula_BSc-Curriculum-New.pdf,doc-4d373684ce4879ed066003f5,52,doc-4d373684ce4879ed066003f5-p000052-b0012-c0001,10.0,,,,"CSE 205 Data Structures 3.00 CSE 101, CSE103, CSE 105","[""course_code"", ""course_title"", ""credits"", ""prerequisite""]"
step9-development-final-20260929T185115270858Z-84c03a,Q042:banglish,banglish,1,curricula_BSc-Curriculum-New.pdf,curricula_BSc-Curriculum-New.pdf,doc-4d373684ce4879ed066003f5,66,doc-4d373684ce4879ed066003f5-p000066-b0003-c0001,16.0,,,,"Course Code: CSE 105 Course Title: Discrete Mathematics Credits: 3.00 Prerequisite: None Mathematical Models & Foundations: Logic, Proposition, Propositional Equivalence, Propositional and Predicate Calculus: Predicates, predicate formulas, Quantifiers, Statements and Compound statements, tautologies and contradictions, logic al equivalence, algebra of propositions and conditionals, arguments and theory of inference of prepositional calculus. Methods of proof: Mathematical Induction. Sets: Set theory --Basic concepts of sets and elements, Venn diagram and membership table, set operations, algebra of sets duality classes of sets, power set. Relations between sets, Operations on sets. Functions: Basic properties. Classifications of functions. Counting: The basics of Counting, The Pigeonhole principle, Permutations and Combinations , Discrete Probability, Probability Theory. Advanced Counting Techniques: Recurrence Relations, Solving Recurrence Relations, Generating Functions. Functions and counting, inclusion -exclusion principle. Number Theory: Division Algorithms -GCD, LCM, Prime n umbers and prime factorization, modular arithmetic and congruence, modular exponentiation, Eucledian algorithm. Introduction to groups, rings and fields.","[""course_code"", ""course_title"", ""credits"", ""prerequisite""]"
step9-development-final-20260929T185115270858Z-84c03a,Q042:banglish,banglish,2,curricula_BSc-Curriculum-New.pdf,curricula_BSc-Curriculum-New.pdf,doc-4d373684ce4879ed066003f5,52,doc-4d373684ce4879ed066003f5-p000052-b0004-c0001,14.0,,,,CSE 105 Discrete Mathematics 3.00 Nil,"[""course_code"", ""course_title"", ""credits"", ""prerequisite""]"
step9-development-final-20260929T185115270858Z-84c03a,Q042:banglish,banglish,3,curricula_BSc-Curriculum-New.pdf,curricula_BSc-Curriculum-New.pdf,doc-4d373684ce4879ed066003f5,68,doc-4d373684ce4879ed066003f5-p000068-b0002-c0001,12.0,,,,"Course Code: CSE 205 Course Title: Data Structures Credits: 3.00 Prerequisite: CSE 101, CSE 103, CSE 105 Introduction to Data Structures, Purposes of data stru cture, operations. Complexity of Algorithms: Asymptotic Notation and Runtime Analysis of Algorithms, Array: Insertion, Deletion, Matrix representation of arrays, Multidimensional arrays, Pointers arrays, Record structures, Representation of records in memory; parallel arrays. Sparse matrices. Usefulness of sparse matrices. Strings: implementations and developing algorithms using strings. Linked List: Singly Linked Lists, Doubly Linked Lists and Circular Linked Lists. Basic Operations on Linked List (Insertion, Deletion, Searching, Sorting and Traverse). Stack: Basic Stack Operations (Push and Pop Operations), Infix, Postfix and Prefix Notation of Arithmetic Expressions, Conversions and Evaluations of Arithmetic Expressions Using Stack, Recursion: Direct and indirect recursion, Simulation of recursion, Depth of recursion, Removal of recursion. Towers of Hanoi using recursion. Queue: Basic Queue Operations (Insertion and Deletion), types of Queue, Linear Queue, Priority Queue, Circular Queue and Double-ended Queue, Searching – Sequential Searching, Binary Searching, Basic Sorting: Quick Sort, Merge Sort, Selection Sort, Inserting Sort, Radix Sort, Counting Sort, External Sort, Trees: Basic terminology, Binary Tree: Binary tree representation, Traversal of Binary Tree (Inorder, Preorder and Postorder), Application of Binary Trees. Set Representation, Counting Binary Trees, Binary Search Tree: BST representation, Basic","[""course_code"", ""course_title"", ""credits"", ""prerequisite""]"
step9-development-final-20260929T185115270858Z-84c03a,Q043:english,english,1,curricula_BSc-Curriculum-New.pdf,curricula_BSc-Curriculum-New.pdf,doc-4d373684ce4879ed066003f5,65,doc-4d373684ce4879ed066003f5-p000065-b0009-c0001,18.0,,,,"Course Code: EEE 121 Course Title: Electrical & Electronic Engineering I Credits: 3.00 Prerequisite: None Basic concepts: current, voltage, emf, Ohm‘s law, Kirchoff‘s Current and Voltage Laws, Current and voltage divider rules, types of sources, source conversion methods, equivalent resistance, star -delta conversion; Network analysis and theorems : loop and nodal analysis, Superposition, Thevenin‘s, Norton‘s and Maximum Power transfer theorems; Introduction to Faraday‘s Law, Lenz‘s Law, Fleming‘s Left Hand and Right Hand Rules, Inductor and Capacitor; AC fundamentals: Amplitude, frequency, phase, power, Form factor, Crest factor, power factor, average value and effective value; AC analysis using phasor algebra; DC Transient analysis in RL and RC circuits; Introduction to semiconductors : Diode: characteristics, rectification; Zener diode: characteristics and applications; Bipolar Junction Transistor: characteristics, biasing, introduction to hybrid model, ac analysis; Field Effect Transistor: Characteristics. Books: 1. Electrical Technology – B L Thereja, Chand (S) & Co Ltd, India. 2. Introductory Circuit Analysis – R L Boylestad, Prentice Hall. 3. Circuits, Devices and Systems: A First Course in Electrical Engineering, Ralph J Smith & Richard C Dorf, Wiley. 4. Electronic Devices and Circuit Theory, R L Boylestad & Louis Nashelsky, Prentice Hall. 5. Schaum's Outline of Basic Circuit Analysis, John O‘Malley, McGraw- Hill.","[""course_code"", ""course_title"", ""credits"", ""prerequisite"", ""policy""]"
step9-development-final-20260929T185115270858Z-84c03a,Q043:english,english,2,curricula_BSc-Curriculum-New.pdf,curricula_BSc-Curriculum-New.pdf,doc-4d373684ce4879ed066003f5,67,doc-4d373684ce4879ed066003f5-p000067-b0008-c0001,18.0,,,,Course Code: EEE 122 Course Title: Electrical & Electronic Engineering I Lab Credits: 1.50 Prerequisite: None Laboratory work based on EEE 121 5.3 Second Year First Semester,"[""course_code"", ""course_title"", ""credits"", ""prerequisite""]"
step9-development-final-20260929T185115270858Z-84c03a,Q043:english,english,3,curricula_BSc-Curriculum-New.pdf,curricula_BSc-Curriculum-New.pdf,doc-4d373684ce4879ed066003f5,52,doc-4d373684ce4879ed066003f5-p000052-b0005-c0001,16.0,,,,EEE 121 Electrical & Electronic Engineering I 3.00 Nil,"[""course_code"", ""course_title"", ""credits"", ""prerequisite""]"
step9-development-final-20260929T185115270858Z-84c03a,Q043:bangla,bangla,1,curricula_BSc-Curriculum-New.pdf,curricula_BSc-Curriculum-New.pdf,doc-4d373684ce4879ed066003f5,52,doc-4d373684ce4879ed066003f5-p000052-b0005-c0001,16.0,,,,EEE 121 Electrical & Electronic Engineering I 3.00 Nil,"[""course_code"", ""course_title"", ""credits"", ""prerequisite""]"
step9-development-final-20260929T185115270858Z-84c03a,Q043:bangla,bangla,2,curricula_BSc-Curriculum-New.pdf,curricula_BSc-Curriculum-New.pdf,doc-4d373684ce4879ed066003f5,65,doc-4d373684ce4879ed066003f5-p000065-b0009-c0001,16.0,,,,"Course Code: EEE 121 Course Title: Electrical & Electronic Engineering I Credits: 3.00 Prerequisite: None Basic concepts: current, voltage, emf, Ohm‘s law, Kirchoff‘s Current and Voltage Laws, Current and voltage divider rules, types of sources, source conversion methods, equivalent resistance, star -delta conversion; Network analysis and theorems : loop and nodal analysis, Superposition, Thevenin‘s, Norton‘s and Maximum Power transfer theorems; Introduction to Faraday‘s Law, Lenz‘s Law, Fleming‘s Left Hand and Right Hand Rules, Inductor and Capacitor; AC fundamentals: Amplitude, frequency, phase, power, Form factor, Crest factor, power factor, average value and effective value; AC analysis using phasor algebra; DC Transient analysis in RL and RC circuits; Introduction to semiconductors : Diode: characteristics, rectification; Zener diode: characteristics and applications; Bipolar Junction Transistor: characteristics, biasing, introduction to hybrid model, ac analysis; Field Effect Transistor: Characteristics. Books: 1. Electrical Technology – B L Thereja, Chand (S) & Co Ltd, India. 2. Introductory Circuit Analysis – R L Boylestad, Prentice Hall. 3. Circuits, Devices and Systems: A First Course in Electrical Engineering, Ralph J Smith & Richard C Dorf, Wiley. 4. Electronic Devices and Circuit Theory, R L Boylestad & Louis Nashelsky, Prentice Hall. 5. Schaum's Outline of Basic Circuit Analysis, John O‘Malley, McGraw- Hill.","[""course_code"", ""course_title"", ""credits"", ""prerequisite"", ""policy""]"
step9-development-final-20260929T185115270858Z-84c03a,Q043:bangla,bangla,3,curricula_BSc-Curriculum-New.pdf,curricula_BSc-Curriculum-New.pdf,doc-4d373684ce4879ed066003f5,67,doc-4d373684ce4879ed066003f5-p000067-b0008-c0001,16.0,,,,Course Code: EEE 122 Course Title: Electrical & Electronic Engineering I Lab Credits: 1.50 Prerequisite: None Laboratory work based on EEE 121 5.3 Second Year First Semester,"[""course_code"", ""course_title"", ""credits"", ""prerequisite""]"
step9-development-final-20260929T185115270858Z-84c03a,Q043:banglish,banglish,1,curricula_BSc-Curriculum-New.pdf,curricula_BSc-Curriculum-New.pdf,doc-4d373684ce4879ed066003f5,65,doc-4d373684ce4879ed066003f5-p000065-b0009-c0001,18.0,,,,"Course Code: EEE 121 Course Title: Electrical & Electronic Engineering I Credits: 3.00 Prerequisite: None Basic concepts: current, voltage, emf, Ohm‘s law, Kirchoff‘s Current and Voltage Laws, Current and voltage divider rules, types of sources, source conversion methods, equivalent resistance, star -delta conversion; Network analysis and theorems : loop and nodal analysis, Superposition, Thevenin‘s, Norton‘s and Maximum Power transfer theorems; Introduction to Faraday‘s Law, Lenz‘s Law, Fleming‘s Left Hand and Right Hand Rules, Inductor and Capacitor; AC fundamentals: Amplitude, frequency, phase, power, Form factor, Crest factor, power factor, average value and effective value; AC analysis using phasor algebra; DC Transient analysis in RL and RC circuits; Introduction to semiconductors : Diode: characteristics, rectification; Zener diode: characteristics and applications; Bipolar Junction Transistor: characteristics, biasing, introduction to hybrid model, ac analysis; Field Effect Transistor: Characteristics. Books: 1. Electrical Technology – B L Thereja, Chand (S) & Co Ltd, India. 2. Introductory Circuit Analysis – R L Boylestad, Prentice Hall. 3. Circuits, Devices and Systems: A First Course in Electrical Engineering, Ralph J Smith & Richard C Dorf, Wiley. 4. Electronic Devices and Circuit Theory, R L Boylestad & Louis Nashelsky, Prentice Hall. 5. Schaum's Outline of Basic Circuit Analysis, John O‘Malley, McGraw- Hill.","[""course_code"", ""course_title"", ""credits"", ""prerequisite"", ""policy""]"
step9-development-final-20260929T185115270858Z-84c03a,Q043:banglish,banglish,2,curricula_BSc-Curriculum-New.pdf,curricula_BSc-Curriculum-New.pdf,doc-4d373684ce4879ed066003f5,67,doc-4d373684ce4879ed066003f5-p000067-b0008-c0001,18.0,,,,Course Code: EEE 122 Course Title: Electrical & Electronic Engineering I Lab Credits: 1.50 Prerequisite: None Laboratory work based on EEE 121 5.3 Second Year First Semester,"[""course_code"", ""course_title"", ""credits"", ""prerequisite""]"
step9-development-final-20260929T185115270858Z-84c03a,Q043:banglish,banglish,3,curricula_BSc-Curriculum-New.pdf,curricula_BSc-Curriculum-New.pdf,doc-4d373684ce4879ed066003f5,52,doc-4d373684ce4879ed066003f5-p000052-b0005-c0001,17.0,,,,EEE 121 Electrical & Electronic Engineering I 3.00 Nil,"[""course_code"", ""course_title"", ""credits"", ""prerequisite""]"
step9-development-final-20260929T185115270858Z-84c03a,Q044:english,english,1,curricula_BSc-Curriculum-New.pdf,curricula_BSc-Curriculum-New.pdf,doc-4d373684ce4879ed066003f5,67,doc-4d373684ce4879ed066003f5-p000067-b0008-c0001,20.0,,,,Course Code: EEE 122 Course Title: Electrical & Electronic Engineering I Lab Credits: 1.50 Prerequisite: None Laboratory work based on EEE 121 5.3 Second Year First Semester,"[""course_code"", ""course_title"", ""credits"", ""prerequisite""]"
step9-development-final-20260929T185115270858Z-84c03a,Q044:english,english,2,curricula_BSc-Curriculum-New.pdf,curricula_BSc-Curriculum-New.pdf,doc-4d373684ce4879ed066003f5,52,doc-4d373684ce4879ed066003f5-p000052-b0006-c0001,18.0,,,,EEE 122 Electrical & Electronic Engineering I Lab 1.50 Nil,"[""course_code"", ""course_title"", ""credits"", ""prerequisite""]"
step9-development-final-20260929T185115270858Z-84c03a,Q044:english,english,3,curricula_BSc-Curriculum-New.pdf,curricula_BSc-Curriculum-New.pdf,doc-4d373684ce4879ed066003f5,69,doc-4d373684ce4879ed066003f5-p000069-b0004-c0001,11.0,,,,Course Code: EEE 222 Course Title: Electrical & Electronics Engineering II Lab Credits: 1.50 Prerequisite: None Laboratory work based on EEE 221.,"[""course_code"", ""course_title"", ""credits"", ""prerequisite""]"
step9-development-final-20260929T185115270858Z-84c03a,Q044:bangla,bangla,1,curricula_BSc-Curriculum-New.pdf,curricula_BSc-Curriculum-New.pdf,doc-4d373684ce4879ed066003f5,52,doc-4d373684ce4879ed066003f5-p000052-b0006-c0001,18.0,,,,EEE 122 Electrical & Electronic Engineering I Lab 1.50 Nil,"[""course_code"", ""course_title"", ""credits"", ""prerequisite""]"
step9-development-final-20260929T185115270858Z-84c03a,Q044:bangla,bangla,2,curricula_BSc-Curriculum-New.pdf,curricula_BSc-Curriculum-New.pdf,doc-4d373684ce4879ed066003f5,67,doc-4d373684ce4879ed066003f5-p000067-b0008-c0001,18.0,,,,Course Code: EEE 122 Course Title: Electrical & Electronic Engineering I Lab Credits: 1.50 Prerequisite: None Laboratory work based on EEE 121 5.3 Second Year First Semester,"[""course_code"", ""course_title"", ""credits"", ""prerequisite""]"
step9-development-final-20260929T185115270858Z-84c03a,Q044:bangla,bangla,3,curricula_BSc-Curriculum-New.pdf,curricula_BSc-Curriculum-New.pdf,doc-4d373684ce4879ed066003f5,12,doc-4d373684ce4879ed066003f5-p000012-b0001-c0001,9.0,,,,"Department of Electrical and Electronic Engineering 74/A , Green Road, Farmgate, Dhaka - 1215, Bangladesh PABX:+8802-58157091-4, +8802-58157096 FAX:+8802-58157097 Email: headeee@uap-bd.edu Department of Law and Human Rights R H Center , House # 74/B/1 ,Green Road , Dhaka, Bangladesh Telephone: 9127088 PABX: +8802-58157091-4, +8802-58157096 (Ext - 122) Email: headlhr@uap-bd.edu Department of Pharmacy 74/A , Green Road, Farmgate, Dhaka - 1215, Bangladesh PABX:+8802-58157091-4, +8802-58157096 FAX:+8802-58157097 Email: headpharm@uap-bd.edu Department of English 74/A , Green Road, Farmgate, Dhaka - 1215, Bangladesh PABX:+8802-58157091-4, +8802-58157096 FAX:+8802-58157097 Email: headeng@uap-bd.edu Department of Basic Science and Humanities 74/A , Green Road, Farmgate, Dhaka - 1215, Bangladesh PABX:+8802-58157091-4, +8802-58157096 FAX:+8802-58157097 Email: headbsh@uap-bd.edu Accounts and Finance 74/A , Green Road , Farmgate, Dhaka - 1215.Bangladesh PABX:+8802-58157091-4, +8802-58157096 Ext: 108 FAX:+8802-58157097 Email: ashraful-huq@uap-bd.edu","[""course_code"", ""email""]"
step9-development-final-20260929T185115270858Z-84c03a,Q044:banglish,banglish,1,curricula_BSc-Curriculum-New.pdf,curricula_BSc-Curriculum-New.pdf,doc-4d373684ce4879ed066003f5,67,doc-4d373684ce4879ed066003f5-p000067-b0008-c0001,20.0,,,,Course Code: EEE 122 Course Title: Electrical & Electronic Engineering I Lab Credits: 1.50 Prerequisite: None Laboratory work based on EEE 121 5.3 Second Year First Semester,"[""course_code"", ""course_title"", ""credits"", ""prerequisite""]"
step9-development-final-20260929T185115270858Z-84c03a,Q044:banglish,banglish,2,curricula_BSc-Curriculum-New.pdf,curricula_BSc-Curriculum-New.pdf,doc-4d373684ce4879ed066003f5,52,doc-4d373684ce4879ed066003f5-p000052-b0006-c0001,19.0,,,,EEE 122 Electrical & Electronic Engineering I Lab 1.50 Nil,"[""course_code"", ""course_title"", ""credits"", ""prerequisite""]"
step9-development-final-20260929T185115270858Z-84c03a,Q044:banglish,banglish,3,curricula_BSc-Curriculum-New.pdf,curricula_BSc-Curriculum-New.pdf,doc-4d373684ce4879ed066003f5,69,doc-4d373684ce4879ed066003f5-p000069-b0004-c0001,11.0,,,,Course Code: EEE 222 Course Title: Electrical & Electronics Engineering II Lab Credits: 1.50 Prerequisite: None Laboratory work based on EEE 221.,"[""course_code"", ""course_title"", ""credits"", ""prerequisite""]"
step9-development-final-20260929T185115270858Z-84c03a,Q045:english,english,1,curricula_BSc-Curriculum-New.pdf,curricula_BSc-Curriculum-New.pdf,doc-4d373684ce4879ed066003f5,64,doc-4d373684ce4879ed066003f5-p000064-b0012-c0001,20.0,,,,Course Code: MTH 103 Course Title: Math II: Linear Algebra Credits: 3.00 Prerequisite: None,"[""course_code"", ""course_title"", ""credits"", ""prerequisite""]"
step9-development-final-20260929T185115270858Z-84c03a,Q045:english,english,2,curricula_BSc-Curriculum-New.pdf,curricula_BSc-Curriculum-New.pdf,doc-4d373684ce4879ed066003f5,52,doc-4d373684ce4879ed066003f5-p000052-b0007-c0001,18.0,,,,MTH 103 Math II: Linear Algebra 3.00 Nil,"[""course_code"", ""course_title"", ""credits"", ""prerequisite""]"
step9-development-final-20260929T185115270858Z-84c03a,Q045:english,english,3,curricula_BSc-Curriculum-New.pdf,curricula_BSc-Curriculum-New.pdf,doc-4d373684ce4879ed066003f5,67,doc-4d373684ce4879ed066003f5-p000067-b0009-c0001,17.0,,,,"Course Code: MTH 201 Course Title: Math III: Multivariable Calculus Credits: 3.00 Prerequisite: MTH 103, MTH 101 Vectors and the Ge ometry of Space: Cylinders and Quadric Surfaces. Vector Functions: Vector Functions and Space Curves, Derivatives and Integrals of Vector, Functions, Arc Length and Curvature, Motion in Space: Velocity and Acceleration. Partial Derivatives: Functions of Se veral Variables, Limits and Continuity, Partial Derivatives, Tangent Planes and Linear Approximations, The Chain Rule, Directional Derivatives and the Gradient Vector, Maximum and Minimum Values, Lagrange Multipliers. Multiple Integrals: Double Integrals o ver Rectangles, Iterated Integrals, Double Integrals over General Regions, Double Integrals in Polar Coordinates, Applications of Double Integrals, Surface Area, Triple Integrals, Triple Integrals in Cylindrical Coordinates, Triple Integrals in Spherical Coordinates, Change of Variables in Multiple Integrals. Vector Calculus: Vector Fields, Line Integrals, The Fundamental Theorem for Line Integrals, Green‘s Theorem, Curl and Divergence, Parametric Surfaces and Their Areas, Surface Integrals, Stokes‘ Theore m, The Divergence Theorem. Books Recommended: 1. James Stewart, Multivariable Calculus, Cengage Learning. 2. Edwards, Henry C., and David E. Penney. Multivariable Calculus, Prentice Hall.","[""course_code"", ""course_title"", ""credits"", ""prerequisite"", ""policy""]"
step9-development-final-20260929T185115270858Z-84c03a,Q045:bangla,bangla,1,curricula_BSc-Curriculum-New.pdf,curricula_BSc-Curriculum-New.pdf,doc-4d373684ce4879ed066003f5,52,doc-4d373684ce4879ed066003f5-p000052-b0007-c0001,18.0,,,,MTH 103 Math II: Linear Algebra 3.00 Nil,"[""course_code"", ""course_title"", ""credits"", ""prerequisite""]"
step9-development-final-20260929T185115270858Z-84c03a,Q045:bangla,bangla,2,curricula_BSc-Curriculum-New.pdf,curricula_BSc-Curriculum-New.pdf,doc-4d373684ce4879ed066003f5,64,doc-4d373684ce4879ed066003f5-p000064-b0012-c0001,18.0,,,,Course Code: MTH 103 Course Title: Math II: Linear Algebra Credits: 3.00 Prerequisite: None,"[""course_code"", ""course_title"", ""credits"", ""prerequisite""]"
step9-development-final-20260929T185115270858Z-84c03a,Q045:bangla,bangla,3,curricula_BSc-Curriculum-New.pdf,curricula_BSc-Curriculum-New.pdf,doc-4d373684ce4879ed066003f5,67,doc-4d373684ce4879ed066003f5-p000067-b0009-c0001,15.0,,,,"Course Code: MTH 201 Course Title: Math III: Multivariable Calculus Credits: 3.00 Prerequisite: MTH 103, MTH 101 Vectors and the Ge ometry of Space: Cylinders and Quadric Surfaces. Vector Functions: Vector Functions and Space Curves, Derivatives and Integrals of Vector, Functions, Arc Length and Curvature, Motion in Space: Velocity and Acceleration. Partial Derivatives: Functions of Se veral Variables, Limits and Continuity, Partial Derivatives, Tangent Planes and Linear Approximations, The Chain Rule, Directional Derivatives and the Gradient Vector, Maximum and Minimum Values, Lagrange Multipliers. Multiple Integrals: Double Integrals o ver Rectangles, Iterated Integrals, Double Integrals over General Regions, Double Integrals in Polar Coordinates, Applications of Double Integrals, Surface Area, Triple Integrals, Triple Integrals in Cylindrical Coordinates, Triple Integrals in Spherical Coordinates, Change of Variables in Multiple Integrals. Vector Calculus: Vector Fields, Line Integrals, The Fundamental Theorem for Line Integrals, Green‘s Theorem, Curl and Divergence, Parametric Surfaces and Their Areas, Surface Integrals, Stokes‘ Theore m, The Divergence Theorem. Books Recommended: 1. James Stewart, Multivariable Calculus, Cengage Learning. 2. Edwards, Henry C., and David E. Penney. Multivariable Calculus, Prentice Hall.","[""course_code"", ""course_title"", ""credits"", ""prerequisite"", ""policy""]"
step9-development-final-20260929T185115270858Z-84c03a,Q045:banglish,banglish,1,curricula_BSc-Curriculum-New.pdf,curricula_BSc-Curriculum-New.pdf,doc-4d373684ce4879ed066003f5,64,doc-4d373684ce4879ed066003f5-p000064-b0012-c0001,20.0,,,,Course Code: MTH 103 Course Title: Math II: Linear Algebra Credits: 3.00 Prerequisite: None,"[""course_code"", ""course_title"", ""credits"", ""prerequisite""]"
step9-development-final-20260929T185115270858Z-84c03a,Q045:banglish,banglish,2,curricula_BSc-Curriculum-New.pdf,curricula_BSc-Curriculum-New.pdf,doc-4d373684ce4879ed066003f5,52,doc-4d373684ce4879ed066003f5-p000052-b0007-c0001,18.0,,,,MTH 103 Math II: Linear Algebra 3.00 Nil,"[""course_code"", ""course_title"", ""credits"", ""prerequisite""]"
step9-development-final-20260929T185115270858Z-84c03a,Q045:banglish,banglish,3,curricula_BSc-Curriculum-New.pdf,curricula_BSc-Curriculum-New.pdf,doc-4d373684ce4879ed066003f5,67,doc-4d373684ce4879ed066003f5-p000067-b0009-c0001,17.0,,,,"Course Code: MTH 201 Course Title: Math III: Multivariable Calculus Credits: 3.00 Prerequisite: MTH 103, MTH 101 Vectors and the Ge ometry of Space: Cylinders and Quadric Surfaces. Vector Functions: Vector Functions and Space Curves, Derivatives and Integrals of Vector, Functions, Arc Length and Curvature, Motion in Space: Velocity and Acceleration. Partial Derivatives: Functions of Se veral Variables, Limits and Continuity, Partial Derivatives, Tangent Planes and Linear Approximations, The Chain Rule, Directional Derivatives and the Gradient Vector, Maximum and Minimum Values, Lagrange Multipliers. Multiple Integrals: Double Integrals o ver Rectangles, Iterated Integrals, Double Integrals over General Regions, Double Integrals in Polar Coordinates, Applications of Double Integrals, Surface Area, Triple Integrals, Triple Integrals in Cylindrical Coordinates, Triple Integrals in Spherical Coordinates, Change of Variables in Multiple Integrals. Vector Calculus: Vector Fields, Line Integrals, The Fundamental Theorem for Line Integrals, Green‘s Theorem, Curl and Divergence, Parametric Surfaces and Their Areas, Surface Integrals, Stokes‘ Theore m, The Divergence Theorem. Books Recommended: 1. James Stewart, Multivariable Calculus, Cengage Learning. 2. Edwards, Henry C., and David E. Penney. Multivariable Calculus, Prentice Hall.","[""course_code"", ""course_title"", ""credits"", ""prerequisite"", ""policy""]"
step9-development-final-20260929T185115270858Z-84c03a,Q046:english,english,1,curricula_BSc-Curriculum-New.pdf,curricula_BSc-Curriculum-New.pdf,doc-4d373684ce4879ed066003f5,64,doc-4d373684ce4879ed066003f5-p000064-b0010-c0001,14.0,,,,"Course Code: CHEM 111 Course Title: Credits: 3.00 Prerequisite: N/A Atomic structure, quantum numbers, electroni c conﬁguration, periodic table; Properties and uses of noble gases; Different types of chemical bonds and their properties; Molecular structure of compounds; Selective organic reactions; Different types of solutions and their compositions; Phase rule, phase diagram of monocomponent system; Properties of dilute solutions; Thermochemistry, chemical kinetics, chemical equilibria; Ionization of water and pH concept; Electrical properties of Solution. Text Books: 1. Physical Chemistry, Author: Bhall and Tully 2. Inorganic Chemistry, Author: Haider","[""course_code"", ""course_title"", ""credits"", ""prerequisite"", ""policy""]"
step9-development-final-20260929T185115270858Z-84c03a,Q046:english,english,2,curricula_BSc-Curriculum-New.pdf,curricula_BSc-Curriculum-New.pdf,doc-4d373684ce4879ed066003f5,52,doc-4d373684ce4879ed066003f5-p000052-b0008-c0001,12.0,,,,CHEM 111 Chemistry 3.00 Nil,"[""course_code"", ""course_title"", ""credits"", ""prerequisite""]"
step9-development-final-20260929T185115270858Z-84c03a,Q046:english,english,3,curricula_BSc-Curriculum-New.pdf,curricula_BSc-Curriculum-New.pdf,doc-4d373684ce4879ed066003f5,51,doc-4d373684ce4879ed066003f5-p000051-b0001-c0001,6.0,,,,"4. Summary of Undergraduate Course The undergraduate students of different years of the Department of Computer Science and Engineering have to follow the course schedule given below. The letter prefix in any course number indic ates the discipline/subject offering the course viz. HSS for Humanities and Social Science, Business, Management Studies, Language etc., PHY for Physics, CHEM for Chemistry, MTH for Mathematics , ECN for Economics, ACN for Accounting and CSE for Computer Sc ience and Engineering. The first digit in the number indicates the year/level for which the course is intended; the second digit is assigned by the department and the last digit, if odd, indicates a theory course and if even, indicates a laboratory course. Core Courses First Year First Semester Course Code Course Title Credits Pre- Requisite","[""course_code"", ""course_title"", ""credits"", ""prerequisite""]"
step9-development-final-20260929T185115270858Z-84c03a,Q046:bangla,bangla,1,curricula_BSc-Curriculum-New.pdf,curricula_BSc-Curriculum-New.pdf,doc-4d373684ce4879ed066003f5,52,doc-4d373684ce4879ed066003f5-p000052-b0008-c0001,12.0,,,,CHEM 111 Chemistry 3.00 Nil,"[""course_code"", ""course_title"", ""credits"", ""prerequisite""]"
step9-development-final-20260929T185115270858Z-84c03a,Q046:bangla,bangla,2,curricula_BSc-Curriculum-New.pdf,curricula_BSc-Curriculum-New.pdf,doc-4d373684ce4879ed066003f5,64,doc-4d373684ce4879ed066003f5-p000064-b0010-c0001,12.0,,,,"Course Code: CHEM 111 Course Title: Credits: 3.00 Prerequisite: N/A Atomic structure, quantum numbers, electroni c conﬁguration, periodic table; Properties and uses of noble gases; Different types of chemical bonds and their properties; Molecular structure of compounds; Selective organic reactions; Different types of solutions and their compositions; Phase rule, phase diagram of monocomponent system; Properties of dilute solutions; Thermochemistry, chemical kinetics, chemical equilibria; Ionization of water and pH concept; Electrical properties of Solution. Text Books: 1. Physical Chemistry, Author: Bhall and Tully 2. Inorganic Chemistry, Author: Haider","[""course_code"", ""course_title"", ""credits"", ""prerequisite"", ""policy""]"
step9-development-final-20260929T185115270858Z-84c03a,Q046:bangla,bangla,3,curricula_BSc-Curriculum-New.pdf,curricula_BSc-Curriculum-New.pdf,doc-4d373684ce4879ed066003f5,51,doc-4d373684ce4879ed066003f5-p000051-b0001-c0001,4.0,,,,"4. Summary of Undergraduate Course The undergraduate students of different years of the Department of Computer Science and Engineering have to follow the course schedule given below. The letter prefix in any course number indic ates the discipline/subject offering the course viz. HSS for Humanities and Social Science, Business, Management Studies, Language etc., PHY for Physics, CHEM for Chemistry, MTH for Mathematics , ECN for Economics, ACN for Accounting and CSE for Computer Sc ience and Engineering. The first digit in the number indicates the year/level for which the course is intended; the second digit is assigned by the department and the last digit, if odd, indicates a theory course and if even, indicates a laboratory course. Core Courses First Year First Semester Course Code Course Title Credits Pre- Requisite","[""course_code"", ""course_title"", ""credits"", ""prerequisite""]"
step9-development-final-20260929T185115270858Z-84c03a,Q046:banglish,banglish,1,curricula_BSc-Curriculum-New.pdf,curricula_BSc-Curriculum-New.pdf,doc-4d373684ce4879ed066003f5,64,doc-4d373684ce4879ed066003f5-p000064-b0010-c0001,14.0,,,,"Course Code: CHEM 111 Course Title: Credits: 3.00 Prerequisite: N/A Atomic structure, quantum numbers, electroni c conﬁguration, periodic table; Properties and uses of noble gases; Different types of chemical bonds and their properties; Molecular structure of compounds; Selective organic reactions; Different types of solutions and their compositions; Phase rule, phase diagram of monocomponent system; Properties of dilute solutions; Thermochemistry, chemical kinetics, chemical equilibria; Ionization of water and pH concept; Electrical properties of Solution. Text Books: 1. Physical Chemistry, Author: Bhall and Tully 2. Inorganic Chemistry, Author: Haider","[""course_code"", ""course_title"", ""credits"", ""prerequisite"", ""policy""]"
step9-development-final-20260929T185115270858Z-84c03a,Q046:banglish,banglish,2,curricula_BSc-Curriculum-New.pdf,curricula_BSc-Curriculum-New.pdf,doc-4d373684ce4879ed066003f5,52,doc-4d373684ce4879ed066003f5-p000052-b0008-c0001,12.0,,,,CHEM 111 Chemistry 3.00 Nil,"[""course_code"", ""course_title"", ""credits"", ""prerequisite""]"
step9-development-final-20260929T185115270858Z-84c03a,Q046:banglish,banglish,3,curricula_BSc-Curriculum-New.pdf,curricula_BSc-Curriculum-New.pdf,doc-4d373684ce4879ed066003f5,51,doc-4d373684ce4879ed066003f5-p000051-b0001-c0001,6.0,,,,"4. Summary of Undergraduate Course The undergraduate students of different years of the Department of Computer Science and Engineering have to follow the course schedule given below. The letter prefix in any course number indic ates the discipline/subject offering the course viz. HSS for Humanities and Social Science, Business, Management Studies, Language etc., PHY for Physics, CHEM for Chemistry, MTH for Mathematics , ECN for Economics, ACN for Accounting and CSE for Computer Sc ience and Engineering. The first digit in the number indicates the year/level for which the course is intended; the second digit is assigned by the department and the last digit, if odd, indicates a theory course and if even, indicates a laboratory course. Core Courses First Year First Semester Course Code Course Title Credits Pre- Requisite","[""course_code"", ""course_title"", ""credits"", ""prerequisite""]"
step9-development-final-20260929T185115270858Z-84c03a,Q047:english,english,1,curricula_BSc-Curriculum-New.pdf,curricula_BSc-Curriculum-New.pdf,doc-4d373684ce4879ed066003f5,52,doc-4d373684ce4879ed066003f5-p000052-b0009-c0001,16.0,,,,CHEM 112 Chemistry Lab 1.50 Nil Total 19.50 Second Year First Semester Course Code Course Title Credits Pre- Requisite,"[""course_code"", ""course_title"", ""credits"", ""prerequisite""]"
step9-development-final-20260929T185115270858Z-84c03a,Q047:english,english,2,curricula_BSc-Curriculum-New.pdf,curricula_BSc-Curriculum-New.pdf,doc-4d373684ce4879ed066003f5,64,doc-4d373684ce4879ed066003f5-p000064-b0011-c0001,16.0,,,,"Course Code: CHEM 112 Course Title: Chemistry Lab Credits: 1.50 Objectives: Laboratory works and assignments will be based on CHEM – 101 Volumetric analysis: acid-base titration, oxidation-reduction titration, determination of Fe, Cu, Ca volumetrically","[""course_code"", ""course_title"", ""credits""]"
step9-development-final-20260929T185115270858Z-84c03a,Q047:english,english,3,curricula_BSc-Curriculum-New.pdf,curricula_BSc-Curriculum-New.pdf,doc-4d373684ce4879ed066003f5,51,doc-4d373684ce4879ed066003f5-p000051-b0001-c0001,7.0,,,,"4. Summary of Undergraduate Course The undergraduate students of different years of the Department of Computer Science and Engineering have to follow the course schedule given below. The letter prefix in any course number indic ates the discipline/subject offering the course viz. HSS for Humanities and Social Science, Business, Management Studies, Language etc., PHY for Physics, CHEM for Chemistry, MTH for Mathematics , ECN for Economics, ACN for Accounting and CSE for Computer Sc ience and Engineering. The first digit in the number indicates the year/level for which the course is intended; the second digit is assigned by the department and the last digit, if odd, indicates a theory course and if even, indicates a laboratory course. Core Courses First Year First Semester Course Code Course Title Credits Pre- Requisite","[""course_code"", ""course_title"", ""credits"", ""prerequisite""]"
step9-development-final-20260929T185115270858Z-84c03a,Q047:bangla,bangla,1,curricula_BSc-Curriculum-New.pdf,curricula_BSc-Curriculum-New.pdf,doc-4d373684ce4879ed066003f5,52,doc-4d373684ce4879ed066003f5-p000052-b0009-c0001,14.0,,,,CHEM 112 Chemistry Lab 1.50 Nil Total 19.50 Second Year First Semester Course Code Course Title Credits Pre- Requisite,"[""course_code"", ""course_title"", ""credits"", ""prerequisite""]"
step9-development-final-20260929T185115270858Z-84c03a,Q047:bangla,bangla,2,curricula_BSc-Curriculum-New.pdf,curricula_BSc-Curriculum-New.pdf,doc-4d373684ce4879ed066003f5,64,doc-4d373684ce4879ed066003f5-p000064-b0011-c0001,14.0,,,,"Course Code: CHEM 112 Course Title: Chemistry Lab Credits: 1.50 Objectives: Laboratory works and assignments will be based on CHEM – 101 Volumetric analysis: acid-base titration, oxidation-reduction titration, determination of Fe, Cu, Ca volumetrically","[""course_code"", ""course_title"", ""credits""]"
step9-development-final-20260929T185115270858Z-84c03a,Q047:bangla,bangla,3,curricula_BSc-Curriculum-New.pdf,curricula_BSc-Curriculum-New.pdf,doc-4d373684ce4879ed066003f5,51,doc-4d373684ce4879ed066003f5-p000051-b0001-c0001,5.0,,,,"4. Summary of Undergraduate Course The undergraduate students of different years of the Department of Computer Science and Engineering have to follow the course schedule given below. The letter prefix in any course number indic ates the discipline/subject offering the course viz. HSS for Humanities and Social Science, Business, Management Studies, Language etc., PHY for Physics, CHEM for Chemistry, MTH for Mathematics , ECN for Economics, ACN for Accounting and CSE for Computer Sc ience and Engineering. The first digit in the number indicates the year/level for which the course is intended; the second digit is assigned by the department and the last digit, if odd, indicates a theory course and if even, indicates a laboratory course. Core Courses First Year First Semester Course Code Course Title Credits Pre- Requisite","[""course_code"", ""course_title"", ""credits"", ""prerequisite""]"
step9-development-final-20260929T185115270858Z-84c03a,Q047:banglish,banglish,1,curricula_BSc-Curriculum-New.pdf,curricula_BSc-Curriculum-New.pdf,doc-4d373684ce4879ed066003f5,52,doc-4d373684ce4879ed066003f5-p000052-b0009-c0001,16.0,,,,CHEM 112 Chemistry Lab 1.50 Nil Total 19.50 Second Year First Semester Course Code Course Title Credits Pre- Requisite,"[""course_code"", ""course_title"", ""credits"", ""prerequisite""]"
step9-development-final-20260929T185115270858Z-84c03a,Q047:banglish,banglish,2,curricula_BSc-Curriculum-New.pdf,curricula_BSc-Curriculum-New.pdf,doc-4d373684ce4879ed066003f5,64,doc-4d373684ce4879ed066003f5-p000064-b0011-c0001,16.0,,,,"Course Code: CHEM 112 Course Title: Chemistry Lab Credits: 1.50 Objectives: Laboratory works and assignments will be based on CHEM – 101 Volumetric analysis: acid-base titration, oxidation-reduction titration, determination of Fe, Cu, Ca volumetrically","[""course_code"", ""course_title"", ""credits""]"
step9-development-final-20260929T185115270858Z-84c03a,Q047:banglish,banglish,3,curricula_BSc-Curriculum-New.pdf,curricula_BSc-Curriculum-New.pdf,doc-4d373684ce4879ed066003f5,51,doc-4d373684ce4879ed066003f5-p000051-b0001-c0001,7.0,,,,"4. Summary of Undergraduate Course The undergraduate students of different years of the Department of Computer Science and Engineering have to follow the course schedule given below. The letter prefix in any course number indic ates the discipline/subject offering the course viz. HSS for Humanities and Social Science, Business, Management Studies, Language etc., PHY for Physics, CHEM for Chemistry, MTH for Mathematics , ECN for Economics, ACN for Accounting and CSE for Computer Sc ience and Engineering. The first digit in the number indicates the year/level for which the course is intended; the second digit is assigned by the department and the last digit, if odd, indicates a theory course and if even, indicates a laboratory course. Core Courses First Year First Semester Course Code Course Title Credits Pre- Requisite","[""course_code"", ""course_title"", ""credits"", ""prerequisite""]"
step9-development-final-20260929T185115270858Z-84c03a,Q048:english,english,1,curricula_BSc-Curriculum-New.pdf,curricula_BSc-Curriculum-New.pdf,doc-4d373684ce4879ed066003f5,70,doc-4d373684ce4879ed066003f5-p000070-b0006-c0001,20.0,,,,"Course Code: CSE 203 Course Title: Object Oriented Programming I: Java Credits: 3.00 Prerequisite: CSE 103 Course Contents: Object-Oriented Fundamentals, Encapsulation, Polymorphism, Inheritance, Class, Object, Java Language Introduction, Variabl e Types and operators, Casting, Arrays, Introducing classes, Adding methods to class, constructor, String Handling, Garbage collection, Inheritance, Inner Class, Abstract Classes, Interfaces and Packages, Exception Handling, Java Input / Output, Multithreaded Programming and Synchronization, Applet, Event Handling, Networking with Java, Introducing the Swing, Utility Classes, Java Generics, Introduction to Android. Books: 1. Java The Complete Reference, 8th Edition by Herbert Schildt; McGraw-Hill Osborne 2. Effective Java (2nd Edition) by Joshua Bloch; Addison-Wesley","[""course_code"", ""course_title"", ""credits"", ""prerequisite""]"
step9-development-final-20260929T185115270858Z-84c03a,Q048:english,english,2,curricula_BSc-Curriculum-New.pdf,curricula_BSc-Curriculum-New.pdf,doc-4d373684ce4879ed066003f5,70,doc-4d373684ce4879ed066003f5-p000070-b0007-c0001,20.0,,,,Course Code: CSE 204 Course Title: Object Oriented Programming I: Java Lab Credits: 1.50 Prerequisite: None Laboratory work based on Object Oriented Programming: JA VA(CSE 203),"[""course_code"", ""course_title"", ""credits"", ""prerequisite""]"
step9-development-final-20260929T185115270858Z-84c03a,Q048:english,english,3,curricula_BSc-Curriculum-New.pdf,curricula_BSc-Curriculum-New.pdf,doc-4d373684ce4879ed066003f5,52,doc-4d373684ce4879ed066003f5-p000052-b0010-c0001,18.0,,,,CSE 203 Object Oriented Programming I: Java 3.00 CSE 103,"[""course_code"", ""course_title"", ""credits"", ""prerequisite""]"
step9-development-final-20260929T185115270858Z-84c03a,Q048:bangla,bangla,1,curricula_BSc-Curriculum-New.pdf,curricula_BSc-Curriculum-New.pdf,doc-4d373684ce4879ed066003f5,52,doc-4d373684ce4879ed066003f5-p000052-b0010-c0001,18.0,,,,CSE 203 Object Oriented Programming I: Java 3.00 CSE 103,"[""course_code"", ""course_title"", ""credits"", ""prerequisite""]"
step9-development-final-20260929T185115270858Z-84c03a,Q048:bangla,bangla,2,curricula_BSc-Curriculum-New.pdf,curricula_BSc-Curriculum-New.pdf,doc-4d373684ce4879ed066003f5,70,doc-4d373684ce4879ed066003f5-p000070-b0006-c0001,18.0,,,,"Course Code: CSE 203 Course Title: Object Oriented Programming I: Java Credits: 3.00 Prerequisite: CSE 103 Course Contents: Object-Oriented Fundamentals, Encapsulation, Polymorphism, Inheritance, Class, Object, Java Language Introduction, Variabl e Types and operators, Casting, Arrays, Introducing classes, Adding methods to class, constructor, String Handling, Garbage collection, Inheritance, Inner Class, Abstract Classes, Interfaces and Packages, Exception Handling, Java Input / Output, Multithreaded Programming and Synchronization, Applet, Event Handling, Networking with Java, Introducing the Swing, Utility Classes, Java Generics, Introduction to Android. Books: 1. Java The Complete Reference, 8th Edition by Herbert Schildt; McGraw-Hill Osborne 2. Effective Java (2nd Edition) by Joshua Bloch; Addison-Wesley","[""course_code"", ""course_title"", ""credits"", ""prerequisite""]"
step9-development-final-20260929T185115270858Z-84c03a,Q048:bangla,bangla,3,curricula_BSc-Curriculum-New.pdf,curricula_BSc-Curriculum-New.pdf,doc-4d373684ce4879ed066003f5,70,doc-4d373684ce4879ed066003f5-p000070-b0007-c0001,18.0,,,,Course Code: CSE 204 Course Title: Object Oriented Programming I: Java Lab Credits: 1.50 Prerequisite: None Laboratory work based on Object Oriented Programming: JA VA(CSE 203),"[""course_code"", ""course_title"", ""credits"", ""prerequisite""]"
step9-development-final-20260929T185115270858Z-84c03a,Q048:banglish,banglish,1,curricula_BSc-Curriculum-New.pdf,curricula_BSc-Curriculum-New.pdf,doc-4d373684ce4879ed066003f5,70,doc-4d373684ce4879ed066003f5-p000070-b0006-c0001,20.0,,,,"Course Code: CSE 203 Course Title: Object Oriented Programming I: Java Credits: 3.00 Prerequisite: CSE 103 Course Contents: Object-Oriented Fundamentals, Encapsulation, Polymorphism, Inheritance, Class, Object, Java Language Introduction, Variabl e Types and operators, Casting, Arrays, Introducing classes, Adding methods to class, constructor, String Handling, Garbage collection, Inheritance, Inner Class, Abstract Classes, Interfaces and Packages, Exception Handling, Java Input / Output, Multithreaded Programming and Synchronization, Applet, Event Handling, Networking with Java, Introducing the Swing, Utility Classes, Java Generics, Introduction to Android. Books: 1. Java The Complete Reference, 8th Edition by Herbert Schildt; McGraw-Hill Osborne 2. Effective Java (2nd Edition) by Joshua Bloch; Addison-Wesley","[""course_code"", ""course_title"", ""credits"", ""prerequisite""]"
step9-development-final-20260929T185115270858Z-84c03a,Q048:banglish,banglish,2,curricula_BSc-Curriculum-New.pdf,curricula_BSc-Curriculum-New.pdf,doc-4d373684ce4879ed066003f5,70,doc-4d373684ce4879ed066003f5-p000070-b0007-c0001,20.0,,,,Course Code: CSE 204 Course Title: Object Oriented Programming I: Java Lab Credits: 1.50 Prerequisite: None Laboratory work based on Object Oriented Programming: JA VA(CSE 203),"[""course_code"", ""course_title"", ""credits"", ""prerequisite""]"
step9-development-final-20260929T185115270858Z-84c03a,Q048:banglish,banglish,3,curricula_BSc-Curriculum-New.pdf,curricula_BSc-Curriculum-New.pdf,doc-4d373684ce4879ed066003f5,52,doc-4d373684ce4879ed066003f5-p000052-b0010-c0001,18.0,,,,CSE 203 Object Oriented Programming I: Java 3.00 CSE 103,"[""course_code"", ""course_title"", ""credits"", ""prerequisite""]"
step9-development-final-20260929T185115270858Z-84c03a,Q049:english,english,1,curricula_BSc-Curriculum-New.pdf,curricula_BSc-Curriculum-New.pdf,doc-4d373684ce4879ed066003f5,70,doc-4d373684ce4879ed066003f5-p000070-b0007-c0001,24.0,,,,Course Code: CSE 204 Course Title: Object Oriented Programming I: Java Lab Credits: 1.50 Prerequisite: None Laboratory work based on Object Oriented Programming: JA VA(CSE 203),"[""course_code"", ""course_title"", ""credits"", ""prerequisite""]"
step9-development-final-20260929T185115270858Z-84c03a,Q049:english,english,2,curricula_BSc-Curriculum-New.pdf,curricula_BSc-Curriculum-New.pdf,doc-4d373684ce4879ed066003f5,52,doc-4d373684ce4879ed066003f5-p000052-b0011-c0001,22.0,,,,CSE 204 Object Oriented Programming I Lab: Java Lab 1.50 Nil,"[""course_code"", ""course_title"", ""credits"", ""prerequisite""]"
step9-development-final-20260929T185115270858Z-84c03a,Q049:english,english,3,curricula_BSc-Curriculum-New.pdf,curricula_BSc-Curriculum-New.pdf,doc-4d373684ce4879ed066003f5,77,doc-4d373684ce4879ed066003f5-p000077-b0005-c0001,14.0,,,,Course Code: CSE 310 Course Title: Object Oriented Programming II Lab:Visual and Web Programming Lab Credits: 1.50 Prerequisite: None Laboratory work based on Visual and Web Programming (CSE 211).,"[""course_code"", ""course_title"", ""credits"", ""prerequisite""]"
step9-development-final-20260929T185115270858Z-84c03a,Q049:bangla,bangla,1,curricula_BSc-Curriculum-New.pdf,curricula_BSc-Curriculum-New.pdf,doc-4d373684ce4879ed066003f5,52,doc-4d373684ce4879ed066003f5-p000052-b0011-c0001,22.0,,,,CSE 204 Object Oriented Programming I Lab: Java Lab 1.50 Nil,"[""course_code"", ""course_title"", ""credits"", ""prerequisite""]"
step9-development-final-20260929T185115270858Z-84c03a,Q049:bangla,bangla,2,curricula_BSc-Curriculum-New.pdf,curricula_BSc-Curriculum-New.pdf,doc-4d373684ce4879ed066003f5,70,doc-4d373684ce4879ed066003f5-p000070-b0007-c0001,22.0,,,,Course Code: CSE 204 Course Title: Object Oriented Programming I: Java Lab Credits: 1.50 Prerequisite: None Laboratory work based on Object Oriented Programming: JA VA(CSE 203),"[""course_code"", ""course_title"", ""credits"", ""prerequisite""]"
step9-development-final-20260929T185115270858Z-84c03a,Q049:bangla,bangla,3,curricula_BSc-Curriculum-New.pdf,curricula_BSc-Curriculum-New.pdf,doc-4d373684ce4879ed066003f5,53,doc-4d373684ce4879ed066003f5-p000053-b0016-c0001,12.0,,,,CSE 310 Object Oriented Programming II Lab:Visual and Web Programming Lab 1.50 Nil,"[""course_code"", ""course_title"", ""credits"", ""prerequisite""]"
step9-development-final-20260929T185115270858Z-84c03a,Q049:banglish,banglish,1,curricula_BSc-Curriculum-New.pdf,curricula_BSc-Curriculum-New.pdf,doc-4d373684ce4879ed066003f5,70,doc-4d373684ce4879ed066003f5-p000070-b0007-c0001,24.0,,,,Course Code: CSE 204 Course Title: Object Oriented Programming I: Java Lab Credits: 1.50 Prerequisite: None Laboratory work based on Object Oriented Programming: JA VA(CSE 203),"[""course_code"", ""course_title"", ""credits"", ""prerequisite""]"
step9-development-final-20260929T185115270858Z-84c03a,Q049:banglish,banglish,2,curricula_BSc-Curriculum-New.pdf,curricula_BSc-Curriculum-New.pdf,doc-4d373684ce4879ed066003f5,52,doc-4d373684ce4879ed066003f5-p000052-b0011-c0001,22.0,,,,CSE 204 Object Oriented Programming I Lab: Java Lab 1.50 Nil,"[""course_code"", ""course_title"", ""credits"", ""prerequisite""]"
step9-development-final-20260929T185115270858Z-84c03a,Q049:banglish,banglish,3,curricula_BSc-Curriculum-New.pdf,curricula_BSc-Curriculum-New.pdf,doc-4d373684ce4879ed066003f5,77,doc-4d373684ce4879ed066003f5-p000077-b0005-c0001,14.0,,,,Course Code: CSE 310 Course Title: Object Oriented Programming II Lab:Visual and Web Programming Lab Credits: 1.50 Prerequisite: None Laboratory work based on Visual and Web Programming (CSE 211).,"[""course_code"", ""course_title"", ""credits"", ""prerequisite""]"
step9-development-final-20260929T185115270858Z-84c03a,Q050:english,english,1,curricula_BSc-Curriculum-New.pdf,curricula_BSc-Curriculum-New.pdf,doc-4d373684ce4879ed066003f5,68,doc-4d373684ce4879ed066003f5-p000068-b0002-c0001,16.0,,,,"Course Code: CSE 205 Course Title: Data Structures Credits: 3.00 Prerequisite: CSE 101, CSE 103, CSE 105 Introduction to Data Structures, Purposes of data stru cture, operations. Complexity of Algorithms: Asymptotic Notation and Runtime Analysis of Algorithms, Array: Insertion, Deletion, Matrix representation of arrays, Multidimensional arrays, Pointers arrays, Record structures, Representation of records in memory; parallel arrays. Sparse matrices. Usefulness of sparse matrices. Strings: implementations and developing algorithms using strings. Linked List: Singly Linked Lists, Doubly Linked Lists and Circular Linked Lists. Basic Operations on Linked List (Insertion, Deletion, Searching, Sorting and Traverse). Stack: Basic Stack Operations (Push and Pop Operations), Infix, Postfix and Prefix Notation of Arithmetic Expressions, Conversions and Evaluations of Arithmetic Expressions Using Stack, Recursion: Direct and indirect recursion, Simulation of recursion, Depth of recursion, Removal of recursion. Towers of Hanoi using recursion. Queue: Basic Queue Operations (Insertion and Deletion), types of Queue, Linear Queue, Priority Queue, Circular Queue and Double-ended Queue, Searching – Sequential Searching, Binary Searching, Basic Sorting: Quick Sort, Merge Sort, Selection Sort, Inserting Sort, Radix Sort, Counting Sort, External Sort, Trees: Basic terminology, Binary Tree: Binary tree representation, Traversal of Binary Tree (Inorder, Preorder and Postorder), Application of Binary Trees. Set Representation, Counting Binary Trees, Binary Search Tree: BST representation, Basic","[""course_code"", ""course_title"", ""credits"", ""prerequisite""]"
step9-development-final-20260929T185115270858Z-84c03a,Q050:english,english,2,curricula_BSc-Curriculum-New.pdf,curricula_BSc-Curriculum-New.pdf,doc-4d373684ce4879ed066003f5,52,doc-4d373684ce4879ed066003f5-p000052-b0012-c0001,14.0,,,,"CSE 205 Data Structures 3.00 CSE 101, CSE103, CSE 105","[""course_code"", ""course_title"", ""credits"", ""prerequisite""]"
step9-development-final-20260929T185115270858Z-84c03a,Q050:english,english,3,curricula_BSc-Curriculum-New.pdf,curricula_BSc-Curriculum-New.pdf,doc-4d373684ce4879ed066003f5,71,doc-4d373684ce4879ed066003f5-p000071-b0003-c0001,12.0,,,,"Course Code: CSE 207 Course Title: Algorithm Credits: 3.00 Prerequisite: CSE 103, CSE 205 Introduction: The role of algorithms in computing. Complexity analysis: Growth of function, asymptotic notations, orders, designing worst case and average-case. Recurrence relations : Substitution method, iteration method, master method. Divide and Conquer: Basic idea, control structure properties of D & C, applications of D & C. Dynamic Programming : Elements of Dynamic Programming, Comparison with D & C. Application of Dynamic programming in: Optimal binary search tree, 0/1 Knapsack problem. Greedy Method : Elements of greedy method, basic control structure, Application of Greedy method in: Minimum cost span ning tree, Huffman code, Job sequencing with deadline. Backtracking: Basic idea behind backtracking, control structure. Application of backtracking in: graph coloring problem, n -queens problems. Branch and Bound : Basic idea and control structure of Branch and Bound. FIFO branch and Bound, LC Branch and Bound, the l5 -puzzle problem. Graph related algorithms: Breadth First search, Depth First search, Topological sort, Dijkstra's shortest path algorithm, The Bellman -Ford algorithm for single source shortest p ath, The Floyd -War shall algorithm for all pair shortest path, Johnson's algorithm for sparse graph, Flow networks, the Ford -Fulkerson","[""course_code"", ""course_title"", ""credits"", ""prerequisite""]"
step9-development-final-20260929T185115270858Z-84c03a,Q050:bangla,bangla,1,curricula_BSc-Curriculum-New.pdf,curricula_BSc-Curriculum-New.pdf,doc-4d373684ce4879ed066003f5,52,doc-4d373684ce4879ed066003f5-p000052-b0012-c0001,14.0,,,,"CSE 205 Data Structures 3.00 CSE 101, CSE103, CSE 105","[""course_code"", ""course_title"", ""credits"", ""prerequisite""]"
step9-development-final-20260929T185115270858Z-84c03a,Q050:bangla,bangla,2,curricula_BSc-Curriculum-New.pdf,curricula_BSc-Curriculum-New.pdf,doc-4d373684ce4879ed066003f5,68,doc-4d373684ce4879ed066003f5-p000068-b0002-c0001,14.0,,,,"Course Code: CSE 205 Course Title: Data Structures Credits: 3.00 Prerequisite: CSE 101, CSE 103, CSE 105 Introduction to Data Structures, Purposes of data stru cture, operations. Complexity of Algorithms: Asymptotic Notation and Runtime Analysis of Algorithms, Array: Insertion, Deletion, Matrix representation of arrays, Multidimensional arrays, Pointers arrays, Record structures, Representation of records in memory; parallel arrays. Sparse matrices. Usefulness of sparse matrices. Strings: implementations and developing algorithms using strings. Linked List: Singly Linked Lists, Doubly Linked Lists and Circular Linked Lists. Basic Operations on Linked List (Insertion, Deletion, Searching, Sorting and Traverse). Stack: Basic Stack Operations (Push and Pop Operations), Infix, Postfix and Prefix Notation of Arithmetic Expressions, Conversions and Evaluations of Arithmetic Expressions Using Stack, Recursion: Direct and indirect recursion, Simulation of recursion, Depth of recursion, Removal of recursion. Towers of Hanoi using recursion. Queue: Basic Queue Operations (Insertion and Deletion), types of Queue, Linear Queue, Priority Queue, Circular Queue and Double-ended Queue, Searching – Sequential Searching, Binary Searching, Basic Sorting: Quick Sort, Merge Sort, Selection Sort, Inserting Sort, Radix Sort, Counting Sort, External Sort, Trees: Basic terminology, Binary Tree: Binary tree representation, Traversal of Binary Tree (Inorder, Preorder and Postorder), Application of Binary Trees. Set Representation, Counting Binary Trees, Binary Search Tree: BST representation, Basic","[""course_code"", ""course_title"", ""credits"", ""prerequisite""]"
step9-development-final-20260929T185115270858Z-84c03a,Q050:bangla,bangla,3,curricula_BSc-Curriculum-New.pdf,curricula_BSc-Curriculum-New.pdf,doc-4d373684ce4879ed066003f5,53,doc-4d373684ce4879ed066003f5-p000053-b0002-c0001,10.0,,,,"CSE 207 Algorithms 3.00 CSE 103, CSE 205","[""course_code"", ""course_title"", ""credits"", ""prerequisite""]"
step9-development-final-20260929T185115270858Z-84c03a,Q050:banglish,banglish,1,curricula_BSc-Curriculum-New.pdf,curricula_BSc-Curriculum-New.pdf,doc-4d373684ce4879ed066003f5,68,doc-4d373684ce4879ed066003f5-p000068-b0002-c0001,16.0,,,,"Course Code: CSE 205 Course Title: Data Structures Credits: 3.00 Prerequisite: CSE 101, CSE 103, CSE 105 Introduction to Data Structures, Purposes of data stru cture, operations. Complexity of Algorithms: Asymptotic Notation and Runtime Analysis of Algorithms, Array: Insertion, Deletion, Matrix representation of arrays, Multidimensional arrays, Pointers arrays, Record structures, Representation of records in memory; parallel arrays. Sparse matrices. Usefulness of sparse matrices. Strings: implementations and developing algorithms using strings. Linked List: Singly Linked Lists, Doubly Linked Lists and Circular Linked Lists. Basic Operations on Linked List (Insertion, Deletion, Searching, Sorting and Traverse). Stack: Basic Stack Operations (Push and Pop Operations), Infix, Postfix and Prefix Notation of Arithmetic Expressions, Conversions and Evaluations of Arithmetic Expressions Using Stack, Recursion: Direct and indirect recursion, Simulation of recursion, Depth of recursion, Removal of recursion. Towers of Hanoi using recursion. Queue: Basic Queue Operations (Insertion and Deletion), types of Queue, Linear Queue, Priority Queue, Circular Queue and Double-ended Queue, Searching – Sequential Searching, Binary Searching, Basic Sorting: Quick Sort, Merge Sort, Selection Sort, Inserting Sort, Radix Sort, Counting Sort, External Sort, Trees: Basic terminology, Binary Tree: Binary tree representation, Traversal of Binary Tree (Inorder, Preorder and Postorder), Application of Binary Trees. Set Representation, Counting Binary Trees, Binary Search Tree: BST representation, Basic","[""course_code"", ""course_title"", ""credits"", ""prerequisite""]"
step9-development-final-20260929T185115270858Z-84c03a,Q050:banglish,banglish,2,curricula_BSc-Curriculum-New.pdf,curricula_BSc-Curriculum-New.pdf,doc-4d373684ce4879ed066003f5,52,doc-4d373684ce4879ed066003f5-p000052-b0012-c0001,14.0,,,,"CSE 205 Data Structures 3.00 CSE 101, CSE103, CSE 105","[""course_code"", ""course_title"", ""credits"", ""prerequisite""]"
step9-development-final-20260929T185115270858Z-84c03a,Q050:banglish,banglish,3,curricula_BSc-Curriculum-New.pdf,curricula_BSc-Curriculum-New.pdf,doc-4d373684ce4879ed066003f5,71,doc-4d373684ce4879ed066003f5-p000071-b0003-c0001,12.0,,,,"Course Code: CSE 207 Course Title: Algorithm Credits: 3.00 Prerequisite: CSE 103, CSE 205 Introduction: The role of algorithms in computing. Complexity analysis: Growth of function, asymptotic notations, orders, designing worst case and average-case. Recurrence relations : Substitution method, iteration method, master method. Divide and Conquer: Basic idea, control structure properties of D & C, applications of D & C. Dynamic Programming : Elements of Dynamic Programming, Comparison with D & C. Application of Dynamic programming in: Optimal binary search tree, 0/1 Knapsack problem. Greedy Method : Elements of greedy method, basic control structure, Application of Greedy method in: Minimum cost span ning tree, Huffman code, Job sequencing with deadline. Backtracking: Basic idea behind backtracking, control structure. Application of backtracking in: graph coloring problem, n -queens problems. Branch and Bound : Basic idea and control structure of Branch and Bound. FIFO branch and Bound, LC Branch and Bound, the l5 -puzzle problem. Graph related algorithms: Breadth First search, Depth First search, Topological sort, Dijkstra's shortest path algorithm, The Bellman -Ford algorithm for single source shortest p ath, The Floyd -War shall algorithm for all pair shortest path, Johnson's algorithm for sparse graph, Flow networks, the Ford -Fulkerson","[""course_code"", ""course_title"", ""credits"", ""prerequisite""]"
step9-development-final-20260929T185115270858Z-84c03a,Q051:english,english,1,curricula_BSc-Curriculum-New.pdf,curricula_BSc-Curriculum-New.pdf,doc-4d373684ce4879ed066003f5,69,doc-4d373684ce4879ed066003f5-p000069-b0003-c0001,18.0,,,,"Course Code: CSE 206 Course Title: Data Structures Lab Credits: 1.50 Prerequisite: None Objectives: Laboratory assignments will be based on Course CSE -205. Students will be able to implement different data strcutures; like Array, String, Linked List, Stack, Queue, Tree, and Graph in any programming language. They will be introduced with different sorting algorithms and advanced data structures. Text Book: 1. Data Structures, Seymour Lipschutz, Schaum‘s outlines, 2nd edition. 2. Data Structures and Program Design, Robert L. Kruse, Prentice Hall. 3. Data structures and problem solving using C++, Second edition Mark Allen Weiss, Pearson Addition Wesley Education. 4. Data Structures Using C and C++, Yedidyah Langsam, Moshe J. Augenstein, and Aaron M. Tenenbaum, Prentice Hall. 5. Data Structures, Edward M. Reigngold. Wilfred J. H ansen, Addison Wesley Publishing Company","[""course_code"", ""course_title"", ""credits"", ""prerequisite""]"
step9-development-final-20260929T185115270858Z-84c03a,Q051:english,english,2,curricula_BSc-Curriculum-New.pdf,curricula_BSc-Curriculum-New.pdf,doc-4d373684ce4879ed066003f5,52,doc-4d373684ce4879ed066003f5-p000052-b0013-c0001,16.0,,,,CSE 206 Data Structures Lab 1.50 Nil,"[""course_code"", ""course_title"", ""credits"", ""prerequisite""]"
step9-development-final-20260929T185115270858Z-84c03a,Q051:english,english,3,curricula_BSc-Curriculum-New.pdf,curricula_BSc-Curriculum-New.pdf,doc-4d373684ce4879ed066003f5,80,doc-4d373684ce4879ed066003f5-p000080-b0007-c0001,14.0,,,,Course Code: CSE 314 Course Title: Numerical Methods Lab Credits: 0.75 Prerequisite: CSE 206 Objectives: Laboratory assignments will be based on Course CSE-313.,"[""course_code"", ""course_title"", ""credits"", ""prerequisite""]"
step9-development-final-20260929T185115270858Z-84c03a,Q051:bangla,bangla,1,curricula_BSc-Curriculum-New.pdf,curricula_BSc-Curriculum-New.pdf,doc-4d373684ce4879ed066003f5,52,doc-4d373684ce4879ed066003f5-p000052-b0013-c0001,16.0,,,,CSE 206 Data Structures Lab 1.50 Nil,"[""course_code"", ""course_title"", ""credits"", ""prerequisite""]"
step9-development-final-20260929T185115270858Z-84c03a,Q051:bangla,bangla,2,curricula_BSc-Curriculum-New.pdf,curricula_BSc-Curriculum-New.pdf,doc-4d373684ce4879ed066003f5,69,doc-4d373684ce4879ed066003f5-p000069-b0003-c0001,16.0,,,,"Course Code: CSE 206 Course Title: Data Structures Lab Credits: 1.50 Prerequisite: None Objectives: Laboratory assignments will be based on Course CSE -205. Students will be able to implement different data strcutures; like Array, String, Linked List, Stack, Queue, Tree, and Graph in any programming language. They will be introduced with different sorting algorithms and advanced data structures. Text Book: 1. Data Structures, Seymour Lipschutz, Schaum‘s outlines, 2nd edition. 2. Data Structures and Program Design, Robert L. Kruse, Prentice Hall. 3. Data structures and problem solving using C++, Second edition Mark Allen Weiss, Pearson Addition Wesley Education. 4. Data Structures Using C and C++, Yedidyah Langsam, Moshe J. Augenstein, and Aaron M. Tenenbaum, Prentice Hall. 5. Data Structures, Edward M. Reigngold. Wilfred J. H ansen, Addison Wesley Publishing Company","[""course_code"", ""course_title"", ""credits"", ""prerequisite""]"
step9-development-final-20260929T185115270858Z-84c03a,Q051:bangla,bangla,3,curricula_BSc-Curriculum-New.pdf,curricula_BSc-Curriculum-New.pdf,doc-4d373684ce4879ed066003f5,54,doc-4d373684ce4879ed066003f5-p000054-b0005-c0001,12.0,,,,CSE 314 Numerical Methods Lab 0.75 CSE 206,"[""course_code"", ""course_title"", ""credits"", ""prerequisite""]"
step9-development-final-20260929T185115270858Z-84c03a,Q051:banglish,banglish,1,curricula_BSc-Curriculum-New.pdf,curricula_BSc-Curriculum-New.pdf,doc-4d373684ce4879ed066003f5,69,doc-4d373684ce4879ed066003f5-p000069-b0003-c0001,18.0,,,,"Course Code: CSE 206 Course Title: Data Structures Lab Credits: 1.50 Prerequisite: None Objectives: Laboratory assignments will be based on Course CSE -205. Students will be able to implement different data strcutures; like Array, String, Linked List, Stack, Queue, Tree, and Graph in any programming language. They will be introduced with different sorting algorithms and advanced data structures. Text Book: 1. Data Structures, Seymour Lipschutz, Schaum‘s outlines, 2nd edition. 2. Data Structures and Program Design, Robert L. Kruse, Prentice Hall. 3. Data structures and problem solving using C++, Second edition Mark Allen Weiss, Pearson Addition Wesley Education. 4. Data Structures Using C and C++, Yedidyah Langsam, Moshe J. Augenstein, and Aaron M. Tenenbaum, Prentice Hall. 5. Data Structures, Edward M. Reigngold. Wilfred J. H ansen, Addison Wesley Publishing Company","[""course_code"", ""course_title"", ""credits"", ""prerequisite""]"
step9-development-final-20260929T185115270858Z-84c03a,Q051:banglish,banglish,2,curricula_BSc-Curriculum-New.pdf,curricula_BSc-Curriculum-New.pdf,doc-4d373684ce4879ed066003f5,52,doc-4d373684ce4879ed066003f5-p000052-b0013-c0001,16.0,,,,CSE 206 Data Structures Lab 1.50 Nil,"[""course_code"", ""course_title"", ""credits"", ""prerequisite""]"
step9-development-final-20260929T185115270858Z-84c03a,Q051:banglish,banglish,3,curricula_BSc-Curriculum-New.pdf,curricula_BSc-Curriculum-New.pdf,doc-4d373684ce4879ed066003f5,80,doc-4d373684ce4879ed066003f5-p000080-b0007-c0001,14.0,,,,Course Code: CSE 314 Course Title: Numerical Methods Lab Credits: 0.75 Prerequisite: CSE 206 Objectives: Laboratory assignments will be based on Course CSE-313.,"[""course_code"", ""course_title"", ""credits"", ""prerequisite""]"
step9-development-final-20260929T185115270858Z-84c03a,Q052:english,english,1,curricula_BSc-Curriculum-New.pdf,curricula_BSc-Curriculum-New.pdf,doc-4d373684ce4879ed066003f5,67,doc-4d373684ce4879ed066003f5-p000067-b0009-c0001,20.0,,,,"Course Code: MTH 201 Course Title: Math III: Multivariable Calculus Credits: 3.00 Prerequisite: MTH 103, MTH 101 Vectors and the Ge ometry of Space: Cylinders and Quadric Surfaces. Vector Functions: Vector Functions and Space Curves, Derivatives and Integrals of Vector, Functions, Arc Length and Curvature, Motion in Space: Velocity and Acceleration. Partial Derivatives: Functions of Se veral Variables, Limits and Continuity, Partial Derivatives, Tangent Planes and Linear Approximations, The Chain Rule, Directional Derivatives and the Gradient Vector, Maximum and Minimum Values, Lagrange Multipliers. Multiple Integrals: Double Integrals o ver Rectangles, Iterated Integrals, Double Integrals over General Regions, Double Integrals in Polar Coordinates, Applications of Double Integrals, Surface Area, Triple Integrals, Triple Integrals in Cylindrical Coordinates, Triple Integrals in Spherical Coordinates, Change of Variables in Multiple Integrals. Vector Calculus: Vector Fields, Line Integrals, The Fundamental Theorem for Line Integrals, Green‘s Theorem, Curl and Divergence, Parametric Surfaces and Their Areas, Surface Integrals, Stokes‘ Theore m, The Divergence Theorem. Books Recommended: 1. James Stewart, Multivariable Calculus, Cengage Learning. 2. Edwards, Henry C., and David E. Penney. Multivariable Calculus, Prentice Hall.","[""course_code"", ""course_title"", ""credits"", ""prerequisite"", ""policy""]"
step9-development-final-20260929T185115270858Z-84c03a,Q052:english,english,2,curricula_BSc-Curriculum-New.pdf,curricula_BSc-Curriculum-New.pdf,doc-4d373684ce4879ed066003f5,52,doc-4d373684ce4879ed066003f5-p000052-b0014-c0001,18.0,,,,"MTH 201 Math III: Multivariable Calculus 3.00 MTH 103, MTH 101","[""course_code"", ""course_title"", ""credits"", ""prerequisite""]"
step9-development-final-20260929T185115270858Z-84c03a,Q052:english,english,3,curricula_BSc-Curriculum-New.pdf,curricula_BSc-Curriculum-New.pdf,doc-4d373684ce4879ed066003f5,72,doc-4d373684ce4879ed066003f5-p000072-b0006-c0001,14.0,,,,"Course Code: MTH 205 Course Title: Math IV: Differential Equations and Fourier and Laplace Transformation Credits: 3.00 Prerequisite: MTH 201 Basic Concepts: Introduction and First Definitions, Direction fields. First Order Differential Equations: Linear Equations, Separable Equations, Exact Equations, Bernoulli Differential Equations, Substitutions, Intervals of Validity, Modeling with First Order Differential Equations, Equilibrium Solutions, Euler‘s Method. Laplace Transforms: Laplace Transforms, Inverse Laplace Transforms, Step Functions, Solving Initial Value Problems with Laplace Transforms. Systems of Differential Equations: Second Order Equations and Systems, Euler's Method for Systems, Qualitative Analysis, Linear Systems (Vector Representati ons of Solutions of Linear Systems, Eigenvalues and Eigenvectors Technique, Qualitative Analysis of Linear Systems), Nonlinear Systems (Equilibrium Point Analysis: Linearization Technique). Series Solutions: Series Solutions, Euler Equations. Higher Order Differential Equations: Basic Concepts for n th Order Linear Equations, Linear Homogeneous Differential Equations, Undetermined Coefficients, Variation of Parameters, Laplace Transforms, Systems of Differential Equations, Series Solutions. Boundary Value Problems & Fourier Series: Boundary Value Problems, Eigenvalues and Eigenfunctions, Periodic Functions and Orthogonal Functions, Fourier Sine Series, Fourier Cosine Series, Fourier Series, Convergence of Fourier Series. Partial Differential Equations: The Heat Equation, The Wave Equation, Terminology, Separation of Variables, Solving the Heat Equation, Heat Equation with Non -Zero Temperature Boundaries, Laplace‘s Equation, Vibrating String.","[""course_code"", ""course_title"", ""credits"", ""prerequisite""]"
step9-development-final-20260929T185115270858Z-84c03a,Q052:bangla,bangla,1,curricula_BSc-Curriculum-New.pdf,curricula_BSc-Curriculum-New.pdf,doc-4d373684ce4879ed066003f5,52,doc-4d373684ce4879ed066003f5-p000052-b0014-c0001,18.0,,,,"MTH 201 Math III: Multivariable Calculus 3.00 MTH 103, MTH 101","[""course_code"", ""course_title"", ""credits"", ""prerequisite""]"
step9-development-final-20260929T185115270858Z-84c03a,Q052:bangla,bangla,2,curricula_BSc-Curriculum-New.pdf,curricula_BSc-Curriculum-New.pdf,doc-4d373684ce4879ed066003f5,67,doc-4d373684ce4879ed066003f5-p000067-b0009-c0001,18.0,,,,"Course Code: MTH 201 Course Title: Math III: Multivariable Calculus Credits: 3.00 Prerequisite: MTH 103, MTH 101 Vectors and the Ge ometry of Space: Cylinders and Quadric Surfaces. Vector Functions: Vector Functions and Space Curves, Derivatives and Integrals of Vector, Functions, Arc Length and Curvature, Motion in Space: Velocity and Acceleration. Partial Derivatives: Functions of Se veral Variables, Limits and Continuity, Partial Derivatives, Tangent Planes and Linear Approximations, The Chain Rule, Directional Derivatives and the Gradient Vector, Maximum and Minimum Values, Lagrange Multipliers. Multiple Integrals: Double Integrals o ver Rectangles, Iterated Integrals, Double Integrals over General Regions, Double Integrals in Polar Coordinates, Applications of Double Integrals, Surface Area, Triple Integrals, Triple Integrals in Cylindrical Coordinates, Triple Integrals in Spherical Coordinates, Change of Variables in Multiple Integrals. Vector Calculus: Vector Fields, Line Integrals, The Fundamental Theorem for Line Integrals, Green‘s Theorem, Curl and Divergence, Parametric Surfaces and Their Areas, Surface Integrals, Stokes‘ Theore m, The Divergence Theorem. Books Recommended: 1. James Stewart, Multivariable Calculus, Cengage Learning. 2. Edwards, Henry C., and David E. Penney. Multivariable Calculus, Prentice Hall.","[""course_code"", ""course_title"", ""credits"", ""prerequisite"", ""policy""]"
step9-development-final-20260929T185115270858Z-84c03a,Q052:bangla,bangla,3,curricula_BSc-Curriculum-New.pdf,curricula_BSc-Curriculum-New.pdf,doc-4d373684ce4879ed066003f5,53,doc-4d373684ce4879ed066003f5-p000053-b0008-c0001,12.0,,,,MTH 205 Math IV: Differential Equations and Fourier and Laplace Transformations. 3.00 MTH 201,"[""course_code"", ""course_title"", ""credits"", ""prerequisite""]"
step9-development-final-20260929T185115270858Z-84c03a,Q052:banglish,banglish,1,curricula_BSc-Curriculum-New.pdf,curricula_BSc-Curriculum-New.pdf,doc-4d373684ce4879ed066003f5,67,doc-4d373684ce4879ed066003f5-p000067-b0009-c0001,20.0,,,,"Course Code: MTH 201 Course Title: Math III: Multivariable Calculus Credits: 3.00 Prerequisite: MTH 103, MTH 101 Vectors and the Ge ometry of Space: Cylinders and Quadric Surfaces. Vector Functions: Vector Functions and Space Curves, Derivatives and Integrals of Vector, Functions, Arc Length and Curvature, Motion in Space: Velocity and Acceleration. Partial Derivatives: Functions of Se veral Variables, Limits and Continuity, Partial Derivatives, Tangent Planes and Linear Approximations, The Chain Rule, Directional Derivatives and the Gradient Vector, Maximum and Minimum Values, Lagrange Multipliers. Multiple Integrals: Double Integrals o ver Rectangles, Iterated Integrals, Double Integrals over General Regions, Double Integrals in Polar Coordinates, Applications of Double Integrals, Surface Area, Triple Integrals, Triple Integrals in Cylindrical Coordinates, Triple Integrals in Spherical Coordinates, Change of Variables in Multiple Integrals. Vector Calculus: Vector Fields, Line Integrals, The Fundamental Theorem for Line Integrals, Green‘s Theorem, Curl and Divergence, Parametric Surfaces and Their Areas, Surface Integrals, Stokes‘ Theore m, The Divergence Theorem. Books Recommended: 1. James Stewart, Multivariable Calculus, Cengage Learning. 2. Edwards, Henry C., and David E. Penney. Multivariable Calculus, Prentice Hall.","[""course_code"", ""course_title"", ""credits"", ""prerequisite"", ""policy""]"
step9-development-final-20260929T185115270858Z-84c03a,Q052:banglish,banglish,2,curricula_BSc-Curriculum-New.pdf,curricula_BSc-Curriculum-New.pdf,doc-4d373684ce4879ed066003f5,52,doc-4d373684ce4879ed066003f5-p000052-b0014-c0001,18.0,,,,"MTH 201 Math III: Multivariable Calculus 3.00 MTH 103, MTH 101","[""course_code"", ""course_title"", ""credits"", ""prerequisite""]"
step9-development-final-20260929T185115270858Z-84c03a,Q052:banglish,banglish,3,curricula_BSc-Curriculum-New.pdf,curricula_BSc-Curriculum-New.pdf,doc-4d373684ce4879ed066003f5,72,doc-4d373684ce4879ed066003f5-p000072-b0006-c0001,14.0,,,,"Course Code: MTH 205 Course Title: Math IV: Differential Equations and Fourier and Laplace Transformation Credits: 3.00 Prerequisite: MTH 201 Basic Concepts: Introduction and First Definitions, Direction fields. First Order Differential Equations: Linear Equations, Separable Equations, Exact Equations, Bernoulli Differential Equations, Substitutions, Intervals of Validity, Modeling with First Order Differential Equations, Equilibrium Solutions, Euler‘s Method. Laplace Transforms: Laplace Transforms, Inverse Laplace Transforms, Step Functions, Solving Initial Value Problems with Laplace Transforms. Systems of Differential Equations: Second Order Equations and Systems, Euler's Method for Systems, Qualitative Analysis, Linear Systems (Vector Representati ons of Solutions of Linear Systems, Eigenvalues and Eigenvectors Technique, Qualitative Analysis of Linear Systems), Nonlinear Systems (Equilibrium Point Analysis: Linearization Technique). Series Solutions: Series Solutions, Euler Equations. Higher Order Differential Equations: Basic Concepts for n th Order Linear Equations, Linear Homogeneous Differential Equations, Undetermined Coefficients, Variation of Parameters, Laplace Transforms, Systems of Differential Equations, Series Solutions. Boundary Value Problems & Fourier Series: Boundary Value Problems, Eigenvalues and Eigenfunctions, Periodic Functions and Orthogonal Functions, Fourier Sine Series, Fourier Cosine Series, Fourier Series, Convergence of Fourier Series. Partial Differential Equations: The Heat Equation, The Wave Equation, Terminology, Separation of Variables, Solving the Heat Equation, Heat Equation with Non -Zero Temperature Boundaries, Laplace‘s Equation, Vibrating String.","[""course_code"", ""course_title"", ""credits"", ""prerequisite""]"
step9-development-final-20260929T185115270858Z-84c03a,Q053:english,english,1,curricula_BSc-Curriculum-New.pdf,curricula_BSc-Curriculum-New.pdf,doc-4d373684ce4879ed066003f5,68,doc-4d373684ce4879ed066003f5-p000068-b0001-c0001,19.0,,,,"Course Code: EEE 221 Course Title: Electrical & Electronics Engineering II Credits: 4.00 Prerequisite: None Electrical Drives: 3- balanced and unbalanced circuit analysis, DC Generator: Principles, operations and characteristics study; DC Motor: Principles, operations and characteristics study, Transformer: Principles , operations and characteristics study, 3 - induction motor: Principles, operations and characteristics study, Stepper motor: Principles, operations and characteristics study. Instrumentation: Transducers, Solenoids, Relay, Stepper Motor, Digital -Multi-meter, Digital -Watt-meter. Digital Electronics: Introduction to MOSFET, Basic terminology; TTL, NMOS and CMOS logic; Digital to analog converter: specifications, weighted and R-2R ladder; Analog to Digital converter: specifications, Flash, Successive Approximation, Dual -slope converters, etc.; Memory elements: ROM, static RAM and dynamic RAM, memory expansion. Pulse Techniques: Operational amplifier: linear applications, dc performance, ac performance; Design of Active filters: low pass, high pass and band pas s; Square, triangular and saw tooth wave generation techniques, 555 timers and their applications, application of Schmitt triggers in wave shaping, application of diodes in clipping and clamping, application of inverter, chopper, rectifier, and switch mode power supply. Books: 1. A Text Book of Electrical Technology II – B L Thereja, Chand (S) & Co Ltd ,India. 2. Power Electronics, Daniel Hart, McGraw-Hill. 3. Digital System Principles and Applications – Ronald j Tocci, Neal Widmer & Greq Moss, Prentice Hall. 4. Operational Amplifier Circuits: Theory and Applications, E J Kennedy, Oxford University Press, USA","[""course_code"", ""course_title"", ""credits"", ""prerequisite""]"
step9-development-final-20260929T185115270858Z-84c03a,Q053:english,english,2,curricula_BSc-Curriculum-New.pdf,curricula_BSc-Curriculum-New.pdf,doc-4d373684ce4879ed066003f5,69,doc-4d373684ce4879ed066003f5-p000069-b0004-c0001,19.0,,,,Course Code: EEE 222 Course Title: Electrical & Electronics Engineering II Lab Credits: 1.50 Prerequisite: None Laboratory work based on EEE 221.,"[""course_code"", ""course_title"", ""credits"", ""prerequisite""]"
step9-development-final-20260929T185115270858Z-84c03a,Q053:english,english,3,curricula_BSc-Curriculum-New.pdf,curricula_BSc-Curriculum-New.pdf,doc-4d373684ce4879ed066003f5,52,doc-4d373684ce4879ed066003f5-p000052-b0015-c0001,16.0,,,,EEE 221 Electrical & Electronic EngineeringII 4.00 Nil,"[""course_code"", ""course_title"", ""credits"", ""prerequisite""]"
step9-development-final-20260929T185115270858Z-84c03a,Q053:bangla,bangla,1,curricula_BSc-Curriculum-New.pdf,curricula_BSc-Curriculum-New.pdf,doc-4d373684ce4879ed066003f5,68,doc-4d373684ce4879ed066003f5-p000068-b0001-c0001,17.0,,,,"Course Code: EEE 221 Course Title: Electrical & Electronics Engineering II Credits: 4.00 Prerequisite: None Electrical Drives: 3- balanced and unbalanced circuit analysis, DC Generator: Principles, operations and characteristics study; DC Motor: Principles, operations and characteristics study, Transformer: Principles , operations and characteristics study, 3 - induction motor: Principles, operations and characteristics study, Stepper motor: Principles, operations and characteristics study. Instrumentation: Transducers, Solenoids, Relay, Stepper Motor, Digital -Multi-meter, Digital -Watt-meter. Digital Electronics: Introduction to MOSFET, Basic terminology; TTL, NMOS and CMOS logic; Digital to analog converter: specifications, weighted and R-2R ladder; Analog to Digital converter: specifications, Flash, Successive Approximation, Dual -slope converters, etc.; Memory elements: ROM, static RAM and dynamic RAM, memory expansion. Pulse Techniques: Operational amplifier: linear applications, dc performance, ac performance; Design of Active filters: low pass, high pass and band pas s; Square, triangular and saw tooth wave generation techniques, 555 timers and their applications, application of Schmitt triggers in wave shaping, application of diodes in clipping and clamping, application of inverter, chopper, rectifier, and switch mode power supply. Books: 1. A Text Book of Electrical Technology II – B L Thereja, Chand (S) & Co Ltd ,India. 2. Power Electronics, Daniel Hart, McGraw-Hill. 3. Digital System Principles and Applications – Ronald j Tocci, Neal Widmer & Greq Moss, Prentice Hall. 4. Operational Amplifier Circuits: Theory and Applications, E J Kennedy, Oxford University Press, USA","[""course_code"", ""course_title"", ""credits"", ""prerequisite""]"
step9-development-final-20260929T185115270858Z-84c03a,Q053:bangla,bangla,2,curricula_BSc-Curriculum-New.pdf,curricula_BSc-Curriculum-New.pdf,doc-4d373684ce4879ed066003f5,69,doc-4d373684ce4879ed066003f5-p000069-b0004-c0001,17.0,,,,Course Code: EEE 222 Course Title: Electrical & Electronics Engineering II Lab Credits: 1.50 Prerequisite: None Laboratory work based on EEE 221.,"[""course_code"", ""course_title"", ""credits"", ""prerequisite""]"
step9-development-final-20260929T185115270858Z-84c03a,Q053:bangla,bangla,3,curricula_BSc-Curriculum-New.pdf,curricula_BSc-Curriculum-New.pdf,doc-4d373684ce4879ed066003f5,52,doc-4d373684ce4879ed066003f5-p000052-b0015-c0001,16.0,,,,EEE 221 Electrical & Electronic EngineeringII 4.00 Nil,"[""course_code"", ""course_title"", ""credits"", ""prerequisite""]"
step9-development-final-20260929T185115270858Z-84c03a,Q053:banglish,banglish,1,curricula_BSc-Curriculum-New.pdf,curricula_BSc-Curriculum-New.pdf,doc-4d373684ce4879ed066003f5,68,doc-4d373684ce4879ed066003f5-p000068-b0001-c0001,19.0,,,,"Course Code: EEE 221 Course Title: Electrical & Electronics Engineering II Credits: 4.00 Prerequisite: None Electrical Drives: 3- balanced and unbalanced circuit analysis, DC Generator: Principles, operations and characteristics study; DC Motor: Principles, operations and characteristics study, Transformer: Principles , operations and characteristics study, 3 - induction motor: Principles, operations and characteristics study, Stepper motor: Principles, operations and characteristics study. Instrumentation: Transducers, Solenoids, Relay, Stepper Motor, Digital -Multi-meter, Digital -Watt-meter. Digital Electronics: Introduction to MOSFET, Basic terminology; TTL, NMOS and CMOS logic; Digital to analog converter: specifications, weighted and R-2R ladder; Analog to Digital converter: specifications, Flash, Successive Approximation, Dual -slope converters, etc.; Memory elements: ROM, static RAM and dynamic RAM, memory expansion. Pulse Techniques: Operational amplifier: linear applications, dc performance, ac performance; Design of Active filters: low pass, high pass and band pas s; Square, triangular and saw tooth wave generation techniques, 555 timers and their applications, application of Schmitt triggers in wave shaping, application of diodes in clipping and clamping, application of inverter, chopper, rectifier, and switch mode power supply. Books: 1. A Text Book of Electrical Technology II – B L Thereja, Chand (S) & Co Ltd ,India. 2. Power Electronics, Daniel Hart, McGraw-Hill. 3. Digital System Principles and Applications – Ronald j Tocci, Neal Widmer & Greq Moss, Prentice Hall. 4. Operational Amplifier Circuits: Theory and Applications, E J Kennedy, Oxford University Press, USA","[""course_code"", ""course_title"", ""credits"", ""prerequisite""]"
step9-development-final-20260929T185115270858Z-84c03a,Q053:banglish,banglish,2,curricula_BSc-Curriculum-New.pdf,curricula_BSc-Curriculum-New.pdf,doc-4d373684ce4879ed066003f5,69,doc-4d373684ce4879ed066003f5-p000069-b0004-c0001,19.0,,,,Course Code: EEE 222 Course Title: Electrical & Electronics Engineering II Lab Credits: 1.50 Prerequisite: None Laboratory work based on EEE 221.,"[""course_code"", ""course_title"", ""credits"", ""prerequisite""]"
step9-development-final-20260929T185115270858Z-84c03a,Q053:banglish,banglish,3,curricula_BSc-Curriculum-New.pdf,curricula_BSc-Curriculum-New.pdf,doc-4d373684ce4879ed066003f5,52,doc-4d373684ce4879ed066003f5-p000052-b0015-c0001,17.0,,,,EEE 221 Electrical & Electronic EngineeringII 4.00 Nil,"[""course_code"", ""course_title"", ""credits"", ""prerequisite""]"
step9-development-final-20260929T185115270858Z-84c03a,Q054:english,english,1,curricula_BSc-Curriculum-New.pdf,curricula_BSc-Curriculum-New.pdf,doc-4d373684ce4879ed066003f5,69,doc-4d373684ce4879ed066003f5-p000069-b0004-c0001,21.0,,,,Course Code: EEE 222 Course Title: Electrical & Electronics Engineering II Lab Credits: 1.50 Prerequisite: None Laboratory work based on EEE 221.,"[""course_code"", ""course_title"", ""credits"", ""prerequisite""]"
step9-development-final-20260929T185115270858Z-84c03a,Q054:english,english,2,curricula_BSc-Curriculum-New.pdf,curricula_BSc-Curriculum-New.pdf,doc-4d373684ce4879ed066003f5,52,doc-4d373684ce4879ed066003f5-p000052-b0016-c0001,18.0,,,,EEE 222 Electrical & Electronic EngineeringII Lab 1.50 Nil,"[""course_code"", ""course_title"", ""credits"", ""prerequisite""]"
step9-development-final-20260929T185115270858Z-84c03a,Q054:english,english,3,curricula_BSc-Curriculum-New.pdf,curricula_BSc-Curriculum-New.pdf,doc-4d373684ce4879ed066003f5,67,doc-4d373684ce4879ed066003f5-p000067-b0008-c0001,12.0,,,,Course Code: EEE 122 Course Title: Electrical & Electronic Engineering I Lab Credits: 1.50 Prerequisite: None Laboratory work based on EEE 121 5.3 Second Year First Semester,"[""course_code"", ""course_title"", ""credits"", ""prerequisite""]"
step9-development-final-20260929T185115270858Z-84c03a,Q054:bangla,bangla,1,curricula_BSc-Curriculum-New.pdf,curricula_BSc-Curriculum-New.pdf,doc-4d373684ce4879ed066003f5,69,doc-4d373684ce4879ed066003f5-p000069-b0004-c0001,19.0,,,,Course Code: EEE 222 Course Title: Electrical & Electronics Engineering II Lab Credits: 1.50 Prerequisite: None Laboratory work based on EEE 221.,"[""course_code"", ""course_title"", ""credits"", ""prerequisite""]"
step9-development-final-20260929T185115270858Z-84c03a,Q054:bangla,bangla,2,curricula_BSc-Curriculum-New.pdf,curricula_BSc-Curriculum-New.pdf,doc-4d373684ce4879ed066003f5,52,doc-4d373684ce4879ed066003f5-p000052-b0016-c0001,18.0,,,,EEE 222 Electrical & Electronic EngineeringII Lab 1.50 Nil,"[""course_code"", ""course_title"", ""credits"", ""prerequisite""]"
step9-development-final-20260929T185115270858Z-84c03a,Q054:bangla,bangla,3,curricula_BSc-Curriculum-New.pdf,curricula_BSc-Curriculum-New.pdf,doc-4d373684ce4879ed066003f5,52,doc-4d373684ce4879ed066003f5-p000052-b0006-c0001,10.0,,,,EEE 122 Electrical & Electronic Engineering I Lab 1.50 Nil,"[""course_code"", ""course_title"", ""credits"", ""prerequisite""]"
step9-development-final-20260929T185115270858Z-84c03a,Q054:banglish,banglish,1,curricula_BSc-Curriculum-New.pdf,curricula_BSc-Curriculum-New.pdf,doc-4d373684ce4879ed066003f5,69,doc-4d373684ce4879ed066003f5-p000069-b0004-c0001,21.0,,,,Course Code: EEE 222 Course Title: Electrical & Electronics Engineering II Lab Credits: 1.50 Prerequisite: None Laboratory work based on EEE 221.,"[""course_code"", ""course_title"", ""credits"", ""prerequisite""]"
step9-development-final-20260929T185115270858Z-84c03a,Q054:banglish,banglish,2,curricula_BSc-Curriculum-New.pdf,curricula_BSc-Curriculum-New.pdf,doc-4d373684ce4879ed066003f5,52,doc-4d373684ce4879ed066003f5-p000052-b0016-c0001,19.0,,,,EEE 222 Electrical & Electronic EngineeringII Lab 1.50 Nil,"[""course_code"", ""course_title"", ""credits"", ""prerequisite""]"
step9-development-final-20260929T185115270858Z-84c03a,Q054:banglish,banglish,3,curricula_BSc-Curriculum-New.pdf,curricula_BSc-Curriculum-New.pdf,doc-4d373684ce4879ed066003f5,67,doc-4d373684ce4879ed066003f5-p000067-b0008-c0001,12.0,,,,Course Code: EEE 122 Course Title: Electrical & Electronic Engineering I Lab Credits: 1.50 Prerequisite: None Laboratory work based on EEE 121 5.3 Second Year First Semester,"[""course_code"", ""course_title"", ""credits"", ""prerequisite""]"
step9-development-final-20260929T185115270858Z-84c03a,Q055:english,english,1,curricula_BSc-Curriculum-New.pdf,curricula_BSc-Curriculum-New.pdf,doc-4d373684ce4879ed066003f5,69,doc-4d373684ce4879ed066003f5-p000069-b0005-c0001,16.0,,,,"Course Code: MTH 203 Course Title: Probability & Statistics Credits: 3.00 Prerequisite: None Probability: Static and random variables (discrete and continuous), occurrence of random variables, concept of population and using statistics to make inference on characteristic(s) of population. Experiments, events, sample sp ace, probability. Conditional probability, partitions, total probability, Bayes‘ theorem. Mutually exclusive events and independent events. Probability distributions: binomial, multinomial distribution,","[""course_code"", ""course_title"", ""credits"", ""prerequisite""]"
step9-development-final-20260929T185115270858Z-84c03a,Q055:english,english,2,curricula_BSc-Curriculum-New.pdf,curricula_BSc-Curriculum-New.pdf,doc-4d373684ce4879ed066003f5,83,doc-4d373684ce4879ed066003f5-p000083-b0003-c0001,16.0,,,,"Course Code: CSE 401 Course Title: Mathematics for Computer Science Credits: 3.00 Prerequisite: MTH 203, CSE 207 Recurrent problems; Manipulation of sums; Number theory; Special numbers; Generating functions. Random variables; Stochastic pr ocess; Markov chains: discrete parameter, continuous parameter, birth -death process; Queuing models: birth -death model, Markovian model, open and closed queuing network; Application of queuing models. Books Recommended: 1. Concrete Mathematics: A Foundation f or Computer Science, by Ronald Graham, Donald Knuth, and Oren Patashnik. 2nd Edition, Addison-Wesley Professional. 2. The Art of Computer Programming , Volume 1 and 2, by Donald E. Knuth. Third Edition, Addison-Wesley. 3. Introduction to Probability Models, by Seldon M. Ross, 10th Edition, Academic Press. 4. Probability and Statistics with Reliability, Queing, and Computer Science Applications, by Kishor S. Trivedi. Wiley-Interscience.","[""course_code"", ""course_title"", ""credits"", ""prerequisite""]"
step9-development-final-20260929T185115270858Z-84c03a,Q055:english,english,3,curricula_BSc-Curriculum-New.pdf,curricula_BSc-Curriculum-New.pdf,doc-4d373684ce4879ed066003f5,52,doc-4d373684ce4879ed066003f5-p000052-b0017-c0001,14.0,,,,MTH 203 Probability & Statistics 3.00 Nil Total 20.50,"[""course_code"", ""course_title"", ""credits"", ""prerequisite""]"
step9-development-final-20260929T185115270858Z-84c03a,Q055:bangla,bangla,1,curricula_BSc-Curriculum-New.pdf,curricula_BSc-Curriculum-New.pdf,doc-4d373684ce4879ed066003f5,52,doc-4d373684ce4879ed066003f5-p000052-b0017-c0001,14.0,,,,MTH 203 Probability & Statistics 3.00 Nil Total 20.50,"[""course_code"", ""course_title"", ""credits"", ""prerequisite""]"
step9-development-final-20260929T185115270858Z-84c03a,Q055:bangla,bangla,2,curricula_BSc-Curriculum-New.pdf,curricula_BSc-Curriculum-New.pdf,doc-4d373684ce4879ed066003f5,69,doc-4d373684ce4879ed066003f5-p000069-b0005-c0001,14.0,,,,"Course Code: MTH 203 Course Title: Probability & Statistics Credits: 3.00 Prerequisite: None Probability: Static and random variables (discrete and continuous), occurrence of random variables, concept of population and using statistics to make inference on characteristic(s) of population. Experiments, events, sample sp ace, probability. Conditional probability, partitions, total probability, Bayes‘ theorem. Mutually exclusive events and independent events. Probability distributions: binomial, multinomial distribution,","[""course_code"", ""course_title"", ""credits"", ""prerequisite""]"
step9-development-final-20260929T185115270858Z-84c03a,Q055:bangla,bangla,3,curricula_BSc-Curriculum-New.pdf,curricula_BSc-Curriculum-New.pdf,doc-4d373684ce4879ed066003f5,83,doc-4d373684ce4879ed066003f5-p000083-b0003-c0001,14.0,,,,"Course Code: CSE 401 Course Title: Mathematics for Computer Science Credits: 3.00 Prerequisite: MTH 203, CSE 207 Recurrent problems; Manipulation of sums; Number theory; Special numbers; Generating functions. Random variables; Stochastic pr ocess; Markov chains: discrete parameter, continuous parameter, birth -death process; Queuing models: birth -death model, Markovian model, open and closed queuing network; Application of queuing models. Books Recommended: 1. Concrete Mathematics: A Foundation f or Computer Science, by Ronald Graham, Donald Knuth, and Oren Patashnik. 2nd Edition, Addison-Wesley Professional. 2. The Art of Computer Programming , Volume 1 and 2, by Donald E. Knuth. Third Edition, Addison-Wesley. 3. Introduction to Probability Models, by Seldon M. Ross, 10th Edition, Academic Press. 4. Probability and Statistics with Reliability, Queing, and Computer Science Applications, by Kishor S. Trivedi. Wiley-Interscience.","[""course_code"", ""course_title"", ""credits"", ""prerequisite""]"
step9-development-final-20260929T185115270858Z-84c03a,Q055:banglish,banglish,1,curricula_BSc-Curriculum-New.pdf,curricula_BSc-Curriculum-New.pdf,doc-4d373684ce4879ed066003f5,69,doc-4d373684ce4879ed066003f5-p000069-b0005-c0001,16.0,,,,"Course Code: MTH 203 Course Title: Probability & Statistics Credits: 3.00 Prerequisite: None Probability: Static and random variables (discrete and continuous), occurrence of random variables, concept of population and using statistics to make inference on characteristic(s) of population. Experiments, events, sample sp ace, probability. Conditional probability, partitions, total probability, Bayes‘ theorem. Mutually exclusive events and independent events. Probability distributions: binomial, multinomial distribution,","[""course_code"", ""course_title"", ""credits"", ""prerequisite""]"
step9-development-final-20260929T185115270858Z-84c03a,Q055:banglish,banglish,2,curricula_BSc-Curriculum-New.pdf,curricula_BSc-Curriculum-New.pdf,doc-4d373684ce4879ed066003f5,83,doc-4d373684ce4879ed066003f5-p000083-b0003-c0001,16.0,,,,"Course Code: CSE 401 Course Title: Mathematics for Computer Science Credits: 3.00 Prerequisite: MTH 203, CSE 207 Recurrent problems; Manipulation of sums; Number theory; Special numbers; Generating functions. Random variables; Stochastic pr ocess; Markov chains: discrete parameter, continuous parameter, birth -death process; Queuing models: birth -death model, Markovian model, open and closed queuing network; Application of queuing models. Books Recommended: 1. Concrete Mathematics: A Foundation f or Computer Science, by Ronald Graham, Donald Knuth, and Oren Patashnik. 2nd Edition, Addison-Wesley Professional. 2. The Art of Computer Programming , Volume 1 and 2, by Donald E. Knuth. Third Edition, Addison-Wesley. 3. Introduction to Probability Models, by Seldon M. Ross, 10th Edition, Academic Press. 4. Probability and Statistics with Reliability, Queing, and Computer Science Applications, by Kishor S. Trivedi. Wiley-Interscience.","[""course_code"", ""course_title"", ""credits"", ""prerequisite""]"
step9-development-final-20260929T185115270858Z-84c03a,Q055:banglish,banglish,3,curricula_BSc-Curriculum-New.pdf,curricula_BSc-Curriculum-New.pdf,doc-4d373684ce4879ed066003f5,52,doc-4d373684ce4879ed066003f5-p000052-b0017-c0001,14.0,,,,MTH 203 Probability & Statistics 3.00 Nil Total 20.50,"[""course_code"", ""course_title"", ""credits"", ""prerequisite""]"
step9-development-final-20260929T185115270858Z-84c03a,Q056:english,english,1,curricula_BSc-Curriculum-New.pdf,curricula_BSc-Curriculum-New.pdf,doc-4d373684ce4879ed066003f5,71,doc-4d373684ce4879ed066003f5-p000071-b0003-c0001,14.0,,,,"Course Code: CSE 207 Course Title: Algorithm Credits: 3.00 Prerequisite: CSE 103, CSE 205 Introduction: The role of algorithms in computing. Complexity analysis: Growth of function, asymptotic notations, orders, designing worst case and average-case. Recurrence relations : Substitution method, iteration method, master method. Divide and Conquer: Basic idea, control structure properties of D & C, applications of D & C. Dynamic Programming : Elements of Dynamic Programming, Comparison with D & C. Application of Dynamic programming in: Optimal binary search tree, 0/1 Knapsack problem. Greedy Method : Elements of greedy method, basic control structure, Application of Greedy method in: Minimum cost span ning tree, Huffman code, Job sequencing with deadline. Backtracking: Basic idea behind backtracking, control structure. Application of backtracking in: graph coloring problem, n -queens problems. Branch and Bound : Basic idea and control structure of Branch and Bound. FIFO branch and Bound, LC Branch and Bound, the l5 -puzzle problem. Graph related algorithms: Breadth First search, Depth First search, Topological sort, Dijkstra's shortest path algorithm, The Bellman -Ford algorithm for single source shortest p ath, The Floyd -War shall algorithm for all pair shortest path, Johnson's algorithm for sparse graph, Flow networks, the Ford -Fulkerson","[""course_code"", ""course_title"", ""credits"", ""prerequisite""]"
step9-development-final-20260929T185115270858Z-84c03a,Q056:english,english,2,curricula_BSc-Curriculum-New.pdf,curricula_BSc-Curriculum-New.pdf,doc-4d373684ce4879ed066003f5,84,doc-4d373684ce4879ed066003f5-p000084-b0002-c0001,14.0,,,,"Course Code: CSE 405 Course Title: Operating Systems Credits: 3.00 Prerequisite: CSE 207, CSE 317 Operating system overview: OS functions, evolution of OS functions, batch processing systems, single user multiprogramming systems, time sharing systems, real -time operating systems, OS structure. Processes: Process definition, process control, interacting processes, implementation of interacting processes, threads. Scheduling: Scheduling policies, job scheduling, process scheduling, process managemen t in UNIX, scheduling in multiprocessor OS, queuing in scheduling, scheduling algorithms, priority control, introduction to multiprocessor and real -time scheduling. Deadlocks: Definitions, resource status modeling, handling deadlocks, deadlock detection an d resolution, deadlock avoidance, mixed approach to deadlock handling. Process synchronization: Implementing control synchronization, critical sections, classical process synchronization problems, evolution of language features for process synchronization, semaphores, critical regions, conditional critical regions, monitors, concurrency. Interprocess communication: Interprocess messages, implementation issues, mailboxes, interprocess messages in UNIX, interprocess messages in Mac. Memory management: Princip les, requirements and design of memory management system, program loading and linking. Virtual Memory: locality, page table, translation lookaside buffer, segmentation, software implementation, load control. I/O Management and disk scheduling: Organizatio n of the I/O function. Direct memory access. Design issues. I/O buffering. Disk I/O. Disk cache. Example systems. File management: Overview. File management systems. File organization and access, file directories. Sharing of files. Record blocking. Seconda ry storage management, file systems protection and security; design and implementation methodology. Example systems. Reference Books: 1. A. S. Tanenbaum, Modern Operating Systems, Prentice Hall. 2. A. Silberschatz, P. B. Galvin, Operating System Concepts, Joh n Wiley & Sons. 3. B. Hausen, Operating System Principles, Prentice-Hall of India.","[""course_code"", ""course_title"", ""credits"", ""prerequisite"", ""requirement"", ""policy""]"
step9-development-final-20260929T185115270858Z-84c03a,Q056:english,english,3,curricula_BSc-Curriculum-New.pdf,curricula_BSc-Curriculum-New.pdf,doc-4d373684ce4879ed066003f5,93,doc-4d373684ce4879ed066003f5-p000093-b0014-c0001,14.0,,,,"Course Code: CSE 421 Course Title: Basic Graph Theory Credits: 3.00 Prerequisite: CSE 207 Course Content: Introduction to graph theory: Graphs as models, Matrices and Isomorphism, Decomposition and Special graphs, Paths, Cycles and Trails : connectivity, Bipartite graph, Eulerian graphs, Hamiltonian graph, other algorithms; Vertex Degrees and counting, Directed graph; Trees: properties of trees, Distance in trees and graphs, Spanning trees, graceful labeling, counting trees ordered tree, Huffman tree; planarity: planar graphs, Euler‘s formula, dual graph, infinite graph; Matching and Factors: maximum matching, Min -Max theorem, independent sets and covers, edge connectivity, k-connected graph and application, Network flow problems, Maximum network flow Graph coloring: Vertex coloring, upper bound, Brooks‘ theorem, Structure of k -chromatic graphs, Perfect graph, spanning","[""course_code"", ""course_title"", ""credits"", ""prerequisite"", ""topics""]"
step9-development-final-20260929T185115270858Z-84c03a,Q056:bangla,bangla,1,curricula_BSc-Curriculum-New.pdf,curricula_BSc-Curriculum-New.pdf,doc-4d373684ce4879ed066003f5,53,doc-4d373684ce4879ed066003f5-p000053-b0002-c0001,12.0,,,,"CSE 207 Algorithms 3.00 CSE 103, CSE 205","[""course_code"", ""course_title"", ""credits"", ""prerequisite""]"
step9-development-final-20260929T185115270858Z-84c03a,Q056:bangla,bangla,2,curricula_BSc-Curriculum-New.pdf,curricula_BSc-Curriculum-New.pdf,doc-4d373684ce4879ed066003f5,71,doc-4d373684ce4879ed066003f5-p000071-b0003-c0001,12.0,,,,"Course Code: CSE 207 Course Title: Algorithm Credits: 3.00 Prerequisite: CSE 103, CSE 205 Introduction: The role of algorithms in computing. Complexity analysis: Growth of function, asymptotic notations, orders, designing worst case and average-case. Recurrence relations : Substitution method, iteration method, master method. Divide and Conquer: Basic idea, control structure properties of D & C, applications of D & C. Dynamic Programming : Elements of Dynamic Programming, Comparison with D & C. Application of Dynamic programming in: Optimal binary search tree, 0/1 Knapsack problem. Greedy Method : Elements of greedy method, basic control structure, Application of Greedy method in: Minimum cost span ning tree, Huffman code, Job sequencing with deadline. Backtracking: Basic idea behind backtracking, control structure. Application of backtracking in: graph coloring problem, n -queens problems. Branch and Bound : Basic idea and control structure of Branch and Bound. FIFO branch and Bound, LC Branch and Bound, the l5 -puzzle problem. Graph related algorithms: Breadth First search, Depth First search, Topological sort, Dijkstra's shortest path algorithm, The Bellman -Ford algorithm for single source shortest p ath, The Floyd -War shall algorithm for all pair shortest path, Johnson's algorithm for sparse graph, Flow networks, the Ford -Fulkerson","[""course_code"", ""course_title"", ""credits"", ""prerequisite""]"
step9-development-final-20260929T185115270858Z-84c03a,Q056:bangla,bangla,3,curricula_BSc-Curriculum-New.pdf,curricula_BSc-Curriculum-New.pdf,doc-4d373684ce4879ed066003f5,84,doc-4d373684ce4879ed066003f5-p000084-b0002-c0001,12.0,,,,"Course Code: CSE 405 Course Title: Operating Systems Credits: 3.00 Prerequisite: CSE 207, CSE 317 Operating system overview: OS functions, evolution of OS functions, batch processing systems, single user multiprogramming systems, time sharing systems, real -time operating systems, OS structure. Processes: Process definition, process control, interacting processes, implementation of interacting processes, threads. Scheduling: Scheduling policies, job scheduling, process scheduling, process managemen t in UNIX, scheduling in multiprocessor OS, queuing in scheduling, scheduling algorithms, priority control, introduction to multiprocessor and real -time scheduling. Deadlocks: Definitions, resource status modeling, handling deadlocks, deadlock detection an d resolution, deadlock avoidance, mixed approach to deadlock handling. Process synchronization: Implementing control synchronization, critical sections, classical process synchronization problems, evolution of language features for process synchronization, semaphores, critical regions, conditional critical regions, monitors, concurrency. Interprocess communication: Interprocess messages, implementation issues, mailboxes, interprocess messages in UNIX, interprocess messages in Mac. Memory management: Princip les, requirements and design of memory management system, program loading and linking. Virtual Memory: locality, page table, translation lookaside buffer, segmentation, software implementation, load control. I/O Management and disk scheduling: Organizatio n of the I/O function. Direct memory access. Design issues. I/O buffering. Disk I/O. Disk cache. Example systems. File management: Overview. File management systems. File organization and access, file directories. Sharing of files. Record blocking. Seconda ry storage management, file systems protection and security; design and implementation methodology. Example systems. Reference Books: 1. A. S. Tanenbaum, Modern Operating Systems, Prentice Hall. 2. A. Silberschatz, P. B. Galvin, Operating System Concepts, Joh n Wiley & Sons. 3. B. Hausen, Operating System Principles, Prentice-Hall of India.","[""course_code"", ""course_title"", ""credits"", ""prerequisite"", ""requirement"", ""policy""]"
step9-development-final-20260929T185115270858Z-84c03a,Q056:banglish,banglish,1,curricula_BSc-Curriculum-New.pdf,curricula_BSc-Curriculum-New.pdf,doc-4d373684ce4879ed066003f5,71,doc-4d373684ce4879ed066003f5-p000071-b0003-c0001,14.0,,,,"Course Code: CSE 207 Course Title: Algorithm Credits: 3.00 Prerequisite: CSE 103, CSE 205 Introduction: The role of algorithms in computing. Complexity analysis: Growth of function, asymptotic notations, orders, designing worst case and average-case. Recurrence relations : Substitution method, iteration method, master method. Divide and Conquer: Basic idea, control structure properties of D & C, applications of D & C. Dynamic Programming : Elements of Dynamic Programming, Comparison with D & C. Application of Dynamic programming in: Optimal binary search tree, 0/1 Knapsack problem. Greedy Method : Elements of greedy method, basic control structure, Application of Greedy method in: Minimum cost span ning tree, Huffman code, Job sequencing with deadline. Backtracking: Basic idea behind backtracking, control structure. Application of backtracking in: graph coloring problem, n -queens problems. Branch and Bound : Basic idea and control structure of Branch and Bound. FIFO branch and Bound, LC Branch and Bound, the l5 -puzzle problem. Graph related algorithms: Breadth First search, Depth First search, Topological sort, Dijkstra's shortest path algorithm, The Bellman -Ford algorithm for single source shortest p ath, The Floyd -War shall algorithm for all pair shortest path, Johnson's algorithm for sparse graph, Flow networks, the Ford -Fulkerson","[""course_code"", ""course_title"", ""credits"", ""prerequisite""]"
step9-development-final-20260929T185115270858Z-84c03a,Q056:banglish,banglish,2,curricula_BSc-Curriculum-New.pdf,curricula_BSc-Curriculum-New.pdf,doc-4d373684ce4879ed066003f5,84,doc-4d373684ce4879ed066003f5-p000084-b0002-c0001,14.0,,,,"Course Code: CSE 405 Course Title: Operating Systems Credits: 3.00 Prerequisite: CSE 207, CSE 317 Operating system overview: OS functions, evolution of OS functions, batch processing systems, single user multiprogramming systems, time sharing systems, real -time operating systems, OS structure. Processes: Process definition, process control, interacting processes, implementation of interacting processes, threads. Scheduling: Scheduling policies, job scheduling, process scheduling, process managemen t in UNIX, scheduling in multiprocessor OS, queuing in scheduling, scheduling algorithms, priority control, introduction to multiprocessor and real -time scheduling. Deadlocks: Definitions, resource status modeling, handling deadlocks, deadlock detection an d resolution, deadlock avoidance, mixed approach to deadlock handling. Process synchronization: Implementing control synchronization, critical sections, classical process synchronization problems, evolution of language features for process synchronization, semaphores, critical regions, conditional critical regions, monitors, concurrency. Interprocess communication: Interprocess messages, implementation issues, mailboxes, interprocess messages in UNIX, interprocess messages in Mac. Memory management: Princip les, requirements and design of memory management system, program loading and linking. Virtual Memory: locality, page table, translation lookaside buffer, segmentation, software implementation, load control. I/O Management and disk scheduling: Organizatio n of the I/O function. Direct memory access. Design issues. I/O buffering. Disk I/O. Disk cache. Example systems. File management: Overview. File management systems. File organization and access, file directories. Sharing of files. Record blocking. Seconda ry storage management, file systems protection and security; design and implementation methodology. Example systems. Reference Books: 1. A. S. Tanenbaum, Modern Operating Systems, Prentice Hall. 2. A. Silberschatz, P. B. Galvin, Operating System Concepts, Joh n Wiley & Sons. 3. B. Hausen, Operating System Principles, Prentice-Hall of India.","[""course_code"", ""course_title"", ""credits"", ""prerequisite"", ""requirement"", ""policy""]"
step9-development-final-20260929T185115270858Z-84c03a,Q056:banglish,banglish,3,curricula_BSc-Curriculum-New.pdf,curricula_BSc-Curriculum-New.pdf,doc-4d373684ce4879ed066003f5,93,doc-4d373684ce4879ed066003f5-p000093-b0014-c0001,14.0,,,,"Course Code: CSE 421 Course Title: Basic Graph Theory Credits: 3.00 Prerequisite: CSE 207 Course Content: Introduction to graph theory: Graphs as models, Matrices and Isomorphism, Decomposition and Special graphs, Paths, Cycles and Trails : connectivity, Bipartite graph, Eulerian graphs, Hamiltonian graph, other algorithms; Vertex Degrees and counting, Directed graph; Trees: properties of trees, Distance in trees and graphs, Spanning trees, graceful labeling, counting trees ordered tree, Huffman tree; planarity: planar graphs, Euler‘s formula, dual graph, infinite graph; Matching and Factors: maximum matching, Min -Max theorem, independent sets and covers, edge connectivity, k-connected graph and application, Network flow problems, Maximum network flow Graph coloring: Vertex coloring, upper bound, Brooks‘ theorem, Structure of k -chromatic graphs, Perfect graph, spanning","[""course_code"", ""course_title"", ""credits"", ""prerequisite"", ""topics""]"
step9-development-final-20260929T185115270858Z-84c03a,Q057:english,english,1,curricula_BSc-Curriculum-New.pdf,curricula_BSc-Curriculum-New.pdf,doc-4d373684ce4879ed066003f5,53,doc-4d373684ce4879ed066003f5-p000053-b0003-c0001,14.0,,,,CSE 208 Algorithms Lab 1.50 Nil,"[""course_code"", ""course_title"", ""credits"", ""prerequisite""]"
step9-development-final-20260929T185115270858Z-84c03a,Q057:english,english,2,curricula_BSc-Curriculum-New.pdf,curricula_BSc-Curriculum-New.pdf,doc-4d373684ce4879ed066003f5,72,doc-4d373684ce4879ed066003f5-p000072-b0005-c0001,14.0,,,,Course Code: CSE 208 Course Title: Algorithm Lab Credits: 1.50 Prerequisite: None Objectives: Laboratory assignments will be based on Course CSE -207. Students will be given various algorithmic problems based on different algorithm domains. They will be able to learn algorithmic techniques and their relative performances.,"[""course_code"", ""course_title"", ""credits"", ""prerequisite""]"
step9-development-final-20260929T185115270858Z-84c03a,Q057:english,english,3,curricula_BSc-Curriculum-New.pdf,curricula_BSc-Curriculum-New.pdf,doc-4d373684ce4879ed066003f5,69,doc-4d373684ce4879ed066003f5-p000069-b0003-c0001,8.0,,,,"Course Code: CSE 206 Course Title: Data Structures Lab Credits: 1.50 Prerequisite: None Objectives: Laboratory assignments will be based on Course CSE -205. Students will be able to implement different data strcutures; like Array, String, Linked List, Stack, Queue, Tree, and Graph in any programming language. They will be introduced with different sorting algorithms and advanced data structures. Text Book: 1. Data Structures, Seymour Lipschutz, Schaum‘s outlines, 2nd edition. 2. Data Structures and Program Design, Robert L. Kruse, Prentice Hall. 3. Data structures and problem solving using C++, Second edition Mark Allen Weiss, Pearson Addition Wesley Education. 4. Data Structures Using C and C++, Yedidyah Langsam, Moshe J. Augenstein, and Aaron M. Tenenbaum, Prentice Hall. 5. Data Structures, Edward M. Reigngold. Wilfred J. H ansen, Addison Wesley Publishing Company","[""course_code"", ""course_title"", ""credits"", ""prerequisite""]"
step9-development-final-20260929T185115270858Z-84c03a,Q057:bangla,bangla,1,curricula_BSc-Curriculum-New.pdf,curricula_BSc-Curriculum-New.pdf,doc-4d373684ce4879ed066003f5,53,doc-4d373684ce4879ed066003f5-p000053-b0003-c0001,14.0,,,,CSE 208 Algorithms Lab 1.50 Nil,"[""course_code"", ""course_title"", ""credits"", ""prerequisite""]"
step9-development-final-20260929T185115270858Z-84c03a,Q057:bangla,bangla,2,curricula_BSc-Curriculum-New.pdf,curricula_BSc-Curriculum-New.pdf,doc-4d373684ce4879ed066003f5,72,doc-4d373684ce4879ed066003f5-p000072-b0005-c0001,12.0,,,,Course Code: CSE 208 Course Title: Algorithm Lab Credits: 1.50 Prerequisite: None Objectives: Laboratory assignments will be based on Course CSE -207. Students will be given various algorithmic problems based on different algorithm domains. They will be able to learn algorithmic techniques and their relative performances.,"[""course_code"", ""course_title"", ""credits"", ""prerequisite""]"
step9-development-final-20260929T185115270858Z-84c03a,Q057:bangla,bangla,3,curricula_BSc-Curriculum-New.pdf,curricula_BSc-Curriculum-New.pdf,doc-4d373684ce4879ed066003f5,69,doc-4d373684ce4879ed066003f5-p000069-b0003-c0001,6.0,,,,"Course Code: CSE 206 Course Title: Data Structures Lab Credits: 1.50 Prerequisite: None Objectives: Laboratory assignments will be based on Course CSE -205. Students will be able to implement different data strcutures; like Array, String, Linked List, Stack, Queue, Tree, and Graph in any programming language. They will be introduced with different sorting algorithms and advanced data structures. Text Book: 1. Data Structures, Seymour Lipschutz, Schaum‘s outlines, 2nd edition. 2. Data Structures and Program Design, Robert L. Kruse, Prentice Hall. 3. Data structures and problem solving using C++, Second edition Mark Allen Weiss, Pearson Addition Wesley Education. 4. Data Structures Using C and C++, Yedidyah Langsam, Moshe J. Augenstein, and Aaron M. Tenenbaum, Prentice Hall. 5. Data Structures, Edward M. Reigngold. Wilfred J. H ansen, Addison Wesley Publishing Company","[""course_code"", ""course_title"", ""credits"", ""prerequisite""]"
step9-development-final-20260929T185115270858Z-84c03a,Q057:banglish,banglish,1,curricula_BSc-Curriculum-New.pdf,curricula_BSc-Curriculum-New.pdf,doc-4d373684ce4879ed066003f5,53,doc-4d373684ce4879ed066003f5-p000053-b0003-c0001,14.0,,,,CSE 208 Algorithms Lab 1.50 Nil,"[""course_code"", ""course_title"", ""credits"", ""prerequisite""]"
step9-development-final-20260929T185115270858Z-84c03a,Q057:banglish,banglish,2,curricula_BSc-Curriculum-New.pdf,curricula_BSc-Curriculum-New.pdf,doc-4d373684ce4879ed066003f5,72,doc-4d373684ce4879ed066003f5-p000072-b0005-c0001,14.0,,,,Course Code: CSE 208 Course Title: Algorithm Lab Credits: 1.50 Prerequisite: None Objectives: Laboratory assignments will be based on Course CSE -207. Students will be given various algorithmic problems based on different algorithm domains. They will be able to learn algorithmic techniques and their relative performances.,"[""course_code"", ""course_title"", ""credits"", ""prerequisite""]"
step9-development-final-20260929T185115270858Z-84c03a,Q057:banglish,banglish,3,curricula_BSc-Curriculum-New.pdf,curricula_BSc-Curriculum-New.pdf,doc-4d373684ce4879ed066003f5,95,doc-4d373684ce4879ed066003f5-p000095-b0005-c0001,9.0,,,,Course Code: CSE 468 Course Title: Data Mining & Machine Learning Lab Credit: 1.50 Laboratory works and assignment will be based on CS E – 427: Data Mining & Machine Learning course. Laboratory classes should cover implementation of different algorithms of Data Mining and Machine Learning. Course No: CSE 469 Course Title: Topics of Current Interest Credit: 3.00 As suggested by the course instructor. Reference: As suggested by the course instructor. Course No: CSE 470 Course Title: Topics of Current Interest Lab Credit: 0.75 Prerequisite: As decided by the Instructor Laboratory works will be based on CSE 465.,"[""course_code"", ""course_title"", ""credits"", ""prerequisite"", ""topics""]"
step9-development-final-20260929T185115270858Z-84c03a,Q058:english,english,1,curricula_BSc-Curriculum-New.pdf,curricula_BSc-Curriculum-New.pdf,doc-4d373684ce4879ed066003f5,73,doc-4d373684ce4879ed066003f5-p000073-b0003-c0001,20.0,,,,"Course Code: CSE 209 Course Title: Digital Logic & System Design Credits: 4.00 Prerequisite: None Boolean Algebra: truth tables, canonical and standard forms of functions, logic operations; Simplification of functions: Karnaugh map, SOP and POS methods, non -degenerate terms, don‘t care conditions, tabulation method; Logic gates: AND, OR, NOT and universal gates, NAND, NOR, wired -OR and wired-AND implementation; Combinational logic: half and full adder and subtractor, binary parallel adder, BCD adder, encoder and decoder, multiplexer and demultiplexer, Boolean function implementation using decoder and multiplexer; design and implementation of logic circuits; Sequential logic: latches, flip flops, flip flop excitation table; Counters: asynchronous and synchronous binary and BCD counters, Johnson counters and ring counters; Synchronous sequential circuits: state diagrams, state tables, state equations, Mealy and Moore type circuits, state reduction, state assignment, incompletely specified diagrams; Asynchronous Sequential circuits: fundamental and pulse mode circuits, race and cycles, methods of secondary assignment. Design the various Components of a Computer: Flag Registers Shi ft and Parallel Registers Memory Units, Control Unit. Design of Simple Microprocessor, (SAP1 & SAP2): Architecture, Instructions Set, Instruction Cycle, Programming Model) Text Book: 1. Digital Electronics- Author: Ronald J. Tocci, Publisher: Prentice Hall 2. Digital Logic and Computer Design - Author: M. Morris Mano, Publisher: Pearson Prentice Hall 3. Digital Computer Electronics - Author: Malvino - Brown, Publisher: TaTa-McGraw Hill","[""course_code"", ""course_title"", ""credits"", ""prerequisite""]"
step9-development-final-20260929T185115270858Z-84c03a,Q058:english,english,2,curricula_BSc-Curriculum-New.pdf,curricula_BSc-Curriculum-New.pdf,doc-4d373684ce4879ed066003f5,53,doc-4d373684ce4879ed066003f5-p000053-b0004-c0001,18.0,,,,CSE 209 Digital Logic & System Design 4.00 Nil,"[""course_code"", ""course_title"", ""credits"", ""prerequisite""]"
step9-development-final-20260929T185115270858Z-84c03a,Q058:english,english,3,curricula_BSc-Curriculum-New.pdf,curricula_BSc-Curriculum-New.pdf,doc-4d373684ce4879ed066003f5,81,doc-4d373684ce4879ed066003f5-p000081-b0004-c0001,16.0,,,,"Course Code: CSE 317 Course Title: Computer Architecture Credits: 3.00 Prerequisite: CSE 209 Introduction: Computer Architecture and Organization. Instruction set architecture: Overview of MIPS, basic instruction, high level to MIPS conversion of instruction, MIPS control and data path de sign. Computer arithmetic and number system: Binary review; floating point number representation; basic addition and multiplication algorithm and hardware. Advanced computer arithmetic: Booth multiplication scheme, recoding process, best and worst multip lier, average gain. Computer system performance and performance matrices: Execution time, clock rate, processor speed, CPI -clock per instruction, mathematical problems. Memory and cache hierarchy: Primary memory, secondary memory, memory hierarchy, virtu al memory, caching scheme: direct addressed caching, other policies, Control design: Processor control Unit design and data path analysis, Pipelining: Pipelined data path and control, super scalar and dynamic pipelining. I/O organization: Introduction, bu s control, I/O systems, p rogrammed IO, DMA and interrupts, I/O processors, multiprocessor system: UMA, NUMA etc.","[""course_code"", ""course_title"", ""credits"", ""prerequisite"", ""policy""]"
step9-development-final-20260929T185115270858Z-84c03a,Q058:bangla,bangla,1,curricula_BSc-Curriculum-New.pdf,curricula_BSc-Curriculum-New.pdf,doc-4d373684ce4879ed066003f5,53,doc-4d373684ce4879ed066003f5-p000053-b0004-c0001,18.0,,,,CSE 209 Digital Logic & System Design 4.00 Nil,"[""course_code"", ""course_title"", ""credits"", ""prerequisite""]"
step9-development-final-20260929T185115270858Z-84c03a,Q058:bangla,bangla,2,curricula_BSc-Curriculum-New.pdf,curricula_BSc-Curriculum-New.pdf,doc-4d373684ce4879ed066003f5,73,doc-4d373684ce4879ed066003f5-p000073-b0003-c0001,18.0,,,,"Course Code: CSE 209 Course Title: Digital Logic & System Design Credits: 4.00 Prerequisite: None Boolean Algebra: truth tables, canonical and standard forms of functions, logic operations; Simplification of functions: Karnaugh map, SOP and POS methods, non -degenerate terms, don‘t care conditions, tabulation method; Logic gates: AND, OR, NOT and universal gates, NAND, NOR, wired -OR and wired-AND implementation; Combinational logic: half and full adder and subtractor, binary parallel adder, BCD adder, encoder and decoder, multiplexer and demultiplexer, Boolean function implementation using decoder and multiplexer; design and implementation of logic circuits; Sequential logic: latches, flip flops, flip flop excitation table; Counters: asynchronous and synchronous binary and BCD counters, Johnson counters and ring counters; Synchronous sequential circuits: state diagrams, state tables, state equations, Mealy and Moore type circuits, state reduction, state assignment, incompletely specified diagrams; Asynchronous Sequential circuits: fundamental and pulse mode circuits, race and cycles, methods of secondary assignment. Design the various Components of a Computer: Flag Registers Shi ft and Parallel Registers Memory Units, Control Unit. Design of Simple Microprocessor, (SAP1 & SAP2): Architecture, Instructions Set, Instruction Cycle, Programming Model) Text Book: 1. Digital Electronics- Author: Ronald J. Tocci, Publisher: Prentice Hall 2. Digital Logic and Computer Design - Author: M. Morris Mano, Publisher: Pearson Prentice Hall 3. Digital Computer Electronics - Author: Malvino - Brown, Publisher: TaTa-McGraw Hill","[""course_code"", ""course_title"", ""credits"", ""prerequisite""]"
step9-development-final-20260929T185115270858Z-84c03a,Q058:bangla,bangla,3,curricula_BSc-Curriculum-New.pdf,curricula_BSc-Curriculum-New.pdf,doc-4d373684ce4879ed066003f5,81,doc-4d373684ce4879ed066003f5-p000081-b0004-c0001,14.0,,,,"Course Code: CSE 317 Course Title: Computer Architecture Credits: 3.00 Prerequisite: CSE 209 Introduction: Computer Architecture and Organization. Instruction set architecture: Overview of MIPS, basic instruction, high level to MIPS conversion of instruction, MIPS control and data path de sign. Computer arithmetic and number system: Binary review; floating point number representation; basic addition and multiplication algorithm and hardware. Advanced computer arithmetic: Booth multiplication scheme, recoding process, best and worst multip lier, average gain. Computer system performance and performance matrices: Execution time, clock rate, processor speed, CPI -clock per instruction, mathematical problems. Memory and cache hierarchy: Primary memory, secondary memory, memory hierarchy, virtu al memory, caching scheme: direct addressed caching, other policies, Control design: Processor control Unit design and data path analysis, Pipelining: Pipelined data path and control, super scalar and dynamic pipelining. I/O organization: Introduction, bu s control, I/O systems, p rogrammed IO, DMA and interrupts, I/O processors, multiprocessor system: UMA, NUMA etc.","[""course_code"", ""course_title"", ""credits"", ""prerequisite"", ""policy""]"
step9-development-final-20260929T185115270858Z-84c03a,Q058:banglish,banglish,1,curricula_BSc-Curriculum-New.pdf,curricula_BSc-Curriculum-New.pdf,doc-4d373684ce4879ed066003f5,73,doc-4d373684ce4879ed066003f5-p000073-b0003-c0001,20.0,,,,"Course Code: CSE 209 Course Title: Digital Logic & System Design Credits: 4.00 Prerequisite: None Boolean Algebra: truth tables, canonical and standard forms of functions, logic operations; Simplification of functions: Karnaugh map, SOP and POS methods, non -degenerate terms, don‘t care conditions, tabulation method; Logic gates: AND, OR, NOT and universal gates, NAND, NOR, wired -OR and wired-AND implementation; Combinational logic: half and full adder and subtractor, binary parallel adder, BCD adder, encoder and decoder, multiplexer and demultiplexer, Boolean function implementation using decoder and multiplexer; design and implementation of logic circuits; Sequential logic: latches, flip flops, flip flop excitation table; Counters: asynchronous and synchronous binary and BCD counters, Johnson counters and ring counters; Synchronous sequential circuits: state diagrams, state tables, state equations, Mealy and Moore type circuits, state reduction, state assignment, incompletely specified diagrams; Asynchronous Sequential circuits: fundamental and pulse mode circuits, race and cycles, methods of secondary assignment. Design the various Components of a Computer: Flag Registers Shi ft and Parallel Registers Memory Units, Control Unit. Design of Simple Microprocessor, (SAP1 & SAP2): Architecture, Instructions Set, Instruction Cycle, Programming Model) Text Book: 1. Digital Electronics- Author: Ronald J. Tocci, Publisher: Prentice Hall 2. Digital Logic and Computer Design - Author: M. Morris Mano, Publisher: Pearson Prentice Hall 3. Digital Computer Electronics - Author: Malvino - Brown, Publisher: TaTa-McGraw Hill","[""course_code"", ""course_title"", ""credits"", ""prerequisite""]"
step9-development-final-20260929T185115270858Z-84c03a,Q058:banglish,banglish,2,curricula_BSc-Curriculum-New.pdf,curricula_BSc-Curriculum-New.pdf,doc-4d373684ce4879ed066003f5,53,doc-4d373684ce4879ed066003f5-p000053-b0004-c0001,18.0,,,,CSE 209 Digital Logic & System Design 4.00 Nil,"[""course_code"", ""course_title"", ""credits"", ""prerequisite""]"
step9-development-final-20260929T185115270858Z-84c03a,Q058:banglish,banglish,3,curricula_BSc-Curriculum-New.pdf,curricula_BSc-Curriculum-New.pdf,doc-4d373684ce4879ed066003f5,81,doc-4d373684ce4879ed066003f5-p000081-b0004-c0001,16.0,,,,"Course Code: CSE 317 Course Title: Computer Architecture Credits: 3.00 Prerequisite: CSE 209 Introduction: Computer Architecture and Organization. Instruction set architecture: Overview of MIPS, basic instruction, high level to MIPS conversion of instruction, MIPS control and data path de sign. Computer arithmetic and number system: Binary review; floating point number representation; basic addition and multiplication algorithm and hardware. Advanced computer arithmetic: Booth multiplication scheme, recoding process, best and worst multip lier, average gain. Computer system performance and performance matrices: Execution time, clock rate, processor speed, CPI -clock per instruction, mathematical problems. Memory and cache hierarchy: Primary memory, secondary memory, memory hierarchy, virtu al memory, caching scheme: direct addressed caching, other policies, Control design: Processor control Unit design and data path analysis, Pipelining: Pipelined data path and control, super scalar and dynamic pipelining. I/O organization: Introduction, bu s control, I/O systems, p rogrammed IO, DMA and interrupts, I/O processors, multiprocessor system: UMA, NUMA etc.","[""course_code"", ""course_title"", ""credits"", ""prerequisite"", ""policy""]"
step9-development-final-20260929T185115270858Z-84c03a,Q059:english,english,1,curricula_BSc-Curriculum-New.pdf,curricula_BSc-Curriculum-New.pdf,doc-4d373684ce4879ed066003f5,73,doc-4d373684ce4879ed066003f5-p000073-b0004-c0001,22.0,,,,Course Code: CSE 210 Course Title: Digital Logic & System Design Lab Credits: 1.50 Prerequisite: None Laboratory work will be based on the theory classes.,"[""course_code"", ""course_title"", ""credits"", ""prerequisite""]"
step9-development-final-20260929T185115270858Z-84c03a,Q059:english,english,2,curricula_BSc-Curriculum-New.pdf,curricula_BSc-Curriculum-New.pdf,doc-4d373684ce4879ed066003f5,53,doc-4d373684ce4879ed066003f5-p000053-b0005-c0001,20.0,,,,CSE 210 Digital Logic & System Design Lab 1.50 Nil,"[""course_code"", ""course_title"", ""credits"", ""prerequisite""]"
step9-development-final-20260929T185115270858Z-84c03a,Q059:english,english,3,curricula_BSc-Curriculum-New.pdf,curricula_BSc-Curriculum-New.pdf,doc-4d373684ce4879ed066003f5,54,doc-4d373684ce4879ed066003f5-p000054-b0007-c0001,14.0,,,,"CSE 316 Peripheral &Interfacing Lab 1.50 CSE 210, CSE 312 Third Year Second Semester Course Code Course Title Credits Pre- Requisite","[""course_code"", ""course_title"", ""credits"", ""prerequisite""]"
step9-development-final-20260929T185115270858Z-84c03a,Q059:bangla,bangla,1,curricula_BSc-Curriculum-New.pdf,curricula_BSc-Curriculum-New.pdf,doc-4d373684ce4879ed066003f5,53,doc-4d373684ce4879ed066003f5-p000053-b0005-c0001,20.0,,,,CSE 210 Digital Logic & System Design Lab 1.50 Nil,"[""course_code"", ""course_title"", ""credits"", ""prerequisite""]"
step9-development-final-20260929T185115270858Z-84c03a,Q059:bangla,bangla,2,curricula_BSc-Curriculum-New.pdf,curricula_BSc-Curriculum-New.pdf,doc-4d373684ce4879ed066003f5,73,doc-4d373684ce4879ed066003f5-p000073-b0004-c0001,20.0,,,,Course Code: CSE 210 Course Title: Digital Logic & System Design Lab Credits: 1.50 Prerequisite: None Laboratory work will be based on the theory classes.,"[""course_code"", ""course_title"", ""credits"", ""prerequisite""]"
step9-development-final-20260929T185115270858Z-84c03a,Q059:bangla,bangla,3,curricula_BSc-Curriculum-New.pdf,curricula_BSc-Curriculum-New.pdf,doc-4d373684ce4879ed066003f5,54,doc-4d373684ce4879ed066003f5-p000054-b0007-c0001,12.0,,,,"CSE 316 Peripheral &Interfacing Lab 1.50 CSE 210, CSE 312 Third Year Second Semester Course Code Course Title Credits Pre- Requisite","[""course_code"", ""course_title"", ""credits"", ""prerequisite""]"
step9-development-final-20260929T185115270858Z-84c03a,Q059:banglish,banglish,1,curricula_BSc-Curriculum-New.pdf,curricula_BSc-Curriculum-New.pdf,doc-4d373684ce4879ed066003f5,73,doc-4d373684ce4879ed066003f5-p000073-b0004-c0001,22.0,,,,Course Code: CSE 210 Course Title: Digital Logic & System Design Lab Credits: 1.50 Prerequisite: None Laboratory work will be based on the theory classes.,"[""course_code"", ""course_title"", ""credits"", ""prerequisite""]"
step9-development-final-20260929T185115270858Z-84c03a,Q059:banglish,banglish,2,curricula_BSc-Curriculum-New.pdf,curricula_BSc-Curriculum-New.pdf,doc-4d373684ce4879ed066003f5,53,doc-4d373684ce4879ed066003f5-p000053-b0005-c0001,20.0,,,,CSE 210 Digital Logic & System Design Lab 1.50 Nil,"[""course_code"", ""course_title"", ""credits"", ""prerequisite""]"
step9-development-final-20260929T185115270858Z-84c03a,Q059:banglish,banglish,3,curricula_BSc-Curriculum-New.pdf,curricula_BSc-Curriculum-New.pdf,doc-4d373684ce4879ed066003f5,54,doc-4d373684ce4879ed066003f5-p000054-b0007-c0001,14.0,,,,"CSE 316 Peripheral &Interfacing Lab 1.50 CSE 210, CSE 312 Third Year Second Semester Course Code Course Title Credits Pre- Requisite","[""course_code"", ""course_title"", ""credits"", ""prerequisite""]"
step9-development-final-20260929T185115270858Z-84c03a,Q060:english,english,1,curricula_BSc-Curriculum-New.pdf,curricula_BSc-Curriculum-New.pdf,doc-4d373684ce4879ed066003f5,73,doc-4d373684ce4879ed066003f5-p000073-b0005-c0001,16.0,,,,"Course Code: CSE 211 Course Title: Database Systems Credits: 3.00 Prerequisite: None Introduction: Purpose of Database Systems, Data Abstraction, Data Models, Instances and Sc hemes, Data Independence, Data Definition Language, Data Manipulation Language, Database Manager, Database administrator, Database Users, Overall System Structure, Advantages and Disadvantage of a Database Systems. Data Mining and analysis, Database","[""course_code"", ""course_title"", ""credits"", ""prerequisite""]"
step9-development-final-20260929T185115270858Z-84c03a,Q060:english,english,2,curricula_BSc-Curriculum-New.pdf,curricula_BSc-Curriculum-New.pdf,doc-4d373684ce4879ed066003f5,75,doc-4d373684ce4879ed066003f5-p000075-b0003-c0001,16.0,,,,"Course Code: CSE 305 Course Title: System Analysis and Design Credits: 3.00 Prerequisite: CSE 211 Introduction to System analysis, concepts, understanding and modeling organization Systems, System development life cycle(SDLC), structured analysis and struc tured design, object oriented analysis and design, Different types of information, Qualities of information, Analysis оf Information requirements for modern organizations, Role, tasks and attributes of a Systems Analyst, Sources of information, Information gathering techniques, Requirements specifications; Steps of systems analysis; System analysis toolkit: CASE tools, prototyping, software life cycle, SOW(statement of work), CB analysis, value(cost of money), NPV analysis, CPM , PERT, Requirement modeling, Agile modeling, Data and process modeling, Object modeling, Development strategies, Output and user interface design, Data design, Designing input/output, Designing file, database, user interface, Dataflow diagram, System architecture, Analysis process: Object oriented System analysis, introduction to UML, Use case","[""course_code"", ""course_title"", ""credits"", ""prerequisite"", ""requirement""]"
step9-development-final-20260929T185115270858Z-84c03a,Q060:english,english,3,curricula_BSc-Curriculum-New.pdf,curricula_BSc-Curriculum-New.pdf,doc-4d373684ce4879ed066003f5,53,doc-4d373684ce4879ed066003f5-p000053-b0006-c0001,14.0,,,,CSE 211 Database Systems 3.00 Nil,"[""course_code"", ""course_title"", ""credits"", ""prerequisite""]"
step9-development-final-20260929T185115270858Z-84c03a,Q060:bangla,bangla,1,curricula_BSc-Curriculum-New.pdf,curricula_BSc-Curriculum-New.pdf,doc-4d373684ce4879ed066003f5,53,doc-4d373684ce4879ed066003f5-p000053-b0006-c0001,14.0,,,,CSE 211 Database Systems 3.00 Nil,"[""course_code"", ""course_title"", ""credits"", ""prerequisite""]"
step9-development-final-20260929T185115270858Z-84c03a,Q060:bangla,bangla,2,curricula_BSc-Curriculum-New.pdf,curricula_BSc-Curriculum-New.pdf,doc-4d373684ce4879ed066003f5,73,doc-4d373684ce4879ed066003f5-p000073-b0005-c0001,14.0,,,,"Course Code: CSE 211 Course Title: Database Systems Credits: 3.00 Prerequisite: None Introduction: Purpose of Database Systems, Data Abstraction, Data Models, Instances and Sc hemes, Data Independence, Data Definition Language, Data Manipulation Language, Database Manager, Database administrator, Database Users, Overall System Structure, Advantages and Disadvantage of a Database Systems. Data Mining and analysis, Database","[""course_code"", ""course_title"", ""credits"", ""prerequisite""]"
step9-development-final-20260929T185115270858Z-84c03a,Q060:bangla,bangla,3,curricula_BSc-Curriculum-New.pdf,curricula_BSc-Curriculum-New.pdf,doc-4d373684ce4879ed066003f5,75,doc-4d373684ce4879ed066003f5-p000075-b0003-c0001,14.0,,,,"Course Code: CSE 305 Course Title: System Analysis and Design Credits: 3.00 Prerequisite: CSE 211 Introduction to System analysis, concepts, understanding and modeling organization Systems, System development life cycle(SDLC), structured analysis and struc tured design, object oriented analysis and design, Different types of information, Qualities of information, Analysis оf Information requirements for modern organizations, Role, tasks and attributes of a Systems Analyst, Sources of information, Information gathering techniques, Requirements specifications; Steps of systems analysis; System analysis toolkit: CASE tools, prototyping, software life cycle, SOW(statement of work), CB analysis, value(cost of money), NPV analysis, CPM , PERT, Requirement modeling, Agile modeling, Data and process modeling, Object modeling, Development strategies, Output and user interface design, Data design, Designing input/output, Designing file, database, user interface, Dataflow diagram, System architecture, Analysis process: Object oriented System analysis, introduction to UML, Use case","[""course_code"", ""course_title"", ""credits"", ""prerequisite"", ""requirement""]"
step9-development-final-20260929T185115270858Z-84c03a,Q060:banglish,banglish,1,curricula_BSc-Curriculum-New.pdf,curricula_BSc-Curriculum-New.pdf,doc-4d373684ce4879ed066003f5,73,doc-4d373684ce4879ed066003f5-p000073-b0005-c0001,16.0,,,,"Course Code: CSE 211 Course Title: Database Systems Credits: 3.00 Prerequisite: None Introduction: Purpose of Database Systems, Data Abstraction, Data Models, Instances and Sc hemes, Data Independence, Data Definition Language, Data Manipulation Language, Database Manager, Database administrator, Database Users, Overall System Structure, Advantages and Disadvantage of a Database Systems. Data Mining and analysis, Database","[""course_code"", ""course_title"", ""credits"", ""prerequisite""]"
step9-development-final-20260929T185115270858Z-84c03a,Q060:banglish,banglish,2,curricula_BSc-Curriculum-New.pdf,curricula_BSc-Curriculum-New.pdf,doc-4d373684ce4879ed066003f5,75,doc-4d373684ce4879ed066003f5-p000075-b0003-c0001,16.0,,,,"Course Code: CSE 305 Course Title: System Analysis and Design Credits: 3.00 Prerequisite: CSE 211 Introduction to System analysis, concepts, understanding and modeling organization Systems, System development life cycle(SDLC), structured analysis and struc tured design, object oriented analysis and design, Different types of information, Qualities of information, Analysis оf Information requirements for modern organizations, Role, tasks and attributes of a Systems Analyst, Sources of information, Information gathering techniques, Requirements specifications; Steps of systems analysis; System analysis toolkit: CASE tools, prototyping, software life cycle, SOW(statement of work), CB analysis, value(cost of money), NPV analysis, CPM , PERT, Requirement modeling, Agile modeling, Data and process modeling, Object modeling, Development strategies, Output and user interface design, Data design, Designing input/output, Designing file, database, user interface, Dataflow diagram, System architecture, Analysis process: Object oriented System analysis, introduction to UML, Use case","[""course_code"", ""course_title"", ""credits"", ""prerequisite"", ""requirement""]"
step9-development-final-20260929T185115270858Z-84c03a,Q060:banglish,banglish,3,curricula_BSc-Curriculum-New.pdf,curricula_BSc-Curriculum-New.pdf,doc-4d373684ce4879ed066003f5,53,doc-4d373684ce4879ed066003f5-p000053-b0006-c0001,14.0,,,,CSE 211 Database Systems 3.00 Nil,"[""course_code"", ""course_title"", ""credits"", ""prerequisite""]"
step9-development-final-20260929T185115270858Z-84c03a,Q061:english,english,1,curricula_BSc-Curriculum-New.pdf,curricula_BSc-Curriculum-New.pdf,doc-4d373684ce4879ed066003f5,74,doc-4d373684ce4879ed066003f5-p000074-b0012-c0001,18.0,,,,Course Code: CSE 212 Course Title: Database Systems Lab Credits: 1.50 Prerequisite: None Laboratory works based on theory classes.,"[""course_code"", ""course_title"", ""credits"", ""prerequisite""]"
step9-development-final-20260929T185115270858Z-84c03a,Q061:english,english,2,curricula_BSc-Curriculum-New.pdf,curricula_BSc-Curriculum-New.pdf,doc-4d373684ce4879ed066003f5,76,doc-4d373684ce4879ed066003f5-p000076-b0005-c0001,18.0,,,,"Course Code: CSE 306 Course Title: System Analysis & Design Lab Credits: 0.75 Prerequisite: CSE 212 This Lab consists of practice and presentation of the system analysis and designing tools. Students demonstrate the techniques and skills of analyzing and designing a system in order to build an automated solution (software). The software pr oject will be fixed at the beginning of the semester, preferably pre -defined from Database Systems Course. In every lab, students go through formal presentation of their software analysis and design - starting from information gathering up to any modeling tool.","[""course_code"", ""course_title"", ""credits"", ""prerequisite""]"
step9-development-final-20260929T185115270858Z-84c03a,Q061:english,english,3,curricula_BSc-Curriculum-New.pdf,curricula_BSc-Curriculum-New.pdf,doc-4d373684ce4879ed066003f5,53,doc-4d373684ce4879ed066003f5-p000053-b0007-c0001,16.0,,,,CSE 212 Database Systems Lab 1.50 Nil,"[""course_code"", ""course_title"", ""credits"", ""prerequisite""]"
step9-development-final-20260929T185115270858Z-84c03a,Q061:bangla,bangla,1,curricula_BSc-Curriculum-New.pdf,curricula_BSc-Curriculum-New.pdf,doc-4d373684ce4879ed066003f5,53,doc-4d373684ce4879ed066003f5-p000053-b0007-c0001,16.0,,,,CSE 212 Database Systems Lab 1.50 Nil,"[""course_code"", ""course_title"", ""credits"", ""prerequisite""]"
step9-development-final-20260929T185115270858Z-84c03a,Q061:bangla,bangla,2,curricula_BSc-Curriculum-New.pdf,curricula_BSc-Curriculum-New.pdf,doc-4d373684ce4879ed066003f5,74,doc-4d373684ce4879ed066003f5-p000074-b0012-c0001,16.0,,,,Course Code: CSE 212 Course Title: Database Systems Lab Credits: 1.50 Prerequisite: None Laboratory works based on theory classes.,"[""course_code"", ""course_title"", ""credits"", ""prerequisite""]"
step9-development-final-20260929T185115270858Z-84c03a,Q061:bangla,bangla,3,curricula_BSc-Curriculum-New.pdf,curricula_BSc-Curriculum-New.pdf,doc-4d373684ce4879ed066003f5,76,doc-4d373684ce4879ed066003f5-p000076-b0005-c0001,16.0,,,,"Course Code: CSE 306 Course Title: System Analysis & Design Lab Credits: 0.75 Prerequisite: CSE 212 This Lab consists of practice and presentation of the system analysis and designing tools. Students demonstrate the techniques and skills of analyzing and designing a system in order to build an automated solution (software). The software pr oject will be fixed at the beginning of the semester, preferably pre -defined from Database Systems Course. In every lab, students go through formal presentation of their software analysis and design - starting from information gathering up to any modeling tool.","[""course_code"", ""course_title"", ""credits"", ""prerequisite""]"
step9-development-final-20260929T185115270858Z-84c03a,Q061:banglish,banglish,1,curricula_BSc-Curriculum-New.pdf,curricula_BSc-Curriculum-New.pdf,doc-4d373684ce4879ed066003f5,74,doc-4d373684ce4879ed066003f5-p000074-b0012-c0001,18.0,,,,Course Code: CSE 212 Course Title: Database Systems Lab Credits: 1.50 Prerequisite: None Laboratory works based on theory classes.,"[""course_code"", ""course_title"", ""credits"", ""prerequisite""]"
step9-development-final-20260929T185115270858Z-84c03a,Q061:banglish,banglish,2,curricula_BSc-Curriculum-New.pdf,curricula_BSc-Curriculum-New.pdf,doc-4d373684ce4879ed066003f5,76,doc-4d373684ce4879ed066003f5-p000076-b0005-c0001,18.0,,,,"Course Code: CSE 306 Course Title: System Analysis & Design Lab Credits: 0.75 Prerequisite: CSE 212 This Lab consists of practice and presentation of the system analysis and designing tools. Students demonstrate the techniques and skills of analyzing and designing a system in order to build an automated solution (software). The software pr oject will be fixed at the beginning of the semester, preferably pre -defined from Database Systems Course. In every lab, students go through formal presentation of their software analysis and design - starting from information gathering up to any modeling tool.","[""course_code"", ""course_title"", ""credits"", ""prerequisite""]"
step9-development-final-20260929T185115270858Z-84c03a,Q061:banglish,banglish,3,curricula_BSc-Curriculum-New.pdf,curricula_BSc-Curriculum-New.pdf,doc-4d373684ce4879ed066003f5,53,doc-4d373684ce4879ed066003f5-p000053-b0007-c0001,16.0,,,,CSE 212 Database Systems Lab 1.50 Nil,"[""course_code"", ""course_title"", ""credits"", ""prerequisite""]"
step9-development-final-20260929T185115270858Z-84c03a,Q062:english,english,1,curricula_BSc-Curriculum-New.pdf,curricula_BSc-Curriculum-New.pdf,doc-4d373684ce4879ed066003f5,53,doc-4d373684ce4879ed066003f5-p000053-b0008-c0001,24.0,,,,MTH 205 Math IV: Differential Equations and Fourier and Laplace Transformations. 3.00 MTH 201,"[""course_code"", ""course_title"", ""credits"", ""prerequisite""]"
step9-development-final-20260929T185115270858Z-84c03a,Q062:english,english,2,curricula_BSc-Curriculum-New.pdf,curricula_BSc-Curriculum-New.pdf,doc-4d373684ce4879ed066003f5,72,doc-4d373684ce4879ed066003f5-p000072-b0006-c0001,24.0,,,,"Course Code: MTH 205 Course Title: Math IV: Differential Equations and Fourier and Laplace Transformation Credits: 3.00 Prerequisite: MTH 201 Basic Concepts: Introduction and First Definitions, Direction fields. First Order Differential Equations: Linear Equations, Separable Equations, Exact Equations, Bernoulli Differential Equations, Substitutions, Intervals of Validity, Modeling with First Order Differential Equations, Equilibrium Solutions, Euler‘s Method. Laplace Transforms: Laplace Transforms, Inverse Laplace Transforms, Step Functions, Solving Initial Value Problems with Laplace Transforms. Systems of Differential Equations: Second Order Equations and Systems, Euler's Method for Systems, Qualitative Analysis, Linear Systems (Vector Representati ons of Solutions of Linear Systems, Eigenvalues and Eigenvectors Technique, Qualitative Analysis of Linear Systems), Nonlinear Systems (Equilibrium Point Analysis: Linearization Technique). Series Solutions: Series Solutions, Euler Equations. Higher Order Differential Equations: Basic Concepts for n th Order Linear Equations, Linear Homogeneous Differential Equations, Undetermined Coefficients, Variation of Parameters, Laplace Transforms, Systems of Differential Equations, Series Solutions. Boundary Value Problems & Fourier Series: Boundary Value Problems, Eigenvalues and Eigenfunctions, Periodic Functions and Orthogonal Functions, Fourier Sine Series, Fourier Cosine Series, Fourier Series, Convergence of Fourier Series. Partial Differential Equations: The Heat Equation, The Wave Equation, Terminology, Separation of Variables, Solving the Heat Equation, Heat Equation with Non -Zero Temperature Boundaries, Laplace‘s Equation, Vibrating String.","[""course_code"", ""course_title"", ""credits"", ""prerequisite""]"
step9-development-final-20260929T185115270858Z-84c03a,Q062:english,english,3,curricula_BSc-Curriculum-New.pdf,curricula_BSc-Curriculum-New.pdf,doc-4d373684ce4879ed066003f5,79,doc-4d373684ce4879ed066003f5-p000079-b0006-c0001,15.0,,,,"Course Code: CSE 313 Course Title: Numerical Methods Credits: 3.00 Prerequisite MTH 205, CSE 205 Numerical Methods in Computer Science, Errors and Accuracy: Truncation, rounding off and algorithmic errors, absolute and relative errors, propagation of errors, error estimation. Iterative process: Solution of f(x)=0, e xistence and convergence of a root, convergence of the iterative method, geometrical representation, Aitken‘s 2-process of acceleration. System of Linear Equations: Cramers rule, Gauss elimination method, Gauss- Jordan elimination, Triangularisation metho d of factorization process (Choleski‘s process), Iterative methods - Jacobi‘s method, Gauss - Seidel method, Comparison of various methods. Solution of Non – Linear equations: Interval Bisection Method, Newton - Raphson method, Secant method, Regula - Falsi method, Newton - Raphson method for polynomial evaluation, Nested multiplication. Finite Differences and Interpolation: Difference Operators, Factorial Notation, Differences of zero Definition and Differences of x (-n), Forward and Backward Differences, Shift Operator, Central Difference Operators, Averaging Operator, Divided Differences, Finite differences and differentiation, Errors in a difference table. Finite difference Interpolation: Newton‘s forward interpolation formula, Newton – Gregory formula for b ackward interpolation, Newton‘s formula","[""course_code"", ""course_title"", ""credits"", ""prerequisite"", ""policy""]"
step9-development-final-20260929T185115270858Z-84c03a,Q062:bangla,bangla,1,curricula_BSc-Curriculum-New.pdf,curricula_BSc-Curriculum-New.pdf,doc-4d373684ce4879ed066003f5,53,doc-4d373684ce4879ed066003f5-p000053-b0008-c0001,24.0,,,,MTH 205 Math IV: Differential Equations and Fourier and Laplace Transformations. 3.00 MTH 201,"[""course_code"", ""course_title"", ""credits"", ""prerequisite""]"
step9-development-final-20260929T185115270858Z-84c03a,Q062:bangla,bangla,2,curricula_BSc-Curriculum-New.pdf,curricula_BSc-Curriculum-New.pdf,doc-4d373684ce4879ed066003f5,72,doc-4d373684ce4879ed066003f5-p000072-b0006-c0001,22.0,,,,"Course Code: MTH 205 Course Title: Math IV: Differential Equations and Fourier and Laplace Transformation Credits: 3.00 Prerequisite: MTH 201 Basic Concepts: Introduction and First Definitions, Direction fields. First Order Differential Equations: Linear Equations, Separable Equations, Exact Equations, Bernoulli Differential Equations, Substitutions, Intervals of Validity, Modeling with First Order Differential Equations, Equilibrium Solutions, Euler‘s Method. Laplace Transforms: Laplace Transforms, Inverse Laplace Transforms, Step Functions, Solving Initial Value Problems with Laplace Transforms. Systems of Differential Equations: Second Order Equations and Systems, Euler's Method for Systems, Qualitative Analysis, Linear Systems (Vector Representati ons of Solutions of Linear Systems, Eigenvalues and Eigenvectors Technique, Qualitative Analysis of Linear Systems), Nonlinear Systems (Equilibrium Point Analysis: Linearization Technique). Series Solutions: Series Solutions, Euler Equations. Higher Order Differential Equations: Basic Concepts for n th Order Linear Equations, Linear Homogeneous Differential Equations, Undetermined Coefficients, Variation of Parameters, Laplace Transforms, Systems of Differential Equations, Series Solutions. Boundary Value Problems & Fourier Series: Boundary Value Problems, Eigenvalues and Eigenfunctions, Periodic Functions and Orthogonal Functions, Fourier Sine Series, Fourier Cosine Series, Fourier Series, Convergence of Fourier Series. Partial Differential Equations: The Heat Equation, The Wave Equation, Terminology, Separation of Variables, Solving the Heat Equation, Heat Equation with Non -Zero Temperature Boundaries, Laplace‘s Equation, Vibrating String.","[""course_code"", ""course_title"", ""credits"", ""prerequisite""]"
step9-development-final-20260929T185115270858Z-84c03a,Q062:bangla,bangla,3,curricula_BSc-Curriculum-New.pdf,curricula_BSc-Curriculum-New.pdf,doc-4d373684ce4879ed066003f5,79,doc-4d373684ce4879ed066003f5-p000079-b0006-c0001,13.0,,,,"Course Code: CSE 313 Course Title: Numerical Methods Credits: 3.00 Prerequisite MTH 205, CSE 205 Numerical Methods in Computer Science, Errors and Accuracy: Truncation, rounding off and algorithmic errors, absolute and relative errors, propagation of errors, error estimation. Iterative process: Solution of f(x)=0, e xistence and convergence of a root, convergence of the iterative method, geometrical representation, Aitken‘s 2-process of acceleration. System of Linear Equations: Cramers rule, Gauss elimination method, Gauss- Jordan elimination, Triangularisation metho d of factorization process (Choleski‘s process), Iterative methods - Jacobi‘s method, Gauss - Seidel method, Comparison of various methods. Solution of Non – Linear equations: Interval Bisection Method, Newton - Raphson method, Secant method, Regula - Falsi method, Newton - Raphson method for polynomial evaluation, Nested multiplication. Finite Differences and Interpolation: Difference Operators, Factorial Notation, Differences of zero Definition and Differences of x (-n), Forward and Backward Differences, Shift Operator, Central Difference Operators, Averaging Operator, Divided Differences, Finite differences and differentiation, Errors in a difference table. Finite difference Interpolation: Newton‘s forward interpolation formula, Newton – Gregory formula for b ackward interpolation, Newton‘s formula","[""course_code"", ""course_title"", ""credits"", ""prerequisite"", ""policy""]"
step9-development-final-20260929T185115270858Z-84c03a,Q062:banglish,banglish,1,curricula_BSc-Curriculum-New.pdf,curricula_BSc-Curriculum-New.pdf,doc-4d373684ce4879ed066003f5,53,doc-4d373684ce4879ed066003f5-p000053-b0008-c0001,25.0,,,,MTH 205 Math IV: Differential Equations and Fourier and Laplace Transformations. 3.00 MTH 201,"[""course_code"", ""course_title"", ""credits"", ""prerequisite""]"
step9-development-final-20260929T185115270858Z-84c03a,Q062:banglish,banglish,2,curricula_BSc-Curriculum-New.pdf,curricula_BSc-Curriculum-New.pdf,doc-4d373684ce4879ed066003f5,72,doc-4d373684ce4879ed066003f5-p000072-b0006-c0001,24.0,,,,"Course Code: MTH 205 Course Title: Math IV: Differential Equations and Fourier and Laplace Transformation Credits: 3.00 Prerequisite: MTH 201 Basic Concepts: Introduction and First Definitions, Direction fields. First Order Differential Equations: Linear Equations, Separable Equations, Exact Equations, Bernoulli Differential Equations, Substitutions, Intervals of Validity, Modeling with First Order Differential Equations, Equilibrium Solutions, Euler‘s Method. Laplace Transforms: Laplace Transforms, Inverse Laplace Transforms, Step Functions, Solving Initial Value Problems with Laplace Transforms. Systems of Differential Equations: Second Order Equations and Systems, Euler's Method for Systems, Qualitative Analysis, Linear Systems (Vector Representati ons of Solutions of Linear Systems, Eigenvalues and Eigenvectors Technique, Qualitative Analysis of Linear Systems), Nonlinear Systems (Equilibrium Point Analysis: Linearization Technique). Series Solutions: Series Solutions, Euler Equations. Higher Order Differential Equations: Basic Concepts for n th Order Linear Equations, Linear Homogeneous Differential Equations, Undetermined Coefficients, Variation of Parameters, Laplace Transforms, Systems of Differential Equations, Series Solutions. Boundary Value Problems & Fourier Series: Boundary Value Problems, Eigenvalues and Eigenfunctions, Periodic Functions and Orthogonal Functions, Fourier Sine Series, Fourier Cosine Series, Fourier Series, Convergence of Fourier Series. Partial Differential Equations: The Heat Equation, The Wave Equation, Terminology, Separation of Variables, Solving the Heat Equation, Heat Equation with Non -Zero Temperature Boundaries, Laplace‘s Equation, Vibrating String.","[""course_code"", ""course_title"", ""credits"", ""prerequisite""]"
step9-development-final-20260929T185115270858Z-84c03a,Q062:banglish,banglish,3,curricula_BSc-Curriculum-New.pdf,curricula_BSc-Curriculum-New.pdf,doc-4d373684ce4879ed066003f5,79,doc-4d373684ce4879ed066003f5-p000079-b0006-c0001,15.0,,,,"Course Code: CSE 313 Course Title: Numerical Methods Credits: 3.00 Prerequisite MTH 205, CSE 205 Numerical Methods in Computer Science, Errors and Accuracy: Truncation, rounding off and algorithmic errors, absolute and relative errors, propagation of errors, error estimation. Iterative process: Solution of f(x)=0, e xistence and convergence of a root, convergence of the iterative method, geometrical representation, Aitken‘s 2-process of acceleration. System of Linear Equations: Cramers rule, Gauss elimination method, Gauss- Jordan elimination, Triangularisation metho d of factorization process (Choleski‘s process), Iterative methods - Jacobi‘s method, Gauss - Seidel method, Comparison of various methods. Solution of Non – Linear equations: Interval Bisection Method, Newton - Raphson method, Secant method, Regula - Falsi method, Newton - Raphson method for polynomial evaluation, Nested multiplication. Finite Differences and Interpolation: Difference Operators, Factorial Notation, Differences of zero Definition and Differences of x (-n), Forward and Backward Differences, Shift Operator, Central Difference Operators, Averaging Operator, Divided Differences, Finite differences and differentiation, Errors in a difference table. Finite difference Interpolation: Newton‘s forward interpolation formula, Newton – Gregory formula for b ackward interpolation, Newton‘s formula","[""course_code"", ""course_title"", ""credits"", ""prerequisite"", ""policy""]"
step9-development-final-20260929T185115270858Z-84c03a,Q063:english,english,1,curricula_BSc-Curriculum-New.pdf,curricula_BSc-Curriculum-New.pdf,doc-4d373684ce4879ed066003f5,53,doc-4d373684ce4879ed066003f5-p000053-b0009-c0001,14.0,,,,ECN 201 Economics 2.00 Nil Total 19.50 Third Year First Semester Course Code Course Title Credits Pre- Requisite,"[""course_code"", ""course_title"", ""credits"", ""prerequisite""]"
step9-development-final-20260929T185115270858Z-84c03a,Q063:english,english,2,curricula_BSc-Curriculum-New.pdf,curricula_BSc-Curriculum-New.pdf,doc-4d373684ce4879ed066003f5,71,doc-4d373684ce4879ed066003f5-p000071-b0002-c0001,14.0,,,,"Course Code: ECN 201 Course Title: Economics Credits: 2.00 Prerequisite: None Micro: 1. Introduction: Definition and scope of economics, Basic concept and tools used in economics, Economic problems- scarcity and resources. 2. Demand, Supply and Market: Concept of demand, supply and equilibrium, Determinants of demand and supply, Shifting of demand and supply curves, Applications of demand and supply, Elasticity of demand and supply. 3. Theory of Consumer Behavior: Concepts of utility, Paradox of value, Law of diminishing marginal utility, Indifference curve, Budget constraint, Consumer‘s equilibrium. 4. Theory of Firm: Production functi on, Law of diminishing return, Stages of production, Law of variable proportion, Short run and long run production and costs. 5. Market: Taxonomy of markets, Characteristics of different types of markets. Macro: 6. Money and Banking: Definition and functions of money, Different kinds of money,commercial bank and the money stocks, Functions of central bank, Money supply. 7. Introduction to Inflation and Unemployment: Types and costs of inflation and unemployment. Books Recommended: 1. Roger A Arnold: Economics. West publishing company, 1989 2. P.A. Samuelson and WD. Nordhaus: Economics, McGraw -Hill, latest edition","[""course_code"", ""course_title"", ""credits"", ""prerequisite"", ""date""]"
step9-development-final-20260929T185115270858Z-84c03a,Q063:english,english,3,curricula_BSc-Curriculum-New.pdf,curricula_BSc-Curriculum-New.pdf,doc-4d373684ce4879ed066003f5,51,doc-4d373684ce4879ed066003f5-p000051-b0001-c0001,6.0,,,,"4. Summary of Undergraduate Course The undergraduate students of different years of the Department of Computer Science and Engineering have to follow the course schedule given below. The letter prefix in any course number indic ates the discipline/subject offering the course viz. HSS for Humanities and Social Science, Business, Management Studies, Language etc., PHY for Physics, CHEM for Chemistry, MTH for Mathematics , ECN for Economics, ACN for Accounting and CSE for Computer Sc ience and Engineering. The first digit in the number indicates the year/level for which the course is intended; the second digit is assigned by the department and the last digit, if odd, indicates a theory course and if even, indicates a laboratory course. Core Courses First Year First Semester Course Code Course Title Credits Pre- Requisite","[""course_code"", ""course_title"", ""credits"", ""prerequisite""]"
step9-development-final-20260929T185115270858Z-84c03a,Q063:bangla,bangla,1,curricula_BSc-Curriculum-New.pdf,curricula_BSc-Curriculum-New.pdf,doc-4d373684ce4879ed066003f5,53,doc-4d373684ce4879ed066003f5-p000053-b0009-c0001,12.0,,,,ECN 201 Economics 2.00 Nil Total 19.50 Third Year First Semester Course Code Course Title Credits Pre- Requisite,"[""course_code"", ""course_title"", ""credits"", ""prerequisite""]"
step9-development-final-20260929T185115270858Z-84c03a,Q063:bangla,bangla,2,curricula_BSc-Curriculum-New.pdf,curricula_BSc-Curriculum-New.pdf,doc-4d373684ce4879ed066003f5,71,doc-4d373684ce4879ed066003f5-p000071-b0002-c0001,12.0,,,,"Course Code: ECN 201 Course Title: Economics Credits: 2.00 Prerequisite: None Micro: 1. Introduction: Definition and scope of economics, Basic concept and tools used in economics, Economic problems- scarcity and resources. 2. Demand, Supply and Market: Concept of demand, supply and equilibrium, Determinants of demand and supply, Shifting of demand and supply curves, Applications of demand and supply, Elasticity of demand and supply. 3. Theory of Consumer Behavior: Concepts of utility, Paradox of value, Law of diminishing marginal utility, Indifference curve, Budget constraint, Consumer‘s equilibrium. 4. Theory of Firm: Production functi on, Law of diminishing return, Stages of production, Law of variable proportion, Short run and long run production and costs. 5. Market: Taxonomy of markets, Characteristics of different types of markets. Macro: 6. Money and Banking: Definition and functions of money, Different kinds of money,commercial bank and the money stocks, Functions of central bank, Money supply. 7. Introduction to Inflation and Unemployment: Types and costs of inflation and unemployment. Books Recommended: 1. Roger A Arnold: Economics. West publishing company, 1989 2. P.A. Samuelson and WD. Nordhaus: Economics, McGraw -Hill, latest edition","[""course_code"", ""course_title"", ""credits"", ""prerequisite"", ""date""]"
step9-development-final-20260929T185115270858Z-84c03a,Q063:bangla,bangla,3,curricula_BSc-Curriculum-New.pdf,curricula_BSc-Curriculum-New.pdf,doc-4d373684ce4879ed066003f5,51,doc-4d373684ce4879ed066003f5-p000051-b0001-c0001,4.0,,,,"4. Summary of Undergraduate Course The undergraduate students of different years of the Department of Computer Science and Engineering have to follow the course schedule given below. The letter prefix in any course number indic ates the discipline/subject offering the course viz. HSS for Humanities and Social Science, Business, Management Studies, Language etc., PHY for Physics, CHEM for Chemistry, MTH for Mathematics , ECN for Economics, ACN for Accounting and CSE for Computer Sc ience and Engineering. The first digit in the number indicates the year/level for which the course is intended; the second digit is assigned by the department and the last digit, if odd, indicates a theory course and if even, indicates a laboratory course. Core Courses First Year First Semester Course Code Course Title Credits Pre- Requisite","[""course_code"", ""course_title"", ""credits"", ""prerequisite""]"
step9-development-final-20260929T185115270858Z-84c03a,Q063:banglish,banglish,1,curricula_BSc-Curriculum-New.pdf,curricula_BSc-Curriculum-New.pdf,doc-4d373684ce4879ed066003f5,53,doc-4d373684ce4879ed066003f5-p000053-b0009-c0001,14.0,,,,ECN 201 Economics 2.00 Nil Total 19.50 Third Year First Semester Course Code Course Title Credits Pre- Requisite,"[""course_code"", ""course_title"", ""credits"", ""prerequisite""]"
step9-development-final-20260929T185115270858Z-84c03a,Q063:banglish,banglish,2,curricula_BSc-Curriculum-New.pdf,curricula_BSc-Curriculum-New.pdf,doc-4d373684ce4879ed066003f5,71,doc-4d373684ce4879ed066003f5-p000071-b0002-c0001,14.0,,,,"Course Code: ECN 201 Course Title: Economics Credits: 2.00 Prerequisite: None Micro: 1. Introduction: Definition and scope of economics, Basic concept and tools used in economics, Economic problems- scarcity and resources. 2. Demand, Supply and Market: Concept of demand, supply and equilibrium, Determinants of demand and supply, Shifting of demand and supply curves, Applications of demand and supply, Elasticity of demand and supply. 3. Theory of Consumer Behavior: Concepts of utility, Paradox of value, Law of diminishing marginal utility, Indifference curve, Budget constraint, Consumer‘s equilibrium. 4. Theory of Firm: Production functi on, Law of diminishing return, Stages of production, Law of variable proportion, Short run and long run production and costs. 5. Market: Taxonomy of markets, Characteristics of different types of markets. Macro: 6. Money and Banking: Definition and functions of money, Different kinds of money,commercial bank and the money stocks, Functions of central bank, Money supply. 7. Introduction to Inflation and Unemployment: Types and costs of inflation and unemployment. Books Recommended: 1. Roger A Arnold: Economics. West publishing company, 1989 2. P.A. Samuelson and WD. Nordhaus: Economics, McGraw -Hill, latest edition","[""course_code"", ""course_title"", ""credits"", ""prerequisite"", ""date""]"
step9-development-final-20260929T185115270858Z-84c03a,Q063:banglish,banglish,3,curricula_BSc-Curriculum-New.pdf,curricula_BSc-Curriculum-New.pdf,doc-4d373684ce4879ed066003f5,51,doc-4d373684ce4879ed066003f5-p000051-b0001-c0001,6.0,,,,"4. Summary of Undergraduate Course The undergraduate students of different years of the Department of Computer Science and Engineering have to follow the course schedule given below. The letter prefix in any course number indic ates the discipline/subject offering the course viz. HSS for Humanities and Social Science, Business, Management Studies, Language etc., PHY for Physics, CHEM for Chemistry, MTH for Mathematics , ECN for Economics, ACN for Accounting and CSE for Computer Sc ience and Engineering. The first digit in the number indicates the year/level for which the course is intended; the second digit is assigned by the department and the last digit, if odd, indicates a theory course and if even, indicates a laboratory course. Core Courses First Year First Semester Course Code Course Title Credits Pre- Requisite","[""course_code"", ""course_title"", ""credits"", ""prerequisite""]"
step9-development-final-20260929T185115270858Z-84c03a,Q064:english,english,1,curricula_BSc-Curriculum-New.pdf,curricula_BSc-Curriculum-New.pdf,doc-4d373684ce4879ed066003f5,78,doc-4d373684ce4879ed066003f5-p000078-b0006-c0001,16.0,,,,"Course Code: CSE 303 Course Title: Data Communications Credits: 3.00 Prerequisite: ECE 201, PHY 101, MTH 205 Introduction to data communication model, Data communication task, Data communication standards and organization, protocol architecture, TCP/IP model and OSI model : data representation, signal encoding and signal analysis; Data Transmission Channel: channel capacity, transmission line characteristics, Baseband and Broadband transmission; Guided and unguided transmission media; Transmission networks; Transmission modulation techniques, modems and interfaces; Multiplexing techniques; Introduction to error handling and switching techniques. Introduction to modulation techniques: pulse modulation, pulse amplitude modulation, pulse width modulat ion and pulse position modulation; pulse code modulation: quantization, delta modulation; TDM, FDM, OOK, FSK, PSK, QPSK; representation of noise, threshold effects in PCM and FM; asynchronous and synchronous communications; Data link control: Line configurations, flow control and error control techniques - sliding window, stop and wait ARQ, selective reject ARQ and HDLC protocol. Reference Books: 1. Behrouz A. Forouzan, Data Communications and Networking, 4 th Edition. McGraw-Hill. 2. William Stallings, Data and C omputer Communications, Published by Pearson, 8th Edition","[""course_code"", ""course_title"", ""credits"", ""prerequisite""]"
step9-development-final-20260929T185115270858Z-84c03a,Q064:english,english,2,curricula_BSc-Curriculum-New.pdf,curricula_BSc-Curriculum-New.pdf,doc-4d373684ce4879ed066003f5,80,doc-4d373684ce4879ed066003f5-p000080-b0008-c0001,16.0,,,,"Course Code: CSE 319 Course Title: Computer Networks Credits: 3.00 Prerequisite: CSE 303 Introduction to Networking, Networking Devices, Network architectures. Network Classification, Industry , Network Model and Protocols, Network Topology, Error Detection & Correction Schemes and Implementation of those Schemes, IP Overview, IPv4, IPv6, Transition from IPv4 to IPv6, IPv6 Facilities, Subnetting and supernetting - CIDR, Routing an d Routing Protocols, Transport Layer Protocols: TCP and UDP ,Local Area Networks, Satellite Networks, Servers: DNS-Mail-Proxy-DHCP, Firewalls, ISP-IIG-IGW-ICX-ITC-SMC, Configuration and Design Concept, ATM Network, VoIP, Security Issues in Networking, Diff erent Security Protocols, Hacking, Ethical Hacking, Encrypt ion, VPN, IPSec, Firewall, SSL. Text Books: 1. Computer Networking: A Top -Down Approach - James Kurose and Keith Ross, Addison-Wesley 2. Computer Networks - Andrew S. Tanenbaum and David J. Wetheral, Prentice Hall 3. Data Communications and Networking - Behrouz A. Forouzan, 4. Data and Computer Communications, William Stallings, Pearson","[""course_code"", ""course_title"", ""credits"", ""prerequisite""]"
step9-development-final-20260929T185115270858Z-84c03a,Q064:english,english,3,curricula_BSc-Curriculum-New.pdf,curricula_BSc-Curriculum-New.pdf,doc-4d373684ce4879ed066003f5,53,doc-4d373684ce4879ed066003f5-p000053-b0010-c0001,14.0,,,,"CSE 303 Data Communications 3.00 ECE 201, PHY 101, MTH 205","[""course_code"", ""course_title"", ""credits"", ""prerequisite""]"
step9-development-final-20260929T185115270858Z-84c03a,Q064:bangla,bangla,1,curricula_BSc-Curriculum-New.pdf,curricula_BSc-Curriculum-New.pdf,doc-4d373684ce4879ed066003f5,53,doc-4d373684ce4879ed066003f5-p000053-b0010-c0001,14.0,,,,"CSE 303 Data Communications 3.00 ECE 201, PHY 101, MTH 205","[""course_code"", ""course_title"", ""credits"", ""prerequisite""]"
step9-development-final-20260929T185115270858Z-84c03a,Q064:bangla,bangla,2,curricula_BSc-Curriculum-New.pdf,curricula_BSc-Curriculum-New.pdf,doc-4d373684ce4879ed066003f5,78,doc-4d373684ce4879ed066003f5-p000078-b0006-c0001,14.0,,,,"Course Code: CSE 303 Course Title: Data Communications Credits: 3.00 Prerequisite: ECE 201, PHY 101, MTH 205 Introduction to data communication model, Data communication task, Data communication standards and organization, protocol architecture, TCP/IP model and OSI model : data representation, signal encoding and signal analysis; Data Transmission Channel: channel capacity, transmission line characteristics, Baseband and Broadband transmission; Guided and unguided transmission media; Transmission networks; Transmission modulation techniques, modems and interfaces; Multiplexing techniques; Introduction to error handling and switching techniques. Introduction to modulation techniques: pulse modulation, pulse amplitude modulation, pulse width modulat ion and pulse position modulation; pulse code modulation: quantization, delta modulation; TDM, FDM, OOK, FSK, PSK, QPSK; representation of noise, threshold effects in PCM and FM; asynchronous and synchronous communications; Data link control: Line configurations, flow control and error control techniques - sliding window, stop and wait ARQ, selective reject ARQ and HDLC protocol. Reference Books: 1. Behrouz A. Forouzan, Data Communications and Networking, 4 th Edition. McGraw-Hill. 2. William Stallings, Data and C omputer Communications, Published by Pearson, 8th Edition","[""course_code"", ""course_title"", ""credits"", ""prerequisite""]"
step9-development-final-20260929T185115270858Z-84c03a,Q064:bangla,bangla,3,curricula_BSc-Curriculum-New.pdf,curricula_BSc-Curriculum-New.pdf,doc-4d373684ce4879ed066003f5,80,doc-4d373684ce4879ed066003f5-p000080-b0008-c0001,14.0,,,,"Course Code: CSE 319 Course Title: Computer Networks Credits: 3.00 Prerequisite: CSE 303 Introduction to Networking, Networking Devices, Network architectures. Network Classification, Industry , Network Model and Protocols, Network Topology, Error Detection & Correction Schemes and Implementation of those Schemes, IP Overview, IPv4, IPv6, Transition from IPv4 to IPv6, IPv6 Facilities, Subnetting and supernetting - CIDR, Routing an d Routing Protocols, Transport Layer Protocols: TCP and UDP ,Local Area Networks, Satellite Networks, Servers: DNS-Mail-Proxy-DHCP, Firewalls, ISP-IIG-IGW-ICX-ITC-SMC, Configuration and Design Concept, ATM Network, VoIP, Security Issues in Networking, Diff erent Security Protocols, Hacking, Ethical Hacking, Encrypt ion, VPN, IPSec, Firewall, SSL. Text Books: 1. Computer Networking: A Top -Down Approach - James Kurose and Keith Ross, Addison-Wesley 2. Computer Networks - Andrew S. Tanenbaum and David J. Wetheral, Prentice Hall 3. Data Communications and Networking - Behrouz A. Forouzan, 4. Data and Computer Communications, William Stallings, Pearson","[""course_code"", ""course_title"", ""credits"", ""prerequisite""]"
step9-development-final-20260929T185115270858Z-84c03a,Q064:banglish,banglish,1,curricula_BSc-Curriculum-New.pdf,curricula_BSc-Curriculum-New.pdf,doc-4d373684ce4879ed066003f5,78,doc-4d373684ce4879ed066003f5-p000078-b0006-c0001,16.0,,,,"Course Code: CSE 303 Course Title: Data Communications Credits: 3.00 Prerequisite: ECE 201, PHY 101, MTH 205 Introduction to data communication model, Data communication task, Data communication standards and organization, protocol architecture, TCP/IP model and OSI model : data representation, signal encoding and signal analysis; Data Transmission Channel: channel capacity, transmission line characteristics, Baseband and Broadband transmission; Guided and unguided transmission media; Transmission networks; Transmission modulation techniques, modems and interfaces; Multiplexing techniques; Introduction to error handling and switching techniques. Introduction to modulation techniques: pulse modulation, pulse amplitude modulation, pulse width modulat ion and pulse position modulation; pulse code modulation: quantization, delta modulation; TDM, FDM, OOK, FSK, PSK, QPSK; representation of noise, threshold effects in PCM and FM; asynchronous and synchronous communications; Data link control: Line configurations, flow control and error control techniques - sliding window, stop and wait ARQ, selective reject ARQ and HDLC protocol. Reference Books: 1. Behrouz A. Forouzan, Data Communications and Networking, 4 th Edition. McGraw-Hill. 2. William Stallings, Data and C omputer Communications, Published by Pearson, 8th Edition","[""course_code"", ""course_title"", ""credits"", ""prerequisite""]"
step9-development-final-20260929T185115270858Z-84c03a,Q064:banglish,banglish,2,curricula_BSc-Curriculum-New.pdf,curricula_BSc-Curriculum-New.pdf,doc-4d373684ce4879ed066003f5,80,doc-4d373684ce4879ed066003f5-p000080-b0008-c0001,16.0,,,,"Course Code: CSE 319 Course Title: Computer Networks Credits: 3.00 Prerequisite: CSE 303 Introduction to Networking, Networking Devices, Network architectures. Network Classification, Industry , Network Model and Protocols, Network Topology, Error Detection & Correction Schemes and Implementation of those Schemes, IP Overview, IPv4, IPv6, Transition from IPv4 to IPv6, IPv6 Facilities, Subnetting and supernetting - CIDR, Routing an d Routing Protocols, Transport Layer Protocols: TCP and UDP ,Local Area Networks, Satellite Networks, Servers: DNS-Mail-Proxy-DHCP, Firewalls, ISP-IIG-IGW-ICX-ITC-SMC, Configuration and Design Concept, ATM Network, VoIP, Security Issues in Networking, Diff erent Security Protocols, Hacking, Ethical Hacking, Encrypt ion, VPN, IPSec, Firewall, SSL. Text Books: 1. Computer Networking: A Top -Down Approach - James Kurose and Keith Ross, Addison-Wesley 2. Computer Networks - Andrew S. Tanenbaum and David J. Wetheral, Prentice Hall 3. Data Communications and Networking - Behrouz A. Forouzan, 4. Data and Computer Communications, William Stallings, Pearson","[""course_code"", ""course_title"", ""credits"", ""prerequisite""]"
step9-development-final-20260929T185115270858Z-84c03a,Q064:banglish,banglish,3,curricula_BSc-Curriculum-New.pdf,curricula_BSc-Curriculum-New.pdf,doc-4d373684ce4879ed066003f5,53,doc-4d373684ce4879ed066003f5-p000053-b0010-c0001,14.0,,,,"CSE 303 Data Communications 3.00 ECE 201, PHY 101, MTH 205","[""course_code"", ""course_title"", ""credits"", ""prerequisite""]"
step9-development-final-20260929T185115270858Z-84c03a,Q065:english,english,1,curricula_BSc-Curriculum-New.pdf,curricula_BSc-Curriculum-New.pdf,doc-4d373684ce4879ed066003f5,78,doc-4d373684ce4879ed066003f5-p000078-b0007-c0001,18.0,,,,Course Code: CSE 304 Course Title: Data Communications Lab Credits: 3.00 Prerequisite: None Laboratory works based on theory classes,"[""course_code"", ""course_title"", ""credits"", ""prerequisite""]"
step9-development-final-20260929T185115270858Z-84c03a,Q065:english,english,2,curricula_BSc-Curriculum-New.pdf,curricula_BSc-Curriculum-New.pdf,doc-4d373684ce4879ed066003f5,53,doc-4d373684ce4879ed066003f5-p000053-b0011-c0001,16.0,,,,CSE 304 Data Communications Lab 0.75 Nil,"[""course_code"", ""course_title"", ""credits"", ""prerequisite""]"
step9-development-final-20260929T185115270858Z-84c03a,Q065:english,english,3,curricula_BSc-Curriculum-New.pdf,curricula_BSc-Curriculum-New.pdf,doc-4d373684ce4879ed066003f5,69,doc-4d373684ce4879ed066003f5-p000069-b0003-c0001,8.0,,,,"Course Code: CSE 206 Course Title: Data Structures Lab Credits: 1.50 Prerequisite: None Objectives: Laboratory assignments will be based on Course CSE -205. Students will be able to implement different data strcutures; like Array, String, Linked List, Stack, Queue, Tree, and Graph in any programming language. They will be introduced with different sorting algorithms and advanced data structures. Text Book: 1. Data Structures, Seymour Lipschutz, Schaum‘s outlines, 2nd edition. 2. Data Structures and Program Design, Robert L. Kruse, Prentice Hall. 3. Data structures and problem solving using C++, Second edition Mark Allen Weiss, Pearson Addition Wesley Education. 4. Data Structures Using C and C++, Yedidyah Langsam, Moshe J. Augenstein, and Aaron M. Tenenbaum, Prentice Hall. 5. Data Structures, Edward M. Reigngold. Wilfred J. H ansen, Addison Wesley Publishing Company","[""course_code"", ""course_title"", ""credits"", ""prerequisite""]"
step9-development-final-20260929T185115270858Z-84c03a,Q065:bangla,bangla,1,curricula_BSc-Curriculum-New.pdf,curricula_BSc-Curriculum-New.pdf,doc-4d373684ce4879ed066003f5,53,doc-4d373684ce4879ed066003f5-p000053-b0011-c0001,16.0,,,,CSE 304 Data Communications Lab 0.75 Nil,"[""course_code"", ""course_title"", ""credits"", ""prerequisite""]"
step9-development-final-20260929T185115270858Z-84c03a,Q065:bangla,bangla,2,curricula_BSc-Curriculum-New.pdf,curricula_BSc-Curriculum-New.pdf,doc-4d373684ce4879ed066003f5,78,doc-4d373684ce4879ed066003f5-p000078-b0007-c0001,16.0,,,,Course Code: CSE 304 Course Title: Data Communications Lab Credits: 3.00 Prerequisite: None Laboratory works based on theory classes,"[""course_code"", ""course_title"", ""credits"", ""prerequisite""]"
step9-development-final-20260929T185115270858Z-84c03a,Q065:bangla,bangla,3,curricula_BSc-Curriculum-New.pdf,curricula_BSc-Curriculum-New.pdf,doc-4d373684ce4879ed066003f5,37,doc-4d373684ce4879ed066003f5-p000037-b0002-c0001,6.0,,,,"Microprocessors, Assembly Language, Computer Interfacing, Digital System Design, C/C++, Data Structure and Algorithms. She has conducted the courses Mobile Communications, Advanced Networking and thesis in Master‘s Program of CSE (MCSE),. Her current research interest includes Computer Networks and Distributed System, Wireless Networks, Wireless Ad hoc network, Sensor Network, Network Security, IPV6 network etc. She supervised the thesis works of several undergraduate students at UAP. It is praiseworthy to mention that more than thirty thesis groups in undergraduate level completed successfully under her acute supervision. Her research works published in IEEE, ICCIT, NCCPB, ICCPB, IJCIT conference and journal papers. Ms. Rahman has also published t wo journals on Cryptography, Outso urcing and location management. Ms. Rahman serves as acting head when the head of the department remains on leave. She also serves as an external examiner in the CSE department of Dhaka University. Moreover, She is the convener of the Cultural and Debating club. She is also advisor of other departmental Clubs. She is member of UAP Central Cultural Committee, Convocation Volunteer committee and Complain Committee. Shammi Akhtar, Assistant Professor",[]
step9-development-final-20260929T185115270858Z-84c03a,Q065:banglish,banglish,1,curricula_BSc-Curriculum-New.pdf,curricula_BSc-Curriculum-New.pdf,doc-4d373684ce4879ed066003f5,78,doc-4d373684ce4879ed066003f5-p000078-b0007-c0001,18.0,,,,Course Code: CSE 304 Course Title: Data Communications Lab Credits: 3.00 Prerequisite: None Laboratory works based on theory classes,"[""course_code"", ""course_title"", ""credits"", ""prerequisite""]"
step9-development-final-20260929T185115270858Z-84c03a,Q065:banglish,banglish,2,curricula_BSc-Curriculum-New.pdf,curricula_BSc-Curriculum-New.pdf,doc-4d373684ce4879ed066003f5,53,doc-4d373684ce4879ed066003f5-p000053-b0011-c0001,16.0,,,,CSE 304 Data Communications Lab 0.75 Nil,"[""course_code"", ""course_title"", ""credits"", ""prerequisite""]"
step9-development-final-20260929T185115270858Z-84c03a,Q065:banglish,banglish,3,curricula_BSc-Curriculum-New.pdf,curricula_BSc-Curriculum-New.pdf,doc-4d373684ce4879ed066003f5,95,doc-4d373684ce4879ed066003f5-p000095-b0005-c0001,9.0,,,,Course Code: CSE 468 Course Title: Data Mining & Machine Learning Lab Credit: 1.50 Laboratory works and assignment will be based on CS E – 427: Data Mining & Machine Learning course. Laboratory classes should cover implementation of different algorithms of Data Mining and Machine Learning. Course No: CSE 469 Course Title: Topics of Current Interest Credit: 3.00 As suggested by the course instructor. Reference: As suggested by the course instructor. Course No: CSE 470 Course Title: Topics of Current Interest Lab Credit: 0.75 Prerequisite: As decided by the Instructor Laboratory works will be based on CSE 465.,"[""course_code"", ""course_title"", ""credits"", ""prerequisite"", ""topics""]"
step9-development-final-20260929T185115270858Z-84c03a,Q066:english,english,1,curricula_BSc-Curriculum-New.pdf,curricula_BSc-Curriculum-New.pdf,doc-4d373684ce4879ed066003f5,75,doc-4d373684ce4879ed066003f5-p000075-b0003-c0001,18.0,,,,"Course Code: CSE 305 Course Title: System Analysis and Design Credits: 3.00 Prerequisite: CSE 211 Introduction to System analysis, concepts, understanding and modeling organization Systems, System development life cycle(SDLC), structured analysis and struc tured design, object oriented analysis and design, Different types of information, Qualities of information, Analysis оf Information requirements for modern organizations, Role, tasks and attributes of a Systems Analyst, Sources of information, Information gathering techniques, Requirements specifications; Steps of systems analysis; System analysis toolkit: CASE tools, prototyping, software life cycle, SOW(statement of work), CB analysis, value(cost of money), NPV analysis, CPM , PERT, Requirement modeling, Agile modeling, Data and process modeling, Object modeling, Development strategies, Output and user interface design, Data design, Designing input/output, Designing file, database, user interface, Dataflow diagram, System architecture, Analysis process: Object oriented System analysis, introduction to UML, Use case","[""course_code"", ""course_title"", ""credits"", ""prerequisite"", ""requirement""]"
step9-development-final-20260929T185115270858Z-84c03a,Q066:english,english,2,curricula_BSc-Curriculum-New.pdf,curricula_BSc-Curriculum-New.pdf,doc-4d373684ce4879ed066003f5,82,doc-4d373684ce4879ed066003f5-p000082-b0005-c0001,18.0,,,,"Course Code: CSE 321 Course Title: Software Engineering Credits: 3.00 Prerequisite: CSE 305 Concepts of Software Engineering, Software Engineering paradigms, Different phases of software system develop ment, Different types of information, qualities of information, Project Management Concepts, Software process and project Metrics, Software Project Planning, Risk Analysis and management, Project Scheduling and Tracking, Visualizing concept classes, UML diagrams, Interaction and Collaboration Diagram for designing Software, Designing Objects with responsibilities, GRASP patterns with General Principles in assigning responsibilities: Information expert, Creator, Low Coupling and High Cohesion, Creating desig n class diagrams and mapping design to codes. Advanced GRASP patterns: Polymorphism, Pure Fabrication, Indirection, Project Variation, GoF Design Patterns: Adapter, Factory, Singleton, Strategy, Composite, Observer. Software Testing: White Box and Black Bo x testing. Basis Path Testing, Testing for specialized environment, Software testing strategies: Unit Testing, Integration Testing, Validation Testing, System Testing, Art of debugging. Analysis of System Maintenance and upgrading: Software repair, downtim e, error and faults, specification and correction, Maintenance cost models, documentation, Software Quality Assurance, Quality factors, Software quality measures, Cost impact of Software defects, Concepts of Software reliability, availability and safety, F unction based metrics and bang metrics, Metrics for analysis and design model, Metrics for source code, testing and maintenance Texts Recommended: 1. Software Engineering a practitioner‘s approach - Roger S. Pressman, McGraw-Hill Book Company 2. Object Oriented Modeling and Design – Michael Blaha, James Raumbugh, Prentice Hall 3. The Unified Modeling Language User/Reference Guide - Grady Booch, James Raumbugh, Pearson Education INC 4. Applying UML and Patterns - Craig Larman, Prentice Hall 5. Design Pattern –","[""course_code"", ""course_title"", ""credits"", ""prerequisite""]"
step9-development-final-20260929T185115270858Z-84c03a,Q066:english,english,3,curricula_BSc-Curriculum-New.pdf,curricula_BSc-Curriculum-New.pdf,doc-4d373684ce4879ed066003f5,53,doc-4d373684ce4879ed066003f5-p000053-b0012-c0001,16.0,,,,CSE 305 System Analysis and Design 3.00 CSE 211,"[""course_code"", ""course_title"", ""credits"", ""prerequisite""]"
step9-development-final-20260929T185115270858Z-84c03a,Q066:bangla,bangla,1,curricula_BSc-Curriculum-New.pdf,curricula_BSc-Curriculum-New.pdf,doc-4d373684ce4879ed066003f5,53,doc-4d373684ce4879ed066003f5-p000053-b0012-c0001,16.0,,,,CSE 305 System Analysis and Design 3.00 CSE 211,"[""course_code"", ""course_title"", ""credits"", ""prerequisite""]"
step9-development-final-20260929T185115270858Z-84c03a,Q066:bangla,bangla,2,curricula_BSc-Curriculum-New.pdf,curricula_BSc-Curriculum-New.pdf,doc-4d373684ce4879ed066003f5,75,doc-4d373684ce4879ed066003f5-p000075-b0003-c0001,16.0,,,,"Course Code: CSE 305 Course Title: System Analysis and Design Credits: 3.00 Prerequisite: CSE 211 Introduction to System analysis, concepts, understanding and modeling organization Systems, System development life cycle(SDLC), structured analysis and struc tured design, object oriented analysis and design, Different types of information, Qualities of information, Analysis оf Information requirements for modern organizations, Role, tasks and attributes of a Systems Analyst, Sources of information, Information gathering techniques, Requirements specifications; Steps of systems analysis; System analysis toolkit: CASE tools, prototyping, software life cycle, SOW(statement of work), CB analysis, value(cost of money), NPV analysis, CPM , PERT, Requirement modeling, Agile modeling, Data and process modeling, Object modeling, Development strategies, Output and user interface design, Data design, Designing input/output, Designing file, database, user interface, Dataflow diagram, System architecture, Analysis process: Object oriented System analysis, introduction to UML, Use case","[""course_code"", ""course_title"", ""credits"", ""prerequisite"", ""requirement""]"
step9-development-final-20260929T185115270858Z-84c03a,Q066:bangla,bangla,3,curricula_BSc-Curriculum-New.pdf,curricula_BSc-Curriculum-New.pdf,doc-4d373684ce4879ed066003f5,82,doc-4d373684ce4879ed066003f5-p000082-b0005-c0001,16.0,,,,"Course Code: CSE 321 Course Title: Software Engineering Credits: 3.00 Prerequisite: CSE 305 Concepts of Software Engineering, Software Engineering paradigms, Different phases of software system develop ment, Different types of information, qualities of information, Project Management Concepts, Software process and project Metrics, Software Project Planning, Risk Analysis and management, Project Scheduling and Tracking, Visualizing concept classes, UML diagrams, Interaction and Collaboration Diagram for designing Software, Designing Objects with responsibilities, GRASP patterns with General Principles in assigning responsibilities: Information expert, Creator, Low Coupling and High Cohesion, Creating desig n class diagrams and mapping design to codes. Advanced GRASP patterns: Polymorphism, Pure Fabrication, Indirection, Project Variation, GoF Design Patterns: Adapter, Factory, Singleton, Strategy, Composite, Observer. Software Testing: White Box and Black Bo x testing. Basis Path Testing, Testing for specialized environment, Software testing strategies: Unit Testing, Integration Testing, Validation Testing, System Testing, Art of debugging. Analysis of System Maintenance and upgrading: Software repair, downtim e, error and faults, specification and correction, Maintenance cost models, documentation, Software Quality Assurance, Quality factors, Software quality measures, Cost impact of Software defects, Concepts of Software reliability, availability and safety, F unction based metrics and bang metrics, Metrics for analysis and design model, Metrics for source code, testing and maintenance Texts Recommended: 1. Software Engineering a practitioner‘s approach - Roger S. Pressman, McGraw-Hill Book Company 2. Object Oriented Modeling and Design – Michael Blaha, James Raumbugh, Prentice Hall 3. The Unified Modeling Language User/Reference Guide - Grady Booch, James Raumbugh, Pearson Education INC 4. Applying UML and Patterns - Craig Larman, Prentice Hall 5. Design Pattern –","[""course_code"", ""course_title"", ""credits"", ""prerequisite""]"
step9-development-final-20260929T185115270858Z-84c03a,Q066:banglish,banglish,1,curricula_BSc-Curriculum-New.pdf,curricula_BSc-Curriculum-New.pdf,doc-4d373684ce4879ed066003f5,75,doc-4d373684ce4879ed066003f5-p000075-b0003-c0001,18.0,,,,"Course Code: CSE 305 Course Title: System Analysis and Design Credits: 3.00 Prerequisite: CSE 211 Introduction to System analysis, concepts, understanding and modeling organization Systems, System development life cycle(SDLC), structured analysis and struc tured design, object oriented analysis and design, Different types of information, Qualities of information, Analysis оf Information requirements for modern organizations, Role, tasks and attributes of a Systems Analyst, Sources of information, Information gathering techniques, Requirements specifications; Steps of systems analysis; System analysis toolkit: CASE tools, prototyping, software life cycle, SOW(statement of work), CB analysis, value(cost of money), NPV analysis, CPM , PERT, Requirement modeling, Agile modeling, Data and process modeling, Object modeling, Development strategies, Output and user interface design, Data design, Designing input/output, Designing file, database, user interface, Dataflow diagram, System architecture, Analysis process: Object oriented System analysis, introduction to UML, Use case","[""course_code"", ""course_title"", ""credits"", ""prerequisite"", ""requirement""]"
step9-development-final-20260929T185115270858Z-84c03a,Q066:banglish,banglish,2,curricula_BSc-Curriculum-New.pdf,curricula_BSc-Curriculum-New.pdf,doc-4d373684ce4879ed066003f5,82,doc-4d373684ce4879ed066003f5-p000082-b0005-c0001,18.0,,,,"Course Code: CSE 321 Course Title: Software Engineering Credits: 3.00 Prerequisite: CSE 305 Concepts of Software Engineering, Software Engineering paradigms, Different phases of software system develop ment, Different types of information, qualities of information, Project Management Concepts, Software process and project Metrics, Software Project Planning, Risk Analysis and management, Project Scheduling and Tracking, Visualizing concept classes, UML diagrams, Interaction and Collaboration Diagram for designing Software, Designing Objects with responsibilities, GRASP patterns with General Principles in assigning responsibilities: Information expert, Creator, Low Coupling and High Cohesion, Creating desig n class diagrams and mapping design to codes. Advanced GRASP patterns: Polymorphism, Pure Fabrication, Indirection, Project Variation, GoF Design Patterns: Adapter, Factory, Singleton, Strategy, Composite, Observer. Software Testing: White Box and Black Bo x testing. Basis Path Testing, Testing for specialized environment, Software testing strategies: Unit Testing, Integration Testing, Validation Testing, System Testing, Art of debugging. Analysis of System Maintenance and upgrading: Software repair, downtim e, error and faults, specification and correction, Maintenance cost models, documentation, Software Quality Assurance, Quality factors, Software quality measures, Cost impact of Software defects, Concepts of Software reliability, availability and safety, F unction based metrics and bang metrics, Metrics for analysis and design model, Metrics for source code, testing and maintenance Texts Recommended: 1. Software Engineering a practitioner‘s approach - Roger S. Pressman, McGraw-Hill Book Company 2. Object Oriented Modeling and Design – Michael Blaha, James Raumbugh, Prentice Hall 3. The Unified Modeling Language User/Reference Guide - Grady Booch, James Raumbugh, Pearson Education INC 4. Applying UML and Patterns - Craig Larman, Prentice Hall 5. Design Pattern –","[""course_code"", ""course_title"", ""credits"", ""prerequisite""]"
step9-development-final-20260929T185115270858Z-84c03a,Q066:banglish,banglish,3,curricula_BSc-Curriculum-New.pdf,curricula_BSc-Curriculum-New.pdf,doc-4d373684ce4879ed066003f5,53,doc-4d373684ce4879ed066003f5-p000053-b0012-c0001,16.0,,,,CSE 305 System Analysis and Design 3.00 CSE 211,"[""course_code"", ""course_title"", ""credits"", ""prerequisite""]"
step9-development-final-20260929T185115270858Z-84c03a,Q067:english,english,1,curricula_BSc-Curriculum-New.pdf,curricula_BSc-Curriculum-New.pdf,doc-4d373684ce4879ed066003f5,76,doc-4d373684ce4879ed066003f5-p000076-b0005-c0001,20.0,,,,"Course Code: CSE 306 Course Title: System Analysis & Design Lab Credits: 0.75 Prerequisite: CSE 212 This Lab consists of practice and presentation of the system analysis and designing tools. Students demonstrate the techniques and skills of analyzing and designing a system in order to build an automated solution (software). The software pr oject will be fixed at the beginning of the semester, preferably pre -defined from Database Systems Course. In every lab, students go through formal presentation of their software analysis and design - starting from information gathering up to any modeling tool.","[""course_code"", ""course_title"", ""credits"", ""prerequisite""]"
step9-development-final-20260929T185115270858Z-84c03a,Q067:english,english,2,curricula_BSc-Curriculum-New.pdf,curricula_BSc-Curriculum-New.pdf,doc-4d373684ce4879ed066003f5,53,doc-4d373684ce4879ed066003f5-p000053-b0013-c0001,18.0,,,,CSE 306 System Analysis & Design Lab 0.75 CSE 212,"[""course_code"", ""course_title"", ""credits"", ""prerequisite""]"
step9-development-final-20260929T185115270858Z-84c03a,Q067:english,english,3,curricula_BSc-Curriculum-New.pdf,curricula_BSc-Curriculum-New.pdf,doc-4d373684ce4879ed066003f5,82,doc-4d373684ce4879ed066003f5-p000082-b0006-c0001,14.0,,,,"Course Code: CSE 322 Course Title: Software Engineering Lab Credits: 0.75 Prerequisite: CSE 306 The material presented i n this course is intended to acquaint students with some of the elementary software testing methods, tools and techniques currently being used by different software testing organizations in the industry. Students learn and apply different Black Box softwar e testing tools followed by some ideas on White Box testing as well. As the tools for Black Box Testing, Selenium, QTP etc tool will be used and necessary platforms and language essentials, if necessary to complete the task, are demonstrated to the student s. For testing purpose, students use the","[""course_code"", ""course_title"", ""credits"", ""prerequisite""]"
step9-development-final-20260929T185115270858Z-84c03a,Q067:bangla,bangla,1,curricula_BSc-Curriculum-New.pdf,curricula_BSc-Curriculum-New.pdf,doc-4d373684ce4879ed066003f5,53,doc-4d373684ce4879ed066003f5-p000053-b0013-c0001,18.0,,,,CSE 306 System Analysis & Design Lab 0.75 CSE 212,"[""course_code"", ""course_title"", ""credits"", ""prerequisite""]"
step9-development-final-20260929T185115270858Z-84c03a,Q067:bangla,bangla,2,curricula_BSc-Curriculum-New.pdf,curricula_BSc-Curriculum-New.pdf,doc-4d373684ce4879ed066003f5,76,doc-4d373684ce4879ed066003f5-p000076-b0005-c0001,18.0,,,,"Course Code: CSE 306 Course Title: System Analysis & Design Lab Credits: 0.75 Prerequisite: CSE 212 This Lab consists of practice and presentation of the system analysis and designing tools. Students demonstrate the techniques and skills of analyzing and designing a system in order to build an automated solution (software). The software pr oject will be fixed at the beginning of the semester, preferably pre -defined from Database Systems Course. In every lab, students go through formal presentation of their software analysis and design - starting from information gathering up to any modeling tool.","[""course_code"", ""course_title"", ""credits"", ""prerequisite""]"
step9-development-final-20260929T185115270858Z-84c03a,Q067:bangla,bangla,3,curricula_BSc-Curriculum-New.pdf,curricula_BSc-Curriculum-New.pdf,doc-4d373684ce4879ed066003f5,54,doc-4d373684ce4879ed066003f5-p000054-b0012-c0001,12.0,,,,CSE 322 Software Engineering Lab 0.75 CSE 306,"[""course_code"", ""course_title"", ""credits"", ""prerequisite""]"
step9-development-final-20260929T185115270858Z-84c03a,Q067:banglish,banglish,1,curricula_BSc-Curriculum-New.pdf,curricula_BSc-Curriculum-New.pdf,doc-4d373684ce4879ed066003f5,76,doc-4d373684ce4879ed066003f5-p000076-b0005-c0001,20.0,,,,"Course Code: CSE 306 Course Title: System Analysis & Design Lab Credits: 0.75 Prerequisite: CSE 212 This Lab consists of practice and presentation of the system analysis and designing tools. Students demonstrate the techniques and skills of analyzing and designing a system in order to build an automated solution (software). The software pr oject will be fixed at the beginning of the semester, preferably pre -defined from Database Systems Course. In every lab, students go through formal presentation of their software analysis and design - starting from information gathering up to any modeling tool.","[""course_code"", ""course_title"", ""credits"", ""prerequisite""]"
step9-development-final-20260929T185115270858Z-84c03a,Q067:banglish,banglish,2,curricula_BSc-Curriculum-New.pdf,curricula_BSc-Curriculum-New.pdf,doc-4d373684ce4879ed066003f5,53,doc-4d373684ce4879ed066003f5-p000053-b0013-c0001,18.0,,,,CSE 306 System Analysis & Design Lab 0.75 CSE 212,"[""course_code"", ""course_title"", ""credits"", ""prerequisite""]"
step9-development-final-20260929T185115270858Z-84c03a,Q067:banglish,banglish,3,curricula_BSc-Curriculum-New.pdf,curricula_BSc-Curriculum-New.pdf,doc-4d373684ce4879ed066003f5,82,doc-4d373684ce4879ed066003f5-p000082-b0006-c0001,14.0,,,,"Course Code: CSE 322 Course Title: Software Engineering Lab Credits: 0.75 Prerequisite: CSE 306 The material presented i n this course is intended to acquaint students with some of the elementary software testing methods, tools and techniques currently being used by different software testing organizations in the industry. Students learn and apply different Black Box softwar e testing tools followed by some ideas on White Box testing as well. As the tools for Black Box Testing, Selenium, QTP etc tool will be used and necessary platforms and language essentials, if necessary to complete the task, are demonstrated to the student s. For testing purpose, students use the","[""course_code"", ""course_title"", ""credits"", ""prerequisite""]"
step9-development-final-20260929T185115270858Z-84c03a,Q068:english,english,1,curricula_BSc-Curriculum-New.pdf,curricula_BSc-Curriculum-New.pdf,doc-4d373684ce4879ed066003f5,78,doc-4d373684ce4879ed066003f5-p000078-b0008-c0001,16.0,,,,"Course Code: CSE 307 Course Title: Theory of Computation Credits: 3.00 Prerequisite: CSE 207 Concepts of Automata Theory: Alphabet, strings, languages, problems. Finite Automata (FA): Deterministic FA (DFA) and Non -Deterministic","[""course_code"", ""course_title"", ""credits"", ""prerequisite""]"
step9-development-final-20260929T185115270858Z-84c03a,Q068:english,english,2,curricula_BSc-Curriculum-New.pdf,curricula_BSc-Curriculum-New.pdf,doc-4d373684ce4879ed066003f5,53,doc-4d373684ce4879ed066003f5-p000053-b0014-c0001,14.0,,,,CSE 307 Theory of Computation 3.00 CSE 207,"[""course_code"", ""course_title"", ""credits"", ""prerequisite""]"
step9-development-final-20260929T185115270858Z-84c03a,Q068:english,english,3,curricula_BSc-Curriculum-New.pdf,curricula_BSc-Curriculum-New.pdf,doc-4d373684ce4879ed066003f5,51,doc-4d373684ce4879ed066003f5-p000051-b0001-c0001,6.0,,,,"4. Summary of Undergraduate Course The undergraduate students of different years of the Department of Computer Science and Engineering have to follow the course schedule given below. The letter prefix in any course number indic ates the discipline/subject offering the course viz. HSS for Humanities and Social Science, Business, Management Studies, Language etc., PHY for Physics, CHEM for Chemistry, MTH for Mathematics , ECN for Economics, ACN for Accounting and CSE for Computer Sc ience and Engineering. The first digit in the number indicates the year/level for which the course is intended; the second digit is assigned by the department and the last digit, if odd, indicates a theory course and if even, indicates a laboratory course. Core Courses First Year First Semester Course Code Course Title Credits Pre- Requisite","[""course_code"", ""course_title"", ""credits"", ""prerequisite""]"
step9-development-final-20260929T185115270858Z-84c03a,Q068:bangla,bangla,1,curricula_BSc-Curriculum-New.pdf,curricula_BSc-Curriculum-New.pdf,doc-4d373684ce4879ed066003f5,53,doc-4d373684ce4879ed066003f5-p000053-b0014-c0001,14.0,,,,CSE 307 Theory of Computation 3.00 CSE 207,"[""course_code"", ""course_title"", ""credits"", ""prerequisite""]"
step9-development-final-20260929T185115270858Z-84c03a,Q068:bangla,bangla,2,curricula_BSc-Curriculum-New.pdf,curricula_BSc-Curriculum-New.pdf,doc-4d373684ce4879ed066003f5,78,doc-4d373684ce4879ed066003f5-p000078-b0008-c0001,14.0,,,,"Course Code: CSE 307 Course Title: Theory of Computation Credits: 3.00 Prerequisite: CSE 207 Concepts of Automata Theory: Alphabet, strings, languages, problems. Finite Automata (FA): Deterministic FA (DFA) and Non -Deterministic","[""course_code"", ""course_title"", ""credits"", ""prerequisite""]"
step9-development-final-20260929T185115270858Z-84c03a,Q068:bangla,bangla,3,curricula_BSc-Curriculum-New.pdf,curricula_BSc-Curriculum-New.pdf,doc-4d373684ce4879ed066003f5,26,doc-4d373684ce4879ed066003f5-p000026-b0001-c0001,4.0,,,,"The ever -increasing needs and applications of computers in almost every walk of life need no overemphasis. Computers nowadays are being widely used in all fields conceivable. To keep pace with the advancement in computer science and engineering in more developed countries than Bangladesh it is essential that efforts are made both in the public and private sectors to develop human resources in this particular field. Opportunities to pursue academic programs in computer engineering are rather limited in Bangladesh. The prime objecti ve in establishing the Computer Science & Engineering Department at University of Asia Pacific is to make a concerted effort towards achieving the goal of providing quality education for the duration of 4 years at the undergraduate level. Later it is to be followed by higher academic degree programs such as MS/Ph. D. The courses in the undergraduate programs are designed to give students a rigorous and comprehensive academic training on both the fundamental and advanced aspects of Computer Science & Enginee ring (CSE). It would concentrate both on software and hardware aspects. A student in CSE must not only have a sound basis in the fundamentals of computer but also should be aware of socio -economic problems of the country. Therefore, courses in science, hum anities, economics, accounting, finance and management are also included in the curricula. The last two semesters will offer the students a number of alternatives to choose from and to specialize in a particular one. Theory and seasonal work will be supple mented by Project/Thesis work, Seminars and visits to relevant research and","[""requirement""]"
step9-development-final-20260929T185115270858Z-84c03a,Q068:banglish,banglish,1,curricula_BSc-Curriculum-New.pdf,curricula_BSc-Curriculum-New.pdf,doc-4d373684ce4879ed066003f5,78,doc-4d373684ce4879ed066003f5-p000078-b0008-c0001,16.0,,,,"Course Code: CSE 307 Course Title: Theory of Computation Credits: 3.00 Prerequisite: CSE 207 Concepts of Automata Theory: Alphabet, strings, languages, problems. Finite Automata (FA): Deterministic FA (DFA) and Non -Deterministic","[""course_code"", ""course_title"", ""credits"", ""prerequisite""]"
step9-development-final-20260929T185115270858Z-84c03a,Q068:banglish,banglish,2,curricula_BSc-Curriculum-New.pdf,curricula_BSc-Curriculum-New.pdf,doc-4d373684ce4879ed066003f5,53,doc-4d373684ce4879ed066003f5-p000053-b0014-c0001,14.0,,,,CSE 307 Theory of Computation 3.00 CSE 207,"[""course_code"", ""course_title"", ""credits"", ""prerequisite""]"
step9-development-final-20260929T185115270858Z-84c03a,Q068:banglish,banglish,3,curricula_BSc-Curriculum-New.pdf,curricula_BSc-Curriculum-New.pdf,doc-4d373684ce4879ed066003f5,51,doc-4d373684ce4879ed066003f5-p000051-b0001-c0001,6.0,,,,"4. Summary of Undergraduate Course The undergraduate students of different years of the Department of Computer Science and Engineering have to follow the course schedule given below. The letter prefix in any course number indic ates the discipline/subject offering the course viz. HSS for Humanities and Social Science, Business, Management Studies, Language etc., PHY for Physics, CHEM for Chemistry, MTH for Mathematics , ECN for Economics, ACN for Accounting and CSE for Computer Sc ience and Engineering. The first digit in the number indicates the year/level for which the course is intended; the second digit is assigned by the department and the last digit, if odd, indicates a theory course and if even, indicates a laboratory course. Core Courses First Year First Semester Course Code Course Title Credits Pre- Requisite","[""course_code"", ""course_title"", ""credits"", ""prerequisite""]"
step9-development-final-20260929T185115270858Z-84c03a,Q069:english,english,1,curricula_BSc-Curriculum-New.pdf,curricula_BSc-Curriculum-New.pdf,doc-4d373684ce4879ed066003f5,76,doc-4d373684ce4879ed066003f5-p000076-b0006-c0001,26.0,,,,"Course Code: CSE 309 Course Title: Object Oriented Programming II:Visual and Web Programming Credits: 3.00 Prerequisite: CSE 203, CSE 211 Framework Platform: Introduction, features, components, architecture of a Framework platform (like dot NET), programming Languages to support Framework (like C#) . Inheritance and Polymorphism: The Basic mechanics of Inheritance, Programming for Containment/Delegation, Polymorphic support in framework based languages, understanding Base Class/Derived Class Casting rules , The Master Parent Class i.e. System.Object. Delegates and Events : Understanding the Delegate Type, Defining a Delegate, The System.MulticastDelegate and System.Delegate Base Classes, The Simplest Possible Delegate Example, Creating Generic Delegates, Understanding Events. Indexers, Operators, and Pointers : Understanding Indexer Methods, Understanding Operator Overloading, Understanding Custom Type Conversions, Working with Pointer Types. Interfaces: Understanding Interface Types, Implementing an I nterface, Invoking Interface Members at the Object Level, Interfaces as Parameters, Interfaces as Return Values, Building Enumerable Types (IEnumerable and IEnumerator). File I/O and Isolated Storage: Exploring the System.IO Namespace, The Directory(Info) and File(Info) Types, Working with the DirectoryInfo Type, Working with the Directory Type, Working with the DriveInfo Class Type, Working with the FileInfo Class, Working with the File Type, The Abstract Stream Class,Working with StreamWriters & StreamReaders , Working with BinaryWriters & BinaryReaders. Windows Forms: Introduction to Windows forms like simple window, text editor, List View, Tree View controls etc. Web Platform: Introduction to web server and web programming, introduction to any scripting language (such as PHP, JSP ), Configuring web server, HTML and Scripting language Tags, Statements and","[""course_code"", ""course_title"", ""credits"", ""prerequisite"", ""policy""]"
step9-development-final-20260929T185115270858Z-84c03a,Q069:english,english,2,curricula_BSc-Curriculum-New.pdf,curricula_BSc-Curriculum-New.pdf,doc-4d373684ce4879ed066003f5,53,doc-4d373684ce4879ed066003f5-p000053-b0015-c0001,24.0,,,,"CSE 309 Object Oriented Programming II:Visual and Web Programming 3.00 CSE 203, CSE 211","[""course_code"", ""course_title"", ""credits"", ""prerequisite""]"
step9-development-final-20260929T185115270858Z-84c03a,Q069:english,english,3,curricula_BSc-Curriculum-New.pdf,curricula_BSc-Curriculum-New.pdf,doc-4d373684ce4879ed066003f5,77,doc-4d373684ce4879ed066003f5-p000077-b0005-c0001,18.0,,,,Course Code: CSE 310 Course Title: Object Oriented Programming II Lab:Visual and Web Programming Lab Credits: 1.50 Prerequisite: None Laboratory work based on Visual and Web Programming (CSE 211).,"[""course_code"", ""course_title"", ""credits"", ""prerequisite""]"
step9-development-final-20260929T185115270858Z-84c03a,Q069:bangla,bangla,1,curricula_BSc-Curriculum-New.pdf,curricula_BSc-Curriculum-New.pdf,doc-4d373684ce4879ed066003f5,53,doc-4d373684ce4879ed066003f5-p000053-b0015-c0001,24.0,,,,"CSE 309 Object Oriented Programming II:Visual and Web Programming 3.00 CSE 203, CSE 211","[""course_code"", ""course_title"", ""credits"", ""prerequisite""]"
step9-development-final-20260929T185115270858Z-84c03a,Q069:bangla,bangla,2,curricula_BSc-Curriculum-New.pdf,curricula_BSc-Curriculum-New.pdf,doc-4d373684ce4879ed066003f5,76,doc-4d373684ce4879ed066003f5-p000076-b0006-c0001,24.0,,,,"Course Code: CSE 309 Course Title: Object Oriented Programming II:Visual and Web Programming Credits: 3.00 Prerequisite: CSE 203, CSE 211 Framework Platform: Introduction, features, components, architecture of a Framework platform (like dot NET), programming Languages to support Framework (like C#) . Inheritance and Polymorphism: The Basic mechanics of Inheritance, Programming for Containment/Delegation, Polymorphic support in framework based languages, understanding Base Class/Derived Class Casting rules , The Master Parent Class i.e. System.Object. Delegates and Events : Understanding the Delegate Type, Defining a Delegate, The System.MulticastDelegate and System.Delegate Base Classes, The Simplest Possible Delegate Example, Creating Generic Delegates, Understanding Events. Indexers, Operators, and Pointers : Understanding Indexer Methods, Understanding Operator Overloading, Understanding Custom Type Conversions, Working with Pointer Types. Interfaces: Understanding Interface Types, Implementing an I nterface, Invoking Interface Members at the Object Level, Interfaces as Parameters, Interfaces as Return Values, Building Enumerable Types (IEnumerable and IEnumerator). File I/O and Isolated Storage: Exploring the System.IO Namespace, The Directory(Info) and File(Info) Types, Working with the DirectoryInfo Type, Working with the Directory Type, Working with the DriveInfo Class Type, Working with the FileInfo Class, Working with the File Type, The Abstract Stream Class,Working with StreamWriters & StreamReaders , Working with BinaryWriters & BinaryReaders. Windows Forms: Introduction to Windows forms like simple window, text editor, List View, Tree View controls etc. Web Platform: Introduction to web server and web programming, introduction to any scripting language (such as PHP, JSP ), Configuring web server, HTML and Scripting language Tags, Statements and","[""course_code"", ""course_title"", ""credits"", ""prerequisite"", ""policy""]"
step9-development-final-20260929T185115270858Z-84c03a,Q069:bangla,bangla,3,curricula_BSc-Curriculum-New.pdf,curricula_BSc-Curriculum-New.pdf,doc-4d373684ce4879ed066003f5,53,doc-4d373684ce4879ed066003f5-p000053-b0016-c0001,16.0,,,,CSE 310 Object Oriented Programming II Lab:Visual and Web Programming Lab 1.50 Nil,"[""course_code"", ""course_title"", ""credits"", ""prerequisite""]"
step9-development-final-20260929T185115270858Z-84c03a,Q069:banglish,banglish,1,curricula_BSc-Curriculum-New.pdf,curricula_BSc-Curriculum-New.pdf,doc-4d373684ce4879ed066003f5,76,doc-4d373684ce4879ed066003f5-p000076-b0006-c0001,26.0,,,,"Course Code: CSE 309 Course Title: Object Oriented Programming II:Visual and Web Programming Credits: 3.00 Prerequisite: CSE 203, CSE 211 Framework Platform: Introduction, features, components, architecture of a Framework platform (like dot NET), programming Languages to support Framework (like C#) . Inheritance and Polymorphism: The Basic mechanics of Inheritance, Programming for Containment/Delegation, Polymorphic support in framework based languages, understanding Base Class/Derived Class Casting rules , The Master Parent Class i.e. System.Object. Delegates and Events : Understanding the Delegate Type, Defining a Delegate, The System.MulticastDelegate and System.Delegate Base Classes, The Simplest Possible Delegate Example, Creating Generic Delegates, Understanding Events. Indexers, Operators, and Pointers : Understanding Indexer Methods, Understanding Operator Overloading, Understanding Custom Type Conversions, Working with Pointer Types. Interfaces: Understanding Interface Types, Implementing an I nterface, Invoking Interface Members at the Object Level, Interfaces as Parameters, Interfaces as Return Values, Building Enumerable Types (IEnumerable and IEnumerator). File I/O and Isolated Storage: Exploring the System.IO Namespace, The Directory(Info) and File(Info) Types, Working with the DirectoryInfo Type, Working with the Directory Type, Working with the DriveInfo Class Type, Working with the FileInfo Class, Working with the File Type, The Abstract Stream Class,Working with StreamWriters & StreamReaders , Working with BinaryWriters & BinaryReaders. Windows Forms: Introduction to Windows forms like simple window, text editor, List View, Tree View controls etc. Web Platform: Introduction to web server and web programming, introduction to any scripting language (such as PHP, JSP ), Configuring web server, HTML and Scripting language Tags, Statements and","[""course_code"", ""course_title"", ""credits"", ""prerequisite"", ""policy""]"
step9-development-final-20260929T185115270858Z-84c03a,Q069:banglish,banglish,2,curricula_BSc-Curriculum-New.pdf,curricula_BSc-Curriculum-New.pdf,doc-4d373684ce4879ed066003f5,53,doc-4d373684ce4879ed066003f5-p000053-b0015-c0001,24.0,,,,"CSE 309 Object Oriented Programming II:Visual and Web Programming 3.00 CSE 203, CSE 211","[""course_code"", ""course_title"", ""credits"", ""prerequisite""]"
step9-development-final-20260929T185115270858Z-84c03a,Q069:banglish,banglish,3,curricula_BSc-Curriculum-New.pdf,curricula_BSc-Curriculum-New.pdf,doc-4d373684ce4879ed066003f5,77,doc-4d373684ce4879ed066003f5-p000077-b0005-c0001,18.0,,,,Course Code: CSE 310 Course Title: Object Oriented Programming II Lab:Visual and Web Programming Lab Credits: 1.50 Prerequisite: None Laboratory work based on Visual and Web Programming (CSE 211).,"[""course_code"", ""course_title"", ""credits"", ""prerequisite""]"
step9-development-final-20260929T185115270858Z-84c03a,Q070:english,english,1,curricula_BSc-Curriculum-New.pdf,curricula_BSc-Curriculum-New.pdf,doc-4d373684ce4879ed066003f5,77,doc-4d373684ce4879ed066003f5-p000077-b0005-c0001,30.0,,,,Course Code: CSE 310 Course Title: Object Oriented Programming II Lab:Visual and Web Programming Lab Credits: 1.50 Prerequisite: None Laboratory work based on Visual and Web Programming (CSE 211).,"[""course_code"", ""course_title"", ""credits"", ""prerequisite""]"
step9-development-final-20260929T185115270858Z-84c03a,Q070:english,english,2,curricula_BSc-Curriculum-New.pdf,curricula_BSc-Curriculum-New.pdf,doc-4d373684ce4879ed066003f5,53,doc-4d373684ce4879ed066003f5-p000053-b0016-c0001,28.0,,,,CSE 310 Object Oriented Programming II Lab:Visual and Web Programming Lab 1.50 Nil,"[""course_code"", ""course_title"", ""credits"", ""prerequisite""]"
step9-development-final-20260929T185115270858Z-84c03a,Q070:english,english,3,curricula_BSc-Curriculum-New.pdf,curricula_BSc-Curriculum-New.pdf,doc-4d373684ce4879ed066003f5,76,doc-4d373684ce4879ed066003f5-p000076-b0006-c0001,18.0,,,,"Course Code: CSE 309 Course Title: Object Oriented Programming II:Visual and Web Programming Credits: 3.00 Prerequisite: CSE 203, CSE 211 Framework Platform: Introduction, features, components, architecture of a Framework platform (like dot NET), programming Languages to support Framework (like C#) . Inheritance and Polymorphism: The Basic mechanics of Inheritance, Programming for Containment/Delegation, Polymorphic support in framework based languages, understanding Base Class/Derived Class Casting rules , The Master Parent Class i.e. System.Object. Delegates and Events : Understanding the Delegate Type, Defining a Delegate, The System.MulticastDelegate and System.Delegate Base Classes, The Simplest Possible Delegate Example, Creating Generic Delegates, Understanding Events. Indexers, Operators, and Pointers : Understanding Indexer Methods, Understanding Operator Overloading, Understanding Custom Type Conversions, Working with Pointer Types. Interfaces: Understanding Interface Types, Implementing an I nterface, Invoking Interface Members at the Object Level, Interfaces as Parameters, Interfaces as Return Values, Building Enumerable Types (IEnumerable and IEnumerator). File I/O and Isolated Storage: Exploring the System.IO Namespace, The Directory(Info) and File(Info) Types, Working with the DirectoryInfo Type, Working with the Directory Type, Working with the DriveInfo Class Type, Working with the FileInfo Class, Working with the File Type, The Abstract Stream Class,Working with StreamWriters & StreamReaders , Working with BinaryWriters & BinaryReaders. Windows Forms: Introduction to Windows forms like simple window, text editor, List View, Tree View controls etc. Web Platform: Introduction to web server and web programming, introduction to any scripting language (such as PHP, JSP ), Configuring web server, HTML and Scripting language Tags, Statements and","[""course_code"", ""course_title"", ""credits"", ""prerequisite"", ""policy""]"
step9-development-final-20260929T185115270858Z-84c03a,Q070:bangla,bangla,1,curricula_BSc-Curriculum-New.pdf,curricula_BSc-Curriculum-New.pdf,doc-4d373684ce4879ed066003f5,53,doc-4d373684ce4879ed066003f5-p000053-b0016-c0001,28.0,,,,CSE 310 Object Oriented Programming II Lab:Visual and Web Programming Lab 1.50 Nil,"[""course_code"", ""course_title"", ""credits"", ""prerequisite""]"
step9-development-final-20260929T185115270858Z-84c03a,Q070:bangla,bangla,2,curricula_BSc-Curriculum-New.pdf,curricula_BSc-Curriculum-New.pdf,doc-4d373684ce4879ed066003f5,77,doc-4d373684ce4879ed066003f5-p000077-b0005-c0001,28.0,,,,Course Code: CSE 310 Course Title: Object Oriented Programming II Lab:Visual and Web Programming Lab Credits: 1.50 Prerequisite: None Laboratory work based on Visual and Web Programming (CSE 211).,"[""course_code"", ""course_title"", ""credits"", ""prerequisite""]"
step9-development-final-20260929T185115270858Z-84c03a,Q070:bangla,bangla,3,curricula_BSc-Curriculum-New.pdf,curricula_BSc-Curriculum-New.pdf,doc-4d373684ce4879ed066003f5,53,doc-4d373684ce4879ed066003f5-p000053-b0015-c0001,16.0,,,,"CSE 309 Object Oriented Programming II:Visual and Web Programming 3.00 CSE 203, CSE 211","[""course_code"", ""course_title"", ""credits"", ""prerequisite""]"
step9-development-final-20260929T185115270858Z-84c03a,Q070:banglish,banglish,1,curricula_BSc-Curriculum-New.pdf,curricula_BSc-Curriculum-New.pdf,doc-4d373684ce4879ed066003f5,77,doc-4d373684ce4879ed066003f5-p000077-b0005-c0001,30.0,,,,Course Code: CSE 310 Course Title: Object Oriented Programming II Lab:Visual and Web Programming Lab Credits: 1.50 Prerequisite: None Laboratory work based on Visual and Web Programming (CSE 211).,"[""course_code"", ""course_title"", ""credits"", ""prerequisite""]"
step9-development-final-20260929T185115270858Z-84c03a,Q070:banglish,banglish,2,curricula_BSc-Curriculum-New.pdf,curricula_BSc-Curriculum-New.pdf,doc-4d373684ce4879ed066003f5,53,doc-4d373684ce4879ed066003f5-p000053-b0016-c0001,28.0,,,,CSE 310 Object Oriented Programming II Lab:Visual and Web Programming Lab 1.50 Nil,"[""course_code"", ""course_title"", ""credits"", ""prerequisite""]"
step9-development-final-20260929T185115270858Z-84c03a,Q070:banglish,banglish,3,curricula_BSc-Curriculum-New.pdf,curricula_BSc-Curriculum-New.pdf,doc-4d373684ce4879ed066003f5,76,doc-4d373684ce4879ed066003f5-p000076-b0006-c0001,18.0,,,,"Course Code: CSE 309 Course Title: Object Oriented Programming II:Visual and Web Programming Credits: 3.00 Prerequisite: CSE 203, CSE 211 Framework Platform: Introduction, features, components, architecture of a Framework platform (like dot NET), programming Languages to support Framework (like C#) . Inheritance and Polymorphism: The Basic mechanics of Inheritance, Programming for Containment/Delegation, Polymorphic support in framework based languages, understanding Base Class/Derived Class Casting rules , The Master Parent Class i.e. System.Object. Delegates and Events : Understanding the Delegate Type, Defining a Delegate, The System.MulticastDelegate and System.Delegate Base Classes, The Simplest Possible Delegate Example, Creating Generic Delegates, Understanding Events. Indexers, Operators, and Pointers : Understanding Indexer Methods, Understanding Operator Overloading, Understanding Custom Type Conversions, Working with Pointer Types. Interfaces: Understanding Interface Types, Implementing an I nterface, Invoking Interface Members at the Object Level, Interfaces as Parameters, Interfaces as Return Values, Building Enumerable Types (IEnumerable and IEnumerator). File I/O and Isolated Storage: Exploring the System.IO Namespace, The Directory(Info) and File(Info) Types, Working with the DirectoryInfo Type, Working with the Directory Type, Working with the DriveInfo Class Type, Working with the FileInfo Class, Working with the File Type, The Abstract Stream Class,Working with StreamWriters & StreamReaders , Working with BinaryWriters & BinaryReaders. Windows Forms: Introduction to Windows forms like simple window, text editor, List View, Tree View controls etc. Web Platform: Introduction to web server and web programming, introduction to any scripting language (such as PHP, JSP ), Configuring web server, HTML and Scripting language Tags, Statements and","[""course_code"", ""course_title"", ""credits"", ""prerequisite"", ""policy""]"
step9-development-final-20260929T185115270858Z-84c03a,Q071:english,english,1,curricula_BSc-Curriculum-New.pdf,curricula_BSc-Curriculum-New.pdf,doc-4d373684ce4879ed066003f5,77,doc-4d373684ce4879ed066003f5-p000077-b0006-c0001,18.0,,,,"Course Code: CSE 311 Course Title: Microprocessors& Assembly Language Credits: 3.00 Prerequisite: None Microprocessors and Microcomputers, Evolution of microprocessors, Microprocessor applications. Architecture of a general purpose Microprocessor and its operation Common instruction types, addressing modes intel 8086 Mic roprocessor: Internal architecture, register structure, the processor status and the flag registers, programming model, addressing modes, instruction set; I/O Pin diagram and Control signals; I/O port organization and accessing; Interrupts and Interrupt Ha nding system design using 8086. Architectural overview of Intel Family of general purpose Processors. Cache Memory, TLB Structure. Memory Management in Intel 80X86 Family; segmentation and Real Mode Memory Management: segmentation and segmented to physical address translation, segment wraparound; Protected Mode Memory Management; segmentation and virtual addressing, segment selectors segment descriptor tables, segment descriptor, Intel 80386 and 80486 segment register formats, Paged memory operation, page D irectory and page table address translation. Linear to physical address translation. Interrupts and Exception in Intel 80 x 86 family of processors, type of Interrupts, Maskable and Non -maskable interrupts exception classes and processor defined exceptions . Interrupts in real mode and protected mode. Interrupt descriptor tables, Interrupt Gates and Trap Gates, Task Gates. Interrupts Priorities. Protection :Segment level, Page level, privileges. Task Switch Segment and Taste switching, virtual 86 Mode. Input and Output: I/O address spaces, Port organization, Memory mapped I/O, Handshaking I/O instruction, memory mapped I/O in protected mode, Protection issues in Intel 80x86 family -privilege levels, Introduction to IBM PC assembly language, , Flow control ins tructions, Logic, shift and rotate instructions, The stack and introduction to procedures, Multiplication and","[""course_code"", ""course_title"", ""credits"", ""prerequisite""]"
step9-development-final-20260929T185115270858Z-84c03a,Q071:english,english,2,curricula_BSc-Curriculum-New.pdf,curricula_BSc-Curriculum-New.pdf,doc-4d373684ce4879ed066003f5,77,doc-4d373684ce4879ed066003f5-p000077-b0006-c0002,18.0,,,,"Course Code: CSE 311
Course Title: Microprocessors& Assembly Language
Credits: 3.00
Prerequisite: None
I/O instruction, memory mapped I/O in protected mode, Protection issues in Intel 80x86 family -privilege levels, Introduction to IBM PC assembly language, , Flow control ins tructions, Logic, shift and rotate instructions, The stack and introduction to procedures, Multiplication and division instructions, Arrays and addressing modes, The string instructions, text display and keyboard programming,","[""course_code"", ""course_title"", ""credits"", ""prerequisite""]"
step9-development-final-20260929T185115270858Z-84c03a,Q071:english,english,3,curricula_BSc-Curriculum-New.pdf,curricula_BSc-Curriculum-New.pdf,doc-4d373684ce4879ed066003f5,53,doc-4d373684ce4879ed066003f5-p000053-b0017-c0001,16.0,,,,CSE 311 Microprocessors& Assembly Language 3.00 Nil,"[""course_code"", ""course_title"", ""credits"", ""prerequisite""]"
step9-development-final-20260929T185115270858Z-84c03a,Q071:bangla,bangla,1,curricula_BSc-Curriculum-New.pdf,curricula_BSc-Curriculum-New.pdf,doc-4d373684ce4879ed066003f5,53,doc-4d373684ce4879ed066003f5-p000053-b0017-c0001,16.0,,,,CSE 311 Microprocessors& Assembly Language 3.00 Nil,"[""course_code"", ""course_title"", ""credits"", ""prerequisite""]"
step9-development-final-20260929T185115270858Z-84c03a,Q071:bangla,bangla,2,curricula_BSc-Curriculum-New.pdf,curricula_BSc-Curriculum-New.pdf,doc-4d373684ce4879ed066003f5,77,doc-4d373684ce4879ed066003f5-p000077-b0006-c0001,16.0,,,,"Course Code: CSE 311 Course Title: Microprocessors& Assembly Language Credits: 3.00 Prerequisite: None Microprocessors and Microcomputers, Evolution of microprocessors, Microprocessor applications. Architecture of a general purpose Microprocessor and its operation Common instruction types, addressing modes intel 8086 Mic roprocessor: Internal architecture, register structure, the processor status and the flag registers, programming model, addressing modes, instruction set; I/O Pin diagram and Control signals; I/O port organization and accessing; Interrupts and Interrupt Ha nding system design using 8086. Architectural overview of Intel Family of general purpose Processors. Cache Memory, TLB Structure. Memory Management in Intel 80X86 Family; segmentation and Real Mode Memory Management: segmentation and segmented to physical address translation, segment wraparound; Protected Mode Memory Management; segmentation and virtual addressing, segment selectors segment descriptor tables, segment descriptor, Intel 80386 and 80486 segment register formats, Paged memory operation, page D irectory and page table address translation. Linear to physical address translation. Interrupts and Exception in Intel 80 x 86 family of processors, type of Interrupts, Maskable and Non -maskable interrupts exception classes and processor defined exceptions . Interrupts in real mode and protected mode. Interrupt descriptor tables, Interrupt Gates and Trap Gates, Task Gates. Interrupts Priorities. Protection :Segment level, Page level, privileges. Task Switch Segment and Taste switching, virtual 86 Mode. Input and Output: I/O address spaces, Port organization, Memory mapped I/O, Handshaking I/O instruction, memory mapped I/O in protected mode, Protection issues in Intel 80x86 family -privilege levels, Introduction to IBM PC assembly language, , Flow control ins tructions, Logic, shift and rotate instructions, The stack and introduction to procedures, Multiplication and","[""course_code"", ""course_title"", ""credits"", ""prerequisite""]"
step9-development-final-20260929T185115270858Z-84c03a,Q071:bangla,bangla,3,curricula_BSc-Curriculum-New.pdf,curricula_BSc-Curriculum-New.pdf,doc-4d373684ce4879ed066003f5,77,doc-4d373684ce4879ed066003f5-p000077-b0006-c0002,16.0,,,,"Course Code: CSE 311
Course Title: Microprocessors& Assembly Language
Credits: 3.00
Prerequisite: None
I/O instruction, memory mapped I/O in protected mode, Protection issues in Intel 80x86 family -privilege levels, Introduction to IBM PC assembly language, , Flow control ins tructions, Logic, shift and rotate instructions, The stack and introduction to procedures, Multiplication and division instructions, Arrays and addressing modes, The string instructions, text display and keyboard programming,","[""course_code"", ""course_title"", ""credits"", ""prerequisite""]"
step9-development-final-20260929T185115270858Z-84c03a,Q071:banglish,banglish,1,curricula_BSc-Curriculum-New.pdf,curricula_BSc-Curriculum-New.pdf,doc-4d373684ce4879ed066003f5,77,doc-4d373684ce4879ed066003f5-p000077-b0006-c0001,18.0,,,,"Course Code: CSE 311 Course Title: Microprocessors& Assembly Language Credits: 3.00 Prerequisite: None Microprocessors and Microcomputers, Evolution of microprocessors, Microprocessor applications. Architecture of a general purpose Microprocessor and its operation Common instruction types, addressing modes intel 8086 Mic roprocessor: Internal architecture, register structure, the processor status and the flag registers, programming model, addressing modes, instruction set; I/O Pin diagram and Control signals; I/O port organization and accessing; Interrupts and Interrupt Ha nding system design using 8086. Architectural overview of Intel Family of general purpose Processors. Cache Memory, TLB Structure. Memory Management in Intel 80X86 Family; segmentation and Real Mode Memory Management: segmentation and segmented to physical address translation, segment wraparound; Protected Mode Memory Management; segmentation and virtual addressing, segment selectors segment descriptor tables, segment descriptor, Intel 80386 and 80486 segment register formats, Paged memory operation, page D irectory and page table address translation. Linear to physical address translation. Interrupts and Exception in Intel 80 x 86 family of processors, type of Interrupts, Maskable and Non -maskable interrupts exception classes and processor defined exceptions . Interrupts in real mode and protected mode. Interrupt descriptor tables, Interrupt Gates and Trap Gates, Task Gates. Interrupts Priorities. Protection :Segment level, Page level, privileges. Task Switch Segment and Taste switching, virtual 86 Mode. Input and Output: I/O address spaces, Port organization, Memory mapped I/O, Handshaking I/O instruction, memory mapped I/O in protected mode, Protection issues in Intel 80x86 family -privilege levels, Introduction to IBM PC assembly language, , Flow control ins tructions, Logic, shift and rotate instructions, The stack and introduction to procedures, Multiplication and","[""course_code"", ""course_title"", ""credits"", ""prerequisite""]"
step9-development-final-20260929T185115270858Z-84c03a,Q071:banglish,banglish,2,curricula_BSc-Curriculum-New.pdf,curricula_BSc-Curriculum-New.pdf,doc-4d373684ce4879ed066003f5,77,doc-4d373684ce4879ed066003f5-p000077-b0006-c0002,18.0,,,,"Course Code: CSE 311
Course Title: Microprocessors& Assembly Language
Credits: 3.00
Prerequisite: None
I/O instruction, memory mapped I/O in protected mode, Protection issues in Intel 80x86 family -privilege levels, Introduction to IBM PC assembly language, , Flow control ins tructions, Logic, shift and rotate instructions, The stack and introduction to procedures, Multiplication and division instructions, Arrays and addressing modes, The string instructions, text display and keyboard programming,","[""course_code"", ""course_title"", ""credits"", ""prerequisite""]"
step9-development-final-20260929T185115270858Z-84c03a,Q071:banglish,banglish,3,curricula_BSc-Curriculum-New.pdf,curricula_BSc-Curriculum-New.pdf,doc-4d373684ce4879ed066003f5,53,doc-4d373684ce4879ed066003f5-p000053-b0017-c0001,16.0,,,,CSE 311 Microprocessors& Assembly Language 3.00 Nil,"[""course_code"", ""course_title"", ""credits"", ""prerequisite""]"
step9-development-final-20260929T185115270858Z-84c03a,Q072:english,english,1,curricula_BSc-Curriculum-New.pdf,curricula_BSc-Curriculum-New.pdf,doc-4d373684ce4879ed066003f5,78,doc-4d373684ce4879ed066003f5-p000078-b0005-c0001,18.0,,,,Course Code: CSE 312 Course Title: Microprocessors& Assembly Lab Credits: 1.50 Prerequisite: None Laboratory work will be based on the theory classes.,"[""course_code"", ""course_title"", ""credits"", ""prerequisite""]"
step9-development-final-20260929T185115270858Z-84c03a,Q072:english,english,2,curricula_BSc-Curriculum-New.pdf,curricula_BSc-Curriculum-New.pdf,doc-4d373684ce4879ed066003f5,54,doc-4d373684ce4879ed066003f5-p000054-b0002-c0001,16.0,,,,CSE 312 Microprocessors& Assembly Lab 1.50 Nil,"[""course_code"", ""course_title"", ""credits"", ""prerequisite""]"
step9-development-final-20260929T185115270858Z-84c03a,Q072:english,english,3,curricula_BSc-Curriculum-New.pdf,curricula_BSc-Curriculum-New.pdf,doc-4d373684ce4879ed066003f5,54,doc-4d373684ce4879ed066003f5-p000054-b0007-c0001,14.0,,,,"CSE 316 Peripheral &Interfacing Lab 1.50 CSE 210, CSE 312 Third Year Second Semester Course Code Course Title Credits Pre- Requisite","[""course_code"", ""course_title"", ""credits"", ""prerequisite""]"
step9-development-final-20260929T185115270858Z-84c03a,Q072:bangla,bangla,1,curricula_BSc-Curriculum-New.pdf,curricula_BSc-Curriculum-New.pdf,doc-4d373684ce4879ed066003f5,54,doc-4d373684ce4879ed066003f5-p000054-b0002-c0001,16.0,,,,CSE 312 Microprocessors& Assembly Lab 1.50 Nil,"[""course_code"", ""course_title"", ""credits"", ""prerequisite""]"
step9-development-final-20260929T185115270858Z-84c03a,Q072:bangla,bangla,2,curricula_BSc-Curriculum-New.pdf,curricula_BSc-Curriculum-New.pdf,doc-4d373684ce4879ed066003f5,78,doc-4d373684ce4879ed066003f5-p000078-b0005-c0001,16.0,,,,Course Code: CSE 312 Course Title: Microprocessors& Assembly Lab Credits: 1.50 Prerequisite: None Laboratory work will be based on the theory classes.,"[""course_code"", ""course_title"", ""credits"", ""prerequisite""]"
step9-development-final-20260929T185115270858Z-84c03a,Q072:bangla,bangla,3,curricula_BSc-Curriculum-New.pdf,curricula_BSc-Curriculum-New.pdf,doc-4d373684ce4879ed066003f5,54,doc-4d373684ce4879ed066003f5-p000054-b0007-c0001,12.0,,,,"CSE 316 Peripheral &Interfacing Lab 1.50 CSE 210, CSE 312 Third Year Second Semester Course Code Course Title Credits Pre- Requisite","[""course_code"", ""course_title"", ""credits"", ""prerequisite""]"
step9-development-final-20260929T185115270858Z-84c03a,Q072:banglish,banglish,1,curricula_BSc-Curriculum-New.pdf,curricula_BSc-Curriculum-New.pdf,doc-4d373684ce4879ed066003f5,78,doc-4d373684ce4879ed066003f5-p000078-b0005-c0001,18.0,,,,Course Code: CSE 312 Course Title: Microprocessors& Assembly Lab Credits: 1.50 Prerequisite: None Laboratory work will be based on the theory classes.,"[""course_code"", ""course_title"", ""credits"", ""prerequisite""]"
step9-development-final-20260929T185115270858Z-84c03a,Q072:banglish,banglish,2,curricula_BSc-Curriculum-New.pdf,curricula_BSc-Curriculum-New.pdf,doc-4d373684ce4879ed066003f5,54,doc-4d373684ce4879ed066003f5-p000054-b0002-c0001,16.0,,,,CSE 312 Microprocessors& Assembly Lab 1.50 Nil,"[""course_code"", ""course_title"", ""credits"", ""prerequisite""]"
step9-development-final-20260929T185115270858Z-84c03a,Q072:banglish,banglish,3,curricula_BSc-Curriculum-New.pdf,curricula_BSc-Curriculum-New.pdf,doc-4d373684ce4879ed066003f5,54,doc-4d373684ce4879ed066003f5-p000054-b0007-c0001,14.0,,,,"CSE 316 Peripheral &Interfacing Lab 1.50 CSE 210, CSE 312 Third Year Second Semester Course Code Course Title Credits Pre- Requisite","[""course_code"", ""course_title"", ""credits"", ""prerequisite""]"
step9-development-final-20260929T185115270858Z-84c03a,Q073:english,english,1,curricula_BSc-Curriculum-New.pdf,curricula_BSc-Curriculum-New.pdf,doc-4d373684ce4879ed066003f5,75,doc-4d373684ce4879ed066003f5-p000075-b0002-c0001,20.0,,,,"Course Code: HSS 301 Course Title: English II : English for Communications Credits: 2.00 Prerequisite: HSS 101 Introduction: Issues of technical writing and effective oral presentation in Computer Science and Engineeri ng; Writing styles of definitions: propositions, theorems and proofs; Preparation of reports : research papers, technical papers etc. Theses and books: abstract, preface, contents, bibliography and index; Writing of book reviews and referee reports; Writing tools: LATEX; Diagram drawing software; presentation tools. Theory and Process of communication ; Barriers to Effective communication; Communication skills: Reading, Writing, Listening, and Speaking skills; Written communication : The writing process, writing formal letter, resume/CV, memos and formal reports etc. Tender writing, Job Vacancy Announcement, Auction Announcement. Oral communication: Use of visual aids in communication; Communicating in today‘s workplace: Professionalism, Teamwork, speaking skill. Effective Business Meeting; Internal Communication. Oral reports /reporting work place data, Presentation skills, interviews, and communication over telephone etc. Reading: Reading for main ideas, using contexts for vocabulary, scanning for details, making inferences, reading reports and various articles, papers, etc. Recommended Texts: 1. Writing and presenting reports, Author: Eunson B, John Wiley 2. Writing Tools: 50 Essential Strategies for Every, Author: Roy Peter Clark 3. How to Write Technical Rep orts: Understandable Structure, Good Design, Convincing Presentation, Author: Lutz Hering, Heike Hering 4. LaTeX: A Document Preparation System, Author: Leslie Lamport 5. Basic Business Communication (7 th edition), by Rayomond V. Lesikar, John D. Petit, Marie E. Flatley 6. Effective Business Communications, by Murphy, Herta A, Hildebrandt, Herbert W, and Thomas, Jane P. 7. The Business Communication handbook Author: Dwyer J,","[""course_code"", ""course_title"", ""credits"", ""prerequisite""]"
step9-development-final-20260929T185115270858Z-84c03a,Q073:english,english,2,curricula_BSc-Curriculum-New.pdf,curricula_BSc-Curriculum-New.pdf,doc-4d373684ce4879ed066003f5,75,doc-4d373684ce4879ed066003f5-p000075-b0002-c0002,20.0,,,,"Course Code: HSS 301
Course Title: English II : English for Communications
Credits: 2.00
Prerequisite: HSS 101
5. Basic Business Communication (7 th edition), by Rayomond V. Lesikar, John D. Petit, Marie E. Flatley 6. Effective Business Communications, by Murphy, Herta A, Hildebrandt, Herbert W, and Thomas, Jane P. 7. The Business Communication handbook Author: Dwyer J, Prentice - Hall 8. Essentials of Business Communication Author: Mary Ellen Guffey, Dana Loewy","[""course_code"", ""course_title"", ""credits"", ""prerequisite""]"
step9-development-final-20260929T185115270858Z-84c03a,Q073:english,english,3,curricula_BSc-Curriculum-New.pdf,curricula_BSc-Curriculum-New.pdf,doc-4d373684ce4879ed066003f5,54,doc-4d373684ce4879ed066003f5-p000054-b0003-c0001,19.0,,,,HSS301 English II : English for Communications 2.00 HSS 101 Total 21.50 Third Year Second Semester Course Code Course Title Credits Pre- Requisite,"[""course_code"", ""course_title"", ""credits"", ""prerequisite""]"
step9-development-final-20260929T185115270858Z-84c03a,Q073:bangla,bangla,1,curricula_BSc-Curriculum-New.pdf,curricula_BSc-Curriculum-New.pdf,doc-4d373684ce4879ed066003f5,75,doc-4d373684ce4879ed066003f5-p000075-b0002-c0001,18.0,,,,"Course Code: HSS 301 Course Title: English II : English for Communications Credits: 2.00 Prerequisite: HSS 101 Introduction: Issues of technical writing and effective oral presentation in Computer Science and Engineeri ng; Writing styles of definitions: propositions, theorems and proofs; Preparation of reports : research papers, technical papers etc. Theses and books: abstract, preface, contents, bibliography and index; Writing of book reviews and referee reports; Writing tools: LATEX; Diagram drawing software; presentation tools. Theory and Process of communication ; Barriers to Effective communication; Communication skills: Reading, Writing, Listening, and Speaking skills; Written communication : The writing process, writing formal letter, resume/CV, memos and formal reports etc. Tender writing, Job Vacancy Announcement, Auction Announcement. Oral communication: Use of visual aids in communication; Communicating in today‘s workplace: Professionalism, Teamwork, speaking skill. Effective Business Meeting; Internal Communication. Oral reports /reporting work place data, Presentation skills, interviews, and communication over telephone etc. Reading: Reading for main ideas, using contexts for vocabulary, scanning for details, making inferences, reading reports and various articles, papers, etc. Recommended Texts: 1. Writing and presenting reports, Author: Eunson B, John Wiley 2. Writing Tools: 50 Essential Strategies for Every, Author: Roy Peter Clark 3. How to Write Technical Rep orts: Understandable Structure, Good Design, Convincing Presentation, Author: Lutz Hering, Heike Hering 4. LaTeX: A Document Preparation System, Author: Leslie Lamport 5. Basic Business Communication (7 th edition), by Rayomond V. Lesikar, John D. Petit, Marie E. Flatley 6. Effective Business Communications, by Murphy, Herta A, Hildebrandt, Herbert W, and Thomas, Jane P. 7. The Business Communication handbook Author: Dwyer J,","[""course_code"", ""course_title"", ""credits"", ""prerequisite""]"
step9-development-final-20260929T185115270858Z-84c03a,Q073:bangla,bangla,2,curricula_BSc-Curriculum-New.pdf,curricula_BSc-Curriculum-New.pdf,doc-4d373684ce4879ed066003f5,75,doc-4d373684ce4879ed066003f5-p000075-b0002-c0002,18.0,,,,"Course Code: HSS 301
Course Title: English II : English for Communications
Credits: 2.00
Prerequisite: HSS 101
5. Basic Business Communication (7 th edition), by Rayomond V. Lesikar, John D. Petit, Marie E. Flatley 6. Effective Business Communications, by Murphy, Herta A, Hildebrandt, Herbert W, and Thomas, Jane P. 7. The Business Communication handbook Author: Dwyer J, Prentice - Hall 8. Essentials of Business Communication Author: Mary Ellen Guffey, Dana Loewy","[""course_code"", ""course_title"", ""credits"", ""prerequisite""]"
step9-development-final-20260929T185115270858Z-84c03a,Q073:bangla,bangla,3,curricula_BSc-Curriculum-New.pdf,curricula_BSc-Curriculum-New.pdf,doc-4d373684ce4879ed066003f5,54,doc-4d373684ce4879ed066003f5-p000054-b0003-c0001,17.0,,,,HSS301 English II : English for Communications 2.00 HSS 101 Total 21.50 Third Year Second Semester Course Code Course Title Credits Pre- Requisite,"[""course_code"", ""course_title"", ""credits"", ""prerequisite""]"
step9-development-final-20260929T185115270858Z-84c03a,Q073:banglish,banglish,1,curricula_BSc-Curriculum-New.pdf,curricula_BSc-Curriculum-New.pdf,doc-4d373684ce4879ed066003f5,75,doc-4d373684ce4879ed066003f5-p000075-b0002-c0001,20.0,,,,"Course Code: HSS 301 Course Title: English II : English for Communications Credits: 2.00 Prerequisite: HSS 101 Introduction: Issues of technical writing and effective oral presentation in Computer Science and Engineeri ng; Writing styles of definitions: propositions, theorems and proofs; Preparation of reports : research papers, technical papers etc. Theses and books: abstract, preface, contents, bibliography and index; Writing of book reviews and referee reports; Writing tools: LATEX; Diagram drawing software; presentation tools. Theory and Process of communication ; Barriers to Effective communication; Communication skills: Reading, Writing, Listening, and Speaking skills; Written communication : The writing process, writing formal letter, resume/CV, memos and formal reports etc. Tender writing, Job Vacancy Announcement, Auction Announcement. Oral communication: Use of visual aids in communication; Communicating in today‘s workplace: Professionalism, Teamwork, speaking skill. Effective Business Meeting; Internal Communication. Oral reports /reporting work place data, Presentation skills, interviews, and communication over telephone etc. Reading: Reading for main ideas, using contexts for vocabulary, scanning for details, making inferences, reading reports and various articles, papers, etc. Recommended Texts: 1. Writing and presenting reports, Author: Eunson B, John Wiley 2. Writing Tools: 50 Essential Strategies for Every, Author: Roy Peter Clark 3. How to Write Technical Rep orts: Understandable Structure, Good Design, Convincing Presentation, Author: Lutz Hering, Heike Hering 4. LaTeX: A Document Preparation System, Author: Leslie Lamport 5. Basic Business Communication (7 th edition), by Rayomond V. Lesikar, John D. Petit, Marie E. Flatley 6. Effective Business Communications, by Murphy, Herta A, Hildebrandt, Herbert W, and Thomas, Jane P. 7. The Business Communication handbook Author: Dwyer J,","[""course_code"", ""course_title"", ""credits"", ""prerequisite""]"
step9-development-final-20260929T185115270858Z-84c03a,Q073:banglish,banglish,2,curricula_BSc-Curriculum-New.pdf,curricula_BSc-Curriculum-New.pdf,doc-4d373684ce4879ed066003f5,75,doc-4d373684ce4879ed066003f5-p000075-b0002-c0002,20.0,,,,"Course Code: HSS 301
Course Title: English II : English for Communications
Credits: 2.00
Prerequisite: HSS 101
5. Basic Business Communication (7 th edition), by Rayomond V. Lesikar, John D. Petit, Marie E. Flatley 6. Effective Business Communications, by Murphy, Herta A, Hildebrandt, Herbert W, and Thomas, Jane P. 7. The Business Communication handbook Author: Dwyer J, Prentice - Hall 8. Essentials of Business Communication Author: Mary Ellen Guffey, Dana Loewy","[""course_code"", ""course_title"", ""credits"", ""prerequisite""]"
step9-development-final-20260929T185115270858Z-84c03a,Q073:banglish,banglish,3,curricula_BSc-Curriculum-New.pdf,curricula_BSc-Curriculum-New.pdf,doc-4d373684ce4879ed066003f5,54,doc-4d373684ce4879ed066003f5-p000054-b0003-c0001,19.0,,,,HSS301 English II : English for Communications 2.00 HSS 101 Total 21.50 Third Year Second Semester Course Code Course Title Credits Pre- Requisite,"[""course_code"", ""course_title"", ""credits"", ""prerequisite""]"
step9-development-final-20260929T185115270858Z-84c03a,Q074:english,english,1,curricula_BSc-Curriculum-New.pdf,curricula_BSc-Curriculum-New.pdf,doc-4d373684ce4879ed066003f5,79,doc-4d373684ce4879ed066003f5-p000079-b0006-c0001,16.0,,,,"Course Code: CSE 313 Course Title: Numerical Methods Credits: 3.00 Prerequisite MTH 205, CSE 205 Numerical Methods in Computer Science, Errors and Accuracy: Truncation, rounding off and algorithmic errors, absolute and relative errors, propagation of errors, error estimation. Iterative process: Solution of f(x)=0, e xistence and convergence of a root, convergence of the iterative method, geometrical representation, Aitken‘s 2-process of acceleration. System of Linear Equations: Cramers rule, Gauss elimination method, Gauss- Jordan elimination, Triangularisation metho d of factorization process (Choleski‘s process), Iterative methods - Jacobi‘s method, Gauss - Seidel method, Comparison of various methods. Solution of Non – Linear equations: Interval Bisection Method, Newton - Raphson method, Secant method, Regula - Falsi method, Newton - Raphson method for polynomial evaluation, Nested multiplication. Finite Differences and Interpolation: Difference Operators, Factorial Notation, Differences of zero Definition and Differences of x (-n), Forward and Backward Differences, Shift Operator, Central Difference Operators, Averaging Operator, Divided Differences, Finite differences and differentiation, Errors in a difference table. Finite difference Interpolation: Newton‘s forward interpolation formula, Newton – Gregory formula for b ackward interpolation, Newton‘s formula","[""course_code"", ""course_title"", ""credits"", ""prerequisite"", ""policy""]"
step9-development-final-20260929T185115270858Z-84c03a,Q074:english,english,2,curricula_BSc-Curriculum-New.pdf,curricula_BSc-Curriculum-New.pdf,doc-4d373684ce4879ed066003f5,54,doc-4d373684ce4879ed066003f5-p000054-b0004-c0001,14.0,,,,"CSE 313 Numerical Methods 3.00 MTH 205, CSE 205","[""course_code"", ""course_title"", ""credits"", ""prerequisite""]"
step9-development-final-20260929T185115270858Z-84c03a,Q074:english,english,3,curricula_BSc-Curriculum-New.pdf,curricula_BSc-Curriculum-New.pdf,doc-4d373684ce4879ed066003f5,80,doc-4d373684ce4879ed066003f5-p000080-b0007-c0001,10.0,,,,Course Code: CSE 314 Course Title: Numerical Methods Lab Credits: 0.75 Prerequisite: CSE 206 Objectives: Laboratory assignments will be based on Course CSE-313.,"[""course_code"", ""course_title"", ""credits"", ""prerequisite""]"
step9-development-final-20260929T185115270858Z-84c03a,Q074:bangla,bangla,1,curricula_BSc-Curriculum-New.pdf,curricula_BSc-Curriculum-New.pdf,doc-4d373684ce4879ed066003f5,54,doc-4d373684ce4879ed066003f5-p000054-b0004-c0001,14.0,,,,"CSE 313 Numerical Methods 3.00 MTH 205, CSE 205","[""course_code"", ""course_title"", ""credits"", ""prerequisite""]"
step9-development-final-20260929T185115270858Z-84c03a,Q074:bangla,bangla,2,curricula_BSc-Curriculum-New.pdf,curricula_BSc-Curriculum-New.pdf,doc-4d373684ce4879ed066003f5,79,doc-4d373684ce4879ed066003f5-p000079-b0006-c0001,14.0,,,,"Course Code: CSE 313 Course Title: Numerical Methods Credits: 3.00 Prerequisite MTH 205, CSE 205 Numerical Methods in Computer Science, Errors and Accuracy: Truncation, rounding off and algorithmic errors, absolute and relative errors, propagation of errors, error estimation. Iterative process: Solution of f(x)=0, e xistence and convergence of a root, convergence of the iterative method, geometrical representation, Aitken‘s 2-process of acceleration. System of Linear Equations: Cramers rule, Gauss elimination method, Gauss- Jordan elimination, Triangularisation metho d of factorization process (Choleski‘s process), Iterative methods - Jacobi‘s method, Gauss - Seidel method, Comparison of various methods. Solution of Non – Linear equations: Interval Bisection Method, Newton - Raphson method, Secant method, Regula - Falsi method, Newton - Raphson method for polynomial evaluation, Nested multiplication. Finite Differences and Interpolation: Difference Operators, Factorial Notation, Differences of zero Definition and Differences of x (-n), Forward and Backward Differences, Shift Operator, Central Difference Operators, Averaging Operator, Divided Differences, Finite differences and differentiation, Errors in a difference table. Finite difference Interpolation: Newton‘s forward interpolation formula, Newton – Gregory formula for b ackward interpolation, Newton‘s formula","[""course_code"", ""course_title"", ""credits"", ""prerequisite"", ""policy""]"
step9-development-final-20260929T185115270858Z-84c03a,Q074:bangla,bangla,3,curricula_BSc-Curriculum-New.pdf,curricula_BSc-Curriculum-New.pdf,doc-4d373684ce4879ed066003f5,80,doc-4d373684ce4879ed066003f5-p000080-b0007-c0001,8.0,,,,Course Code: CSE 314 Course Title: Numerical Methods Lab Credits: 0.75 Prerequisite: CSE 206 Objectives: Laboratory assignments will be based on Course CSE-313.,"[""course_code"", ""course_title"", ""credits"", ""prerequisite""]"
step9-development-final-20260929T185115270858Z-84c03a,Q074:banglish,banglish,1,curricula_BSc-Curriculum-New.pdf,curricula_BSc-Curriculum-New.pdf,doc-4d373684ce4879ed066003f5,79,doc-4d373684ce4879ed066003f5-p000079-b0006-c0001,16.0,,,,"Course Code: CSE 313 Course Title: Numerical Methods Credits: 3.00 Prerequisite MTH 205, CSE 205 Numerical Methods in Computer Science, Errors and Accuracy: Truncation, rounding off and algorithmic errors, absolute and relative errors, propagation of errors, error estimation. Iterative process: Solution of f(x)=0, e xistence and convergence of a root, convergence of the iterative method, geometrical representation, Aitken‘s 2-process of acceleration. System of Linear Equations: Cramers rule, Gauss elimination method, Gauss- Jordan elimination, Triangularisation metho d of factorization process (Choleski‘s process), Iterative methods - Jacobi‘s method, Gauss - Seidel method, Comparison of various methods. Solution of Non – Linear equations: Interval Bisection Method, Newton - Raphson method, Secant method, Regula - Falsi method, Newton - Raphson method for polynomial evaluation, Nested multiplication. Finite Differences and Interpolation: Difference Operators, Factorial Notation, Differences of zero Definition and Differences of x (-n), Forward and Backward Differences, Shift Operator, Central Difference Operators, Averaging Operator, Divided Differences, Finite differences and differentiation, Errors in a difference table. Finite difference Interpolation: Newton‘s forward interpolation formula, Newton – Gregory formula for b ackward interpolation, Newton‘s formula","[""course_code"", ""course_title"", ""credits"", ""prerequisite"", ""policy""]"
step9-development-final-20260929T185115270858Z-84c03a,Q074:banglish,banglish,2,curricula_BSc-Curriculum-New.pdf,curricula_BSc-Curriculum-New.pdf,doc-4d373684ce4879ed066003f5,54,doc-4d373684ce4879ed066003f5-p000054-b0004-c0001,15.0,,,,"CSE 313 Numerical Methods 3.00 MTH 205, CSE 205","[""course_code"", ""course_title"", ""credits"", ""prerequisite""]"
step9-development-final-20260929T185115270858Z-84c03a,Q074:banglish,banglish,3,curricula_BSc-Curriculum-New.pdf,curricula_BSc-Curriculum-New.pdf,doc-4d373684ce4879ed066003f5,80,doc-4d373684ce4879ed066003f5-p000080-b0007-c0001,10.0,,,,Course Code: CSE 314 Course Title: Numerical Methods Lab Credits: 0.75 Prerequisite: CSE 206 Objectives: Laboratory assignments will be based on Course CSE-313.,"[""course_code"", ""course_title"", ""credits"", ""prerequisite""]"
step9-development-final-20260929T185115270858Z-84c03a,Q075:english,english,1,curricula_BSc-Curriculum-New.pdf,curricula_BSc-Curriculum-New.pdf,doc-4d373684ce4879ed066003f5,80,doc-4d373684ce4879ed066003f5-p000080-b0007-c0001,18.0,,,,Course Code: CSE 314 Course Title: Numerical Methods Lab Credits: 0.75 Prerequisite: CSE 206 Objectives: Laboratory assignments will be based on Course CSE-313.,"[""course_code"", ""course_title"", ""credits"", ""prerequisite""]"
step9-development-final-20260929T185115270858Z-84c03a,Q075:english,english,2,curricula_BSc-Curriculum-New.pdf,curricula_BSc-Curriculum-New.pdf,doc-4d373684ce4879ed066003f5,54,doc-4d373684ce4879ed066003f5-p000054-b0005-c0001,16.0,,,,CSE 314 Numerical Methods Lab 0.75 CSE 206,"[""course_code"", ""course_title"", ""credits"", ""prerequisite""]"
step9-development-final-20260929T185115270858Z-84c03a,Q075:english,english,3,curricula_BSc-Curriculum-New.pdf,curricula_BSc-Curriculum-New.pdf,doc-4d373684ce4879ed066003f5,79,doc-4d373684ce4879ed066003f5-p000079-b0006-c0001,8.0,,,,"Course Code: CSE 313 Course Title: Numerical Methods Credits: 3.00 Prerequisite MTH 205, CSE 205 Numerical Methods in Computer Science, Errors and Accuracy: Truncation, rounding off and algorithmic errors, absolute and relative errors, propagation of errors, error estimation. Iterative process: Solution of f(x)=0, e xistence and convergence of a root, convergence of the iterative method, geometrical representation, Aitken‘s 2-process of acceleration. System of Linear Equations: Cramers rule, Gauss elimination method, Gauss- Jordan elimination, Triangularisation metho d of factorization process (Choleski‘s process), Iterative methods - Jacobi‘s method, Gauss - Seidel method, Comparison of various methods. Solution of Non – Linear equations: Interval Bisection Method, Newton - Raphson method, Secant method, Regula - Falsi method, Newton - Raphson method for polynomial evaluation, Nested multiplication. Finite Differences and Interpolation: Difference Operators, Factorial Notation, Differences of zero Definition and Differences of x (-n), Forward and Backward Differences, Shift Operator, Central Difference Operators, Averaging Operator, Divided Differences, Finite differences and differentiation, Errors in a difference table. Finite difference Interpolation: Newton‘s forward interpolation formula, Newton – Gregory formula for b ackward interpolation, Newton‘s formula","[""course_code"", ""course_title"", ""credits"", ""prerequisite"", ""policy""]"
step9-development-final-20260929T185115270858Z-84c03a,Q075:bangla,bangla,1,curricula_BSc-Curriculum-New.pdf,curricula_BSc-Curriculum-New.pdf,doc-4d373684ce4879ed066003f5,54,doc-4d373684ce4879ed066003f5-p000054-b0005-c0001,16.0,,,,CSE 314 Numerical Methods Lab 0.75 CSE 206,"[""course_code"", ""course_title"", ""credits"", ""prerequisite""]"
step9-development-final-20260929T185115270858Z-84c03a,Q075:bangla,bangla,2,curricula_BSc-Curriculum-New.pdf,curricula_BSc-Curriculum-New.pdf,doc-4d373684ce4879ed066003f5,80,doc-4d373684ce4879ed066003f5-p000080-b0007-c0001,16.0,,,,Course Code: CSE 314 Course Title: Numerical Methods Lab Credits: 0.75 Prerequisite: CSE 206 Objectives: Laboratory assignments will be based on Course CSE-313.,"[""course_code"", ""course_title"", ""credits"", ""prerequisite""]"
step9-development-final-20260929T185115270858Z-84c03a,Q075:bangla,bangla,3,curricula_BSc-Curriculum-New.pdf,curricula_BSc-Curriculum-New.pdf,doc-4d373684ce4879ed066003f5,54,doc-4d373684ce4879ed066003f5-p000054-b0004-c0001,6.0,,,,"CSE 313 Numerical Methods 3.00 MTH 205, CSE 205","[""course_code"", ""course_title"", ""credits"", ""prerequisite""]"
step9-development-final-20260929T185115270858Z-84c03a,Q075:banglish,banglish,1,curricula_BSc-Curriculum-New.pdf,curricula_BSc-Curriculum-New.pdf,doc-4d373684ce4879ed066003f5,80,doc-4d373684ce4879ed066003f5-p000080-b0007-c0001,18.0,,,,Course Code: CSE 314 Course Title: Numerical Methods Lab Credits: 0.75 Prerequisite: CSE 206 Objectives: Laboratory assignments will be based on Course CSE-313.,"[""course_code"", ""course_title"", ""credits"", ""prerequisite""]"
step9-development-final-20260929T185115270858Z-84c03a,Q075:banglish,banglish,2,curricula_BSc-Curriculum-New.pdf,curricula_BSc-Curriculum-New.pdf,doc-4d373684ce4879ed066003f5,54,doc-4d373684ce4879ed066003f5-p000054-b0005-c0001,17.0,,,,CSE 314 Numerical Methods Lab 0.75 CSE 206,"[""course_code"", ""course_title"", ""credits"", ""prerequisite""]"
step9-development-final-20260929T185115270858Z-84c03a,Q075:banglish,banglish,3,curricula_BSc-Curriculum-New.pdf,curricula_BSc-Curriculum-New.pdf,doc-4d373684ce4879ed066003f5,79,doc-4d373684ce4879ed066003f5-p000079-b0006-c0001,8.0,,,,"Course Code: CSE 313 Course Title: Numerical Methods Credits: 3.00 Prerequisite MTH 205, CSE 205 Numerical Methods in Computer Science, Errors and Accuracy: Truncation, rounding off and algorithmic errors, absolute and relative errors, propagation of errors, error estimation. Iterative process: Solution of f(x)=0, e xistence and convergence of a root, convergence of the iterative method, geometrical representation, Aitken‘s 2-process of acceleration. System of Linear Equations: Cramers rule, Gauss elimination method, Gauss- Jordan elimination, Triangularisation metho d of factorization process (Choleski‘s process), Iterative methods - Jacobi‘s method, Gauss - Seidel method, Comparison of various methods. Solution of Non – Linear equations: Interval Bisection Method, Newton - Raphson method, Secant method, Regula - Falsi method, Newton - Raphson method for polynomial evaluation, Nested multiplication. Finite Differences and Interpolation: Difference Operators, Factorial Notation, Differences of zero Definition and Differences of x (-n), Forward and Backward Differences, Shift Operator, Central Difference Operators, Averaging Operator, Divided Differences, Finite differences and differentiation, Errors in a difference table. Finite difference Interpolation: Newton‘s forward interpolation formula, Newton – Gregory formula for b ackward interpolation, Newton‘s formula","[""course_code"", ""course_title"", ""credits"", ""prerequisite"", ""policy""]"
step9-development-final-20260929T185115270858Z-84c03a,Q076:english,english,1,curricula_BSc-Curriculum-New.pdf,curricula_BSc-Curriculum-New.pdf,doc-4d373684ce4879ed066003f5,81,doc-4d373684ce4879ed066003f5-p000081-b0002-c0001,16.0,,,,"Course Code: CSE 315 Course Title: Peripheral & Interfacing Credits: 3.00 Prerequisite: CSE 209, CSE 311 Interfacing Basics : Interfacing components and their characteristics. Storage devices: RAM, ROM, Cache memory, Hard disk drive, CD, DVD, Blue Ray and Flash memory. Controllers: Programmable interrupt controller and DMA controller. Computer Ports: Parallel, Serial, USB and FireWire. Basic I/O : I/O systems & I/O devices. Converters: Programmable peripheral interface, Interface to A/D and D/A conv erter. Input devices : Keyboard, Mouse, Touchpad, Webcam, Barcode reader, Thumb scanner, 2D scanners: Flatbed, Sheet -fed, Handheld, Drum; 3D scanner. Output devices: 2D monitors: LCD, TFT and LED; 3D monitor; 2D printers: Dot Matrix, Ink jet, LASER; 3D prin ter; CNC. Computer cards: Graphics, Sound and LAN; Interfacing Components : Transistor, MOSFET and Chips; Bridge Circuits: Relay and Opto -isolator; Motors: DC, Stepper, Servo; Solenoids. Books recommended: 1. Computer Peripherals - Barry Wilinson, McGraw-Hill. 2. Microprocessor & Interfacing – Dauglas V Hall, McGraw-Hill.","[""course_code"", ""course_title"", ""credits"", ""prerequisite""]"
step9-development-final-20260929T185115270858Z-84c03a,Q076:english,english,2,curricula_BSc-Curriculum-New.pdf,curricula_BSc-Curriculum-New.pdf,doc-4d373684ce4879ed066003f5,81,doc-4d373684ce4879ed066003f5-p000081-b0003-c0001,16.0,,,,"Course Code: CSE 316 Course Title: Peripheral &Interfacing Lab Credits: 1.50 Prerequisite: CSE 210, CSE 312 Assigned by Course teacher based on theory, CSE 315.","[""course_code"", ""course_title"", ""credits"", ""prerequisite""]"
step9-development-final-20260929T185115270858Z-84c03a,Q076:english,english,3,curricula_BSc-Curriculum-New.pdf,curricula_BSc-Curriculum-New.pdf,doc-4d373684ce4879ed066003f5,54,doc-4d373684ce4879ed066003f5-p000054-b0006-c0001,14.0,,,,"CSE 315 Peripheral & Interfacing 3.00 CSE 209, CSE 311","[""course_code"", ""course_title"", ""credits"", ""prerequisite""]"
step9-development-final-20260929T185115270858Z-84c03a,Q076:bangla,bangla,1,curricula_BSc-Curriculum-New.pdf,curricula_BSc-Curriculum-New.pdf,doc-4d373684ce4879ed066003f5,54,doc-4d373684ce4879ed066003f5-p000054-b0006-c0001,14.0,,,,"CSE 315 Peripheral & Interfacing 3.00 CSE 209, CSE 311","[""course_code"", ""course_title"", ""credits"", ""prerequisite""]"
step9-development-final-20260929T185115270858Z-84c03a,Q076:bangla,bangla,2,curricula_BSc-Curriculum-New.pdf,curricula_BSc-Curriculum-New.pdf,doc-4d373684ce4879ed066003f5,81,doc-4d373684ce4879ed066003f5-p000081-b0002-c0001,14.0,,,,"Course Code: CSE 315 Course Title: Peripheral & Interfacing Credits: 3.00 Prerequisite: CSE 209, CSE 311 Interfacing Basics : Interfacing components and their characteristics. Storage devices: RAM, ROM, Cache memory, Hard disk drive, CD, DVD, Blue Ray and Flash memory. Controllers: Programmable interrupt controller and DMA controller. Computer Ports: Parallel, Serial, USB and FireWire. Basic I/O : I/O systems & I/O devices. Converters: Programmable peripheral interface, Interface to A/D and D/A conv erter. Input devices : Keyboard, Mouse, Touchpad, Webcam, Barcode reader, Thumb scanner, 2D scanners: Flatbed, Sheet -fed, Handheld, Drum; 3D scanner. Output devices: 2D monitors: LCD, TFT and LED; 3D monitor; 2D printers: Dot Matrix, Ink jet, LASER; 3D prin ter; CNC. Computer cards: Graphics, Sound and LAN; Interfacing Components : Transistor, MOSFET and Chips; Bridge Circuits: Relay and Opto -isolator; Motors: DC, Stepper, Servo; Solenoids. Books recommended: 1. Computer Peripherals - Barry Wilinson, McGraw-Hill. 2. Microprocessor & Interfacing – Dauglas V Hall, McGraw-Hill.","[""course_code"", ""course_title"", ""credits"", ""prerequisite""]"
step9-development-final-20260929T185115270858Z-84c03a,Q076:bangla,bangla,3,curricula_BSc-Curriculum-New.pdf,curricula_BSc-Curriculum-New.pdf,doc-4d373684ce4879ed066003f5,81,doc-4d373684ce4879ed066003f5-p000081-b0003-c0001,14.0,,,,"Course Code: CSE 316 Course Title: Peripheral &Interfacing Lab Credits: 1.50 Prerequisite: CSE 210, CSE 312 Assigned by Course teacher based on theory, CSE 315.","[""course_code"", ""course_title"", ""credits"", ""prerequisite""]"
step9-development-final-20260929T185115270858Z-84c03a,Q076:banglish,banglish,1,curricula_BSc-Curriculum-New.pdf,curricula_BSc-Curriculum-New.pdf,doc-4d373684ce4879ed066003f5,81,doc-4d373684ce4879ed066003f5-p000081-b0002-c0001,16.0,,,,"Course Code: CSE 315 Course Title: Peripheral & Interfacing Credits: 3.00 Prerequisite: CSE 209, CSE 311 Interfacing Basics : Interfacing components and their characteristics. Storage devices: RAM, ROM, Cache memory, Hard disk drive, CD, DVD, Blue Ray and Flash memory. Controllers: Programmable interrupt controller and DMA controller. Computer Ports: Parallel, Serial, USB and FireWire. Basic I/O : I/O systems & I/O devices. Converters: Programmable peripheral interface, Interface to A/D and D/A conv erter. Input devices : Keyboard, Mouse, Touchpad, Webcam, Barcode reader, Thumb scanner, 2D scanners: Flatbed, Sheet -fed, Handheld, Drum; 3D scanner. Output devices: 2D monitors: LCD, TFT and LED; 3D monitor; 2D printers: Dot Matrix, Ink jet, LASER; 3D prin ter; CNC. Computer cards: Graphics, Sound and LAN; Interfacing Components : Transistor, MOSFET and Chips; Bridge Circuits: Relay and Opto -isolator; Motors: DC, Stepper, Servo; Solenoids. Books recommended: 1. Computer Peripherals - Barry Wilinson, McGraw-Hill. 2. Microprocessor & Interfacing – Dauglas V Hall, McGraw-Hill.","[""course_code"", ""course_title"", ""credits"", ""prerequisite""]"
step9-development-final-20260929T185115270858Z-84c03a,Q076:banglish,banglish,2,curricula_BSc-Curriculum-New.pdf,curricula_BSc-Curriculum-New.pdf,doc-4d373684ce4879ed066003f5,81,doc-4d373684ce4879ed066003f5-p000081-b0003-c0001,16.0,,,,"Course Code: CSE 316 Course Title: Peripheral &Interfacing Lab Credits: 1.50 Prerequisite: CSE 210, CSE 312 Assigned by Course teacher based on theory, CSE 315.","[""course_code"", ""course_title"", ""credits"", ""prerequisite""]"
step9-development-final-20260929T185115270858Z-84c03a,Q076:banglish,banglish,3,curricula_BSc-Curriculum-New.pdf,curricula_BSc-Curriculum-New.pdf,doc-4d373684ce4879ed066003f5,54,doc-4d373684ce4879ed066003f5-p000054-b0006-c0001,15.0,,,,"CSE 315 Peripheral & Interfacing 3.00 CSE 209, CSE 311","[""course_code"", ""course_title"", ""credits"", ""prerequisite""]"
step9-development-final-20260929T185115270858Z-84c03a,Q077:english,english,1,curricula_BSc-Curriculum-New.pdf,curricula_BSc-Curriculum-New.pdf,doc-4d373684ce4879ed066003f5,54,doc-4d373684ce4879ed066003f5-p000054-b0007-c0001,18.0,,,,"CSE 316 Peripheral &Interfacing Lab 1.50 CSE 210, CSE 312 Third Year Second Semester Course Code Course Title Credits Pre- Requisite","[""course_code"", ""course_title"", ""credits"", ""prerequisite""]"
step9-development-final-20260929T185115270858Z-84c03a,Q077:english,english,2,curricula_BSc-Curriculum-New.pdf,curricula_BSc-Curriculum-New.pdf,doc-4d373684ce4879ed066003f5,81,doc-4d373684ce4879ed066003f5-p000081-b0003-c0001,18.0,,,,"Course Code: CSE 316 Course Title: Peripheral &Interfacing Lab Credits: 1.50 Prerequisite: CSE 210, CSE 312 Assigned by Course teacher based on theory, CSE 315.","[""course_code"", ""course_title"", ""credits"", ""prerequisite""]"
step9-development-final-20260929T185115270858Z-84c03a,Q077:english,english,3,curricula_BSc-Curriculum-New.pdf,curricula_BSc-Curriculum-New.pdf,doc-4d373684ce4879ed066003f5,81,doc-4d373684ce4879ed066003f5-p000081-b0002-c0001,8.0,,,,"Course Code: CSE 315 Course Title: Peripheral & Interfacing Credits: 3.00 Prerequisite: CSE 209, CSE 311 Interfacing Basics : Interfacing components and their characteristics. Storage devices: RAM, ROM, Cache memory, Hard disk drive, CD, DVD, Blue Ray and Flash memory. Controllers: Programmable interrupt controller and DMA controller. Computer Ports: Parallel, Serial, USB and FireWire. Basic I/O : I/O systems & I/O devices. Converters: Programmable peripheral interface, Interface to A/D and D/A conv erter. Input devices : Keyboard, Mouse, Touchpad, Webcam, Barcode reader, Thumb scanner, 2D scanners: Flatbed, Sheet -fed, Handheld, Drum; 3D scanner. Output devices: 2D monitors: LCD, TFT and LED; 3D monitor; 2D printers: Dot Matrix, Ink jet, LASER; 3D prin ter; CNC. Computer cards: Graphics, Sound and LAN; Interfacing Components : Transistor, MOSFET and Chips; Bridge Circuits: Relay and Opto -isolator; Motors: DC, Stepper, Servo; Solenoids. Books recommended: 1. Computer Peripherals - Barry Wilinson, McGraw-Hill. 2. Microprocessor & Interfacing – Dauglas V Hall, McGraw-Hill.","[""course_code"", ""course_title"", ""credits"", ""prerequisite""]"
step9-development-final-20260929T185115270858Z-84c03a,Q077:bangla,bangla,1,curricula_BSc-Curriculum-New.pdf,curricula_BSc-Curriculum-New.pdf,doc-4d373684ce4879ed066003f5,54,doc-4d373684ce4879ed066003f5-p000054-b0007-c0001,16.0,,,,"CSE 316 Peripheral &Interfacing Lab 1.50 CSE 210, CSE 312 Third Year Second Semester Course Code Course Title Credits Pre- Requisite","[""course_code"", ""course_title"", ""credits"", ""prerequisite""]"
step9-development-final-20260929T185115270858Z-84c03a,Q077:bangla,bangla,2,curricula_BSc-Curriculum-New.pdf,curricula_BSc-Curriculum-New.pdf,doc-4d373684ce4879ed066003f5,81,doc-4d373684ce4879ed066003f5-p000081-b0003-c0001,16.0,,,,"Course Code: CSE 316 Course Title: Peripheral &Interfacing Lab Credits: 1.50 Prerequisite: CSE 210, CSE 312 Assigned by Course teacher based on theory, CSE 315.","[""course_code"", ""course_title"", ""credits"", ""prerequisite""]"
step9-development-final-20260929T185115270858Z-84c03a,Q077:bangla,bangla,3,curricula_BSc-Curriculum-New.pdf,curricula_BSc-Curriculum-New.pdf,doc-4d373684ce4879ed066003f5,54,doc-4d373684ce4879ed066003f5-p000054-b0006-c0001,6.0,,,,"CSE 315 Peripheral & Interfacing 3.00 CSE 209, CSE 311","[""course_code"", ""course_title"", ""credits"", ""prerequisite""]"
step9-development-final-20260929T185115270858Z-84c03a,Q077:banglish,banglish,1,curricula_BSc-Curriculum-New.pdf,curricula_BSc-Curriculum-New.pdf,doc-4d373684ce4879ed066003f5,54,doc-4d373684ce4879ed066003f5-p000054-b0007-c0001,18.0,,,,"CSE 316 Peripheral &Interfacing Lab 1.50 CSE 210, CSE 312 Third Year Second Semester Course Code Course Title Credits Pre- Requisite","[""course_code"", ""course_title"", ""credits"", ""prerequisite""]"
step9-development-final-20260929T185115270858Z-84c03a,Q077:banglish,banglish,2,curricula_BSc-Curriculum-New.pdf,curricula_BSc-Curriculum-New.pdf,doc-4d373684ce4879ed066003f5,81,doc-4d373684ce4879ed066003f5-p000081-b0003-c0001,18.0,,,,"Course Code: CSE 316 Course Title: Peripheral &Interfacing Lab Credits: 1.50 Prerequisite: CSE 210, CSE 312 Assigned by Course teacher based on theory, CSE 315.","[""course_code"", ""course_title"", ""credits"", ""prerequisite""]"
step9-development-final-20260929T185115270858Z-84c03a,Q077:banglish,banglish,3,curricula_BSc-Curriculum-New.pdf,curricula_BSc-Curriculum-New.pdf,doc-4d373684ce4879ed066003f5,81,doc-4d373684ce4879ed066003f5-p000081-b0002-c0001,8.0,,,,"Course Code: CSE 315 Course Title: Peripheral & Interfacing Credits: 3.00 Prerequisite: CSE 209, CSE 311 Interfacing Basics : Interfacing components and their characteristics. Storage devices: RAM, ROM, Cache memory, Hard disk drive, CD, DVD, Blue Ray and Flash memory. Controllers: Programmable interrupt controller and DMA controller. Computer Ports: Parallel, Serial, USB and FireWire. Basic I/O : I/O systems & I/O devices. Converters: Programmable peripheral interface, Interface to A/D and D/A conv erter. Input devices : Keyboard, Mouse, Touchpad, Webcam, Barcode reader, Thumb scanner, 2D scanners: Flatbed, Sheet -fed, Handheld, Drum; 3D scanner. Output devices: 2D monitors: LCD, TFT and LED; 3D monitor; 2D printers: Dot Matrix, Ink jet, LASER; 3D prin ter; CNC. Computer cards: Graphics, Sound and LAN; Interfacing Components : Transistor, MOSFET and Chips; Bridge Circuits: Relay and Opto -isolator; Motors: DC, Stepper, Servo; Solenoids. Books recommended: 1. Computer Peripherals - Barry Wilinson, McGraw-Hill. 2. Microprocessor & Interfacing – Dauglas V Hall, McGraw-Hill.","[""course_code"", ""course_title"", ""credits"", ""prerequisite""]"
step9-development-final-20260929T185115270858Z-84c03a,Q078:english,english,1,curricula_BSc-Curriculum-New.pdf,curricula_BSc-Curriculum-New.pdf,doc-4d373684ce4879ed066003f5,81,doc-4d373684ce4879ed066003f5-p000081-b0004-c0001,16.0,,,,"Course Code: CSE 317 Course Title: Computer Architecture Credits: 3.00 Prerequisite: CSE 209 Introduction: Computer Architecture and Organization. Instruction set architecture: Overview of MIPS, basic instruction, high level to MIPS conversion of instruction, MIPS control and data path de sign. Computer arithmetic and number system: Binary review; floating point number representation; basic addition and multiplication algorithm and hardware. Advanced computer arithmetic: Booth multiplication scheme, recoding process, best and worst multip lier, average gain. Computer system performance and performance matrices: Execution time, clock rate, processor speed, CPI -clock per instruction, mathematical problems. Memory and cache hierarchy: Primary memory, secondary memory, memory hierarchy, virtu al memory, caching scheme: direct addressed caching, other policies, Control design: Processor control Unit design and data path analysis, Pipelining: Pipelined data path and control, super scalar and dynamic pipelining. I/O organization: Introduction, bu s control, I/O systems, p rogrammed IO, DMA and interrupts, I/O processors, multiprocessor system: UMA, NUMA etc.","[""course_code"", ""course_title"", ""credits"", ""prerequisite"", ""policy""]"
step9-development-final-20260929T185115270858Z-84c03a,Q078:english,english,2,curricula_BSc-Curriculum-New.pdf,curricula_BSc-Curriculum-New.pdf,doc-4d373684ce4879ed066003f5,54,doc-4d373684ce4879ed066003f5-p000054-b0008-c0001,14.0,,,,CSE 317 Computer Architecture 3.00 CSE 209,"[""course_code"", ""course_title"", ""credits"", ""prerequisite""]"
step9-development-final-20260929T185115270858Z-84c03a,Q078:english,english,3,curricula_BSc-Curriculum-New.pdf,curricula_BSc-Curriculum-New.pdf,doc-4d373684ce4879ed066003f5,84,doc-4d373684ce4879ed066003f5-p000084-b0002-c0001,12.0,,,,"Course Code: CSE 405 Course Title: Operating Systems Credits: 3.00 Prerequisite: CSE 207, CSE 317 Operating system overview: OS functions, evolution of OS functions, batch processing systems, single user multiprogramming systems, time sharing systems, real -time operating systems, OS structure. Processes: Process definition, process control, interacting processes, implementation of interacting processes, threads. Scheduling: Scheduling policies, job scheduling, process scheduling, process managemen t in UNIX, scheduling in multiprocessor OS, queuing in scheduling, scheduling algorithms, priority control, introduction to multiprocessor and real -time scheduling. Deadlocks: Definitions, resource status modeling, handling deadlocks, deadlock detection an d resolution, deadlock avoidance, mixed approach to deadlock handling. Process synchronization: Implementing control synchronization, critical sections, classical process synchronization problems, evolution of language features for process synchronization, semaphores, critical regions, conditional critical regions, monitors, concurrency. Interprocess communication: Interprocess messages, implementation issues, mailboxes, interprocess messages in UNIX, interprocess messages in Mac. Memory management: Princip les, requirements and design of memory management system, program loading and linking. Virtual Memory: locality, page table, translation lookaside buffer, segmentation, software implementation, load control. I/O Management and disk scheduling: Organizatio n of the I/O function. Direct memory access. Design issues. I/O buffering. Disk I/O. Disk cache. Example systems. File management: Overview. File management systems. File organization and access, file directories. Sharing of files. Record blocking. Seconda ry storage management, file systems protection and security; design and implementation methodology. Example systems. Reference Books: 1. A. S. Tanenbaum, Modern Operating Systems, Prentice Hall. 2. A. Silberschatz, P. B. Galvin, Operating System Concepts, Joh n Wiley & Sons. 3. B. Hausen, Operating System Principles, Prentice-Hall of India.","[""course_code"", ""course_title"", ""credits"", ""prerequisite"", ""requirement"", ""policy""]"
step9-development-final-20260929T185115270858Z-84c03a,Q078:bangla,bangla,1,curricula_BSc-Curriculum-New.pdf,curricula_BSc-Curriculum-New.pdf,doc-4d373684ce4879ed066003f5,54,doc-4d373684ce4879ed066003f5-p000054-b0008-c0001,14.0,,,,CSE 317 Computer Architecture 3.00 CSE 209,"[""course_code"", ""course_title"", ""credits"", ""prerequisite""]"
step9-development-final-20260929T185115270858Z-84c03a,Q078:bangla,bangla,2,curricula_BSc-Curriculum-New.pdf,curricula_BSc-Curriculum-New.pdf,doc-4d373684ce4879ed066003f5,81,doc-4d373684ce4879ed066003f5-p000081-b0004-c0001,14.0,,,,"Course Code: CSE 317 Course Title: Computer Architecture Credits: 3.00 Prerequisite: CSE 209 Introduction: Computer Architecture and Organization. Instruction set architecture: Overview of MIPS, basic instruction, high level to MIPS conversion of instruction, MIPS control and data path de sign. Computer arithmetic and number system: Binary review; floating point number representation; basic addition and multiplication algorithm and hardware. Advanced computer arithmetic: Booth multiplication scheme, recoding process, best and worst multip lier, average gain. Computer system performance and performance matrices: Execution time, clock rate, processor speed, CPI -clock per instruction, mathematical problems. Memory and cache hierarchy: Primary memory, secondary memory, memory hierarchy, virtu al memory, caching scheme: direct addressed caching, other policies, Control design: Processor control Unit design and data path analysis, Pipelining: Pipelined data path and control, super scalar and dynamic pipelining. I/O organization: Introduction, bu s control, I/O systems, p rogrammed IO, DMA and interrupts, I/O processors, multiprocessor system: UMA, NUMA etc.","[""course_code"", ""course_title"", ""credits"", ""prerequisite"", ""policy""]"
step9-development-final-20260929T185115270858Z-84c03a,Q078:bangla,bangla,3,curricula_BSc-Curriculum-New.pdf,curricula_BSc-Curriculum-New.pdf,doc-4d373684ce4879ed066003f5,55,doc-4d373684ce4879ed066003f5-p000055-b0004-c0001,10.0,,,,"CSE 405 Operating Systems 3.00 CSE 207, CSE 317","[""course_code"", ""course_title"", ""credits"", ""prerequisite""]"
step9-development-final-20260929T185115270858Z-84c03a,Q078:banglish,banglish,1,curricula_BSc-Curriculum-New.pdf,curricula_BSc-Curriculum-New.pdf,doc-4d373684ce4879ed066003f5,81,doc-4d373684ce4879ed066003f5-p000081-b0004-c0001,16.0,,,,"Course Code: CSE 317 Course Title: Computer Architecture Credits: 3.00 Prerequisite: CSE 209 Introduction: Computer Architecture and Organization. Instruction set architecture: Overview of MIPS, basic instruction, high level to MIPS conversion of instruction, MIPS control and data path de sign. Computer arithmetic and number system: Binary review; floating point number representation; basic addition and multiplication algorithm and hardware. Advanced computer arithmetic: Booth multiplication scheme, recoding process, best and worst multip lier, average gain. Computer system performance and performance matrices: Execution time, clock rate, processor speed, CPI -clock per instruction, mathematical problems. Memory and cache hierarchy: Primary memory, secondary memory, memory hierarchy, virtu al memory, caching scheme: direct addressed caching, other policies, Control design: Processor control Unit design and data path analysis, Pipelining: Pipelined data path and control, super scalar and dynamic pipelining. I/O organization: Introduction, bu s control, I/O systems, p rogrammed IO, DMA and interrupts, I/O processors, multiprocessor system: UMA, NUMA etc.","[""course_code"", ""course_title"", ""credits"", ""prerequisite"", ""policy""]"
step9-development-final-20260929T185115270858Z-84c03a,Q078:banglish,banglish,2,curricula_BSc-Curriculum-New.pdf,curricula_BSc-Curriculum-New.pdf,doc-4d373684ce4879ed066003f5,54,doc-4d373684ce4879ed066003f5-p000054-b0008-c0001,15.0,,,,CSE 317 Computer Architecture 3.00 CSE 209,"[""course_code"", ""course_title"", ""credits"", ""prerequisite""]"
step9-development-final-20260929T185115270858Z-84c03a,Q078:banglish,banglish,3,curricula_BSc-Curriculum-New.pdf,curricula_BSc-Curriculum-New.pdf,doc-4d373684ce4879ed066003f5,84,doc-4d373684ce4879ed066003f5-p000084-b0002-c0001,12.0,,,,"Course Code: CSE 405 Course Title: Operating Systems Credits: 3.00 Prerequisite: CSE 207, CSE 317 Operating system overview: OS functions, evolution of OS functions, batch processing systems, single user multiprogramming systems, time sharing systems, real -time operating systems, OS structure. Processes: Process definition, process control, interacting processes, implementation of interacting processes, threads. Scheduling: Scheduling policies, job scheduling, process scheduling, process managemen t in UNIX, scheduling in multiprocessor OS, queuing in scheduling, scheduling algorithms, priority control, introduction to multiprocessor and real -time scheduling. Deadlocks: Definitions, resource status modeling, handling deadlocks, deadlock detection an d resolution, deadlock avoidance, mixed approach to deadlock handling. Process synchronization: Implementing control synchronization, critical sections, classical process synchronization problems, evolution of language features for process synchronization, semaphores, critical regions, conditional critical regions, monitors, concurrency. Interprocess communication: Interprocess messages, implementation issues, mailboxes, interprocess messages in UNIX, interprocess messages in Mac. Memory management: Princip les, requirements and design of memory management system, program loading and linking. Virtual Memory: locality, page table, translation lookaside buffer, segmentation, software implementation, load control. I/O Management and disk scheduling: Organizatio n of the I/O function. Direct memory access. Design issues. I/O buffering. Disk I/O. Disk cache. Example systems. File management: Overview. File management systems. File organization and access, file directories. Sharing of files. Record blocking. Seconda ry storage management, file systems protection and security; design and implementation methodology. Example systems. Reference Books: 1. A. S. Tanenbaum, Modern Operating Systems, Prentice Hall. 2. A. Silberschatz, P. B. Galvin, Operating System Concepts, Joh n Wiley & Sons. 3. B. Hausen, Operating System Principles, Prentice-Hall of India.","[""course_code"", ""course_title"", ""credits"", ""prerequisite"", ""requirement"", ""policy""]"
step9-development-final-20260929T185115270858Z-84c03a,Q079:english,english,1,curricula_BSc-Curriculum-New.pdf,curricula_BSc-Curriculum-New.pdf,doc-4d373684ce4879ed066003f5,80,doc-4d373684ce4879ed066003f5-p000080-b0008-c0001,16.0,,,,"Course Code: CSE 319 Course Title: Computer Networks Credits: 3.00 Prerequisite: CSE 303 Introduction to Networking, Networking Devices, Network architectures. Network Classification, Industry , Network Model and Protocols, Network Topology, Error Detection & Correction Schemes and Implementation of those Schemes, IP Overview, IPv4, IPv6, Transition from IPv4 to IPv6, IPv6 Facilities, Subnetting and supernetting - CIDR, Routing an d Routing Protocols, Transport Layer Protocols: TCP and UDP ,Local Area Networks, Satellite Networks, Servers: DNS-Mail-Proxy-DHCP, Firewalls, ISP-IIG-IGW-ICX-ITC-SMC, Configuration and Design Concept, ATM Network, VoIP, Security Issues in Networking, Diff erent Security Protocols, Hacking, Ethical Hacking, Encrypt ion, VPN, IPSec, Firewall, SSL. Text Books: 1. Computer Networking: A Top -Down Approach - James Kurose and Keith Ross, Addison-Wesley 2. Computer Networks - Andrew S. Tanenbaum and David J. Wetheral, Prentice Hall 3. Data Communications and Networking - Behrouz A. Forouzan, 4. Data and Computer Communications, William Stallings, Pearson","[""course_code"", ""course_title"", ""credits"", ""prerequisite""]"
step9-development-final-20260929T185115270858Z-84c03a,Q079:english,english,2,curricula_BSc-Curriculum-New.pdf,curricula_BSc-Curriculum-New.pdf,doc-4d373684ce4879ed066003f5,54,doc-4d373684ce4879ed066003f5-p000054-b0009-c0001,14.0,,,,CSE 319 Computer Networks 3.00 CSE 303,"[""course_code"", ""course_title"", ""credits"", ""prerequisite""]"
step9-development-final-20260929T185115270858Z-84c03a,Q079:english,english,3,curricula_BSc-Curriculum-New.pdf,curricula_BSc-Curriculum-New.pdf,doc-4d373684ce4879ed066003f5,90,doc-4d373684ce4879ed066003f5-p000090-b0002-c0001,14.0,,,,"Course Code: CSE 411 Course Title: Mobile communication Credits: 3.00 Prerequisite: CSE 319 Introduction to mobile communications networks; wireless transmission; frequencies; regulations; ant ennas; wireless signal propagation; modulation; spread spectrum; cellular system; media access; different types of wireless communication networks; different generations; mobile communication systems: GSM, HSCSD, GPRS, and EDGE; wireless telecommunication systems; TETRA; CDMA2000; satellite communication system; broadcast systems; digital radio; localization systems; wireless LANs; Wi -fi and WiMAX technologies; bluetooth; network protocols; mobile IP; ad -hoc networking; wireless sensor networks; transport p rotocols; reliable transmission; flow control; support for mobility, wireless WWW; WAP and i -mode; wireless security; mobile programming using J2ME. Reference Books: 1. Stallings W., Wireless Communications and Networking, Prentice Hall, 2nd Ed., 2005 2. Forouzan B.A., Data Communication and Networking, McGraw-Hill, 4th Ed., 2006 3. Rappaport T.S., Wireless Communications: Principles and Practice, Pearson Education Inc., 2nd Ed., 2002","[""course_code"", ""course_title"", ""credits"", ""prerequisite"", ""date"", ""policy""]"
step9-development-final-20260929T185115270858Z-84c03a,Q079:bangla,bangla,1,curricula_BSc-Curriculum-New.pdf,curricula_BSc-Curriculum-New.pdf,doc-4d373684ce4879ed066003f5,54,doc-4d373684ce4879ed066003f5-p000054-b0009-c0001,14.0,,,,CSE 319 Computer Networks 3.00 CSE 303,"[""course_code"", ""course_title"", ""credits"", ""prerequisite""]"
step9-development-final-20260929T185115270858Z-84c03a,Q079:bangla,bangla,2,curricula_BSc-Curriculum-New.pdf,curricula_BSc-Curriculum-New.pdf,doc-4d373684ce4879ed066003f5,80,doc-4d373684ce4879ed066003f5-p000080-b0008-c0001,14.0,,,,"Course Code: CSE 319 Course Title: Computer Networks Credits: 3.00 Prerequisite: CSE 303 Introduction to Networking, Networking Devices, Network architectures. Network Classification, Industry , Network Model and Protocols, Network Topology, Error Detection & Correction Schemes and Implementation of those Schemes, IP Overview, IPv4, IPv6, Transition from IPv4 to IPv6, IPv6 Facilities, Subnetting and supernetting - CIDR, Routing an d Routing Protocols, Transport Layer Protocols: TCP and UDP ,Local Area Networks, Satellite Networks, Servers: DNS-Mail-Proxy-DHCP, Firewalls, ISP-IIG-IGW-ICX-ITC-SMC, Configuration and Design Concept, ATM Network, VoIP, Security Issues in Networking, Diff erent Security Protocols, Hacking, Ethical Hacking, Encrypt ion, VPN, IPSec, Firewall, SSL. Text Books: 1. Computer Networking: A Top -Down Approach - James Kurose and Keith Ross, Addison-Wesley 2. Computer Networks - Andrew S. Tanenbaum and David J. Wetheral, Prentice Hall 3. Data Communications and Networking - Behrouz A. Forouzan, 4. Data and Computer Communications, William Stallings, Pearson","[""course_code"", ""course_title"", ""credits"", ""prerequisite""]"
step9-development-final-20260929T185115270858Z-84c03a,Q079:bangla,bangla,3,curricula_BSc-Curriculum-New.pdf,curricula_BSc-Curriculum-New.pdf,doc-4d373684ce4879ed066003f5,90,doc-4d373684ce4879ed066003f5-p000090-b0002-c0001,12.0,,,,"Course Code: CSE 411 Course Title: Mobile communication Credits: 3.00 Prerequisite: CSE 319 Introduction to mobile communications networks; wireless transmission; frequencies; regulations; ant ennas; wireless signal propagation; modulation; spread spectrum; cellular system; media access; different types of wireless communication networks; different generations; mobile communication systems: GSM, HSCSD, GPRS, and EDGE; wireless telecommunication systems; TETRA; CDMA2000; satellite communication system; broadcast systems; digital radio; localization systems; wireless LANs; Wi -fi and WiMAX technologies; bluetooth; network protocols; mobile IP; ad -hoc networking; wireless sensor networks; transport p rotocols; reliable transmission; flow control; support for mobility, wireless WWW; WAP and i -mode; wireless security; mobile programming using J2ME. Reference Books: 1. Stallings W., Wireless Communications and Networking, Prentice Hall, 2nd Ed., 2005 2. Forouzan B.A., Data Communication and Networking, McGraw-Hill, 4th Ed., 2006 3. Rappaport T.S., Wireless Communications: Principles and Practice, Pearson Education Inc., 2nd Ed., 2002","[""course_code"", ""course_title"", ""credits"", ""prerequisite"", ""date"", ""policy""]"
step9-development-final-20260929T185115270858Z-84c03a,Q079:banglish,banglish,1,curricula_BSc-Curriculum-New.pdf,curricula_BSc-Curriculum-New.pdf,doc-4d373684ce4879ed066003f5,80,doc-4d373684ce4879ed066003f5-p000080-b0008-c0001,16.0,,,,"Course Code: CSE 319 Course Title: Computer Networks Credits: 3.00 Prerequisite: CSE 303 Introduction to Networking, Networking Devices, Network architectures. Network Classification, Industry , Network Model and Protocols, Network Topology, Error Detection & Correction Schemes and Implementation of those Schemes, IP Overview, IPv4, IPv6, Transition from IPv4 to IPv6, IPv6 Facilities, Subnetting and supernetting - CIDR, Routing an d Routing Protocols, Transport Layer Protocols: TCP and UDP ,Local Area Networks, Satellite Networks, Servers: DNS-Mail-Proxy-DHCP, Firewalls, ISP-IIG-IGW-ICX-ITC-SMC, Configuration and Design Concept, ATM Network, VoIP, Security Issues in Networking, Diff erent Security Protocols, Hacking, Ethical Hacking, Encrypt ion, VPN, IPSec, Firewall, SSL. Text Books: 1. Computer Networking: A Top -Down Approach - James Kurose and Keith Ross, Addison-Wesley 2. Computer Networks - Andrew S. Tanenbaum and David J. Wetheral, Prentice Hall 3. Data Communications and Networking - Behrouz A. Forouzan, 4. Data and Computer Communications, William Stallings, Pearson","[""course_code"", ""course_title"", ""credits"", ""prerequisite""]"
step9-development-final-20260929T185115270858Z-84c03a,Q079:banglish,banglish,2,curricula_BSc-Curriculum-New.pdf,curricula_BSc-Curriculum-New.pdf,doc-4d373684ce4879ed066003f5,54,doc-4d373684ce4879ed066003f5-p000054-b0009-c0001,15.0,,,,CSE 319 Computer Networks 3.00 CSE 303,"[""course_code"", ""course_title"", ""credits"", ""prerequisite""]"
step9-development-final-20260929T185115270858Z-84c03a,Q079:banglish,banglish,3,curricula_BSc-Curriculum-New.pdf,curricula_BSc-Curriculum-New.pdf,doc-4d373684ce4879ed066003f5,90,doc-4d373684ce4879ed066003f5-p000090-b0002-c0001,14.0,,,,"Course Code: CSE 411 Course Title: Mobile communication Credits: 3.00 Prerequisite: CSE 319 Introduction to mobile communications networks; wireless transmission; frequencies; regulations; ant ennas; wireless signal propagation; modulation; spread spectrum; cellular system; media access; different types of wireless communication networks; different generations; mobile communication systems: GSM, HSCSD, GPRS, and EDGE; wireless telecommunication systems; TETRA; CDMA2000; satellite communication system; broadcast systems; digital radio; localization systems; wireless LANs; Wi -fi and WiMAX technologies; bluetooth; network protocols; mobile IP; ad -hoc networking; wireless sensor networks; transport p rotocols; reliable transmission; flow control; support for mobility, wireless WWW; WAP and i -mode; wireless security; mobile programming using J2ME. Reference Books: 1. Stallings W., Wireless Communications and Networking, Prentice Hall, 2nd Ed., 2005 2. Forouzan B.A., Data Communication and Networking, McGraw-Hill, 4th Ed., 2006 3. Rappaport T.S., Wireless Communications: Principles and Practice, Pearson Education Inc., 2nd Ed., 2002","[""course_code"", ""course_title"", ""credits"", ""prerequisite"", ""date"", ""policy""]"
step9-development-final-20260929T185115270858Z-84c03a,Q080:english,english,1,curricula_BSc-Curriculum-New.pdf,curricula_BSc-Curriculum-New.pdf,doc-4d373684ce4879ed066003f5,54,doc-4d373684ce4879ed066003f5-p000054-b0010-c0001,16.0,,,,CSE 320 Computer Networks Lab 1.50 Nil,"[""course_code"", ""course_title"", ""credits"", ""prerequisite""]"
step9-development-final-20260929T185115270858Z-84c03a,Q080:english,english,2,curricula_BSc-Curriculum-New.pdf,curricula_BSc-Curriculum-New.pdf,doc-4d373684ce4879ed066003f5,80,doc-4d373684ce4879ed066003f5-p000080-b0009-c0001,16.0,,,,Course Code: CSE 320 Course Title: Computer Networks Lab,"[""course_code"", ""course_title""]"
step9-development-final-20260929T185115270858Z-84c03a,Q080:english,english,3,curricula_BSc-Curriculum-New.pdf,curricula_BSc-Curriculum-New.pdf,doc-4d373684ce4879ed066003f5,58,doc-4d373684ce4879ed066003f5-p000058-b0006-c0001,8.0,,,,CSE 466 Computer and Network Security Lab 0.75 Option II Lab Course Code Course Title Credits,"[""course_code"", ""course_title"", ""credits"", ""prerequisite""]"
step9-development-final-20260929T185115270858Z-84c03a,Q080:bangla,bangla,1,curricula_BSc-Curriculum-New.pdf,curricula_BSc-Curriculum-New.pdf,doc-4d373684ce4879ed066003f5,54,doc-4d373684ce4879ed066003f5-p000054-b0010-c0001,16.0,,,,CSE 320 Computer Networks Lab 1.50 Nil,"[""course_code"", ""course_title"", ""credits"", ""prerequisite""]"
step9-development-final-20260929T185115270858Z-84c03a,Q080:bangla,bangla,2,curricula_BSc-Curriculum-New.pdf,curricula_BSc-Curriculum-New.pdf,doc-4d373684ce4879ed066003f5,80,doc-4d373684ce4879ed066003f5-p000080-b0009-c0001,16.0,,,,Course Code: CSE 320 Course Title: Computer Networks Lab,"[""course_code"", ""course_title""]"
step9-development-final-20260929T185115270858Z-84c03a,Q080:bangla,bangla,3,curricula_BSc-Curriculum-New.pdf,curricula_BSc-Curriculum-New.pdf,doc-4d373684ce4879ed066003f5,4,doc-4d373684ce4879ed066003f5-p000004-b0001-c0001,6.0,,,,"University of Asia Pacific (UAP) was established in 1996 under the Private University Act 1992 as a private university with the vision of providing quality education and fulf illing the needs of our motherland, Bangladesh. This university started its journ ey in 1996 and offered four years bachelor degree programs in Computer Science & Engineering and Business Administration only, thus the very step of publishing the thirteenth edition of the prospectus for Undergraduate Studies of the Department of Computer Science & Engineering makes us proud. This department established in 1996, with the full support of the Administration and the UAP Foundation Members, is thriving forward in disseminating knowledge in this emerging field. Such endeavor is not only helpin g in developing the human resources of this country but also in earning foreign exchange by exporting skilled manpower abroad. Till to date, B.Sc.Engg. Degree has been conferred on 2200 graduates and these graduates are making positive contributions in the field of Computer Science and Engineering. To enhance the quality of education even further, the Department is planning to take some crush programs, some of which are mentioned below:  Faculty Search Team has been formed to attract Senior Faculty Members in the CSE Department of UAP.  All the Programmin g Lab PCs are regularly updated with the latest computer configuration.  A project lab has already been established for project/research work.  Mobile Games and App Development Lab has been approved to be buil t in CSE, UAP by government fund. CSE Department has several clubs namely UAP Software and","[""course_code"", ""date""]"
step9-development-final-20260929T185115270858Z-84c03a,Q080:banglish,banglish,1,curricula_BSc-Curriculum-New.pdf,curricula_BSc-Curriculum-New.pdf,doc-4d373684ce4879ed066003f5,54,doc-4d373684ce4879ed066003f5-p000054-b0010-c0001,17.0,,,,CSE 320 Computer Networks Lab 1.50 Nil,"[""course_code"", ""course_title"", ""credits"", ""prerequisite""]"
step9-development-final-20260929T185115270858Z-84c03a,Q080:banglish,banglish,2,curricula_BSc-Curriculum-New.pdf,curricula_BSc-Curriculum-New.pdf,doc-4d373684ce4879ed066003f5,80,doc-4d373684ce4879ed066003f5-p000080-b0009-c0001,17.0,,,,Course Code: CSE 320 Course Title: Computer Networks Lab,"[""course_code"", ""course_title""]"
step9-development-final-20260929T185115270858Z-84c03a,Q080:banglish,banglish,3,curricula_BSc-Curriculum-New.pdf,curricula_BSc-Curriculum-New.pdf,doc-4d373684ce4879ed066003f5,58,doc-4d373684ce4879ed066003f5-p000058-b0006-c0001,8.0,,,,CSE 466 Computer and Network Security Lab 0.75 Option II Lab Course Code Course Title Credits,"[""course_code"", ""course_title"", ""credits"", ""prerequisite""]"
step9-development-final-20260929T185115270858Z-84c03a,Q081:english,english,1,curricula_BSc-Curriculum-New.pdf,curricula_BSc-Curriculum-New.pdf,doc-4d373684ce4879ed066003f5,60,doc-4d373684ce4879ed066003f5-p000060-b0002-c0001,22.0,,,,"Course Code: CSE 101 Course Title: Introduction to Computer Science & Programming Methodology Credits: 3.00 Prerequisite: None Introduction to computer science, what is computer, Fundamental parts of a computer, sto rage and memory management (RAM, ROM, Hard disk) system overview of a computer, I/O devices, software and hardware, basic knowledge of computer, Files and folders, Command prompt, Microsoft office, Shortcut command keys, web ideas, Number System: Binary, Decimal, Octal, Hexadecimal number system and their conversion. Introduction to structured programming, Flowchart: what is flowchart, expressions of flowchart, importance of flow chart. Pseudo code: pseudo code and expression of pseudo code. Algorithm: Algorithm writing, relationship among algorithm, pseudo code and flow chart, code to flowchart and vice versa conversion. Introduction to C program, Skeleton of C program, Compiler: overview of compiler, importance and functionality, output standard libr ary function as printf(), input standard library function as scanf(), Data types and Variable: different data types, variable types and their sizes, conversion among them, scope: global variable, local variable, static variable, auto variable . Operators: Types of operator in C, functionality of operators, increment – decrement operators, precedence of operators. Header files, library files, object files and their importance. Conditional Operators: if-else structure, switchcase structure, selection structure, statement and expression. Control Flow: for loop structure, while loop structure, do -while structure, sum of the series, co-ordinate geometry, design pattern using loop. Debugging: debug a sample program using compiler. Function: argument and parameter of a function, return types, inline declaration, forward declaration of a function. Macro: types of macro, sample macro program, macro as preprocessor,","[""course_code"", ""course_title"", ""credits"", ""prerequisite""]"
step9-development-final-20260929T185115270858Z-84c03a,Q081:english,english,2,curricula_BSc-Curriculum-New.pdf,curricula_BSc-Curriculum-New.pdf,doc-4d373684ce4879ed066003f5,51,doc-4d373684ce4879ed066003f5-p000051-b0002-c0001,20.0,,,,CSE 101 Introduction to Computer Science & Programming Methodology 3.00 Nil,"[""course_code"", ""course_title"", ""credits"", ""prerequisite""]"
step9-development-final-20260929T185115270858Z-84c03a,Q081:english,english,3,curricula_BSc-Curriculum-New.pdf,curricula_BSc-Curriculum-New.pdf,doc-4d373684ce4879ed066003f5,60,doc-4d373684ce4879ed066003f5-p000060-b0002-c0002,20.0,,,,"Course Code: CSE 101
Course Title: Introduction to Computer Science & Programming
Credits: 3.00
Prerequisite: None
series, co-ordinate geometry, design pattern using loop. Debugging: debug a sample program using compiler. Function: argument and parameter of a function, return types, inline declaration, forward declaration of a function. Macro: types of macro, sample macro program, macro as preprocessor, difference between macro and function, advantages and disadvantages of macro. Bitwise operator: introduction to bitwise operators, their functionality and truth table of basic and, or, xor, nor algebraic functions . Arrays: introduction to array, declaration and definition of an array, types of array, multidimensional array, size calculation of di fferent types of array, scanning array, programs using array, matrix multiplication using array, insertion, deletion, replacement, search from an array, advantages of array over variable. Scientific calculator using C program. References: 1. Teach yourself C by Herbert Schildt. Publisher: Osborne McGraw-Hill 2. C programming Language by Brian W. Kernighan, Dennis M. Ritchie Publisher: Prentice Hall","[""course_code"", ""course_title"", ""credits"", ""prerequisite""]"
step9-development-final-20260929T185115270858Z-84c03a,Q081:bangla,bangla,1,curricula_BSc-Curriculum-New.pdf,curricula_BSc-Curriculum-New.pdf,doc-4d373684ce4879ed066003f5,60,doc-4d373684ce4879ed066003f5-p000060-b0002-c0001,22.0,,,,"Course Code: CSE 101 Course Title: Introduction to Computer Science & Programming Methodology Credits: 3.00 Prerequisite: None Introduction to computer science, what is computer, Fundamental parts of a computer, sto rage and memory management (RAM, ROM, Hard disk) system overview of a computer, I/O devices, software and hardware, basic knowledge of computer, Files and folders, Command prompt, Microsoft office, Shortcut command keys, web ideas, Number System: Binary, Decimal, Octal, Hexadecimal number system and their conversion. Introduction to structured programming, Flowchart: what is flowchart, expressions of flowchart, importance of flow chart. Pseudo code: pseudo code and expression of pseudo code. Algorithm: Algorithm writing, relationship among algorithm, pseudo code and flow chart, code to flowchart and vice versa conversion. Introduction to C program, Skeleton of C program, Compiler: overview of compiler, importance and functionality, output standard libr ary function as printf(), input standard library function as scanf(), Data types and Variable: different data types, variable types and their sizes, conversion among them, scope: global variable, local variable, static variable, auto variable . Operators: Types of operator in C, functionality of operators, increment – decrement operators, precedence of operators. Header files, library files, object files and their importance. Conditional Operators: if-else structure, switchcase structure, selection structure, statement and expression. Control Flow: for loop structure, while loop structure, do -while structure, sum of the series, co-ordinate geometry, design pattern using loop. Debugging: debug a sample program using compiler. Function: argument and parameter of a function, return types, inline declaration, forward declaration of a function. Macro: types of macro, sample macro program, macro as preprocessor,","[""course_code"", ""course_title"", ""credits"", ""prerequisite""]"
step9-development-final-20260929T185115270858Z-84c03a,Q081:bangla,bangla,2,curricula_BSc-Curriculum-New.pdf,curricula_BSc-Curriculum-New.pdf,doc-4d373684ce4879ed066003f5,51,doc-4d373684ce4879ed066003f5-p000051-b0002-c0001,20.0,,,,CSE 101 Introduction to Computer Science & Programming Methodology 3.00 Nil,"[""course_code"", ""course_title"", ""credits"", ""prerequisite""]"
step9-development-final-20260929T185115270858Z-84c03a,Q081:bangla,bangla,3,curricula_BSc-Curriculum-New.pdf,curricula_BSc-Curriculum-New.pdf,doc-4d373684ce4879ed066003f5,60,doc-4d373684ce4879ed066003f5-p000060-b0002-c0002,20.0,,,,"Course Code: CSE 101
Course Title: Introduction to Computer Science & Programming
Credits: 3.00
Prerequisite: None
series, co-ordinate geometry, design pattern using loop. Debugging: debug a sample program using compiler. Function: argument and parameter of a function, return types, inline declaration, forward declaration of a function. Macro: types of macro, sample macro program, macro as preprocessor, difference between macro and function, advantages and disadvantages of macro. Bitwise operator: introduction to bitwise operators, their functionality and truth table of basic and, or, xor, nor algebraic functions . Arrays: introduction to array, declaration and definition of an array, types of array, multidimensional array, size calculation of di fferent types of array, scanning array, programs using array, matrix multiplication using array, insertion, deletion, replacement, search from an array, advantages of array over variable. Scientific calculator using C program. References: 1. Teach yourself C by Herbert Schildt. Publisher: Osborne McGraw-Hill 2. C programming Language by Brian W. Kernighan, Dennis M. Ritchie Publisher: Prentice Hall","[""course_code"", ""course_title"", ""credits"", ""prerequisite""]"
step9-development-final-20260929T185115270858Z-84c03a,Q081:banglish,banglish,1,curricula_BSc-Curriculum-New.pdf,curricula_BSc-Curriculum-New.pdf,doc-4d373684ce4879ed066003f5,60,doc-4d373684ce4879ed066003f5-p000060-b0002-c0001,23.0,,,,"Course Code: CSE 101 Course Title: Introduction to Computer Science & Programming Methodology Credits: 3.00 Prerequisite: None Introduction to computer science, what is computer, Fundamental parts of a computer, sto rage and memory management (RAM, ROM, Hard disk) system overview of a computer, I/O devices, software and hardware, basic knowledge of computer, Files and folders, Command prompt, Microsoft office, Shortcut command keys, web ideas, Number System: Binary, Decimal, Octal, Hexadecimal number system and their conversion. Introduction to structured programming, Flowchart: what is flowchart, expressions of flowchart, importance of flow chart. Pseudo code: pseudo code and expression of pseudo code. Algorithm: Algorithm writing, relationship among algorithm, pseudo code and flow chart, code to flowchart and vice versa conversion. Introduction to C program, Skeleton of C program, Compiler: overview of compiler, importance and functionality, output standard libr ary function as printf(), input standard library function as scanf(), Data types and Variable: different data types, variable types and their sizes, conversion among them, scope: global variable, local variable, static variable, auto variable . Operators: Types of operator in C, functionality of operators, increment – decrement operators, precedence of operators. Header files, library files, object files and their importance. Conditional Operators: if-else structure, switchcase structure, selection structure, statement and expression. Control Flow: for loop structure, while loop structure, do -while structure, sum of the series, co-ordinate geometry, design pattern using loop. Debugging: debug a sample program using compiler. Function: argument and parameter of a function, return types, inline declaration, forward declaration of a function. Macro: types of macro, sample macro program, macro as preprocessor,","[""course_code"", ""course_title"", ""credits"", ""prerequisite""]"
step9-development-final-20260929T185115270858Z-84c03a,Q081:banglish,banglish,2,curricula_BSc-Curriculum-New.pdf,curricula_BSc-Curriculum-New.pdf,doc-4d373684ce4879ed066003f5,51,doc-4d373684ce4879ed066003f5-p000051-b0002-c0001,21.0,,,,CSE 101 Introduction to Computer Science & Programming Methodology 3.00 Nil,"[""course_code"", ""course_title"", ""credits"", ""prerequisite""]"
step9-development-final-20260929T185115270858Z-84c03a,Q081:banglish,banglish,3,curricula_BSc-Curriculum-New.pdf,curricula_BSc-Curriculum-New.pdf,doc-4d373684ce4879ed066003f5,60,doc-4d373684ce4879ed066003f5-p000060-b0002-c0002,21.0,,,,"Course Code: CSE 101
Course Title: Introduction to Computer Science & Programming
Credits: 3.00
Prerequisite: None
series, co-ordinate geometry, design pattern using loop. Debugging: debug a sample program using compiler. Function: argument and parameter of a function, return types, inline declaration, forward declaration of a function. Macro: types of macro, sample macro program, macro as preprocessor, difference between macro and function, advantages and disadvantages of macro. Bitwise operator: introduction to bitwise operators, their functionality and truth table of basic and, or, xor, nor algebraic functions . Arrays: introduction to array, declaration and definition of an array, types of array, multidimensional array, size calculation of di fferent types of array, scanning array, programs using array, matrix multiplication using array, insertion, deletion, replacement, search from an array, advantages of array over variable. Scientific calculator using C program. References: 1. Teach yourself C by Herbert Schildt. Publisher: Osborne McGraw-Hill 2. C programming Language by Brian W. Kernighan, Dennis M. Ritchie Publisher: Prentice Hall","[""course_code"", ""course_title"", ""credits"", ""prerequisite""]"
step9-development-final-20260929T185115270858Z-84c03a,Q082:english,english,1,curricula_BSc-Curriculum-New.pdf,curricula_BSc-Curriculum-New.pdf,doc-4d373684ce4879ed066003f5,61,doc-4d373684ce4879ed066003f5-p000061-b0004-c0001,23.0,,,,Course Code: CSE 102 Course Title: Introduction to Computer Science & Programming Methodology Lab Credits: 1.50 Prerequisite: None Objective: Laboratory works and assignments will be based on CSE-101,"[""course_code"", ""course_title"", ""credits"", ""prerequisite""]"
step9-development-final-20260929T185115270858Z-84c03a,Q082:english,english,2,curricula_BSc-Curriculum-New.pdf,curricula_BSc-Curriculum-New.pdf,doc-4d373684ce4879ed066003f5,51,doc-4d373684ce4879ed066003f5-p000051-b0003-c0001,22.0,,,,CSE 102 Introduction to Computer Sc. & Programming Methodology Lab 1.50 Nil,"[""course_code"", ""course_title"", ""credits"", ""prerequisite""]"
step9-development-final-20260929T185115270858Z-84c03a,Q082:english,english,3,curricula_BSc-Curriculum-New.pdf,curricula_BSc-Curriculum-New.pdf,doc-4d373684ce4879ed066003f5,60,doc-4d373684ce4879ed066003f5-p000060-b0002-c0001,13.0,,,,"Course Code: CSE 101 Course Title: Introduction to Computer Science & Programming Methodology Credits: 3.00 Prerequisite: None Introduction to computer science, what is computer, Fundamental parts of a computer, sto rage and memory management (RAM, ROM, Hard disk) system overview of a computer, I/O devices, software and hardware, basic knowledge of computer, Files and folders, Command prompt, Microsoft office, Shortcut command keys, web ideas, Number System: Binary, Decimal, Octal, Hexadecimal number system and their conversion. Introduction to structured programming, Flowchart: what is flowchart, expressions of flowchart, importance of flow chart. Pseudo code: pseudo code and expression of pseudo code. Algorithm: Algorithm writing, relationship among algorithm, pseudo code and flow chart, code to flowchart and vice versa conversion. Introduction to C program, Skeleton of C program, Compiler: overview of compiler, importance and functionality, output standard libr ary function as printf(), input standard library function as scanf(), Data types and Variable: different data types, variable types and their sizes, conversion among them, scope: global variable, local variable, static variable, auto variable . Operators: Types of operator in C, functionality of operators, increment – decrement operators, precedence of operators. Header files, library files, object files and their importance. Conditional Operators: if-else structure, switchcase structure, selection structure, statement and expression. Control Flow: for loop structure, while loop structure, do -while structure, sum of the series, co-ordinate geometry, design pattern using loop. Debugging: debug a sample program using compiler. Function: argument and parameter of a function, return types, inline declaration, forward declaration of a function. Macro: types of macro, sample macro program, macro as preprocessor,","[""course_code"", ""course_title"", ""credits"", ""prerequisite""]"
step9-development-final-20260929T185115270858Z-84c03a,Q082:bangla,bangla,1,curricula_BSc-Curriculum-New.pdf,curricula_BSc-Curriculum-New.pdf,doc-4d373684ce4879ed066003f5,61,doc-4d373684ce4879ed066003f5-p000061-b0004-c0001,23.0,,,,Course Code: CSE 102 Course Title: Introduction to Computer Science & Programming Methodology Lab Credits: 1.50 Prerequisite: None Objective: Laboratory works and assignments will be based on CSE-101,"[""course_code"", ""course_title"", ""credits"", ""prerequisite""]"
step9-development-final-20260929T185115270858Z-84c03a,Q082:bangla,bangla,2,curricula_BSc-Curriculum-New.pdf,curricula_BSc-Curriculum-New.pdf,doc-4d373684ce4879ed066003f5,51,doc-4d373684ce4879ed066003f5-p000051-b0003-c0001,22.0,,,,CSE 102 Introduction to Computer Sc. & Programming Methodology Lab 1.50 Nil,"[""course_code"", ""course_title"", ""credits"", ""prerequisite""]"
step9-development-final-20260929T185115270858Z-84c03a,Q082:bangla,bangla,3,curricula_BSc-Curriculum-New.pdf,curricula_BSc-Curriculum-New.pdf,doc-4d373684ce4879ed066003f5,60,doc-4d373684ce4879ed066003f5-p000060-b0002-c0001,13.0,,,,"Course Code: CSE 101 Course Title: Introduction to Computer Science & Programming Methodology Credits: 3.00 Prerequisite: None Introduction to computer science, what is computer, Fundamental parts of a computer, sto rage and memory management (RAM, ROM, Hard disk) system overview of a computer, I/O devices, software and hardware, basic knowledge of computer, Files and folders, Command prompt, Microsoft office, Shortcut command keys, web ideas, Number System: Binary, Decimal, Octal, Hexadecimal number system and their conversion. Introduction to structured programming, Flowchart: what is flowchart, expressions of flowchart, importance of flow chart. Pseudo code: pseudo code and expression of pseudo code. Algorithm: Algorithm writing, relationship among algorithm, pseudo code and flow chart, code to flowchart and vice versa conversion. Introduction to C program, Skeleton of C program, Compiler: overview of compiler, importance and functionality, output standard libr ary function as printf(), input standard library function as scanf(), Data types and Variable: different data types, variable types and their sizes, conversion among them, scope: global variable, local variable, static variable, auto variable . Operators: Types of operator in C, functionality of operators, increment – decrement operators, precedence of operators. Header files, library files, object files and their importance. Conditional Operators: if-else structure, switchcase structure, selection structure, statement and expression. Control Flow: for loop structure, while loop structure, do -while structure, sum of the series, co-ordinate geometry, design pattern using loop. Debugging: debug a sample program using compiler. Function: argument and parameter of a function, return types, inline declaration, forward declaration of a function. Macro: types of macro, sample macro program, macro as preprocessor,","[""course_code"", ""course_title"", ""credits"", ""prerequisite""]"
step9-development-final-20260929T185115270858Z-84c03a,Q082:banglish,banglish,1,curricula_BSc-Curriculum-New.pdf,curricula_BSc-Curriculum-New.pdf,doc-4d373684ce4879ed066003f5,61,doc-4d373684ce4879ed066003f5-p000061-b0004-c0001,24.0,,,,Course Code: CSE 102 Course Title: Introduction to Computer Science & Programming Methodology Lab Credits: 1.50 Prerequisite: None Objective: Laboratory works and assignments will be based on CSE-101,"[""course_code"", ""course_title"", ""credits"", ""prerequisite""]"
step9-development-final-20260929T185115270858Z-84c03a,Q082:banglish,banglish,2,curricula_BSc-Curriculum-New.pdf,curricula_BSc-Curriculum-New.pdf,doc-4d373684ce4879ed066003f5,51,doc-4d373684ce4879ed066003f5-p000051-b0003-c0001,23.0,,,,CSE 102 Introduction to Computer Sc. & Programming Methodology Lab 1.50 Nil,"[""course_code"", ""course_title"", ""credits"", ""prerequisite""]"
step9-development-final-20260929T185115270858Z-84c03a,Q082:banglish,banglish,3,curricula_BSc-Curriculum-New.pdf,curricula_BSc-Curriculum-New.pdf,doc-4d373684ce4879ed066003f5,60,doc-4d373684ce4879ed066003f5-p000060-b0002-c0001,14.0,,,,"Course Code: CSE 101 Course Title: Introduction to Computer Science & Programming Methodology Credits: 3.00 Prerequisite: None Introduction to computer science, what is computer, Fundamental parts of a computer, sto rage and memory management (RAM, ROM, Hard disk) system overview of a computer, I/O devices, software and hardware, basic knowledge of computer, Files and folders, Command prompt, Microsoft office, Shortcut command keys, web ideas, Number System: Binary, Decimal, Octal, Hexadecimal number system and their conversion. Introduction to structured programming, Flowchart: what is flowchart, expressions of flowchart, importance of flow chart. Pseudo code: pseudo code and expression of pseudo code. Algorithm: Algorithm writing, relationship among algorithm, pseudo code and flow chart, code to flowchart and vice versa conversion. Introduction to C program, Skeleton of C program, Compiler: overview of compiler, importance and functionality, output standard libr ary function as printf(), input standard library function as scanf(), Data types and Variable: different data types, variable types and their sizes, conversion among them, scope: global variable, local variable, static variable, auto variable . Operators: Types of operator in C, functionality of operators, increment – decrement operators, precedence of operators. Header files, library files, object files and their importance. Conditional Operators: if-else structure, switchcase structure, selection structure, statement and expression. Control Flow: for loop structure, while loop structure, do -while structure, sum of the series, co-ordinate geometry, design pattern using loop. Debugging: debug a sample program using compiler. Function: argument and parameter of a function, return types, inline declaration, forward declaration of a function. Macro: types of macro, sample macro program, macro as preprocessor,","[""course_code"", ""course_title"", ""credits"", ""prerequisite""]"
step9-development-final-20260929T185115270858Z-84c03a,Q083:english,english,1,curricula_BSc-Curriculum-New.pdf,curricula_BSc-Curriculum-New.pdf,doc-4d373684ce4879ed066003f5,51,doc-4d373684ce4879ed066003f5-p000051-b0004-c0001,18.0,,,,HSS 101 English I: Written and Spoken English 3.00 Nil,"[""course_code"", ""course_title"", ""credits"", ""prerequisite""]"
step9-development-final-20260929T185115270858Z-84c03a,Q083:english,english,2,curricula_BSc-Curriculum-New.pdf,curricula_BSc-Curriculum-New.pdf,doc-4d373684ce4879ed066003f5,61,doc-4d373684ce4879ed066003f5-p000061-b0005-c0001,18.0,,,,"Course Code: HSS 101 Course Title: English I: Written and Spoken English Credits: 1.50 A. Written English: Writing Mechanics & Grammar: Spelling, Capitalization, Punctuation, Vocabulary Writing skills for formal and i nformal communications: Paragraph/ Essay/ Story Writing, Opinion Writing, Letter Writing – Formal and Informal, Memo Writing, Report Writing, E-mail Writing, Web Content Writing. Editing & Proofreading: Headings, Correct use of capitals and other elements of consistency, S entence Construction, Italics and Bolding, Spacing and Layout, Common Editing and Proofreading Errors. B. Spoken English: Conversation skills: Starting a conversation, Introducing oneself and others, Responding. Speaking skills in a forma l and informal setting: Casual conversation, Discussion, Giving Opinions, Apologizing, Expressing Wishes and Regrets, Giving and seeking Permission/Advice/Suggestions. Presentation skills and Interview skills . Anchoring: Tips and tricks for anchoring in University events, Department events, Cultural events. References: 1. John & Liz Soars: New Headway Intermediate, Publisher: Oxford University Press 2. Langan J.(2005) College Writing skills with Readings, Sixth Edition, Publisher: McGraw-Hill 3. Judith R. & Wiene r, Harvey (editor) Lambert: The Advancing Writer Book Reading and Writing Essays, Publisher: HaperCollins College 4. Philip Binham: How to Say It? Publisher: Longma","[""course_code"", ""course_title"", ""credits"", ""date""]"
step9-development-final-20260929T185115270858Z-84c03a,Q083:english,english,3,curricula_BSc-Curriculum-New.pdf,curricula_BSc-Curriculum-New.pdf,doc-4d373684ce4879ed066003f5,75,doc-4d373684ce4879ed066003f5-p000075-b0002-c0001,18.0,,,,"Course Code: HSS 301 Course Title: English II : English for Communications Credits: 2.00 Prerequisite: HSS 101 Introduction: Issues of technical writing and effective oral presentation in Computer Science and Engineeri ng; Writing styles of definitions: propositions, theorems and proofs; Preparation of reports : research papers, technical papers etc. Theses and books: abstract, preface, contents, bibliography and index; Writing of book reviews and referee reports; Writing tools: LATEX; Diagram drawing software; presentation tools. Theory and Process of communication ; Barriers to Effective communication; Communication skills: Reading, Writing, Listening, and Speaking skills; Written communication : The writing process, writing formal letter, resume/CV, memos and formal reports etc. Tender writing, Job Vacancy Announcement, Auction Announcement. Oral communication: Use of visual aids in communication; Communicating in today‘s workplace: Professionalism, Teamwork, speaking skill. Effective Business Meeting; Internal Communication. Oral reports /reporting work place data, Presentation skills, interviews, and communication over telephone etc. Reading: Reading for main ideas, using contexts for vocabulary, scanning for details, making inferences, reading reports and various articles, papers, etc. Recommended Texts: 1. Writing and presenting reports, Author: Eunson B, John Wiley 2. Writing Tools: 50 Essential Strategies for Every, Author: Roy Peter Clark 3. How to Write Technical Rep orts: Understandable Structure, Good Design, Convincing Presentation, Author: Lutz Hering, Heike Hering 4. LaTeX: A Document Preparation System, Author: Leslie Lamport 5. Basic Business Communication (7 th edition), by Rayomond V. Lesikar, John D. Petit, Marie E. Flatley 6. Effective Business Communications, by Murphy, Herta A, Hildebrandt, Herbert W, and Thomas, Jane P. 7. The Business Communication handbook Author: Dwyer J,","[""course_code"", ""course_title"", ""credits"", ""prerequisite""]"
step9-development-final-20260929T185115270858Z-84c03a,Q083:bangla,bangla,1,curricula_BSc-Curriculum-New.pdf,curricula_BSc-Curriculum-New.pdf,doc-4d373684ce4879ed066003f5,51,doc-4d373684ce4879ed066003f5-p000051-b0004-c0001,18.0,,,,HSS 101 English I: Written and Spoken English 3.00 Nil,"[""course_code"", ""course_title"", ""credits"", ""prerequisite""]"
step9-development-final-20260929T185115270858Z-84c03a,Q083:bangla,bangla,2,curricula_BSc-Curriculum-New.pdf,curricula_BSc-Curriculum-New.pdf,doc-4d373684ce4879ed066003f5,61,doc-4d373684ce4879ed066003f5-p000061-b0005-c0001,18.0,,,,"Course Code: HSS 101 Course Title: English I: Written and Spoken English Credits: 1.50 A. Written English: Writing Mechanics & Grammar: Spelling, Capitalization, Punctuation, Vocabulary Writing skills for formal and i nformal communications: Paragraph/ Essay/ Story Writing, Opinion Writing, Letter Writing – Formal and Informal, Memo Writing, Report Writing, E-mail Writing, Web Content Writing. Editing & Proofreading: Headings, Correct use of capitals and other elements of consistency, S entence Construction, Italics and Bolding, Spacing and Layout, Common Editing and Proofreading Errors. B. Spoken English: Conversation skills: Starting a conversation, Introducing oneself and others, Responding. Speaking skills in a forma l and informal setting: Casual conversation, Discussion, Giving Opinions, Apologizing, Expressing Wishes and Regrets, Giving and seeking Permission/Advice/Suggestions. Presentation skills and Interview skills . Anchoring: Tips and tricks for anchoring in University events, Department events, Cultural events. References: 1. John & Liz Soars: New Headway Intermediate, Publisher: Oxford University Press 2. Langan J.(2005) College Writing skills with Readings, Sixth Edition, Publisher: McGraw-Hill 3. Judith R. & Wiene r, Harvey (editor) Lambert: The Advancing Writer Book Reading and Writing Essays, Publisher: HaperCollins College 4. Philip Binham: How to Say It? Publisher: Longma","[""course_code"", ""course_title"", ""credits"", ""date""]"
step9-development-final-20260929T185115270858Z-84c03a,Q083:bangla,bangla,3,curricula_BSc-Curriculum-New.pdf,curricula_BSc-Curriculum-New.pdf,doc-4d373684ce4879ed066003f5,75,doc-4d373684ce4879ed066003f5-p000075-b0002-c0001,18.0,,,,"Course Code: HSS 301 Course Title: English II : English for Communications Credits: 2.00 Prerequisite: HSS 101 Introduction: Issues of technical writing and effective oral presentation in Computer Science and Engineeri ng; Writing styles of definitions: propositions, theorems and proofs; Preparation of reports : research papers, technical papers etc. Theses and books: abstract, preface, contents, bibliography and index; Writing of book reviews and referee reports; Writing tools: LATEX; Diagram drawing software; presentation tools. Theory and Process of communication ; Barriers to Effective communication; Communication skills: Reading, Writing, Listening, and Speaking skills; Written communication : The writing process, writing formal letter, resume/CV, memos and formal reports etc. Tender writing, Job Vacancy Announcement, Auction Announcement. Oral communication: Use of visual aids in communication; Communicating in today‘s workplace: Professionalism, Teamwork, speaking skill. Effective Business Meeting; Internal Communication. Oral reports /reporting work place data, Presentation skills, interviews, and communication over telephone etc. Reading: Reading for main ideas, using contexts for vocabulary, scanning for details, making inferences, reading reports and various articles, papers, etc. Recommended Texts: 1. Writing and presenting reports, Author: Eunson B, John Wiley 2. Writing Tools: 50 Essential Strategies for Every, Author: Roy Peter Clark 3. How to Write Technical Rep orts: Understandable Structure, Good Design, Convincing Presentation, Author: Lutz Hering, Heike Hering 4. LaTeX: A Document Preparation System, Author: Leslie Lamport 5. Basic Business Communication (7 th edition), by Rayomond V. Lesikar, John D. Petit, Marie E. Flatley 6. Effective Business Communications, by Murphy, Herta A, Hildebrandt, Herbert W, and Thomas, Jane P. 7. The Business Communication handbook Author: Dwyer J,","[""course_code"", ""course_title"", ""credits"", ""prerequisite""]"
step9-development-final-20260929T185115270858Z-84c03a,Q083:banglish,banglish,1,curricula_BSc-Curriculum-New.pdf,curricula_BSc-Curriculum-New.pdf,doc-4d373684ce4879ed066003f5,61,doc-4d373684ce4879ed066003f5-p000061-b0005-c0001,20.0,,,,"Course Code: HSS 101 Course Title: English I: Written and Spoken English Credits: 1.50 A. Written English: Writing Mechanics & Grammar: Spelling, Capitalization, Punctuation, Vocabulary Writing skills for formal and i nformal communications: Paragraph/ Essay/ Story Writing, Opinion Writing, Letter Writing – Formal and Informal, Memo Writing, Report Writing, E-mail Writing, Web Content Writing. Editing & Proofreading: Headings, Correct use of capitals and other elements of consistency, S entence Construction, Italics and Bolding, Spacing and Layout, Common Editing and Proofreading Errors. B. Spoken English: Conversation skills: Starting a conversation, Introducing oneself and others, Responding. Speaking skills in a forma l and informal setting: Casual conversation, Discussion, Giving Opinions, Apologizing, Expressing Wishes and Regrets, Giving and seeking Permission/Advice/Suggestions. Presentation skills and Interview skills . Anchoring: Tips and tricks for anchoring in University events, Department events, Cultural events. References: 1. John & Liz Soars: New Headway Intermediate, Publisher: Oxford University Press 2. Langan J.(2005) College Writing skills with Readings, Sixth Edition, Publisher: McGraw-Hill 3. Judith R. & Wiene r, Harvey (editor) Lambert: The Advancing Writer Book Reading and Writing Essays, Publisher: HaperCollins College 4. Philip Binham: How to Say It? Publisher: Longma","[""course_code"", ""course_title"", ""credits"", ""date""]"
step9-development-final-20260929T185115270858Z-84c03a,Q083:banglish,banglish,2,curricula_BSc-Curriculum-New.pdf,curricula_BSc-Curriculum-New.pdf,doc-4d373684ce4879ed066003f5,75,doc-4d373684ce4879ed066003f5-p000075-b0002-c0001,20.0,,,,"Course Code: HSS 301 Course Title: English II : English for Communications Credits: 2.00 Prerequisite: HSS 101 Introduction: Issues of technical writing and effective oral presentation in Computer Science and Engineeri ng; Writing styles of definitions: propositions, theorems and proofs; Preparation of reports : research papers, technical papers etc. Theses and books: abstract, preface, contents, bibliography and index; Writing of book reviews and referee reports; Writing tools: LATEX; Diagram drawing software; presentation tools. Theory and Process of communication ; Barriers to Effective communication; Communication skills: Reading, Writing, Listening, and Speaking skills; Written communication : The writing process, writing formal letter, resume/CV, memos and formal reports etc. Tender writing, Job Vacancy Announcement, Auction Announcement. Oral communication: Use of visual aids in communication; Communicating in today‘s workplace: Professionalism, Teamwork, speaking skill. Effective Business Meeting; Internal Communication. Oral reports /reporting work place data, Presentation skills, interviews, and communication over telephone etc. Reading: Reading for main ideas, using contexts for vocabulary, scanning for details, making inferences, reading reports and various articles, papers, etc. Recommended Texts: 1. Writing and presenting reports, Author: Eunson B, John Wiley 2. Writing Tools: 50 Essential Strategies for Every, Author: Roy Peter Clark 3. How to Write Technical Rep orts: Understandable Structure, Good Design, Convincing Presentation, Author: Lutz Hering, Heike Hering 4. LaTeX: A Document Preparation System, Author: Leslie Lamport 5. Basic Business Communication (7 th edition), by Rayomond V. Lesikar, John D. Petit, Marie E. Flatley 6. Effective Business Communications, by Murphy, Herta A, Hildebrandt, Herbert W, and Thomas, Jane P. 7. The Business Communication handbook Author: Dwyer J,","[""course_code"", ""course_title"", ""credits"", ""prerequisite""]"
step9-development-final-20260929T185115270858Z-84c03a,Q083:banglish,banglish,3,curricula_BSc-Curriculum-New.pdf,curricula_BSc-Curriculum-New.pdf,doc-4d373684ce4879ed066003f5,51,doc-4d373684ce4879ed066003f5-p000051-b0004-c0001,18.0,,,,HSS 101 English I: Written and Spoken English 3.00 Nil,"[""course_code"", ""course_title"", ""credits"", ""prerequisite""]"
step9-development-final-20260929T185115270858Z-84c03a,Q084:english,english,1,curricula_BSc-Curriculum-New.pdf,curricula_BSc-Curriculum-New.pdf,doc-4d373684ce4879ed066003f5,51,doc-4d373684ce4879ed066003f5-p000051-b0005-c0001,18.0,,,,HSS 111(A) Bangladesh Studies: Society and Culture 2.00 Nil,"[""course_code"", ""course_title"", ""credits"", ""prerequisite""]"
step9-development-final-20260929T185115270858Z-84c03a,Q084:english,english,2,curricula_BSc-Curriculum-New.pdf,curricula_BSc-Curriculum-New.pdf,doc-4d373684ce4879ed066003f5,61,doc-4d373684ce4879ed066003f5-p000061-b0006-c0001,12.0,,,,"Course Code: HSS 111 A & B Course Title: Bangladesh Studies Credits: 4.00 HSS 111 A : Society and Culture: The Sociological Perspective: Definition, nature. Sociology as a scientific discipline, relation with other social sciences. Primary Concepts: Society, Community, Association, Institution, Group, Culture, Norms & Values. Social Structure an d Process: Social Stratification Social classes, Caste system, Social Mobility. Social Institutions: Family, Marriage, Economic Institutions – Property, Ownership; Political Institutions – Forms of State and Forms of Government; Local Government; Religious and Cultural Institutions. Culture, Cultural diffusion and change, Bengali culture.","[""course_code"", ""course_title"", ""credits""]"
step9-development-final-20260929T185115270858Z-84c03a,Q084:english,english,3,curricula_BSc-Curriculum-New.pdf,curricula_BSc-Curriculum-New.pdf,doc-4d373684ce4879ed066003f5,51,doc-4d373684ce4879ed066003f5-p000051-b0006-c0001,8.0,,,,HSS 111(B) Bangladesh Studies: Bangladesh History 2.00 Nil,"[""course_code"", ""course_title"", ""credits"", ""prerequisite""]"
step9-development-final-20260929T185115270858Z-84c03a,Q084:bangla,bangla,1,curricula_BSc-Curriculum-New.pdf,curricula_BSc-Curriculum-New.pdf,doc-4d373684ce4879ed066003f5,51,doc-4d373684ce4879ed066003f5-p000051-b0005-c0001,18.0,,,,HSS 111(A) Bangladesh Studies: Society and Culture 2.00 Nil,"[""course_code"", ""course_title"", ""credits"", ""prerequisite""]"
step9-development-final-20260929T185115270858Z-84c03a,Q084:bangla,bangla,2,curricula_BSc-Curriculum-New.pdf,curricula_BSc-Curriculum-New.pdf,doc-4d373684ce4879ed066003f5,61,doc-4d373684ce4879ed066003f5-p000061-b0006-c0001,12.0,,,,"Course Code: HSS 111 A & B Course Title: Bangladesh Studies Credits: 4.00 HSS 111 A : Society and Culture: The Sociological Perspective: Definition, nature. Sociology as a scientific discipline, relation with other social sciences. Primary Concepts: Society, Community, Association, Institution, Group, Culture, Norms & Values. Social Structure an d Process: Social Stratification Social classes, Caste system, Social Mobility. Social Institutions: Family, Marriage, Economic Institutions – Property, Ownership; Political Institutions – Forms of State and Forms of Government; Local Government; Religious and Cultural Institutions. Culture, Cultural diffusion and change, Bengali culture.","[""course_code"", ""course_title"", ""credits""]"
step9-development-final-20260929T185115270858Z-84c03a,Q084:bangla,bangla,3,curricula_BSc-Curriculum-New.pdf,curricula_BSc-Curriculum-New.pdf,doc-4d373684ce4879ed066003f5,51,doc-4d373684ce4879ed066003f5-p000051-b0006-c0001,8.0,,,,HSS 111(B) Bangladesh Studies: Bangladesh History 2.00 Nil,"[""course_code"", ""course_title"", ""credits"", ""prerequisite""]"
step9-development-final-20260929T185115270858Z-84c03a,Q084:banglish,banglish,1,curricula_BSc-Curriculum-New.pdf,curricula_BSc-Curriculum-New.pdf,doc-4d373684ce4879ed066003f5,51,doc-4d373684ce4879ed066003f5-p000051-b0005-c0001,18.0,,,,HSS 111(A) Bangladesh Studies: Society and Culture 2.00 Nil,"[""course_code"", ""course_title"", ""credits"", ""prerequisite""]"
step9-development-final-20260929T185115270858Z-84c03a,Q084:banglish,banglish,2,curricula_BSc-Curriculum-New.pdf,curricula_BSc-Curriculum-New.pdf,doc-4d373684ce4879ed066003f5,61,doc-4d373684ce4879ed066003f5-p000061-b0006-c0001,13.0,,,,"Course Code: HSS 111 A & B Course Title: Bangladesh Studies Credits: 4.00 HSS 111 A : Society and Culture: The Sociological Perspective: Definition, nature. Sociology as a scientific discipline, relation with other social sciences. Primary Concepts: Society, Community, Association, Institution, Group, Culture, Norms & Values. Social Structure an d Process: Social Stratification Social classes, Caste system, Social Mobility. Social Institutions: Family, Marriage, Economic Institutions – Property, Ownership; Political Institutions – Forms of State and Forms of Government; Local Government; Religious and Cultural Institutions. Culture, Cultural diffusion and change, Bengali culture.","[""course_code"", ""course_title"", ""credits""]"
step9-development-final-20260929T185115270858Z-84c03a,Q084:banglish,banglish,3,curricula_BSc-Curriculum-New.pdf,curricula_BSc-Curriculum-New.pdf,doc-4d373684ce4879ed066003f5,62,doc-4d373684ce4879ed066003f5-p000062-b0001-c0001,10.0,,,,"Problems of Society, Social Problems of Bangladesh. Social Change, Theories of Social Change, Social Change in Bangladesh. Urbanization process and its impact on Bangladesh society. HSS 111 B: History of Bengal: The land: Geographical factors, the people. Historical perspectives: Ancient Bengal: Sasanka -Rise of the Palas – the Senas. Early Medieval Bengal: Coming of the Muslims. The Independent Sultanate of Bengal: Ily as Shahi and Hossein Shahi Bengal. Development of Bengali language and Bengali literature. Late Medieval Bengal: the establishment of Mughal rule in Bengal – the Bara Bhuiyans: Subedars and Nawabs. Coming of the Europeans. New approach in Bengal architectu re. Beginning of British rule in Bengal: Battles of Palassey and Buxar. Diwani (1765). The Dual government. Permanent Settlement (1793). Nineteenth century Bengali Renaissance: areas of social and religious reforms – Raja Rammohan Roy, Ishawar Chandra Vid yasagar, Titu Meer. Partition of Bengal (1905). Its annulments(1911). Partition of Bengal (1947). Language Movement (1952). Movement for autonomy; 6-point and 11 point programs. The 1970 election-military action, genocide in the then East Pakistan. The Lib eration War: The emergence of Bangladesh as a sovereign independent state in 1971.","[""course_code"", ""date"", ""policy""]"
step9-development-final-20260929T185115270858Z-84c03a,Q085:english,english,1,curricula_BSc-Curriculum-New.pdf,curricula_BSc-Curriculum-New.pdf,doc-4d373684ce4879ed066003f5,51,doc-4d373684ce4879ed066003f5-p000051-b0006-c0001,18.0,,,,HSS 111(B) Bangladesh Studies: Bangladesh History 2.00 Nil,"[""course_code"", ""course_title"", ""credits"", ""prerequisite""]"
step9-development-final-20260929T185115270858Z-84c03a,Q085:english,english,2,curricula_BSc-Curriculum-New.pdf,curricula_BSc-Curriculum-New.pdf,doc-4d373684ce4879ed066003f5,51,doc-4d373684ce4879ed066003f5-p000051-b0005-c0001,10.0,,,,HSS 111(A) Bangladesh Studies: Society and Culture 2.00 Nil,"[""course_code"", ""course_title"", ""credits"", ""prerequisite""]"
step9-development-final-20260929T185115270858Z-84c03a,Q085:english,english,3,curricula_BSc-Curriculum-New.pdf,curricula_BSc-Curriculum-New.pdf,doc-4d373684ce4879ed066003f5,61,doc-4d373684ce4879ed066003f5-p000061-b0006-c0001,10.0,,,,"Course Code: HSS 111 A & B Course Title: Bangladesh Studies Credits: 4.00 HSS 111 A : Society and Culture: The Sociological Perspective: Definition, nature. Sociology as a scientific discipline, relation with other social sciences. Primary Concepts: Society, Community, Association, Institution, Group, Culture, Norms & Values. Social Structure an d Process: Social Stratification Social classes, Caste system, Social Mobility. Social Institutions: Family, Marriage, Economic Institutions – Property, Ownership; Political Institutions – Forms of State and Forms of Government; Local Government; Religious and Cultural Institutions. Culture, Cultural diffusion and change, Bengali culture.","[""course_code"", ""course_title"", ""credits""]"
step9-development-final-20260929T185115270858Z-84c03a,Q085:bangla,bangla,1,curricula_BSc-Curriculum-New.pdf,curricula_BSc-Curriculum-New.pdf,doc-4d373684ce4879ed066003f5,51,doc-4d373684ce4879ed066003f5-p000051-b0006-c0001,18.0,,,,HSS 111(B) Bangladesh Studies: Bangladesh History 2.00 Nil,"[""course_code"", ""course_title"", ""credits"", ""prerequisite""]"
step9-development-final-20260929T185115270858Z-84c03a,Q085:bangla,bangla,2,curricula_BSc-Curriculum-New.pdf,curricula_BSc-Curriculum-New.pdf,doc-4d373684ce4879ed066003f5,51,doc-4d373684ce4879ed066003f5-p000051-b0005-c0001,10.0,,,,HSS 111(A) Bangladesh Studies: Society and Culture 2.00 Nil,"[""course_code"", ""course_title"", ""credits"", ""prerequisite""]"
step9-development-final-20260929T185115270858Z-84c03a,Q085:bangla,bangla,3,curricula_BSc-Curriculum-New.pdf,curricula_BSc-Curriculum-New.pdf,doc-4d373684ce4879ed066003f5,61,doc-4d373684ce4879ed066003f5-p000061-b0006-c0001,10.0,,,,"Course Code: HSS 111 A & B Course Title: Bangladesh Studies Credits: 4.00 HSS 111 A : Society and Culture: The Sociological Perspective: Definition, nature. Sociology as a scientific discipline, relation with other social sciences. Primary Concepts: Society, Community, Association, Institution, Group, Culture, Norms & Values. Social Structure an d Process: Social Stratification Social classes, Caste system, Social Mobility. Social Institutions: Family, Marriage, Economic Institutions – Property, Ownership; Political Institutions – Forms of State and Forms of Government; Local Government; Religious and Cultural Institutions. Culture, Cultural diffusion and change, Bengali culture.","[""course_code"", ""course_title"", ""credits""]"
step9-development-final-20260929T185115270858Z-84c03a,Q085:banglish,banglish,1,curricula_BSc-Curriculum-New.pdf,curricula_BSc-Curriculum-New.pdf,doc-4d373684ce4879ed066003f5,51,doc-4d373684ce4879ed066003f5-p000051-b0006-c0001,18.0,,,,HSS 111(B) Bangladesh Studies: Bangladesh History 2.00 Nil,"[""course_code"", ""course_title"", ""credits"", ""prerequisite""]"
step9-development-final-20260929T185115270858Z-84c03a,Q085:banglish,banglish,2,curricula_BSc-Curriculum-New.pdf,curricula_BSc-Curriculum-New.pdf,doc-4d373684ce4879ed066003f5,62,doc-4d373684ce4879ed066003f5-p000062-b0001-c0001,12.0,,,,"Problems of Society, Social Problems of Bangladesh. Social Change, Theories of Social Change, Social Change in Bangladesh. Urbanization process and its impact on Bangladesh society. HSS 111 B: History of Bengal: The land: Geographical factors, the people. Historical perspectives: Ancient Bengal: Sasanka -Rise of the Palas – the Senas. Early Medieval Bengal: Coming of the Muslims. The Independent Sultanate of Bengal: Ily as Shahi and Hossein Shahi Bengal. Development of Bengali language and Bengali literature. Late Medieval Bengal: the establishment of Mughal rule in Bengal – the Bara Bhuiyans: Subedars and Nawabs. Coming of the Europeans. New approach in Bengal architectu re. Beginning of British rule in Bengal: Battles of Palassey and Buxar. Diwani (1765). The Dual government. Permanent Settlement (1793). Nineteenth century Bengali Renaissance: areas of social and religious reforms – Raja Rammohan Roy, Ishawar Chandra Vid yasagar, Titu Meer. Partition of Bengal (1905). Its annulments(1911). Partition of Bengal (1947). Language Movement (1952). Movement for autonomy; 6-point and 11 point programs. The 1970 election-military action, genocide in the then East Pakistan. The Lib eration War: The emergence of Bangladesh as a sovereign independent state in 1971.","[""course_code"", ""date"", ""policy""]"
step9-development-final-20260929T185115270858Z-84c03a,Q085:banglish,banglish,3,curricula_BSc-Curriculum-New.pdf,curricula_BSc-Curriculum-New.pdf,doc-4d373684ce4879ed066003f5,61,doc-4d373684ce4879ed066003f5-p000061-b0006-c0001,11.0,,,,"Course Code: HSS 111 A & B Course Title: Bangladesh Studies Credits: 4.00 HSS 111 A : Society and Culture: The Sociological Perspective: Definition, nature. Sociology as a scientific discipline, relation with other social sciences. Primary Concepts: Society, Community, Association, Institution, Group, Culture, Norms & Values. Social Structure an d Process: Social Stratification Social classes, Caste system, Social Mobility. Social Institutions: Family, Marriage, Economic Institutions – Property, Ownership; Political Institutions – Forms of State and Forms of Government; Local Government; Religious and Cultural Institutions. Culture, Cultural diffusion and change, Bengali culture.","[""course_code"", ""course_title"", ""credits""]"
step9-development-final-20260929T185115270858Z-84c03a,Q086:english,english,1,curricula_BSc-Curriculum-New.pdf,curricula_BSc-Curriculum-New.pdf,doc-4d373684ce4879ed066003f5,62,doc-4d373684ce4879ed066003f5-p000062-b0007-c0001,14.0,,,,"Course Code: PHY 101 Course Title: Physics Credits: 3.00 Prerequisite: None Heat and Thermodynamics: Principle of temperature measurements: platinum resistance thermometer, thermo -electric thermometer, pyrometer; Kinetic theory of gases: Maxwell's distribution of molecular speeds, mean free path, equipartition of energy, Brownian motion, Van der Waal's equation of state, review of the First Law of thermodynamics and its application, reversible and irreversible processes, Second Law of thermodynamics, Carnot cycle; Efficiency of heat engines, Carnot's Theorem, entropy and disorder, thermodynamic functions, Maxw ell relations, Clausius -Clapeyron Equation, Gibbs Phase Rule, Third Law of thermodynamics. Structure of Matter: Crystalline and non -crystalline solids, single crystal and polycrystal solids, unit cell, crystal systems, coordinations number, crystal planes and directions, sodium chloride and CsCl structure, packing factor, Miller indices, relation between interplanar spacing and Miller indices, Bragg's Law, methods of determination of interplanar spacing from diffraction patterns; Defects in solids: point defects, line defects; Bonds in solids, inter -atomic distances, calculation of cohesive and bonding energy; Introduction to band theory: distinction","[""course_code"", ""course_title"", ""credits"", ""prerequisite"", ""policy""]"
step9-development-final-20260929T185115270858Z-84c03a,Q086:english,english,2,curricula_BSc-Curriculum-New.pdf,curricula_BSc-Curriculum-New.pdf,doc-4d373684ce4879ed066003f5,51,doc-4d373684ce4879ed066003f5-p000051-b0007-c0001,12.0,,,,PHY 101 Physics 3.00 Nil,"[""course_code"", ""course_title"", ""credits"", ""prerequisite""]"
step9-development-final-20260929T185115270858Z-84c03a,Q086:english,english,3,curricula_BSc-Curriculum-New.pdf,curricula_BSc-Curriculum-New.pdf,doc-4d373684ce4879ed066003f5,78,doc-4d373684ce4879ed066003f5-p000078-b0006-c0001,12.0,,,,"Course Code: CSE 303 Course Title: Data Communications Credits: 3.00 Prerequisite: ECE 201, PHY 101, MTH 205 Introduction to data communication model, Data communication task, Data communication standards and organization, protocol architecture, TCP/IP model and OSI model : data representation, signal encoding and signal analysis; Data Transmission Channel: channel capacity, transmission line characteristics, Baseband and Broadband transmission; Guided and unguided transmission media; Transmission networks; Transmission modulation techniques, modems and interfaces; Multiplexing techniques; Introduction to error handling and switching techniques. Introduction to modulation techniques: pulse modulation, pulse amplitude modulation, pulse width modulat ion and pulse position modulation; pulse code modulation: quantization, delta modulation; TDM, FDM, OOK, FSK, PSK, QPSK; representation of noise, threshold effects in PCM and FM; asynchronous and synchronous communications; Data link control: Line configurations, flow control and error control techniques - sliding window, stop and wait ARQ, selective reject ARQ and HDLC protocol. Reference Books: 1. Behrouz A. Forouzan, Data Communications and Networking, 4 th Edition. McGraw-Hill. 2. William Stallings, Data and C omputer Communications, Published by Pearson, 8th Edition","[""course_code"", ""course_title"", ""credits"", ""prerequisite""]"
step9-development-final-20260929T185115270858Z-84c03a,Q086:bangla,bangla,1,curricula_BSc-Curriculum-New.pdf,curricula_BSc-Curriculum-New.pdf,doc-4d373684ce4879ed066003f5,62,doc-4d373684ce4879ed066003f5-p000062-b0007-c0001,14.0,,,,"Course Code: PHY 101 Course Title: Physics Credits: 3.00 Prerequisite: None Heat and Thermodynamics: Principle of temperature measurements: platinum resistance thermometer, thermo -electric thermometer, pyrometer; Kinetic theory of gases: Maxwell's distribution of molecular speeds, mean free path, equipartition of energy, Brownian motion, Van der Waal's equation of state, review of the First Law of thermodynamics and its application, reversible and irreversible processes, Second Law of thermodynamics, Carnot cycle; Efficiency of heat engines, Carnot's Theorem, entropy and disorder, thermodynamic functions, Maxw ell relations, Clausius -Clapeyron Equation, Gibbs Phase Rule, Third Law of thermodynamics. Structure of Matter: Crystalline and non -crystalline solids, single crystal and polycrystal solids, unit cell, crystal systems, coordinations number, crystal planes and directions, sodium chloride and CsCl structure, packing factor, Miller indices, relation between interplanar spacing and Miller indices, Bragg's Law, methods of determination of interplanar spacing from diffraction patterns; Defects in solids: point defects, line defects; Bonds in solids, inter -atomic distances, calculation of cohesive and bonding energy; Introduction to band theory: distinction","[""course_code"", ""course_title"", ""credits"", ""prerequisite"", ""policy""]"
step9-development-final-20260929T185115270858Z-84c03a,Q086:bangla,bangla,2,curricula_BSc-Curriculum-New.pdf,curricula_BSc-Curriculum-New.pdf,doc-4d373684ce4879ed066003f5,51,doc-4d373684ce4879ed066003f5-p000051-b0007-c0001,12.0,,,,PHY 101 Physics 3.00 Nil,"[""course_code"", ""course_title"", ""credits"", ""prerequisite""]"
step9-development-final-20260929T185115270858Z-84c03a,Q086:bangla,bangla,3,curricula_BSc-Curriculum-New.pdf,curricula_BSc-Curriculum-New.pdf,doc-4d373684ce4879ed066003f5,78,doc-4d373684ce4879ed066003f5-p000078-b0006-c0001,12.0,,,,"Course Code: CSE 303 Course Title: Data Communications Credits: 3.00 Prerequisite: ECE 201, PHY 101, MTH 205 Introduction to data communication model, Data communication task, Data communication standards and organization, protocol architecture, TCP/IP model and OSI model : data representation, signal encoding and signal analysis; Data Transmission Channel: channel capacity, transmission line characteristics, Baseband and Broadband transmission; Guided and unguided transmission media; Transmission networks; Transmission modulation techniques, modems and interfaces; Multiplexing techniques; Introduction to error handling and switching techniques. Introduction to modulation techniques: pulse modulation, pulse amplitude modulation, pulse width modulat ion and pulse position modulation; pulse code modulation: quantization, delta modulation; TDM, FDM, OOK, FSK, PSK, QPSK; representation of noise, threshold effects in PCM and FM; asynchronous and synchronous communications; Data link control: Line configurations, flow control and error control techniques - sliding window, stop and wait ARQ, selective reject ARQ and HDLC protocol. Reference Books: 1. Behrouz A. Forouzan, Data Communications and Networking, 4 th Edition. McGraw-Hill. 2. William Stallings, Data and C omputer Communications, Published by Pearson, 8th Edition","[""course_code"", ""course_title"", ""credits"", ""prerequisite""]"
step9-development-final-20260929T185115270858Z-84c03a,Q086:banglish,banglish,1,curricula_BSc-Curriculum-New.pdf,curricula_BSc-Curriculum-New.pdf,doc-4d373684ce4879ed066003f5,62,doc-4d373684ce4879ed066003f5-p000062-b0007-c0001,16.0,,,,"Course Code: PHY 101 Course Title: Physics Credits: 3.00 Prerequisite: None Heat and Thermodynamics: Principle of temperature measurements: platinum resistance thermometer, thermo -electric thermometer, pyrometer; Kinetic theory of gases: Maxwell's distribution of molecular speeds, mean free path, equipartition of energy, Brownian motion, Van der Waal's equation of state, review of the First Law of thermodynamics and its application, reversible and irreversible processes, Second Law of thermodynamics, Carnot cycle; Efficiency of heat engines, Carnot's Theorem, entropy and disorder, thermodynamic functions, Maxw ell relations, Clausius -Clapeyron Equation, Gibbs Phase Rule, Third Law of thermodynamics. Structure of Matter: Crystalline and non -crystalline solids, single crystal and polycrystal solids, unit cell, crystal systems, coordinations number, crystal planes and directions, sodium chloride and CsCl structure, packing factor, Miller indices, relation between interplanar spacing and Miller indices, Bragg's Law, methods of determination of interplanar spacing from diffraction patterns; Defects in solids: point defects, line defects; Bonds in solids, inter -atomic distances, calculation of cohesive and bonding energy; Introduction to band theory: distinction","[""course_code"", ""course_title"", ""credits"", ""prerequisite"", ""policy""]"
step9-development-final-20260929T185115270858Z-84c03a,Q086:banglish,banglish,2,curricula_BSc-Curriculum-New.pdf,curricula_BSc-Curriculum-New.pdf,doc-4d373684ce4879ed066003f5,78,doc-4d373684ce4879ed066003f5-p000078-b0006-c0001,14.0,,,,"Course Code: CSE 303 Course Title: Data Communications Credits: 3.00 Prerequisite: ECE 201, PHY 101, MTH 205 Introduction to data communication model, Data communication task, Data communication standards and organization, protocol architecture, TCP/IP model and OSI model : data representation, signal encoding and signal analysis; Data Transmission Channel: channel capacity, transmission line characteristics, Baseband and Broadband transmission; Guided and unguided transmission media; Transmission networks; Transmission modulation techniques, modems and interfaces; Multiplexing techniques; Introduction to error handling and switching techniques. Introduction to modulation techniques: pulse modulation, pulse amplitude modulation, pulse width modulat ion and pulse position modulation; pulse code modulation: quantization, delta modulation; TDM, FDM, OOK, FSK, PSK, QPSK; representation of noise, threshold effects in PCM and FM; asynchronous and synchronous communications; Data link control: Line configurations, flow control and error control techniques - sliding window, stop and wait ARQ, selective reject ARQ and HDLC protocol. Reference Books: 1. Behrouz A. Forouzan, Data Communications and Networking, 4 th Edition. McGraw-Hill. 2. William Stallings, Data and C omputer Communications, Published by Pearson, 8th Edition","[""course_code"", ""course_title"", ""credits"", ""prerequisite""]"
step9-development-final-20260929T185115270858Z-84c03a,Q086:banglish,banglish,3,curricula_BSc-Curriculum-New.pdf,curricula_BSc-Curriculum-New.pdf,doc-4d373684ce4879ed066003f5,51,doc-4d373684ce4879ed066003f5-p000051-b0007-c0001,12.0,,,,PHY 101 Physics 3.00 Nil,"[""course_code"", ""course_title"", ""credits"", ""prerequisite""]"
step9-development-final-20260929T185115270858Z-84c03a,Q087:english,english,1,curricula_BSc-Curriculum-New.pdf,curricula_BSc-Curriculum-New.pdf,doc-4d373684ce4879ed066003f5,63,doc-4d373684ce4879ed066003f5-p000063-b0004-c0001,16.0,,,,"Course Code: PHY 102 Course Title: Physics Lab Credits: 1.5 Prerequisite: None Lab work based on theory, assigned by the course teacher.","[""course_code"", ""course_title"", ""credits"", ""prerequisite""]"
step9-development-final-20260929T185115270858Z-84c03a,Q087:english,english,2,curricula_BSc-Curriculum-New.pdf,curricula_BSc-Curriculum-New.pdf,doc-4d373684ce4879ed066003f5,51,doc-4d373684ce4879ed066003f5-p000051-b0008-c0001,14.0,,,,PHY 102 Physics Lab 1.50 Nil,"[""course_code"", ""course_title"", ""credits"", ""prerequisite""]"
step9-development-final-20260929T185115270858Z-84c03a,Q087:english,english,3,curricula_BSc-Curriculum-New.pdf,curricula_BSc-Curriculum-New.pdf,doc-4d373684ce4879ed066003f5,61,doc-4d373684ce4879ed066003f5-p000061-b0004-c0001,6.0,,,,Course Code: CSE 102 Course Title: Introduction to Computer Science & Programming Methodology Lab Credits: 1.50 Prerequisite: None Objective: Laboratory works and assignments will be based on CSE-101,"[""course_code"", ""course_title"", ""credits"", ""prerequisite""]"
step9-development-final-20260929T185115270858Z-84c03a,Q087:bangla,bangla,1,curricula_BSc-Curriculum-New.pdf,curricula_BSc-Curriculum-New.pdf,doc-4d373684ce4879ed066003f5,63,doc-4d373684ce4879ed066003f5-p000063-b0004-c0001,16.0,,,,"Course Code: PHY 102 Course Title: Physics Lab Credits: 1.5 Prerequisite: None Lab work based on theory, assigned by the course teacher.","[""course_code"", ""course_title"", ""credits"", ""prerequisite""]"
step9-development-final-20260929T185115270858Z-84c03a,Q087:bangla,bangla,2,curricula_BSc-Curriculum-New.pdf,curricula_BSc-Curriculum-New.pdf,doc-4d373684ce4879ed066003f5,51,doc-4d373684ce4879ed066003f5-p000051-b0008-c0001,14.0,,,,PHY 102 Physics Lab 1.50 Nil,"[""course_code"", ""course_title"", ""credits"", ""prerequisite""]"
step9-development-final-20260929T185115270858Z-84c03a,Q087:bangla,bangla,3,curricula_BSc-Curriculum-New.pdf,curricula_BSc-Curriculum-New.pdf,doc-4d373684ce4879ed066003f5,61,doc-4d373684ce4879ed066003f5-p000061-b0004-c0001,6.0,,,,Course Code: CSE 102 Course Title: Introduction to Computer Science & Programming Methodology Lab Credits: 1.50 Prerequisite: None Objective: Laboratory works and assignments will be based on CSE-101,"[""course_code"", ""course_title"", ""credits"", ""prerequisite""]"
step9-development-final-20260929T185115270858Z-84c03a,Q087:banglish,banglish,1,curricula_BSc-Curriculum-New.pdf,curricula_BSc-Curriculum-New.pdf,doc-4d373684ce4879ed066003f5,63,doc-4d373684ce4879ed066003f5-p000063-b0004-c0001,18.0,,,,"Course Code: PHY 102 Course Title: Physics Lab Credits: 1.5 Prerequisite: None Lab work based on theory, assigned by the course teacher.","[""course_code"", ""course_title"", ""credits"", ""prerequisite""]"
step9-development-final-20260929T185115270858Z-84c03a,Q087:banglish,banglish,2,curricula_BSc-Curriculum-New.pdf,curricula_BSc-Curriculum-New.pdf,doc-4d373684ce4879ed066003f5,51,doc-4d373684ce4879ed066003f5-p000051-b0008-c0001,14.0,,,,PHY 102 Physics Lab 1.50 Nil,"[""course_code"", ""course_title"", ""credits"", ""prerequisite""]"
step9-development-final-20260929T185115270858Z-84c03a,Q087:banglish,banglish,3,curricula_BSc-Curriculum-New.pdf,curricula_BSc-Curriculum-New.pdf,doc-4d373684ce4879ed066003f5,62,doc-4d373684ce4879ed066003f5-p000062-b0007-c0001,8.0,,,,"Course Code: PHY 101 Course Title: Physics Credits: 3.00 Prerequisite: None Heat and Thermodynamics: Principle of temperature measurements: platinum resistance thermometer, thermo -electric thermometer, pyrometer; Kinetic theory of gases: Maxwell's distribution of molecular speeds, mean free path, equipartition of energy, Brownian motion, Van der Waal's equation of state, review of the First Law of thermodynamics and its application, reversible and irreversible processes, Second Law of thermodynamics, Carnot cycle; Efficiency of heat engines, Carnot's Theorem, entropy and disorder, thermodynamic functions, Maxw ell relations, Clausius -Clapeyron Equation, Gibbs Phase Rule, Third Law of thermodynamics. Structure of Matter: Crystalline and non -crystalline solids, single crystal and polycrystal solids, unit cell, crystal systems, coordinations number, crystal planes and directions, sodium chloride and CsCl structure, packing factor, Miller indices, relation between interplanar spacing and Miller indices, Bragg's Law, methods of determination of interplanar spacing from diffraction patterns; Defects in solids: point defects, line defects; Bonds in solids, inter -atomic distances, calculation of cohesive and bonding energy; Introduction to band theory: distinction","[""course_code"", ""course_title"", ""credits"", ""prerequisite"", ""policy""]"
step9-development-final-20260929T185115270858Z-84c03a,Q088:english,english,1,curricula_BSc-Curriculum-New.pdf,curricula_BSc-Curriculum-New.pdf,doc-4d373684ce4879ed066003f5,63,doc-4d373684ce4879ed066003f5-p000063-b0005-c0001,21.0,,,,"Course Code: MTH 101 Course Title: Math I Credits: 3.00 Prerequisite: N/A Three dimensional geometry: Co-ordinates in three dimensions, direction cosines and direction ratios, planes, sphere, straight line and conicoids (basic definition and properties only). Concept of functions : Function, domain and range of a function, graphs of simple functions (exponential, logarithmic and trigonometric), inverse function, function of several variables. Limit and continuity for single and several variables : Existence of limits, limits at infinity, properties and computational techniques of limits, properties of continuous functions, L‘ Hospital‘s rule. Differentiation and its applications : Tangent lines and rates of change, differentiability, techniques of differentiation, successive differentiation, Leibnitz‘s theorem, Rolle‘s theorem and mean value theorem, Taylor and","[""course_code"", ""course_title"", ""credits"", ""prerequisite"", ""policy""]"
step9-development-final-20260929T185115270858Z-84c03a,Q088:english,english,2,curricula_BSc-Curriculum-New.pdf,curricula_BSc-Curriculum-New.pdf,doc-4d373684ce4879ed066003f5,51,doc-4d373684ce4879ed066003f5-p000051-b0009-c0001,18.0,,,,"MTH 101 Math I: Basic Calcu lus, Coordinate Geometry 3.00 Nil Total 19.00","[""course_code"", ""course_title"", ""credits"", ""prerequisite""]"
step9-development-final-20260929T185115270858Z-84c03a,Q088:english,english,3,curricula_BSc-Curriculum-New.pdf,curricula_BSc-Curriculum-New.pdf,doc-4d373684ce4879ed066003f5,67,doc-4d373684ce4879ed066003f5-p000067-b0009-c0001,18.0,,,,"Course Code: MTH 201 Course Title: Math III: Multivariable Calculus Credits: 3.00 Prerequisite: MTH 103, MTH 101 Vectors and the Ge ometry of Space: Cylinders and Quadric Surfaces. Vector Functions: Vector Functions and Space Curves, Derivatives and Integrals of Vector, Functions, Arc Length and Curvature, Motion in Space: Velocity and Acceleration. Partial Derivatives: Functions of Se veral Variables, Limits and Continuity, Partial Derivatives, Tangent Planes and Linear Approximations, The Chain Rule, Directional Derivatives and the Gradient Vector, Maximum and Minimum Values, Lagrange Multipliers. Multiple Integrals: Double Integrals o ver Rectangles, Iterated Integrals, Double Integrals over General Regions, Double Integrals in Polar Coordinates, Applications of Double Integrals, Surface Area, Triple Integrals, Triple Integrals in Cylindrical Coordinates, Triple Integrals in Spherical Coordinates, Change of Variables in Multiple Integrals. Vector Calculus: Vector Fields, Line Integrals, The Fundamental Theorem for Line Integrals, Green‘s Theorem, Curl and Divergence, Parametric Surfaces and Their Areas, Surface Integrals, Stokes‘ Theore m, The Divergence Theorem. Books Recommended: 1. James Stewart, Multivariable Calculus, Cengage Learning. 2. Edwards, Henry C., and David E. Penney. Multivariable Calculus, Prentice Hall.","[""course_code"", ""course_title"", ""credits"", ""prerequisite"", ""policy""]"
step9-development-final-20260929T185115270858Z-84c03a,Q088:bangla,bangla,1,curricula_BSc-Curriculum-New.pdf,curricula_BSc-Curriculum-New.pdf,doc-4d373684ce4879ed066003f5,63,doc-4d373684ce4879ed066003f5-p000063-b0005-c0001,21.0,,,,"Course Code: MTH 101 Course Title: Math I Credits: 3.00 Prerequisite: N/A Three dimensional geometry: Co-ordinates in three dimensions, direction cosines and direction ratios, planes, sphere, straight line and conicoids (basic definition and properties only). Concept of functions : Function, domain and range of a function, graphs of simple functions (exponential, logarithmic and trigonometric), inverse function, function of several variables. Limit and continuity for single and several variables : Existence of limits, limits at infinity, properties and computational techniques of limits, properties of continuous functions, L‘ Hospital‘s rule. Differentiation and its applications : Tangent lines and rates of change, differentiability, techniques of differentiation, successive differentiation, Leibnitz‘s theorem, Rolle‘s theorem and mean value theorem, Taylor and","[""course_code"", ""course_title"", ""credits"", ""prerequisite"", ""policy""]"
step9-development-final-20260929T185115270858Z-84c03a,Q088:bangla,bangla,2,curricula_BSc-Curriculum-New.pdf,curricula_BSc-Curriculum-New.pdf,doc-4d373684ce4879ed066003f5,51,doc-4d373684ce4879ed066003f5-p000051-b0009-c0001,18.0,,,,"MTH 101 Math I: Basic Calcu lus, Coordinate Geometry 3.00 Nil Total 19.00","[""course_code"", ""course_title"", ""credits"", ""prerequisite""]"
step9-development-final-20260929T185115270858Z-84c03a,Q088:bangla,bangla,3,curricula_BSc-Curriculum-New.pdf,curricula_BSc-Curriculum-New.pdf,doc-4d373684ce4879ed066003f5,67,doc-4d373684ce4879ed066003f5-p000067-b0009-c0001,18.0,,,,"Course Code: MTH 201 Course Title: Math III: Multivariable Calculus Credits: 3.00 Prerequisite: MTH 103, MTH 101 Vectors and the Ge ometry of Space: Cylinders and Quadric Surfaces. Vector Functions: Vector Functions and Space Curves, Derivatives and Integrals of Vector, Functions, Arc Length and Curvature, Motion in Space: Velocity and Acceleration. Partial Derivatives: Functions of Se veral Variables, Limits and Continuity, Partial Derivatives, Tangent Planes and Linear Approximations, The Chain Rule, Directional Derivatives and the Gradient Vector, Maximum and Minimum Values, Lagrange Multipliers. Multiple Integrals: Double Integrals o ver Rectangles, Iterated Integrals, Double Integrals over General Regions, Double Integrals in Polar Coordinates, Applications of Double Integrals, Surface Area, Triple Integrals, Triple Integrals in Cylindrical Coordinates, Triple Integrals in Spherical Coordinates, Change of Variables in Multiple Integrals. Vector Calculus: Vector Fields, Line Integrals, The Fundamental Theorem for Line Integrals, Green‘s Theorem, Curl and Divergence, Parametric Surfaces and Their Areas, Surface Integrals, Stokes‘ Theore m, The Divergence Theorem. Books Recommended: 1. James Stewart, Multivariable Calculus, Cengage Learning. 2. Edwards, Henry C., and David E. Penney. Multivariable Calculus, Prentice Hall.","[""course_code"", ""course_title"", ""credits"", ""prerequisite"", ""policy""]"
step9-development-final-20260929T185115270858Z-84c03a,Q088:banglish,banglish,1,curricula_BSc-Curriculum-New.pdf,curricula_BSc-Curriculum-New.pdf,doc-4d373684ce4879ed066003f5,63,doc-4d373684ce4879ed066003f5-p000063-b0005-c0001,22.0,,,,"Course Code: MTH 101 Course Title: Math I Credits: 3.00 Prerequisite: N/A Three dimensional geometry: Co-ordinates in three dimensions, direction cosines and direction ratios, planes, sphere, straight line and conicoids (basic definition and properties only). Concept of functions : Function, domain and range of a function, graphs of simple functions (exponential, logarithmic and trigonometric), inverse function, function of several variables. Limit and continuity for single and several variables : Existence of limits, limits at infinity, properties and computational techniques of limits, properties of continuous functions, L‘ Hospital‘s rule. Differentiation and its applications : Tangent lines and rates of change, differentiability, techniques of differentiation, successive differentiation, Leibnitz‘s theorem, Rolle‘s theorem and mean value theorem, Taylor and","[""course_code"", ""course_title"", ""credits"", ""prerequisite"", ""policy""]"
step9-development-final-20260929T185115270858Z-84c03a,Q088:banglish,banglish,2,curricula_BSc-Curriculum-New.pdf,curricula_BSc-Curriculum-New.pdf,doc-4d373684ce4879ed066003f5,67,doc-4d373684ce4879ed066003f5-p000067-b0009-c0001,19.0,,,,"Course Code: MTH 201 Course Title: Math III: Multivariable Calculus Credits: 3.00 Prerequisite: MTH 103, MTH 101 Vectors and the Ge ometry of Space: Cylinders and Quadric Surfaces. Vector Functions: Vector Functions and Space Curves, Derivatives and Integrals of Vector, Functions, Arc Length and Curvature, Motion in Space: Velocity and Acceleration. Partial Derivatives: Functions of Se veral Variables, Limits and Continuity, Partial Derivatives, Tangent Planes and Linear Approximations, The Chain Rule, Directional Derivatives and the Gradient Vector, Maximum and Minimum Values, Lagrange Multipliers. Multiple Integrals: Double Integrals o ver Rectangles, Iterated Integrals, Double Integrals over General Regions, Double Integrals in Polar Coordinates, Applications of Double Integrals, Surface Area, Triple Integrals, Triple Integrals in Cylindrical Coordinates, Triple Integrals in Spherical Coordinates, Change of Variables in Multiple Integrals. Vector Calculus: Vector Fields, Line Integrals, The Fundamental Theorem for Line Integrals, Green‘s Theorem, Curl and Divergence, Parametric Surfaces and Their Areas, Surface Integrals, Stokes‘ Theore m, The Divergence Theorem. Books Recommended: 1. James Stewart, Multivariable Calculus, Cengage Learning. 2. Edwards, Henry C., and David E. Penney. Multivariable Calculus, Prentice Hall.","[""course_code"", ""course_title"", ""credits"", ""prerequisite"", ""policy""]"
step9-development-final-20260929T185115270858Z-84c03a,Q088:banglish,banglish,3,curricula_BSc-Curriculum-New.pdf,curricula_BSc-Curriculum-New.pdf,doc-4d373684ce4879ed066003f5,51,doc-4d373684ce4879ed066003f5-p000051-b0009-c0001,18.0,,,,"MTH 101 Math I: Basic Calcu lus, Coordinate Geometry 3.00 Nil Total 19.00","[""course_code"", ""course_title"", ""credits"", ""prerequisite""]"
step9-development-final-20260929T185115270858Z-84c03a,Q089:english,english,1,curricula_BSc-Curriculum-New.pdf,curricula_BSc-Curriculum-New.pdf,doc-4d373684ce4879ed066003f5,66,doc-4d373684ce4879ed066003f5-p000066-b0001-c0001,16.0,,,,"Course Code: CSE 103 Course Title: Structured Programming Credits: 3.00 Prerequisite: CSE 101 Character Strings: Variable length character strings, String manipulat ion, Dynamic memory allocation. Recursive functions: Defining and working procedure, base condition. Structures: Concepts, Accessing members, Arrays of structures. Pointers: Fundamentals, declarations, Pointers and structures/arrays, Operations on Pointers, Pointers to function, Pointer and memory address, Arrays of Pointers. File Operations: opening and closing a file, Operation on a file, Binary I/O, Random access. Additional features: Low level programming, Bitwise operations, The preprocessor, Compiler d irectives, command line arguments. C++: Introduction to C++ and Object Oriented Programming, I/O system in C++, file system in C++, Array, Pointers, References and Dynamic memory allocation in C++. Text Books: 1. C++ The Complete Reference (5 th Edition) – Herbert Schildt – McGraw-Hill Education 2. Programming in ANSI C (3 rd Edition) – E. Balagurusamy - Tata McGraw-Hill Education Reference Books: 1. Teach yourself C+ + (3 rd Edition) - Herbert Schildt - McGraw-Hill Education 2. C++ - How to Program – Deitel & Deitel - Prentice Hall","[""course_code"", ""course_title"", ""credits"", ""prerequisite""]"
step9-development-final-20260929T185115270858Z-84c03a,Q089:english,english,2,curricula_BSc-Curriculum-New.pdf,curricula_BSc-Curriculum-New.pdf,doc-4d373684ce4879ed066003f5,52,doc-4d373684ce4879ed066003f5-p000052-b0002-c0001,14.0,,,,CSE 103 Structured Programming 3.00 CSE 101,"[""course_code"", ""course_title"", ""credits"", ""prerequisite""]"
step9-development-final-20260929T185115270858Z-84c03a,Q089:english,english,3,curricula_BSc-Curriculum-New.pdf,curricula_BSc-Curriculum-New.pdf,doc-4d373684ce4879ed066003f5,70,doc-4d373684ce4879ed066003f5-p000070-b0006-c0001,14.0,,,,"Course Code: CSE 203 Course Title: Object Oriented Programming I: Java Credits: 3.00 Prerequisite: CSE 103 Course Contents: Object-Oriented Fundamentals, Encapsulation, Polymorphism, Inheritance, Class, Object, Java Language Introduction, Variabl e Types and operators, Casting, Arrays, Introducing classes, Adding methods to class, constructor, String Handling, Garbage collection, Inheritance, Inner Class, Abstract Classes, Interfaces and Packages, Exception Handling, Java Input / Output, Multithreaded Programming and Synchronization, Applet, Event Handling, Networking with Java, Introducing the Swing, Utility Classes, Java Generics, Introduction to Android. Books: 1. Java The Complete Reference, 8th Edition by Herbert Schildt; McGraw-Hill Osborne 2. Effective Java (2nd Edition) by Joshua Bloch; Addison-Wesley","[""course_code"", ""course_title"", ""credits"", ""prerequisite""]"
step9-development-final-20260929T185115270858Z-84c03a,Q089:bangla,bangla,1,curricula_BSc-Curriculum-New.pdf,curricula_BSc-Curriculum-New.pdf,doc-4d373684ce4879ed066003f5,66,doc-4d373684ce4879ed066003f5-p000066-b0001-c0001,16.0,,,,"Course Code: CSE 103 Course Title: Structured Programming Credits: 3.00 Prerequisite: CSE 101 Character Strings: Variable length character strings, String manipulat ion, Dynamic memory allocation. Recursive functions: Defining and working procedure, base condition. Structures: Concepts, Accessing members, Arrays of structures. Pointers: Fundamentals, declarations, Pointers and structures/arrays, Operations on Pointers, Pointers to function, Pointer and memory address, Arrays of Pointers. File Operations: opening and closing a file, Operation on a file, Binary I/O, Random access. Additional features: Low level programming, Bitwise operations, The preprocessor, Compiler d irectives, command line arguments. C++: Introduction to C++ and Object Oriented Programming, I/O system in C++, file system in C++, Array, Pointers, References and Dynamic memory allocation in C++. Text Books: 1. C++ The Complete Reference (5 th Edition) – Herbert Schildt – McGraw-Hill Education 2. Programming in ANSI C (3 rd Edition) – E. Balagurusamy - Tata McGraw-Hill Education Reference Books: 1. Teach yourself C+ + (3 rd Edition) - Herbert Schildt - McGraw-Hill Education 2. C++ - How to Program – Deitel & Deitel - Prentice Hall","[""course_code"", ""course_title"", ""credits"", ""prerequisite""]"
step9-development-final-20260929T185115270858Z-84c03a,Q089:bangla,bangla,2,curricula_BSc-Curriculum-New.pdf,curricula_BSc-Curriculum-New.pdf,doc-4d373684ce4879ed066003f5,52,doc-4d373684ce4879ed066003f5-p000052-b0002-c0001,14.0,,,,CSE 103 Structured Programming 3.00 CSE 101,"[""course_code"", ""course_title"", ""credits"", ""prerequisite""]"
step9-development-final-20260929T185115270858Z-84c03a,Q089:bangla,bangla,3,curricula_BSc-Curriculum-New.pdf,curricula_BSc-Curriculum-New.pdf,doc-4d373684ce4879ed066003f5,70,doc-4d373684ce4879ed066003f5-p000070-b0006-c0001,14.0,,,,"Course Code: CSE 203 Course Title: Object Oriented Programming I: Java Credits: 3.00 Prerequisite: CSE 103 Course Contents: Object-Oriented Fundamentals, Encapsulation, Polymorphism, Inheritance, Class, Object, Java Language Introduction, Variabl e Types and operators, Casting, Arrays, Introducing classes, Adding methods to class, constructor, String Handling, Garbage collection, Inheritance, Inner Class, Abstract Classes, Interfaces and Packages, Exception Handling, Java Input / Output, Multithreaded Programming and Synchronization, Applet, Event Handling, Networking with Java, Introducing the Swing, Utility Classes, Java Generics, Introduction to Android. Books: 1. Java The Complete Reference, 8th Edition by Herbert Schildt; McGraw-Hill Osborne 2. Effective Java (2nd Edition) by Joshua Bloch; Addison-Wesley","[""course_code"", ""course_title"", ""credits"", ""prerequisite""]"
step9-development-final-20260929T185115270858Z-84c03a,Q089:banglish,banglish,1,curricula_BSc-Curriculum-New.pdf,curricula_BSc-Curriculum-New.pdf,doc-4d373684ce4879ed066003f5,66,doc-4d373684ce4879ed066003f5-p000066-b0001-c0001,18.0,,,,"Course Code: CSE 103 Course Title: Structured Programming Credits: 3.00 Prerequisite: CSE 101 Character Strings: Variable length character strings, String manipulat ion, Dynamic memory allocation. Recursive functions: Defining and working procedure, base condition. Structures: Concepts, Accessing members, Arrays of structures. Pointers: Fundamentals, declarations, Pointers and structures/arrays, Operations on Pointers, Pointers to function, Pointer and memory address, Arrays of Pointers. File Operations: opening and closing a file, Operation on a file, Binary I/O, Random access. Additional features: Low level programming, Bitwise operations, The preprocessor, Compiler d irectives, command line arguments. C++: Introduction to C++ and Object Oriented Programming, I/O system in C++, file system in C++, Array, Pointers, References and Dynamic memory allocation in C++. Text Books: 1. C++ The Complete Reference (5 th Edition) – Herbert Schildt – McGraw-Hill Education 2. Programming in ANSI C (3 rd Edition) – E. Balagurusamy - Tata McGraw-Hill Education Reference Books: 1. Teach yourself C+ + (3 rd Edition) - Herbert Schildt - McGraw-Hill Education 2. C++ - How to Program – Deitel & Deitel - Prentice Hall","[""course_code"", ""course_title"", ""credits"", ""prerequisite""]"
step9-development-final-20260929T185115270858Z-84c03a,Q089:banglish,banglish,2,curricula_BSc-Curriculum-New.pdf,curricula_BSc-Curriculum-New.pdf,doc-4d373684ce4879ed066003f5,70,doc-4d373684ce4879ed066003f5-p000070-b0006-c0001,16.0,,,,"Course Code: CSE 203 Course Title: Object Oriented Programming I: Java Credits: 3.00 Prerequisite: CSE 103 Course Contents: Object-Oriented Fundamentals, Encapsulation, Polymorphism, Inheritance, Class, Object, Java Language Introduction, Variabl e Types and operators, Casting, Arrays, Introducing classes, Adding methods to class, constructor, String Handling, Garbage collection, Inheritance, Inner Class, Abstract Classes, Interfaces and Packages, Exception Handling, Java Input / Output, Multithreaded Programming and Synchronization, Applet, Event Handling, Networking with Java, Introducing the Swing, Utility Classes, Java Generics, Introduction to Android. Books: 1. Java The Complete Reference, 8th Edition by Herbert Schildt; McGraw-Hill Osborne 2. Effective Java (2nd Edition) by Joshua Bloch; Addison-Wesley","[""course_code"", ""course_title"", ""credits"", ""prerequisite""]"
step9-development-final-20260929T185115270858Z-84c03a,Q089:banglish,banglish,3,curricula_BSc-Curriculum-New.pdf,curricula_BSc-Curriculum-New.pdf,doc-4d373684ce4879ed066003f5,71,doc-4d373684ce4879ed066003f5-p000071-b0003-c0001,16.0,,,,"Course Code: CSE 207 Course Title: Algorithm Credits: 3.00 Prerequisite: CSE 103, CSE 205 Introduction: The role of algorithms in computing. Complexity analysis: Growth of function, asymptotic notations, orders, designing worst case and average-case. Recurrence relations : Substitution method, iteration method, master method. Divide and Conquer: Basic idea, control structure properties of D & C, applications of D & C. Dynamic Programming : Elements of Dynamic Programming, Comparison with D & C. Application of Dynamic programming in: Optimal binary search tree, 0/1 Knapsack problem. Greedy Method : Elements of greedy method, basic control structure, Application of Greedy method in: Minimum cost span ning tree, Huffman code, Job sequencing with deadline. Backtracking: Basic idea behind backtracking, control structure. Application of backtracking in: graph coloring problem, n -queens problems. Branch and Bound : Basic idea and control structure of Branch and Bound. FIFO branch and Bound, LC Branch and Bound, the l5 -puzzle problem. Graph related algorithms: Breadth First search, Depth First search, Topological sort, Dijkstra's shortest path algorithm, The Bellman -Ford algorithm for single source shortest p ath, The Floyd -War shall algorithm for all pair shortest path, Johnson's algorithm for sparse graph, Flow networks, the Ford -Fulkerson","[""course_code"", ""course_title"", ""credits"", ""prerequisite""]"
step9-development-final-20260929T185115270858Z-84c03a,Q090:english,english,1,curricula_BSc-Curriculum-New.pdf,curricula_BSc-Curriculum-New.pdf,doc-4d373684ce4879ed066003f5,66,doc-4d373684ce4879ed066003f5-p000066-b0002-c0001,18.0,,,,Course Code: CSE 104 Course Title: Structured Programming Lab Credits: 1.50 Prerequisite: None Objectives: Laboratory works and assignments will be based on CSE – 103,"[""course_code"", ""course_title"", ""credits"", ""prerequisite""]"
step9-development-final-20260929T185115270858Z-84c03a,Q090:english,english,2,curricula_BSc-Curriculum-New.pdf,curricula_BSc-Curriculum-New.pdf,doc-4d373684ce4879ed066003f5,52,doc-4d373684ce4879ed066003f5-p000052-b0003-c0001,16.0,,,,CSE 104 Structured Programming Lab 1.50 Nil,"[""course_code"", ""course_title"", ""credits"", ""prerequisite""]"
step9-development-final-20260929T185115270858Z-84c03a,Q090:english,english,3,curricula_BSc-Curriculum-New.pdf,curricula_BSc-Curriculum-New.pdf,doc-4d373684ce4879ed066003f5,60,doc-4d373684ce4879ed066003f5-p000060-b0002-c0001,8.0,,,,"Course Code: CSE 101 Course Title: Introduction to Computer Science & Programming Methodology Credits: 3.00 Prerequisite: None Introduction to computer science, what is computer, Fundamental parts of a computer, sto rage and memory management (RAM, ROM, Hard disk) system overview of a computer, I/O devices, software and hardware, basic knowledge of computer, Files and folders, Command prompt, Microsoft office, Shortcut command keys, web ideas, Number System: Binary, Decimal, Octal, Hexadecimal number system and their conversion. Introduction to structured programming, Flowchart: what is flowchart, expressions of flowchart, importance of flow chart. Pseudo code: pseudo code and expression of pseudo code. Algorithm: Algorithm writing, relationship among algorithm, pseudo code and flow chart, code to flowchart and vice versa conversion. Introduction to C program, Skeleton of C program, Compiler: overview of compiler, importance and functionality, output standard libr ary function as printf(), input standard library function as scanf(), Data types and Variable: different data types, variable types and their sizes, conversion among them, scope: global variable, local variable, static variable, auto variable . Operators: Types of operator in C, functionality of operators, increment – decrement operators, precedence of operators. Header files, library files, object files and their importance. Conditional Operators: if-else structure, switchcase structure, selection structure, statement and expression. Control Flow: for loop structure, while loop structure, do -while structure, sum of the series, co-ordinate geometry, design pattern using loop. Debugging: debug a sample program using compiler. Function: argument and parameter of a function, return types, inline declaration, forward declaration of a function. Macro: types of macro, sample macro program, macro as preprocessor,","[""course_code"", ""course_title"", ""credits"", ""prerequisite""]"
step9-development-final-20260929T185115270858Z-84c03a,Q090:bangla,bangla,1,curricula_BSc-Curriculum-New.pdf,curricula_BSc-Curriculum-New.pdf,doc-4d373684ce4879ed066003f5,66,doc-4d373684ce4879ed066003f5-p000066-b0002-c0001,18.0,,,,Course Code: CSE 104 Course Title: Structured Programming Lab Credits: 1.50 Prerequisite: None Objectives: Laboratory works and assignments will be based on CSE – 103,"[""course_code"", ""course_title"", ""credits"", ""prerequisite""]"
step9-development-final-20260929T185115270858Z-84c03a,Q090:bangla,bangla,2,curricula_BSc-Curriculum-New.pdf,curricula_BSc-Curriculum-New.pdf,doc-4d373684ce4879ed066003f5,52,doc-4d373684ce4879ed066003f5-p000052-b0003-c0001,16.0,,,,CSE 104 Structured Programming Lab 1.50 Nil,"[""course_code"", ""course_title"", ""credits"", ""prerequisite""]"
step9-development-final-20260929T185115270858Z-84c03a,Q090:bangla,bangla,3,curricula_BSc-Curriculum-New.pdf,curricula_BSc-Curriculum-New.pdf,doc-4d373684ce4879ed066003f5,60,doc-4d373684ce4879ed066003f5-p000060-b0002-c0001,8.0,,,,"Course Code: CSE 101 Course Title: Introduction to Computer Science & Programming Methodology Credits: 3.00 Prerequisite: None Introduction to computer science, what is computer, Fundamental parts of a computer, sto rage and memory management (RAM, ROM, Hard disk) system overview of a computer, I/O devices, software and hardware, basic knowledge of computer, Files and folders, Command prompt, Microsoft office, Shortcut command keys, web ideas, Number System: Binary, Decimal, Octal, Hexadecimal number system and their conversion. Introduction to structured programming, Flowchart: what is flowchart, expressions of flowchart, importance of flow chart. Pseudo code: pseudo code and expression of pseudo code. Algorithm: Algorithm writing, relationship among algorithm, pseudo code and flow chart, code to flowchart and vice versa conversion. Introduction to C program, Skeleton of C program, Compiler: overview of compiler, importance and functionality, output standard libr ary function as printf(), input standard library function as scanf(), Data types and Variable: different data types, variable types and their sizes, conversion among them, scope: global variable, local variable, static variable, auto variable . Operators: Types of operator in C, functionality of operators, increment – decrement operators, precedence of operators. Header files, library files, object files and their importance. Conditional Operators: if-else structure, switchcase structure, selection structure, statement and expression. Control Flow: for loop structure, while loop structure, do -while structure, sum of the series, co-ordinate geometry, design pattern using loop. Debugging: debug a sample program using compiler. Function: argument and parameter of a function, return types, inline declaration, forward declaration of a function. Macro: types of macro, sample macro program, macro as preprocessor,","[""course_code"", ""course_title"", ""credits"", ""prerequisite""]"
step9-development-final-20260929T185115270858Z-84c03a,Q090:banglish,banglish,1,curricula_BSc-Curriculum-New.pdf,curricula_BSc-Curriculum-New.pdf,doc-4d373684ce4879ed066003f5,66,doc-4d373684ce4879ed066003f5-p000066-b0002-c0001,19.0,,,,Course Code: CSE 104 Course Title: Structured Programming Lab Credits: 1.50 Prerequisite: None Objectives: Laboratory works and assignments will be based on CSE – 103,"[""course_code"", ""course_title"", ""credits"", ""prerequisite""]"
step9-development-final-20260929T185115270858Z-84c03a,Q090:banglish,banglish,2,curricula_BSc-Curriculum-New.pdf,curricula_BSc-Curriculum-New.pdf,doc-4d373684ce4879ed066003f5,52,doc-4d373684ce4879ed066003f5-p000052-b0003-c0001,16.0,,,,CSE 104 Structured Programming Lab 1.50 Nil,"[""course_code"", ""course_title"", ""credits"", ""prerequisite""]"
step9-development-final-20260929T185115270858Z-84c03a,Q090:banglish,banglish,3,curricula_BSc-Curriculum-New.pdf,curricula_BSc-Curriculum-New.pdf,doc-4d373684ce4879ed066003f5,66,doc-4d373684ce4879ed066003f5-p000066-b0001-c0001,10.0,,,,"Course Code: CSE 103 Course Title: Structured Programming Credits: 3.00 Prerequisite: CSE 101 Character Strings: Variable length character strings, String manipulat ion, Dynamic memory allocation. Recursive functions: Defining and working procedure, base condition. Structures: Concepts, Accessing members, Arrays of structures. Pointers: Fundamentals, declarations, Pointers and structures/arrays, Operations on Pointers, Pointers to function, Pointer and memory address, Arrays of Pointers. File Operations: opening and closing a file, Operation on a file, Binary I/O, Random access. Additional features: Low level programming, Bitwise operations, The preprocessor, Compiler d irectives, command line arguments. C++: Introduction to C++ and Object Oriented Programming, I/O system in C++, file system in C++, Array, Pointers, References and Dynamic memory allocation in C++. Text Books: 1. C++ The Complete Reference (5 th Edition) – Herbert Schildt – McGraw-Hill Education 2. Programming in ANSI C (3 rd Edition) – E. Balagurusamy - Tata McGraw-Hill Education Reference Books: 1. Teach yourself C+ + (3 rd Edition) - Herbert Schildt - McGraw-Hill Education 2. C++ - How to Program – Deitel & Deitel - Prentice Hall","[""course_code"", ""course_title"", ""credits"", ""prerequisite""]"
step9-development-final-20260929T185115270858Z-84c03a,Q091:english,english,1,curricula_BSc-Curriculum-New.pdf,curricula_BSc-Curriculum-New.pdf,doc-4d373684ce4879ed066003f5,66,doc-4d373684ce4879ed066003f5-p000066-b0003-c0001,16.0,,,,"Course Code: CSE 105 Course Title: Discrete Mathematics Credits: 3.00 Prerequisite: None Mathematical Models & Foundations: Logic, Proposition, Propositional Equivalence, Propositional and Predicate Calculus: Predicates, predicate formulas, Quantifiers, Statements and Compound statements, tautologies and contradictions, logic al equivalence, algebra of propositions and conditionals, arguments and theory of inference of prepositional calculus. Methods of proof: Mathematical Induction. Sets: Set theory --Basic concepts of sets and elements, Venn diagram and membership table, set operations, algebra of sets duality classes of sets, power set. Relations between sets, Operations on sets. Functions: Basic properties. Classifications of functions. Counting: The basics of Counting, The Pigeonhole principle, Permutations and Combinations , Discrete Probability, Probability Theory. Advanced Counting Techniques: Recurrence Relations, Solving Recurrence Relations, Generating Functions. Functions and counting, inclusion -exclusion principle. Number Theory: Division Algorithms -GCD, LCM, Prime n umbers and prime factorization, modular arithmetic and congruence, modular exponentiation, Eucledian algorithm. Introduction to groups, rings and fields.","[""course_code"", ""course_title"", ""credits"", ""prerequisite""]"
step9-development-final-20260929T185115270858Z-84c03a,Q091:english,english,2,curricula_BSc-Curriculum-New.pdf,curricula_BSc-Curriculum-New.pdf,doc-4d373684ce4879ed066003f5,52,doc-4d373684ce4879ed066003f5-p000052-b0004-c0001,14.0,,,,CSE 105 Discrete Mathematics 3.00 Nil,"[""course_code"", ""course_title"", ""credits"", ""prerequisite""]"
step9-development-final-20260929T185115270858Z-84c03a,Q091:english,english,3,curricula_BSc-Curriculum-New.pdf,curricula_BSc-Curriculum-New.pdf,doc-4d373684ce4879ed066003f5,68,doc-4d373684ce4879ed066003f5-p000068-b0002-c0001,12.0,,,,"Course Code: CSE 205 Course Title: Data Structures Credits: 3.00 Prerequisite: CSE 101, CSE 103, CSE 105 Introduction to Data Structures, Purposes of data stru cture, operations. Complexity of Algorithms: Asymptotic Notation and Runtime Analysis of Algorithms, Array: Insertion, Deletion, Matrix representation of arrays, Multidimensional arrays, Pointers arrays, Record structures, Representation of records in memory; parallel arrays. Sparse matrices. Usefulness of sparse matrices. Strings: implementations and developing algorithms using strings. Linked List: Singly Linked Lists, Doubly Linked Lists and Circular Linked Lists. Basic Operations on Linked List (Insertion, Deletion, Searching, Sorting and Traverse). Stack: Basic Stack Operations (Push and Pop Operations), Infix, Postfix and Prefix Notation of Arithmetic Expressions, Conversions and Evaluations of Arithmetic Expressions Using Stack, Recursion: Direct and indirect recursion, Simulation of recursion, Depth of recursion, Removal of recursion. Towers of Hanoi using recursion. Queue: Basic Queue Operations (Insertion and Deletion), types of Queue, Linear Queue, Priority Queue, Circular Queue and Double-ended Queue, Searching – Sequential Searching, Binary Searching, Basic Sorting: Quick Sort, Merge Sort, Selection Sort, Inserting Sort, Radix Sort, Counting Sort, External Sort, Trees: Basic terminology, Binary Tree: Binary tree representation, Traversal of Binary Tree (Inorder, Preorder and Postorder), Application of Binary Trees. Set Representation, Counting Binary Trees, Binary Search Tree: BST representation, Basic","[""course_code"", ""course_title"", ""credits"", ""prerequisite""]"
step9-development-final-20260929T185115270858Z-84c03a,Q091:bangla,bangla,1,curricula_BSc-Curriculum-New.pdf,curricula_BSc-Curriculum-New.pdf,doc-4d373684ce4879ed066003f5,66,doc-4d373684ce4879ed066003f5-p000066-b0003-c0001,16.0,,,,"Course Code: CSE 105 Course Title: Discrete Mathematics Credits: 3.00 Prerequisite: None Mathematical Models & Foundations: Logic, Proposition, Propositional Equivalence, Propositional and Predicate Calculus: Predicates, predicate formulas, Quantifiers, Statements and Compound statements, tautologies and contradictions, logic al equivalence, algebra of propositions and conditionals, arguments and theory of inference of prepositional calculus. Methods of proof: Mathematical Induction. Sets: Set theory --Basic concepts of sets and elements, Venn diagram and membership table, set operations, algebra of sets duality classes of sets, power set. Relations between sets, Operations on sets. Functions: Basic properties. Classifications of functions. Counting: The basics of Counting, The Pigeonhole principle, Permutations and Combinations , Discrete Probability, Probability Theory. Advanced Counting Techniques: Recurrence Relations, Solving Recurrence Relations, Generating Functions. Functions and counting, inclusion -exclusion principle. Number Theory: Division Algorithms -GCD, LCM, Prime n umbers and prime factorization, modular arithmetic and congruence, modular exponentiation, Eucledian algorithm. Introduction to groups, rings and fields.","[""course_code"", ""course_title"", ""credits"", ""prerequisite""]"
step9-development-final-20260929T185115270858Z-84c03a,Q091:bangla,bangla,2,curricula_BSc-Curriculum-New.pdf,curricula_BSc-Curriculum-New.pdf,doc-4d373684ce4879ed066003f5,52,doc-4d373684ce4879ed066003f5-p000052-b0004-c0001,14.0,,,,CSE 105 Discrete Mathematics 3.00 Nil,"[""course_code"", ""course_title"", ""credits"", ""prerequisite""]"
step9-development-final-20260929T185115270858Z-84c03a,Q091:bangla,bangla,3,curricula_BSc-Curriculum-New.pdf,curricula_BSc-Curriculum-New.pdf,doc-4d373684ce4879ed066003f5,68,doc-4d373684ce4879ed066003f5-p000068-b0002-c0001,12.0,,,,"Course Code: CSE 205 Course Title: Data Structures Credits: 3.00 Prerequisite: CSE 101, CSE 103, CSE 105 Introduction to Data Structures, Purposes of data stru cture, operations. Complexity of Algorithms: Asymptotic Notation and Runtime Analysis of Algorithms, Array: Insertion, Deletion, Matrix representation of arrays, Multidimensional arrays, Pointers arrays, Record structures, Representation of records in memory; parallel arrays. Sparse matrices. Usefulness of sparse matrices. Strings: implementations and developing algorithms using strings. Linked List: Singly Linked Lists, Doubly Linked Lists and Circular Linked Lists. Basic Operations on Linked List (Insertion, Deletion, Searching, Sorting and Traverse). Stack: Basic Stack Operations (Push and Pop Operations), Infix, Postfix and Prefix Notation of Arithmetic Expressions, Conversions and Evaluations of Arithmetic Expressions Using Stack, Recursion: Direct and indirect recursion, Simulation of recursion, Depth of recursion, Removal of recursion. Towers of Hanoi using recursion. Queue: Basic Queue Operations (Insertion and Deletion), types of Queue, Linear Queue, Priority Queue, Circular Queue and Double-ended Queue, Searching – Sequential Searching, Binary Searching, Basic Sorting: Quick Sort, Merge Sort, Selection Sort, Inserting Sort, Radix Sort, Counting Sort, External Sort, Trees: Basic terminology, Binary Tree: Binary tree representation, Traversal of Binary Tree (Inorder, Preorder and Postorder), Application of Binary Trees. Set Representation, Counting Binary Trees, Binary Search Tree: BST representation, Basic","[""course_code"", ""course_title"", ""credits"", ""prerequisite""]"
step9-development-final-20260929T185115270858Z-84c03a,Q091:banglish,banglish,1,curricula_BSc-Curriculum-New.pdf,curricula_BSc-Curriculum-New.pdf,doc-4d373684ce4879ed066003f5,66,doc-4d373684ce4879ed066003f5-p000066-b0003-c0001,17.0,,,,"Course Code: CSE 105 Course Title: Discrete Mathematics Credits: 3.00 Prerequisite: None Mathematical Models & Foundations: Logic, Proposition, Propositional Equivalence, Propositional and Predicate Calculus: Predicates, predicate formulas, Quantifiers, Statements and Compound statements, tautologies and contradictions, logic al equivalence, algebra of propositions and conditionals, arguments and theory of inference of prepositional calculus. Methods of proof: Mathematical Induction. Sets: Set theory --Basic concepts of sets and elements, Venn diagram and membership table, set operations, algebra of sets duality classes of sets, power set. Relations between sets, Operations on sets. Functions: Basic properties. Classifications of functions. Counting: The basics of Counting, The Pigeonhole principle, Permutations and Combinations , Discrete Probability, Probability Theory. Advanced Counting Techniques: Recurrence Relations, Solving Recurrence Relations, Generating Functions. Functions and counting, inclusion -exclusion principle. Number Theory: Division Algorithms -GCD, LCM, Prime n umbers and prime factorization, modular arithmetic and congruence, modular exponentiation, Eucledian algorithm. Introduction to groups, rings and fields.","[""course_code"", ""course_title"", ""credits"", ""prerequisite""]"
step9-development-final-20260929T185115270858Z-84c03a,Q091:banglish,banglish,2,curricula_BSc-Curriculum-New.pdf,curricula_BSc-Curriculum-New.pdf,doc-4d373684ce4879ed066003f5,52,doc-4d373684ce4879ed066003f5-p000052-b0004-c0001,14.0,,,,CSE 105 Discrete Mathematics 3.00 Nil,"[""course_code"", ""course_title"", ""credits"", ""prerequisite""]"
step9-development-final-20260929T185115270858Z-84c03a,Q091:banglish,banglish,3,curricula_BSc-Curriculum-New.pdf,curricula_BSc-Curriculum-New.pdf,doc-4d373684ce4879ed066003f5,68,doc-4d373684ce4879ed066003f5-p000068-b0002-c0001,13.0,,,,"Course Code: CSE 205 Course Title: Data Structures Credits: 3.00 Prerequisite: CSE 101, CSE 103, CSE 105 Introduction to Data Structures, Purposes of data stru cture, operations. Complexity of Algorithms: Asymptotic Notation and Runtime Analysis of Algorithms, Array: Insertion, Deletion, Matrix representation of arrays, Multidimensional arrays, Pointers arrays, Record structures, Representation of records in memory; parallel arrays. Sparse matrices. Usefulness of sparse matrices. Strings: implementations and developing algorithms using strings. Linked List: Singly Linked Lists, Doubly Linked Lists and Circular Linked Lists. Basic Operations on Linked List (Insertion, Deletion, Searching, Sorting and Traverse). Stack: Basic Stack Operations (Push and Pop Operations), Infix, Postfix and Prefix Notation of Arithmetic Expressions, Conversions and Evaluations of Arithmetic Expressions Using Stack, Recursion: Direct and indirect recursion, Simulation of recursion, Depth of recursion, Removal of recursion. Towers of Hanoi using recursion. Queue: Basic Queue Operations (Insertion and Deletion), types of Queue, Linear Queue, Priority Queue, Circular Queue and Double-ended Queue, Searching – Sequential Searching, Binary Searching, Basic Sorting: Quick Sort, Merge Sort, Selection Sort, Inserting Sort, Radix Sort, Counting Sort, External Sort, Trees: Basic terminology, Binary Tree: Binary tree representation, Traversal of Binary Tree (Inorder, Preorder and Postorder), Application of Binary Trees. Set Representation, Counting Binary Trees, Binary Search Tree: BST representation, Basic","[""course_code"", ""course_title"", ""credits"", ""prerequisite""]"
step9-development-final-20260929T185115270858Z-84c03a,Q092:english,english,1,curricula_BSc-Curriculum-New.pdf,curricula_BSc-Curriculum-New.pdf,doc-4d373684ce4879ed066003f5,65,doc-4d373684ce4879ed066003f5-p000065-b0009-c0001,18.0,,,,"Course Code: EEE 121 Course Title: Electrical & Electronic Engineering I Credits: 3.00 Prerequisite: None Basic concepts: current, voltage, emf, Ohm‘s law, Kirchoff‘s Current and Voltage Laws, Current and voltage divider rules, types of sources, source conversion methods, equivalent resistance, star -delta conversion; Network analysis and theorems : loop and nodal analysis, Superposition, Thevenin‘s, Norton‘s and Maximum Power transfer theorems; Introduction to Faraday‘s Law, Lenz‘s Law, Fleming‘s Left Hand and Right Hand Rules, Inductor and Capacitor; AC fundamentals: Amplitude, frequency, phase, power, Form factor, Crest factor, power factor, average value and effective value; AC analysis using phasor algebra; DC Transient analysis in RL and RC circuits; Introduction to semiconductors : Diode: characteristics, rectification; Zener diode: characteristics and applications; Bipolar Junction Transistor: characteristics, biasing, introduction to hybrid model, ac analysis; Field Effect Transistor: Characteristics. Books: 1. Electrical Technology – B L Thereja, Chand (S) & Co Ltd, India. 2. Introductory Circuit Analysis – R L Boylestad, Prentice Hall. 3. Circuits, Devices and Systems: A First Course in Electrical Engineering, Ralph J Smith & Richard C Dorf, Wiley. 4. Electronic Devices and Circuit Theory, R L Boylestad & Louis Nashelsky, Prentice Hall. 5. Schaum's Outline of Basic Circuit Analysis, John O‘Malley, McGraw- Hill.","[""course_code"", ""course_title"", ""credits"", ""prerequisite"", ""policy""]"
step9-development-final-20260929T185115270858Z-84c03a,Q092:english,english,2,curricula_BSc-Curriculum-New.pdf,curricula_BSc-Curriculum-New.pdf,doc-4d373684ce4879ed066003f5,67,doc-4d373684ce4879ed066003f5-p000067-b0008-c0001,18.0,,,,Course Code: EEE 122 Course Title: Electrical & Electronic Engineering I Lab Credits: 1.50 Prerequisite: None Laboratory work based on EEE 121 5.3 Second Year First Semester,"[""course_code"", ""course_title"", ""credits"", ""prerequisite""]"
step9-development-final-20260929T185115270858Z-84c03a,Q092:english,english,3,curricula_BSc-Curriculum-New.pdf,curricula_BSc-Curriculum-New.pdf,doc-4d373684ce4879ed066003f5,52,doc-4d373684ce4879ed066003f5-p000052-b0005-c0001,16.0,,,,EEE 121 Electrical & Electronic Engineering I 3.00 Nil,"[""course_code"", ""course_title"", ""credits"", ""prerequisite""]"
step9-development-final-20260929T185115270858Z-84c03a,Q092:bangla,bangla,1,curricula_BSc-Curriculum-New.pdf,curricula_BSc-Curriculum-New.pdf,doc-4d373684ce4879ed066003f5,65,doc-4d373684ce4879ed066003f5-p000065-b0009-c0001,18.0,,,,"Course Code: EEE 121 Course Title: Electrical & Electronic Engineering I Credits: 3.00 Prerequisite: None Basic concepts: current, voltage, emf, Ohm‘s law, Kirchoff‘s Current and Voltage Laws, Current and voltage divider rules, types of sources, source conversion methods, equivalent resistance, star -delta conversion; Network analysis and theorems : loop and nodal analysis, Superposition, Thevenin‘s, Norton‘s and Maximum Power transfer theorems; Introduction to Faraday‘s Law, Lenz‘s Law, Fleming‘s Left Hand and Right Hand Rules, Inductor and Capacitor; AC fundamentals: Amplitude, frequency, phase, power, Form factor, Crest factor, power factor, average value and effective value; AC analysis using phasor algebra; DC Transient analysis in RL and RC circuits; Introduction to semiconductors : Diode: characteristics, rectification; Zener diode: characteristics and applications; Bipolar Junction Transistor: characteristics, biasing, introduction to hybrid model, ac analysis; Field Effect Transistor: Characteristics. Books: 1. Electrical Technology – B L Thereja, Chand (S) & Co Ltd, India. 2. Introductory Circuit Analysis – R L Boylestad, Prentice Hall. 3. Circuits, Devices and Systems: A First Course in Electrical Engineering, Ralph J Smith & Richard C Dorf, Wiley. 4. Electronic Devices and Circuit Theory, R L Boylestad & Louis Nashelsky, Prentice Hall. 5. Schaum's Outline of Basic Circuit Analysis, John O‘Malley, McGraw- Hill.","[""course_code"", ""course_title"", ""credits"", ""prerequisite"", ""policy""]"
step9-development-final-20260929T185115270858Z-84c03a,Q092:bangla,bangla,2,curricula_BSc-Curriculum-New.pdf,curricula_BSc-Curriculum-New.pdf,doc-4d373684ce4879ed066003f5,67,doc-4d373684ce4879ed066003f5-p000067-b0008-c0001,18.0,,,,Course Code: EEE 122 Course Title: Electrical & Electronic Engineering I Lab Credits: 1.50 Prerequisite: None Laboratory work based on EEE 121 5.3 Second Year First Semester,"[""course_code"", ""course_title"", ""credits"", ""prerequisite""]"
step9-development-final-20260929T185115270858Z-84c03a,Q092:bangla,bangla,3,curricula_BSc-Curriculum-New.pdf,curricula_BSc-Curriculum-New.pdf,doc-4d373684ce4879ed066003f5,52,doc-4d373684ce4879ed066003f5-p000052-b0005-c0001,16.0,,,,EEE 121 Electrical & Electronic Engineering I 3.00 Nil,"[""course_code"", ""course_title"", ""credits"", ""prerequisite""]"
step9-development-final-20260929T185115270858Z-84c03a,Q092:banglish,banglish,1,curricula_BSc-Curriculum-New.pdf,curricula_BSc-Curriculum-New.pdf,doc-4d373684ce4879ed066003f5,65,doc-4d373684ce4879ed066003f5-p000065-b0009-c0001,20.0,,,,"Course Code: EEE 121 Course Title: Electrical & Electronic Engineering I Credits: 3.00 Prerequisite: None Basic concepts: current, voltage, emf, Ohm‘s law, Kirchoff‘s Current and Voltage Laws, Current and voltage divider rules, types of sources, source conversion methods, equivalent resistance, star -delta conversion; Network analysis and theorems : loop and nodal analysis, Superposition, Thevenin‘s, Norton‘s and Maximum Power transfer theorems; Introduction to Faraday‘s Law, Lenz‘s Law, Fleming‘s Left Hand and Right Hand Rules, Inductor and Capacitor; AC fundamentals: Amplitude, frequency, phase, power, Form factor, Crest factor, power factor, average value and effective value; AC analysis using phasor algebra; DC Transient analysis in RL and RC circuits; Introduction to semiconductors : Diode: characteristics, rectification; Zener diode: characteristics and applications; Bipolar Junction Transistor: characteristics, biasing, introduction to hybrid model, ac analysis; Field Effect Transistor: Characteristics. Books: 1. Electrical Technology – B L Thereja, Chand (S) & Co Ltd, India. 2. Introductory Circuit Analysis – R L Boylestad, Prentice Hall. 3. Circuits, Devices and Systems: A First Course in Electrical Engineering, Ralph J Smith & Richard C Dorf, Wiley. 4. Electronic Devices and Circuit Theory, R L Boylestad & Louis Nashelsky, Prentice Hall. 5. Schaum's Outline of Basic Circuit Analysis, John O‘Malley, McGraw- Hill.","[""course_code"", ""course_title"", ""credits"", ""prerequisite"", ""policy""]"
step9-development-final-20260929T185115270858Z-84c03a,Q092:banglish,banglish,2,curricula_BSc-Curriculum-New.pdf,curricula_BSc-Curriculum-New.pdf,doc-4d373684ce4879ed066003f5,67,doc-4d373684ce4879ed066003f5-p000067-b0008-c0001,19.0,,,,Course Code: EEE 122 Course Title: Electrical & Electronic Engineering I Lab Credits: 1.50 Prerequisite: None Laboratory work based on EEE 121 5.3 Second Year First Semester,"[""course_code"", ""course_title"", ""credits"", ""prerequisite""]"
step9-development-final-20260929T185115270858Z-84c03a,Q092:banglish,banglish,3,curricula_BSc-Curriculum-New.pdf,curricula_BSc-Curriculum-New.pdf,doc-4d373684ce4879ed066003f5,52,doc-4d373684ce4879ed066003f5-p000052-b0005-c0001,17.0,,,,EEE 121 Electrical & Electronic Engineering I 3.00 Nil,"[""course_code"", ""course_title"", ""credits"", ""prerequisite""]"
step9-development-final-20260929T185115270858Z-84c03a,Q093:english,english,1,curricula_BSc-Curriculum-New.pdf,curricula_BSc-Curriculum-New.pdf,doc-4d373684ce4879ed066003f5,67,doc-4d373684ce4879ed066003f5-p000067-b0008-c0001,20.0,,,,Course Code: EEE 122 Course Title: Electrical & Electronic Engineering I Lab Credits: 1.50 Prerequisite: None Laboratory work based on EEE 121 5.3 Second Year First Semester,"[""course_code"", ""course_title"", ""credits"", ""prerequisite""]"
step9-development-final-20260929T185115270858Z-84c03a,Q093:english,english,2,curricula_BSc-Curriculum-New.pdf,curricula_BSc-Curriculum-New.pdf,doc-4d373684ce4879ed066003f5,52,doc-4d373684ce4879ed066003f5-p000052-b0006-c0001,18.0,,,,EEE 122 Electrical & Electronic Engineering I Lab 1.50 Nil,"[""course_code"", ""course_title"", ""credits"", ""prerequisite""]"
step9-development-final-20260929T185115270858Z-84c03a,Q093:english,english,3,curricula_BSc-Curriculum-New.pdf,curricula_BSc-Curriculum-New.pdf,doc-4d373684ce4879ed066003f5,69,doc-4d373684ce4879ed066003f5-p000069-b0004-c0001,11.0,,,,Course Code: EEE 222 Course Title: Electrical & Electronics Engineering II Lab Credits: 1.50 Prerequisite: None Laboratory work based on EEE 221.,"[""course_code"", ""course_title"", ""credits"", ""prerequisite""]"
step9-development-final-20260929T185115270858Z-84c03a,Q093:bangla,bangla,1,curricula_BSc-Curriculum-New.pdf,curricula_BSc-Curriculum-New.pdf,doc-4d373684ce4879ed066003f5,67,doc-4d373684ce4879ed066003f5-p000067-b0008-c0001,20.0,,,,Course Code: EEE 122 Course Title: Electrical & Electronic Engineering I Lab Credits: 1.50 Prerequisite: None Laboratory work based on EEE 121 5.3 Second Year First Semester,"[""course_code"", ""course_title"", ""credits"", ""prerequisite""]"
step9-development-final-20260929T185115270858Z-84c03a,Q093:bangla,bangla,2,curricula_BSc-Curriculum-New.pdf,curricula_BSc-Curriculum-New.pdf,doc-4d373684ce4879ed066003f5,52,doc-4d373684ce4879ed066003f5-p000052-b0006-c0001,18.0,,,,EEE 122 Electrical & Electronic Engineering I Lab 1.50 Nil,"[""course_code"", ""course_title"", ""credits"", ""prerequisite""]"
step9-development-final-20260929T185115270858Z-84c03a,Q093:bangla,bangla,3,curricula_BSc-Curriculum-New.pdf,curricula_BSc-Curriculum-New.pdf,doc-4d373684ce4879ed066003f5,69,doc-4d373684ce4879ed066003f5-p000069-b0004-c0001,11.0,,,,Course Code: EEE 222 Course Title: Electrical & Electronics Engineering II Lab Credits: 1.50 Prerequisite: None Laboratory work based on EEE 221.,"[""course_code"", ""course_title"", ""credits"", ""prerequisite""]"
step9-development-final-20260929T185115270858Z-84c03a,Q093:banglish,banglish,1,curricula_BSc-Curriculum-New.pdf,curricula_BSc-Curriculum-New.pdf,doc-4d373684ce4879ed066003f5,67,doc-4d373684ce4879ed066003f5-p000067-b0008-c0001,21.0,,,,Course Code: EEE 122 Course Title: Electrical & Electronic Engineering I Lab Credits: 1.50 Prerequisite: None Laboratory work based on EEE 121 5.3 Second Year First Semester,"[""course_code"", ""course_title"", ""credits"", ""prerequisite""]"
step9-development-final-20260929T185115270858Z-84c03a,Q093:banglish,banglish,2,curricula_BSc-Curriculum-New.pdf,curricula_BSc-Curriculum-New.pdf,doc-4d373684ce4879ed066003f5,52,doc-4d373684ce4879ed066003f5-p000052-b0006-c0001,19.0,,,,EEE 122 Electrical & Electronic Engineering I Lab 1.50 Nil,"[""course_code"", ""course_title"", ""credits"", ""prerequisite""]"
step9-development-final-20260929T185115270858Z-84c03a,Q093:banglish,banglish,3,curricula_BSc-Curriculum-New.pdf,curricula_BSc-Curriculum-New.pdf,doc-4d373684ce4879ed066003f5,65,doc-4d373684ce4879ed066003f5-p000065-b0009-c0001,12.0,,,,"Course Code: EEE 121 Course Title: Electrical & Electronic Engineering I Credits: 3.00 Prerequisite: None Basic concepts: current, voltage, emf, Ohm‘s law, Kirchoff‘s Current and Voltage Laws, Current and voltage divider rules, types of sources, source conversion methods, equivalent resistance, star -delta conversion; Network analysis and theorems : loop and nodal analysis, Superposition, Thevenin‘s, Norton‘s and Maximum Power transfer theorems; Introduction to Faraday‘s Law, Lenz‘s Law, Fleming‘s Left Hand and Right Hand Rules, Inductor and Capacitor; AC fundamentals: Amplitude, frequency, phase, power, Form factor, Crest factor, power factor, average value and effective value; AC analysis using phasor algebra; DC Transient analysis in RL and RC circuits; Introduction to semiconductors : Diode: characteristics, rectification; Zener diode: characteristics and applications; Bipolar Junction Transistor: characteristics, biasing, introduction to hybrid model, ac analysis; Field Effect Transistor: Characteristics. Books: 1. Electrical Technology – B L Thereja, Chand (S) & Co Ltd, India. 2. Introductory Circuit Analysis – R L Boylestad, Prentice Hall. 3. Circuits, Devices and Systems: A First Course in Electrical Engineering, Ralph J Smith & Richard C Dorf, Wiley. 4. Electronic Devices and Circuit Theory, R L Boylestad & Louis Nashelsky, Prentice Hall. 5. Schaum's Outline of Basic Circuit Analysis, John O‘Malley, McGraw- Hill.","[""course_code"", ""course_title"", ""credits"", ""prerequisite"", ""policy""]"
step9-development-final-20260929T185115270858Z-84c03a,Q094:english,english,1,curricula_BSc-Curriculum-New.pdf,curricula_BSc-Curriculum-New.pdf,doc-4d373684ce4879ed066003f5,64,doc-4d373684ce4879ed066003f5-p000064-b0012-c0001,20.0,,,,Course Code: MTH 103 Course Title: Math II: Linear Algebra Credits: 3.00 Prerequisite: None,"[""course_code"", ""course_title"", ""credits"", ""prerequisite""]"
step9-development-final-20260929T185115270858Z-84c03a,Q094:english,english,2,curricula_BSc-Curriculum-New.pdf,curricula_BSc-Curriculum-New.pdf,doc-4d373684ce4879ed066003f5,52,doc-4d373684ce4879ed066003f5-p000052-b0007-c0001,18.0,,,,MTH 103 Math II: Linear Algebra 3.00 Nil,"[""course_code"", ""course_title"", ""credits"", ""prerequisite""]"
step9-development-final-20260929T185115270858Z-84c03a,Q094:english,english,3,curricula_BSc-Curriculum-New.pdf,curricula_BSc-Curriculum-New.pdf,doc-4d373684ce4879ed066003f5,67,doc-4d373684ce4879ed066003f5-p000067-b0009-c0001,17.0,,,,"Course Code: MTH 201 Course Title: Math III: Multivariable Calculus Credits: 3.00 Prerequisite: MTH 103, MTH 101 Vectors and the Ge ometry of Space: Cylinders and Quadric Surfaces. Vector Functions: Vector Functions and Space Curves, Derivatives and Integrals of Vector, Functions, Arc Length and Curvature, Motion in Space: Velocity and Acceleration. Partial Derivatives: Functions of Se veral Variables, Limits and Continuity, Partial Derivatives, Tangent Planes and Linear Approximations, The Chain Rule, Directional Derivatives and the Gradient Vector, Maximum and Minimum Values, Lagrange Multipliers. Multiple Integrals: Double Integrals o ver Rectangles, Iterated Integrals, Double Integrals over General Regions, Double Integrals in Polar Coordinates, Applications of Double Integrals, Surface Area, Triple Integrals, Triple Integrals in Cylindrical Coordinates, Triple Integrals in Spherical Coordinates, Change of Variables in Multiple Integrals. Vector Calculus: Vector Fields, Line Integrals, The Fundamental Theorem for Line Integrals, Green‘s Theorem, Curl and Divergence, Parametric Surfaces and Their Areas, Surface Integrals, Stokes‘ Theore m, The Divergence Theorem. Books Recommended: 1. James Stewart, Multivariable Calculus, Cengage Learning. 2. Edwards, Henry C., and David E. Penney. Multivariable Calculus, Prentice Hall.","[""course_code"", ""course_title"", ""credits"", ""prerequisite"", ""policy""]"
step9-development-final-20260929T185115270858Z-84c03a,Q094:bangla,bangla,1,curricula_BSc-Curriculum-New.pdf,curricula_BSc-Curriculum-New.pdf,doc-4d373684ce4879ed066003f5,64,doc-4d373684ce4879ed066003f5-p000064-b0012-c0001,20.0,,,,Course Code: MTH 103 Course Title: Math II: Linear Algebra Credits: 3.00 Prerequisite: None,"[""course_code"", ""course_title"", ""credits"", ""prerequisite""]"
step9-development-final-20260929T185115270858Z-84c03a,Q094:bangla,bangla,2,curricula_BSc-Curriculum-New.pdf,curricula_BSc-Curriculum-New.pdf,doc-4d373684ce4879ed066003f5,52,doc-4d373684ce4879ed066003f5-p000052-b0007-c0001,18.0,,,,MTH 103 Math II: Linear Algebra 3.00 Nil,"[""course_code"", ""course_title"", ""credits"", ""prerequisite""]"
step9-development-final-20260929T185115270858Z-84c03a,Q094:bangla,bangla,3,curricula_BSc-Curriculum-New.pdf,curricula_BSc-Curriculum-New.pdf,doc-4d373684ce4879ed066003f5,67,doc-4d373684ce4879ed066003f5-p000067-b0009-c0001,17.0,,,,"Course Code: MTH 201 Course Title: Math III: Multivariable Calculus Credits: 3.00 Prerequisite: MTH 103, MTH 101 Vectors and the Ge ometry of Space: Cylinders and Quadric Surfaces. Vector Functions: Vector Functions and Space Curves, Derivatives and Integrals of Vector, Functions, Arc Length and Curvature, Motion in Space: Velocity and Acceleration. Partial Derivatives: Functions of Se veral Variables, Limits and Continuity, Partial Derivatives, Tangent Planes and Linear Approximations, The Chain Rule, Directional Derivatives and the Gradient Vector, Maximum and Minimum Values, Lagrange Multipliers. Multiple Integrals: Double Integrals o ver Rectangles, Iterated Integrals, Double Integrals over General Regions, Double Integrals in Polar Coordinates, Applications of Double Integrals, Surface Area, Triple Integrals, Triple Integrals in Cylindrical Coordinates, Triple Integrals in Spherical Coordinates, Change of Variables in Multiple Integrals. Vector Calculus: Vector Fields, Line Integrals, The Fundamental Theorem for Line Integrals, Green‘s Theorem, Curl and Divergence, Parametric Surfaces and Their Areas, Surface Integrals, Stokes‘ Theore m, The Divergence Theorem. Books Recommended: 1. James Stewart, Multivariable Calculus, Cengage Learning. 2. Edwards, Henry C., and David E. Penney. Multivariable Calculus, Prentice Hall.","[""course_code"", ""course_title"", ""credits"", ""prerequisite"", ""policy""]"
step9-development-final-20260929T185115270858Z-84c03a,Q094:banglish,banglish,1,curricula_BSc-Curriculum-New.pdf,curricula_BSc-Curriculum-New.pdf,doc-4d373684ce4879ed066003f5,64,doc-4d373684ce4879ed066003f5-p000064-b0012-c0001,21.0,,,,Course Code: MTH 103 Course Title: Math II: Linear Algebra Credits: 3.00 Prerequisite: None,"[""course_code"", ""course_title"", ""credits"", ""prerequisite""]"
step9-development-final-20260929T185115270858Z-84c03a,Q094:banglish,banglish,2,curricula_BSc-Curriculum-New.pdf,curricula_BSc-Curriculum-New.pdf,doc-4d373684ce4879ed066003f5,52,doc-4d373684ce4879ed066003f5-p000052-b0007-c0001,18.0,,,,MTH 103 Math II: Linear Algebra 3.00 Nil,"[""course_code"", ""course_title"", ""credits"", ""prerequisite""]"
step9-development-final-20260929T185115270858Z-84c03a,Q094:banglish,banglish,3,curricula_BSc-Curriculum-New.pdf,curricula_BSc-Curriculum-New.pdf,doc-4d373684ce4879ed066003f5,67,doc-4d373684ce4879ed066003f5-p000067-b0009-c0001,18.0,,,,"Course Code: MTH 201 Course Title: Math III: Multivariable Calculus Credits: 3.00 Prerequisite: MTH 103, MTH 101 Vectors and the Ge ometry of Space: Cylinders and Quadric Surfaces. Vector Functions: Vector Functions and Space Curves, Derivatives and Integrals of Vector, Functions, Arc Length and Curvature, Motion in Space: Velocity and Acceleration. Partial Derivatives: Functions of Se veral Variables, Limits and Continuity, Partial Derivatives, Tangent Planes and Linear Approximations, The Chain Rule, Directional Derivatives and the Gradient Vector, Maximum and Minimum Values, Lagrange Multipliers. Multiple Integrals: Double Integrals o ver Rectangles, Iterated Integrals, Double Integrals over General Regions, Double Integrals in Polar Coordinates, Applications of Double Integrals, Surface Area, Triple Integrals, Triple Integrals in Cylindrical Coordinates, Triple Integrals in Spherical Coordinates, Change of Variables in Multiple Integrals. Vector Calculus: Vector Fields, Line Integrals, The Fundamental Theorem for Line Integrals, Green‘s Theorem, Curl and Divergence, Parametric Surfaces and Their Areas, Surface Integrals, Stokes‘ Theore m, The Divergence Theorem. Books Recommended: 1. James Stewart, Multivariable Calculus, Cengage Learning. 2. Edwards, Henry C., and David E. Penney. Multivariable Calculus, Prentice Hall.","[""course_code"", ""course_title"", ""credits"", ""prerequisite"", ""policy""]"
step9-development-final-20260929T185115270858Z-84c03a,Q095:english,english,1,curricula_BSc-Curriculum-New.pdf,curricula_BSc-Curriculum-New.pdf,doc-4d373684ce4879ed066003f5,64,doc-4d373684ce4879ed066003f5-p000064-b0010-c0001,14.0,,,,"Course Code: CHEM 111 Course Title: Credits: 3.00 Prerequisite: N/A Atomic structure, quantum numbers, electroni c conﬁguration, periodic table; Properties and uses of noble gases; Different types of chemical bonds and their properties; Molecular structure of compounds; Selective organic reactions; Different types of solutions and their compositions; Phase rule, phase diagram of monocomponent system; Properties of dilute solutions; Thermochemistry, chemical kinetics, chemical equilibria; Ionization of water and pH concept; Electrical properties of Solution. Text Books: 1. Physical Chemistry, Author: Bhall and Tully 2. Inorganic Chemistry, Author: Haider","[""course_code"", ""course_title"", ""credits"", ""prerequisite"", ""policy""]"
step9-development-final-20260929T185115270858Z-84c03a,Q095:english,english,2,curricula_BSc-Curriculum-New.pdf,curricula_BSc-Curriculum-New.pdf,doc-4d373684ce4879ed066003f5,52,doc-4d373684ce4879ed066003f5-p000052-b0008-c0001,12.0,,,,CHEM 111 Chemistry 3.00 Nil,"[""course_code"", ""course_title"", ""credits"", ""prerequisite""]"
step9-development-final-20260929T185115270858Z-84c03a,Q095:english,english,3,curricula_BSc-Curriculum-New.pdf,curricula_BSc-Curriculum-New.pdf,doc-4d373684ce4879ed066003f5,51,doc-4d373684ce4879ed066003f5-p000051-b0001-c0001,4.0,,,,"4. Summary of Undergraduate Course The undergraduate students of different years of the Department of Computer Science and Engineering have to follow the course schedule given below. The letter prefix in any course number indic ates the discipline/subject offering the course viz. HSS for Humanities and Social Science, Business, Management Studies, Language etc., PHY for Physics, CHEM for Chemistry, MTH for Mathematics , ECN for Economics, ACN for Accounting and CSE for Computer Sc ience and Engineering. The first digit in the number indicates the year/level for which the course is intended; the second digit is assigned by the department and the last digit, if odd, indicates a theory course and if even, indicates a laboratory course. Core Courses First Year First Semester Course Code Course Title Credits Pre- Requisite","[""course_code"", ""course_title"", ""credits"", ""prerequisite""]"
step9-development-final-20260929T185115270858Z-84c03a,Q095:bangla,bangla,1,curricula_BSc-Curriculum-New.pdf,curricula_BSc-Curriculum-New.pdf,doc-4d373684ce4879ed066003f5,64,doc-4d373684ce4879ed066003f5-p000064-b0010-c0001,14.0,,,,"Course Code: CHEM 111 Course Title: Credits: 3.00 Prerequisite: N/A Atomic structure, quantum numbers, electroni c conﬁguration, periodic table; Properties and uses of noble gases; Different types of chemical bonds and their properties; Molecular structure of compounds; Selective organic reactions; Different types of solutions and their compositions; Phase rule, phase diagram of monocomponent system; Properties of dilute solutions; Thermochemistry, chemical kinetics, chemical equilibria; Ionization of water and pH concept; Electrical properties of Solution. Text Books: 1. Physical Chemistry, Author: Bhall and Tully 2. Inorganic Chemistry, Author: Haider","[""course_code"", ""course_title"", ""credits"", ""prerequisite"", ""policy""]"
step9-development-final-20260929T185115270858Z-84c03a,Q095:bangla,bangla,2,curricula_BSc-Curriculum-New.pdf,curricula_BSc-Curriculum-New.pdf,doc-4d373684ce4879ed066003f5,52,doc-4d373684ce4879ed066003f5-p000052-b0008-c0001,12.0,,,,CHEM 111 Chemistry 3.00 Nil,"[""course_code"", ""course_title"", ""credits"", ""prerequisite""]"
step9-development-final-20260929T185115270858Z-84c03a,Q095:bangla,bangla,3,curricula_BSc-Curriculum-New.pdf,curricula_BSc-Curriculum-New.pdf,doc-4d373684ce4879ed066003f5,51,doc-4d373684ce4879ed066003f5-p000051-b0001-c0001,4.0,,,,"4. Summary of Undergraduate Course The undergraduate students of different years of the Department of Computer Science and Engineering have to follow the course schedule given below. The letter prefix in any course number indic ates the discipline/subject offering the course viz. HSS for Humanities and Social Science, Business, Management Studies, Language etc., PHY for Physics, CHEM for Chemistry, MTH for Mathematics , ECN for Economics, ACN for Accounting and CSE for Computer Sc ience and Engineering. The first digit in the number indicates the year/level for which the course is intended; the second digit is assigned by the department and the last digit, if odd, indicates a theory course and if even, indicates a laboratory course. Core Courses First Year First Semester Course Code Course Title Credits Pre- Requisite","[""course_code"", ""course_title"", ""credits"", ""prerequisite""]"
step9-development-final-20260929T185115270858Z-84c03a,Q095:banglish,banglish,1,curricula_BSc-Curriculum-New.pdf,curricula_BSc-Curriculum-New.pdf,doc-4d373684ce4879ed066003f5,64,doc-4d373684ce4879ed066003f5-p000064-b0010-c0001,16.0,,,,"Course Code: CHEM 111 Course Title: Credits: 3.00 Prerequisite: N/A Atomic structure, quantum numbers, electroni c conﬁguration, periodic table; Properties and uses of noble gases; Different types of chemical bonds and their properties; Molecular structure of compounds; Selective organic reactions; Different types of solutions and their compositions; Phase rule, phase diagram of monocomponent system; Properties of dilute solutions; Thermochemistry, chemical kinetics, chemical equilibria; Ionization of water and pH concept; Electrical properties of Solution. Text Books: 1. Physical Chemistry, Author: Bhall and Tully 2. Inorganic Chemistry, Author: Haider","[""course_code"", ""course_title"", ""credits"", ""prerequisite"", ""policy""]"
step9-development-final-20260929T185115270858Z-84c03a,Q095:banglish,banglish,2,curricula_BSc-Curriculum-New.pdf,curricula_BSc-Curriculum-New.pdf,doc-4d373684ce4879ed066003f5,52,doc-4d373684ce4879ed066003f5-p000052-b0008-c0001,12.0,,,,CHEM 111 Chemistry 3.00 Nil,"[""course_code"", ""course_title"", ""credits"", ""prerequisite""]"
step9-development-final-20260929T185115270858Z-84c03a,Q095:banglish,banglish,3,curricula_BSc-Curriculum-New.pdf,curricula_BSc-Curriculum-New.pdf,doc-4d373684ce4879ed066003f5,51,doc-4d373684ce4879ed066003f5-p000051-b0001-c0001,5.0,,,,"4. Summary of Undergraduate Course The undergraduate students of different years of the Department of Computer Science and Engineering have to follow the course schedule given below. The letter prefix in any course number indic ates the discipline/subject offering the course viz. HSS for Humanities and Social Science, Business, Management Studies, Language etc., PHY for Physics, CHEM for Chemistry, MTH for Mathematics , ECN for Economics, ACN for Accounting and CSE for Computer Sc ience and Engineering. The first digit in the number indicates the year/level for which the course is intended; the second digit is assigned by the department and the last digit, if odd, indicates a theory course and if even, indicates a laboratory course. Core Courses First Year First Semester Course Code Course Title Credits Pre- Requisite","[""course_code"", ""course_title"", ""credits"", ""prerequisite""]"
step9-development-final-20260929T185115270858Z-84c03a,Q096:english,english,1,curricula_BSc-Curriculum-New.pdf,curricula_BSc-Curriculum-New.pdf,doc-4d373684ce4879ed066003f5,52,doc-4d373684ce4879ed066003f5-p000052-b0009-c0001,14.0,,,,CHEM 112 Chemistry Lab 1.50 Nil Total 19.50 Second Year First Semester Course Code Course Title Credits Pre- Requisite,"[""course_code"", ""course_title"", ""credits"", ""prerequisite""]"
step9-development-final-20260929T185115270858Z-84c03a,Q096:english,english,2,curricula_BSc-Curriculum-New.pdf,curricula_BSc-Curriculum-New.pdf,doc-4d373684ce4879ed066003f5,64,doc-4d373684ce4879ed066003f5-p000064-b0011-c0001,14.0,,,,"Course Code: CHEM 112 Course Title: Chemistry Lab Credits: 1.50 Objectives: Laboratory works and assignments will be based on CHEM – 101 Volumetric analysis: acid-base titration, oxidation-reduction titration, determination of Fe, Cu, Ca volumetrically","[""course_code"", ""course_title"", ""credits""]"
step9-development-final-20260929T185115270858Z-84c03a,Q096:english,english,3,curricula_BSc-Curriculum-New.pdf,curricula_BSc-Curriculum-New.pdf,doc-4d373684ce4879ed066003f5,64,doc-4d373684ce4879ed066003f5-p000064-b0010-c0001,6.0,,,,"Course Code: CHEM 111 Course Title: Credits: 3.00 Prerequisite: N/A Atomic structure, quantum numbers, electroni c conﬁguration, periodic table; Properties and uses of noble gases; Different types of chemical bonds and their properties; Molecular structure of compounds; Selective organic reactions; Different types of solutions and their compositions; Phase rule, phase diagram of monocomponent system; Properties of dilute solutions; Thermochemistry, chemical kinetics, chemical equilibria; Ionization of water and pH concept; Electrical properties of Solution. Text Books: 1. Physical Chemistry, Author: Bhall and Tully 2. Inorganic Chemistry, Author: Haider","[""course_code"", ""course_title"", ""credits"", ""prerequisite"", ""policy""]"
step9-development-final-20260929T185115270858Z-84c03a,Q096:bangla,bangla,1,curricula_BSc-Curriculum-New.pdf,curricula_BSc-Curriculum-New.pdf,doc-4d373684ce4879ed066003f5,52,doc-4d373684ce4879ed066003f5-p000052-b0009-c0001,14.0,,,,CHEM 112 Chemistry Lab 1.50 Nil Total 19.50 Second Year First Semester Course Code Course Title Credits Pre- Requisite,"[""course_code"", ""course_title"", ""credits"", ""prerequisite""]"
step9-development-final-20260929T185115270858Z-84c03a,Q096:bangla,bangla,2,curricula_BSc-Curriculum-New.pdf,curricula_BSc-Curriculum-New.pdf,doc-4d373684ce4879ed066003f5,64,doc-4d373684ce4879ed066003f5-p000064-b0011-c0001,14.0,,,,"Course Code: CHEM 112 Course Title: Chemistry Lab Credits: 1.50 Objectives: Laboratory works and assignments will be based on CHEM – 101 Volumetric analysis: acid-base titration, oxidation-reduction titration, determination of Fe, Cu, Ca volumetrically","[""course_code"", ""course_title"", ""credits""]"
step9-development-final-20260929T185115270858Z-84c03a,Q096:bangla,bangla,3,curricula_BSc-Curriculum-New.pdf,curricula_BSc-Curriculum-New.pdf,doc-4d373684ce4879ed066003f5,64,doc-4d373684ce4879ed066003f5-p000064-b0010-c0001,6.0,,,,"Course Code: CHEM 111 Course Title: Credits: 3.00 Prerequisite: N/A Atomic structure, quantum numbers, electroni c conﬁguration, periodic table; Properties and uses of noble gases; Different types of chemical bonds and their properties; Molecular structure of compounds; Selective organic reactions; Different types of solutions and their compositions; Phase rule, phase diagram of monocomponent system; Properties of dilute solutions; Thermochemistry, chemical kinetics, chemical equilibria; Ionization of water and pH concept; Electrical properties of Solution. Text Books: 1. Physical Chemistry, Author: Bhall and Tully 2. Inorganic Chemistry, Author: Haider","[""course_code"", ""course_title"", ""credits"", ""prerequisite"", ""policy""]"
step9-development-final-20260929T185115270858Z-84c03a,Q096:banglish,banglish,1,curricula_BSc-Curriculum-New.pdf,curricula_BSc-Curriculum-New.pdf,doc-4d373684ce4879ed066003f5,52,doc-4d373684ce4879ed066003f5-p000052-b0009-c0001,15.0,,,,CHEM 112 Chemistry Lab 1.50 Nil Total 19.50 Second Year First Semester Course Code Course Title Credits Pre- Requisite,"[""course_code"", ""course_title"", ""credits"", ""prerequisite""]"
step9-development-final-20260929T185115270858Z-84c03a,Q096:banglish,banglish,2,curricula_BSc-Curriculum-New.pdf,curricula_BSc-Curriculum-New.pdf,doc-4d373684ce4879ed066003f5,64,doc-4d373684ce4879ed066003f5-p000064-b0011-c0001,15.0,,,,"Course Code: CHEM 112 Course Title: Chemistry Lab Credits: 1.50 Objectives: Laboratory works and assignments will be based on CHEM – 101 Volumetric analysis: acid-base titration, oxidation-reduction titration, determination of Fe, Cu, Ca volumetrically","[""course_code"", ""course_title"", ""credits""]"
step9-development-final-20260929T185115270858Z-84c03a,Q096:banglish,banglish,3,curricula_BSc-Curriculum-New.pdf,curricula_BSc-Curriculum-New.pdf,doc-4d373684ce4879ed066003f5,64,doc-4d373684ce4879ed066003f5-p000064-b0010-c0001,8.0,,,,"Course Code: CHEM 111 Course Title: Credits: 3.00 Prerequisite: N/A Atomic structure, quantum numbers, electroni c conﬁguration, periodic table; Properties and uses of noble gases; Different types of chemical bonds and their properties; Molecular structure of compounds; Selective organic reactions; Different types of solutions and their compositions; Phase rule, phase diagram of monocomponent system; Properties of dilute solutions; Thermochemistry, chemical kinetics, chemical equilibria; Ionization of water and pH concept; Electrical properties of Solution. Text Books: 1. Physical Chemistry, Author: Bhall and Tully 2. Inorganic Chemistry, Author: Haider","[""course_code"", ""course_title"", ""credits"", ""prerequisite"", ""policy""]"
step9-development-final-20260929T185115270858Z-84c03a,Q097:english,english,1,curricula_BSc-Curriculum-New.pdf,curricula_BSc-Curriculum-New.pdf,doc-4d373684ce4879ed066003f5,70,doc-4d373684ce4879ed066003f5-p000070-b0006-c0001,20.0,,,,"Course Code: CSE 203 Course Title: Object Oriented Programming I: Java Credits: 3.00 Prerequisite: CSE 103 Course Contents: Object-Oriented Fundamentals, Encapsulation, Polymorphism, Inheritance, Class, Object, Java Language Introduction, Variabl e Types and operators, Casting, Arrays, Introducing classes, Adding methods to class, constructor, String Handling, Garbage collection, Inheritance, Inner Class, Abstract Classes, Interfaces and Packages, Exception Handling, Java Input / Output, Multithreaded Programming and Synchronization, Applet, Event Handling, Networking with Java, Introducing the Swing, Utility Classes, Java Generics, Introduction to Android. Books: 1. Java The Complete Reference, 8th Edition by Herbert Schildt; McGraw-Hill Osborne 2. Effective Java (2nd Edition) by Joshua Bloch; Addison-Wesley","[""course_code"", ""course_title"", ""credits"", ""prerequisite""]"
step9-development-final-20260929T185115270858Z-84c03a,Q097:english,english,2,curricula_BSc-Curriculum-New.pdf,curricula_BSc-Curriculum-New.pdf,doc-4d373684ce4879ed066003f5,70,doc-4d373684ce4879ed066003f5-p000070-b0007-c0001,20.0,,,,Course Code: CSE 204 Course Title: Object Oriented Programming I: Java Lab Credits: 1.50 Prerequisite: None Laboratory work based on Object Oriented Programming: JA VA(CSE 203),"[""course_code"", ""course_title"", ""credits"", ""prerequisite""]"
step9-development-final-20260929T185115270858Z-84c03a,Q097:english,english,3,curricula_BSc-Curriculum-New.pdf,curricula_BSc-Curriculum-New.pdf,doc-4d373684ce4879ed066003f5,52,doc-4d373684ce4879ed066003f5-p000052-b0010-c0001,18.0,,,,CSE 203 Object Oriented Programming I: Java 3.00 CSE 103,"[""course_code"", ""course_title"", ""credits"", ""prerequisite""]"
step9-development-final-20260929T185115270858Z-84c03a,Q097:bangla,bangla,1,curricula_BSc-Curriculum-New.pdf,curricula_BSc-Curriculum-New.pdf,doc-4d373684ce4879ed066003f5,70,doc-4d373684ce4879ed066003f5-p000070-b0006-c0001,20.0,,,,"Course Code: CSE 203 Course Title: Object Oriented Programming I: Java Credits: 3.00 Prerequisite: CSE 103 Course Contents: Object-Oriented Fundamentals, Encapsulation, Polymorphism, Inheritance, Class, Object, Java Language Introduction, Variabl e Types and operators, Casting, Arrays, Introducing classes, Adding methods to class, constructor, String Handling, Garbage collection, Inheritance, Inner Class, Abstract Classes, Interfaces and Packages, Exception Handling, Java Input / Output, Multithreaded Programming and Synchronization, Applet, Event Handling, Networking with Java, Introducing the Swing, Utility Classes, Java Generics, Introduction to Android. Books: 1. Java The Complete Reference, 8th Edition by Herbert Schildt; McGraw-Hill Osborne 2. Effective Java (2nd Edition) by Joshua Bloch; Addison-Wesley","[""course_code"", ""course_title"", ""credits"", ""prerequisite""]"
step9-development-final-20260929T185115270858Z-84c03a,Q097:bangla,bangla,2,curricula_BSc-Curriculum-New.pdf,curricula_BSc-Curriculum-New.pdf,doc-4d373684ce4879ed066003f5,70,doc-4d373684ce4879ed066003f5-p000070-b0007-c0001,20.0,,,,Course Code: CSE 204 Course Title: Object Oriented Programming I: Java Lab Credits: 1.50 Prerequisite: None Laboratory work based on Object Oriented Programming: JA VA(CSE 203),"[""course_code"", ""course_title"", ""credits"", ""prerequisite""]"
step9-development-final-20260929T185115270858Z-84c03a,Q097:bangla,bangla,3,curricula_BSc-Curriculum-New.pdf,curricula_BSc-Curriculum-New.pdf,doc-4d373684ce4879ed066003f5,52,doc-4d373684ce4879ed066003f5-p000052-b0010-c0001,18.0,,,,CSE 203 Object Oriented Programming I: Java 3.00 CSE 103,"[""course_code"", ""course_title"", ""credits"", ""prerequisite""]"
step9-development-final-20260929T185115270858Z-84c03a,Q097:banglish,banglish,1,curricula_BSc-Curriculum-New.pdf,curricula_BSc-Curriculum-New.pdf,doc-4d373684ce4879ed066003f5,70,doc-4d373684ce4879ed066003f5-p000070-b0006-c0001,22.0,,,,"Course Code: CSE 203 Course Title: Object Oriented Programming I: Java Credits: 3.00 Prerequisite: CSE 103 Course Contents: Object-Oriented Fundamentals, Encapsulation, Polymorphism, Inheritance, Class, Object, Java Language Introduction, Variabl e Types and operators, Casting, Arrays, Introducing classes, Adding methods to class, constructor, String Handling, Garbage collection, Inheritance, Inner Class, Abstract Classes, Interfaces and Packages, Exception Handling, Java Input / Output, Multithreaded Programming and Synchronization, Applet, Event Handling, Networking with Java, Introducing the Swing, Utility Classes, Java Generics, Introduction to Android. Books: 1. Java The Complete Reference, 8th Edition by Herbert Schildt; McGraw-Hill Osborne 2. Effective Java (2nd Edition) by Joshua Bloch; Addison-Wesley","[""course_code"", ""course_title"", ""credits"", ""prerequisite""]"
step9-development-final-20260929T185115270858Z-84c03a,Q097:banglish,banglish,2,curricula_BSc-Curriculum-New.pdf,curricula_BSc-Curriculum-New.pdf,doc-4d373684ce4879ed066003f5,70,doc-4d373684ce4879ed066003f5-p000070-b0007-c0001,21.0,,,,Course Code: CSE 204 Course Title: Object Oriented Programming I: Java Lab Credits: 1.50 Prerequisite: None Laboratory work based on Object Oriented Programming: JA VA(CSE 203),"[""course_code"", ""course_title"", ""credits"", ""prerequisite""]"
step9-development-final-20260929T185115270858Z-84c03a,Q097:banglish,banglish,3,curricula_BSc-Curriculum-New.pdf,curricula_BSc-Curriculum-New.pdf,doc-4d373684ce4879ed066003f5,76,doc-4d373684ce4879ed066003f5-p000076-b0006-c0001,20.0,,,,"Course Code: CSE 309 Course Title: Object Oriented Programming II:Visual and Web Programming Credits: 3.00 Prerequisite: CSE 203, CSE 211 Framework Platform: Introduction, features, components, architecture of a Framework platform (like dot NET), programming Languages to support Framework (like C#) . Inheritance and Polymorphism: The Basic mechanics of Inheritance, Programming for Containment/Delegation, Polymorphic support in framework based languages, understanding Base Class/Derived Class Casting rules , The Master Parent Class i.e. System.Object. Delegates and Events : Understanding the Delegate Type, Defining a Delegate, The System.MulticastDelegate and System.Delegate Base Classes, The Simplest Possible Delegate Example, Creating Generic Delegates, Understanding Events. Indexers, Operators, and Pointers : Understanding Indexer Methods, Understanding Operator Overloading, Understanding Custom Type Conversions, Working with Pointer Types. Interfaces: Understanding Interface Types, Implementing an I nterface, Invoking Interface Members at the Object Level, Interfaces as Parameters, Interfaces as Return Values, Building Enumerable Types (IEnumerable and IEnumerator). File I/O and Isolated Storage: Exploring the System.IO Namespace, The Directory(Info) and File(Info) Types, Working with the DirectoryInfo Type, Working with the Directory Type, Working with the DriveInfo Class Type, Working with the FileInfo Class, Working with the File Type, The Abstract Stream Class,Working with StreamWriters & StreamReaders , Working with BinaryWriters & BinaryReaders. Windows Forms: Introduction to Windows forms like simple window, text editor, List View, Tree View controls etc. Web Platform: Introduction to web server and web programming, introduction to any scripting language (such as PHP, JSP ), Configuring web server, HTML and Scripting language Tags, Statements and","[""course_code"", ""course_title"", ""credits"", ""prerequisite"", ""policy""]"
step9-development-final-20260929T185115270858Z-84c03a,Q098:english,english,1,curricula_BSc-Curriculum-New.pdf,curricula_BSc-Curriculum-New.pdf,doc-4d373684ce4879ed066003f5,70,doc-4d373684ce4879ed066003f5-p000070-b0007-c0001,24.0,,,,Course Code: CSE 204 Course Title: Object Oriented Programming I: Java Lab Credits: 1.50 Prerequisite: None Laboratory work based on Object Oriented Programming: JA VA(CSE 203),"[""course_code"", ""course_title"", ""credits"", ""prerequisite""]"
step9-development-final-20260929T185115270858Z-84c03a,Q098:english,english,2,curricula_BSc-Curriculum-New.pdf,curricula_BSc-Curriculum-New.pdf,doc-4d373684ce4879ed066003f5,52,doc-4d373684ce4879ed066003f5-p000052-b0011-c0001,22.0,,,,CSE 204 Object Oriented Programming I Lab: Java Lab 1.50 Nil,"[""course_code"", ""course_title"", ""credits"", ""prerequisite""]"
step9-development-final-20260929T185115270858Z-84c03a,Q098:english,english,3,curricula_BSc-Curriculum-New.pdf,curricula_BSc-Curriculum-New.pdf,doc-4d373684ce4879ed066003f5,77,doc-4d373684ce4879ed066003f5-p000077-b0005-c0001,14.0,,,,Course Code: CSE 310 Course Title: Object Oriented Programming II Lab:Visual and Web Programming Lab Credits: 1.50 Prerequisite: None Laboratory work based on Visual and Web Programming (CSE 211).,"[""course_code"", ""course_title"", ""credits"", ""prerequisite""]"
step9-development-final-20260929T185115270858Z-84c03a,Q098:bangla,bangla,1,curricula_BSc-Curriculum-New.pdf,curricula_BSc-Curriculum-New.pdf,doc-4d373684ce4879ed066003f5,70,doc-4d373684ce4879ed066003f5-p000070-b0007-c0001,24.0,,,,Course Code: CSE 204 Course Title: Object Oriented Programming I: Java Lab Credits: 1.50 Prerequisite: None Laboratory work based on Object Oriented Programming: JA VA(CSE 203),"[""course_code"", ""course_title"", ""credits"", ""prerequisite""]"
step9-development-final-20260929T185115270858Z-84c03a,Q098:bangla,bangla,2,curricula_BSc-Curriculum-New.pdf,curricula_BSc-Curriculum-New.pdf,doc-4d373684ce4879ed066003f5,52,doc-4d373684ce4879ed066003f5-p000052-b0011-c0001,22.0,,,,CSE 204 Object Oriented Programming I Lab: Java Lab 1.50 Nil,"[""course_code"", ""course_title"", ""credits"", ""prerequisite""]"
step9-development-final-20260929T185115270858Z-84c03a,Q098:bangla,bangla,3,curricula_BSc-Curriculum-New.pdf,curricula_BSc-Curriculum-New.pdf,doc-4d373684ce4879ed066003f5,77,doc-4d373684ce4879ed066003f5-p000077-b0005-c0001,14.0,,,,Course Code: CSE 310 Course Title: Object Oriented Programming II Lab:Visual and Web Programming Lab Credits: 1.50 Prerequisite: None Laboratory work based on Visual and Web Programming (CSE 211).,"[""course_code"", ""course_title"", ""credits"", ""prerequisite""]"
step9-development-final-20260929T185115270858Z-84c03a,Q098:banglish,banglish,1,curricula_BSc-Curriculum-New.pdf,curricula_BSc-Curriculum-New.pdf,doc-4d373684ce4879ed066003f5,70,doc-4d373684ce4879ed066003f5-p000070-b0007-c0001,25.0,,,,Course Code: CSE 204 Course Title: Object Oriented Programming I: Java Lab Credits: 1.50 Prerequisite: None Laboratory work based on Object Oriented Programming: JA VA(CSE 203),"[""course_code"", ""course_title"", ""credits"", ""prerequisite""]"
step9-development-final-20260929T185115270858Z-84c03a,Q098:banglish,banglish,2,curricula_BSc-Curriculum-New.pdf,curricula_BSc-Curriculum-New.pdf,doc-4d373684ce4879ed066003f5,52,doc-4d373684ce4879ed066003f5-p000052-b0011-c0001,22.0,,,,CSE 204 Object Oriented Programming I Lab: Java Lab 1.50 Nil,"[""course_code"", ""course_title"", ""credits"", ""prerequisite""]"
step9-development-final-20260929T185115270858Z-84c03a,Q098:banglish,banglish,3,curricula_BSc-Curriculum-New.pdf,curricula_BSc-Curriculum-New.pdf,doc-4d373684ce4879ed066003f5,77,doc-4d373684ce4879ed066003f5-p000077-b0005-c0001,15.0,,,,Course Code: CSE 310 Course Title: Object Oriented Programming II Lab:Visual and Web Programming Lab Credits: 1.50 Prerequisite: None Laboratory work based on Visual and Web Programming (CSE 211).,"[""course_code"", ""course_title"", ""credits"", ""prerequisite""]"
step9-development-final-20260929T185115270858Z-84c03a,Q099:english,english,1,curricula_BSc-Curriculum-New.pdf,curricula_BSc-Curriculum-New.pdf,doc-4d373684ce4879ed066003f5,68,doc-4d373684ce4879ed066003f5-p000068-b0002-c0001,16.0,,,,"Course Code: CSE 205 Course Title: Data Structures Credits: 3.00 Prerequisite: CSE 101, CSE 103, CSE 105 Introduction to Data Structures, Purposes of data stru cture, operations. Complexity of Algorithms: Asymptotic Notation and Runtime Analysis of Algorithms, Array: Insertion, Deletion, Matrix representation of arrays, Multidimensional arrays, Pointers arrays, Record structures, Representation of records in memory; parallel arrays. Sparse matrices. Usefulness of sparse matrices. Strings: implementations and developing algorithms using strings. Linked List: Singly Linked Lists, Doubly Linked Lists and Circular Linked Lists. Basic Operations on Linked List (Insertion, Deletion, Searching, Sorting and Traverse). Stack: Basic Stack Operations (Push and Pop Operations), Infix, Postfix and Prefix Notation of Arithmetic Expressions, Conversions and Evaluations of Arithmetic Expressions Using Stack, Recursion: Direct and indirect recursion, Simulation of recursion, Depth of recursion, Removal of recursion. Towers of Hanoi using recursion. Queue: Basic Queue Operations (Insertion and Deletion), types of Queue, Linear Queue, Priority Queue, Circular Queue and Double-ended Queue, Searching – Sequential Searching, Binary Searching, Basic Sorting: Quick Sort, Merge Sort, Selection Sort, Inserting Sort, Radix Sort, Counting Sort, External Sort, Trees: Basic terminology, Binary Tree: Binary tree representation, Traversal of Binary Tree (Inorder, Preorder and Postorder), Application of Binary Trees. Set Representation, Counting Binary Trees, Binary Search Tree: BST representation, Basic","[""course_code"", ""course_title"", ""credits"", ""prerequisite""]"
step9-development-final-20260929T185115270858Z-84c03a,Q099:english,english,2,curricula_BSc-Curriculum-New.pdf,curricula_BSc-Curriculum-New.pdf,doc-4d373684ce4879ed066003f5,52,doc-4d373684ce4879ed066003f5-p000052-b0012-c0001,14.0,,,,"CSE 205 Data Structures 3.00 CSE 101, CSE103, CSE 105","[""course_code"", ""course_title"", ""credits"", ""prerequisite""]"
step9-development-final-20260929T185115270858Z-84c03a,Q099:english,english,3,curricula_BSc-Curriculum-New.pdf,curricula_BSc-Curriculum-New.pdf,doc-4d373684ce4879ed066003f5,71,doc-4d373684ce4879ed066003f5-p000071-b0003-c0001,12.0,,,,"Course Code: CSE 207 Course Title: Algorithm Credits: 3.00 Prerequisite: CSE 103, CSE 205 Introduction: The role of algorithms in computing. Complexity analysis: Growth of function, asymptotic notations, orders, designing worst case and average-case. Recurrence relations : Substitution method, iteration method, master method. Divide and Conquer: Basic idea, control structure properties of D & C, applications of D & C. Dynamic Programming : Elements of Dynamic Programming, Comparison with D & C. Application of Dynamic programming in: Optimal binary search tree, 0/1 Knapsack problem. Greedy Method : Elements of greedy method, basic control structure, Application of Greedy method in: Minimum cost span ning tree, Huffman code, Job sequencing with deadline. Backtracking: Basic idea behind backtracking, control structure. Application of backtracking in: graph coloring problem, n -queens problems. Branch and Bound : Basic idea and control structure of Branch and Bound. FIFO branch and Bound, LC Branch and Bound, the l5 -puzzle problem. Graph related algorithms: Breadth First search, Depth First search, Topological sort, Dijkstra's shortest path algorithm, The Bellman -Ford algorithm for single source shortest p ath, The Floyd -War shall algorithm for all pair shortest path, Johnson's algorithm for sparse graph, Flow networks, the Ford -Fulkerson","[""course_code"", ""course_title"", ""credits"", ""prerequisite""]"
step9-development-final-20260929T185115270858Z-84c03a,Q099:bangla,bangla,1,curricula_BSc-Curriculum-New.pdf,curricula_BSc-Curriculum-New.pdf,doc-4d373684ce4879ed066003f5,68,doc-4d373684ce4879ed066003f5-p000068-b0002-c0001,16.0,,,,"Course Code: CSE 205 Course Title: Data Structures Credits: 3.00 Prerequisite: CSE 101, CSE 103, CSE 105 Introduction to Data Structures, Purposes of data stru cture, operations. Complexity of Algorithms: Asymptotic Notation and Runtime Analysis of Algorithms, Array: Insertion, Deletion, Matrix representation of arrays, Multidimensional arrays, Pointers arrays, Record structures, Representation of records in memory; parallel arrays. Sparse matrices. Usefulness of sparse matrices. Strings: implementations and developing algorithms using strings. Linked List: Singly Linked Lists, Doubly Linked Lists and Circular Linked Lists. Basic Operations on Linked List (Insertion, Deletion, Searching, Sorting and Traverse). Stack: Basic Stack Operations (Push and Pop Operations), Infix, Postfix and Prefix Notation of Arithmetic Expressions, Conversions and Evaluations of Arithmetic Expressions Using Stack, Recursion: Direct and indirect recursion, Simulation of recursion, Depth of recursion, Removal of recursion. Towers of Hanoi using recursion. Queue: Basic Queue Operations (Insertion and Deletion), types of Queue, Linear Queue, Priority Queue, Circular Queue and Double-ended Queue, Searching – Sequential Searching, Binary Searching, Basic Sorting: Quick Sort, Merge Sort, Selection Sort, Inserting Sort, Radix Sort, Counting Sort, External Sort, Trees: Basic terminology, Binary Tree: Binary tree representation, Traversal of Binary Tree (Inorder, Preorder and Postorder), Application of Binary Trees. Set Representation, Counting Binary Trees, Binary Search Tree: BST representation, Basic","[""course_code"", ""course_title"", ""credits"", ""prerequisite""]"
step9-development-final-20260929T185115270858Z-84c03a,Q099:bangla,bangla,2,curricula_BSc-Curriculum-New.pdf,curricula_BSc-Curriculum-New.pdf,doc-4d373684ce4879ed066003f5,52,doc-4d373684ce4879ed066003f5-p000052-b0012-c0001,14.0,,,,"CSE 205 Data Structures 3.00 CSE 101, CSE103, CSE 105","[""course_code"", ""course_title"", ""credits"", ""prerequisite""]"
step9-development-final-20260929T185115270858Z-84c03a,Q099:bangla,bangla,3,curricula_BSc-Curriculum-New.pdf,curricula_BSc-Curriculum-New.pdf,doc-4d373684ce4879ed066003f5,71,doc-4d373684ce4879ed066003f5-p000071-b0003-c0001,12.0,,,,"Course Code: CSE 207 Course Title: Algorithm Credits: 3.00 Prerequisite: CSE 103, CSE 205 Introduction: The role of algorithms in computing. Complexity analysis: Growth of function, asymptotic notations, orders, designing worst case and average-case. Recurrence relations : Substitution method, iteration method, master method. Divide and Conquer: Basic idea, control structure properties of D & C, applications of D & C. Dynamic Programming : Elements of Dynamic Programming, Comparison with D & C. Application of Dynamic programming in: Optimal binary search tree, 0/1 Knapsack problem. Greedy Method : Elements of greedy method, basic control structure, Application of Greedy method in: Minimum cost span ning tree, Huffman code, Job sequencing with deadline. Backtracking: Basic idea behind backtracking, control structure. Application of backtracking in: graph coloring problem, n -queens problems. Branch and Bound : Basic idea and control structure of Branch and Bound. FIFO branch and Bound, LC Branch and Bound, the l5 -puzzle problem. Graph related algorithms: Breadth First search, Depth First search, Topological sort, Dijkstra's shortest path algorithm, The Bellman -Ford algorithm for single source shortest p ath, The Floyd -War shall algorithm for all pair shortest path, Johnson's algorithm for sparse graph, Flow networks, the Ford -Fulkerson","[""course_code"", ""course_title"", ""credits"", ""prerequisite""]"
step9-development-final-20260929T185115270858Z-84c03a,Q099:banglish,banglish,1,curricula_BSc-Curriculum-New.pdf,curricula_BSc-Curriculum-New.pdf,doc-4d373684ce4879ed066003f5,68,doc-4d373684ce4879ed066003f5-p000068-b0002-c0001,17.0,,,,"Course Code: CSE 205 Course Title: Data Structures Credits: 3.00 Prerequisite: CSE 101, CSE 103, CSE 105 Introduction to Data Structures, Purposes of data stru cture, operations. Complexity of Algorithms: Asymptotic Notation and Runtime Analysis of Algorithms, Array: Insertion, Deletion, Matrix representation of arrays, Multidimensional arrays, Pointers arrays, Record structures, Representation of records in memory; parallel arrays. Sparse matrices. Usefulness of sparse matrices. Strings: implementations and developing algorithms using strings. Linked List: Singly Linked Lists, Doubly Linked Lists and Circular Linked Lists. Basic Operations on Linked List (Insertion, Deletion, Searching, Sorting and Traverse). Stack: Basic Stack Operations (Push and Pop Operations), Infix, Postfix and Prefix Notation of Arithmetic Expressions, Conversions and Evaluations of Arithmetic Expressions Using Stack, Recursion: Direct and indirect recursion, Simulation of recursion, Depth of recursion, Removal of recursion. Towers of Hanoi using recursion. Queue: Basic Queue Operations (Insertion and Deletion), types of Queue, Linear Queue, Priority Queue, Circular Queue and Double-ended Queue, Searching – Sequential Searching, Binary Searching, Basic Sorting: Quick Sort, Merge Sort, Selection Sort, Inserting Sort, Radix Sort, Counting Sort, External Sort, Trees: Basic terminology, Binary Tree: Binary tree representation, Traversal of Binary Tree (Inorder, Preorder and Postorder), Application of Binary Trees. Set Representation, Counting Binary Trees, Binary Search Tree: BST representation, Basic","[""course_code"", ""course_title"", ""credits"", ""prerequisite""]"
step9-development-final-20260929T185115270858Z-84c03a,Q099:banglish,banglish,2,curricula_BSc-Curriculum-New.pdf,curricula_BSc-Curriculum-New.pdf,doc-4d373684ce4879ed066003f5,52,doc-4d373684ce4879ed066003f5-p000052-b0012-c0001,14.0,,,,"CSE 205 Data Structures 3.00 CSE 101, CSE103, CSE 105","[""course_code"", ""course_title"", ""credits"", ""prerequisite""]"
step9-development-final-20260929T185115270858Z-84c03a,Q099:banglish,banglish,3,curricula_BSc-Curriculum-New.pdf,curricula_BSc-Curriculum-New.pdf,doc-4d373684ce4879ed066003f5,71,doc-4d373684ce4879ed066003f5-p000071-b0003-c0001,14.0,,,,"Course Code: CSE 207 Course Title: Algorithm Credits: 3.00 Prerequisite: CSE 103, CSE 205 Introduction: The role of algorithms in computing. Complexity analysis: Growth of function, asymptotic notations, orders, designing worst case and average-case. Recurrence relations : Substitution method, iteration method, master method. Divide and Conquer: Basic idea, control structure properties of D & C, applications of D & C. Dynamic Programming : Elements of Dynamic Programming, Comparison with D & C. Application of Dynamic programming in: Optimal binary search tree, 0/1 Knapsack problem. Greedy Method : Elements of greedy method, basic control structure, Application of Greedy method in: Minimum cost span ning tree, Huffman code, Job sequencing with deadline. Backtracking: Basic idea behind backtracking, control structure. Application of backtracking in: graph coloring problem, n -queens problems. Branch and Bound : Basic idea and control structure of Branch and Bound. FIFO branch and Bound, LC Branch and Bound, the l5 -puzzle problem. Graph related algorithms: Breadth First search, Depth First search, Topological sort, Dijkstra's shortest path algorithm, The Bellman -Ford algorithm for single source shortest p ath, The Floyd -War shall algorithm for all pair shortest path, Johnson's algorithm for sparse graph, Flow networks, the Ford -Fulkerson","[""course_code"", ""course_title"", ""credits"", ""prerequisite""]"
step9-development-final-20260929T185115270858Z-84c03a,Q100:english,english,1,curricula_BSc-Curriculum-New.pdf,curricula_BSc-Curriculum-New.pdf,doc-4d373684ce4879ed066003f5,69,doc-4d373684ce4879ed066003f5-p000069-b0003-c0001,18.0,,,,"Course Code: CSE 206 Course Title: Data Structures Lab Credits: 1.50 Prerequisite: None Objectives: Laboratory assignments will be based on Course CSE -205. Students will be able to implement different data strcutures; like Array, String, Linked List, Stack, Queue, Tree, and Graph in any programming language. They will be introduced with different sorting algorithms and advanced data structures. Text Book: 1. Data Structures, Seymour Lipschutz, Schaum‘s outlines, 2nd edition. 2. Data Structures and Program Design, Robert L. Kruse, Prentice Hall. 3. Data structures and problem solving using C++, Second edition Mark Allen Weiss, Pearson Addition Wesley Education. 4. Data Structures Using C and C++, Yedidyah Langsam, Moshe J. Augenstein, and Aaron M. Tenenbaum, Prentice Hall. 5. Data Structures, Edward M. Reigngold. Wilfred J. H ansen, Addison Wesley Publishing Company","[""course_code"", ""course_title"", ""credits"", ""prerequisite""]"
step9-development-final-20260929T185115270858Z-84c03a,Q100:english,english,2,curricula_BSc-Curriculum-New.pdf,curricula_BSc-Curriculum-New.pdf,doc-4d373684ce4879ed066003f5,52,doc-4d373684ce4879ed066003f5-p000052-b0013-c0001,16.0,,,,CSE 206 Data Structures Lab 1.50 Nil,"[""course_code"", ""course_title"", ""credits"", ""prerequisite""]"
step9-development-final-20260929T185115270858Z-84c03a,Q100:english,english,3,curricula_BSc-Curriculum-New.pdf,curricula_BSc-Curriculum-New.pdf,doc-4d373684ce4879ed066003f5,80,doc-4d373684ce4879ed066003f5-p000080-b0007-c0001,14.0,,,,Course Code: CSE 314 Course Title: Numerical Methods Lab Credits: 0.75 Prerequisite: CSE 206 Objectives: Laboratory assignments will be based on Course CSE-313.,"[""course_code"", ""course_title"", ""credits"", ""prerequisite""]"
step9-development-final-20260929T185115270858Z-84c03a,Q100:bangla,bangla,1,curricula_BSc-Curriculum-New.pdf,curricula_BSc-Curriculum-New.pdf,doc-4d373684ce4879ed066003f5,69,doc-4d373684ce4879ed066003f5-p000069-b0003-c0001,18.0,,,,"Course Code: CSE 206 Course Title: Data Structures Lab Credits: 1.50 Prerequisite: None Objectives: Laboratory assignments will be based on Course CSE -205. Students will be able to implement different data strcutures; like Array, String, Linked List, Stack, Queue, Tree, and Graph in any programming language. They will be introduced with different sorting algorithms and advanced data structures. Text Book: 1. Data Structures, Seymour Lipschutz, Schaum‘s outlines, 2nd edition. 2. Data Structures and Program Design, Robert L. Kruse, Prentice Hall. 3. Data structures and problem solving using C++, Second edition Mark Allen Weiss, Pearson Addition Wesley Education. 4. Data Structures Using C and C++, Yedidyah Langsam, Moshe J. Augenstein, and Aaron M. Tenenbaum, Prentice Hall. 5. Data Structures, Edward M. Reigngold. Wilfred J. H ansen, Addison Wesley Publishing Company","[""course_code"", ""course_title"", ""credits"", ""prerequisite""]"
step9-development-final-20260929T185115270858Z-84c03a,Q100:bangla,bangla,2,curricula_BSc-Curriculum-New.pdf,curricula_BSc-Curriculum-New.pdf,doc-4d373684ce4879ed066003f5,52,doc-4d373684ce4879ed066003f5-p000052-b0013-c0001,16.0,,,,CSE 206 Data Structures Lab 1.50 Nil,"[""course_code"", ""course_title"", ""credits"", ""prerequisite""]"
step9-development-final-20260929T185115270858Z-84c03a,Q100:bangla,bangla,3,curricula_BSc-Curriculum-New.pdf,curricula_BSc-Curriculum-New.pdf,doc-4d373684ce4879ed066003f5,80,doc-4d373684ce4879ed066003f5-p000080-b0007-c0001,14.0,,,,Course Code: CSE 314 Course Title: Numerical Methods Lab Credits: 0.75 Prerequisite: CSE 206 Objectives: Laboratory assignments will be based on Course CSE-313.,"[""course_code"", ""course_title"", ""credits"", ""prerequisite""]"
step9-development-final-20260929T185115270858Z-84c03a,Q100:banglish,banglish,1,curricula_BSc-Curriculum-New.pdf,curricula_BSc-Curriculum-New.pdf,doc-4d373684ce4879ed066003f5,69,doc-4d373684ce4879ed066003f5-p000069-b0003-c0001,19.0,,,,"Course Code: CSE 206 Course Title: Data Structures Lab Credits: 1.50 Prerequisite: None Objectives: Laboratory assignments will be based on Course CSE -205. Students will be able to implement different data strcutures; like Array, String, Linked List, Stack, Queue, Tree, and Graph in any programming language. They will be introduced with different sorting algorithms and advanced data structures. Text Book: 1. Data Structures, Seymour Lipschutz, Schaum‘s outlines, 2nd edition. 2. Data Structures and Program Design, Robert L. Kruse, Prentice Hall. 3. Data structures and problem solving using C++, Second edition Mark Allen Weiss, Pearson Addition Wesley Education. 4. Data Structures Using C and C++, Yedidyah Langsam, Moshe J. Augenstein, and Aaron M. Tenenbaum, Prentice Hall. 5. Data Structures, Edward M. Reigngold. Wilfred J. H ansen, Addison Wesley Publishing Company","[""course_code"", ""course_title"", ""credits"", ""prerequisite""]"
step9-development-final-20260929T185115270858Z-84c03a,Q100:banglish,banglish,2,curricula_BSc-Curriculum-New.pdf,curricula_BSc-Curriculum-New.pdf,doc-4d373684ce4879ed066003f5,52,doc-4d373684ce4879ed066003f5-p000052-b0013-c0001,16.0,,,,CSE 206 Data Structures Lab 1.50 Nil,"[""course_code"", ""course_title"", ""credits"", ""prerequisite""]"
step9-development-final-20260929T185115270858Z-84c03a,Q100:banglish,banglish,3,curricula_BSc-Curriculum-New.pdf,curricula_BSc-Curriculum-New.pdf,doc-4d373684ce4879ed066003f5,80,doc-4d373684ce4879ed066003f5-p000080-b0007-c0001,15.0,,,,Course Code: CSE 314 Course Title: Numerical Methods Lab Credits: 0.75 Prerequisite: CSE 206 Objectives: Laboratory assignments will be based on Course CSE-313.,"[""course_code"", ""course_title"", ""credits"", ""prerequisite""]"
