question_id,question,expected_language,course_code,expected_intent,detected_intent,ground_truth_status,detected_language,response_language,language_consistent,reference_answer,generated_answer,language_consistency,reference_token_overlap,answer_mode,generation_mode,retrieved_source_1,retrieved_page_1,retrieved_score_1,retrieved_source_2,retrieved_page_2,retrieved_score_2,retrieved_source_3,retrieved_page_3,retrieved_score_3,latency_seconds,answer_bank_enabled,retrieved_source,retrieved_page,retrieval_score
Q001,What is the course code and title of CSE 101?,english,CSE 101,course_metadata,course_metadata,verified,english,english,True,"The course code is CSE 101, and the course title is Computer Fundamentals and Programming.",The course code for CSE 101 is CSE 101. The course title is Computer Fundamentals and Programming.,True,1.000,gguf_generation,gguf_generation,document2.pdf,1,2.7346,document2.pdf,2,2.1223,document2.pdf,6,2.0868,24.217,False,document2.pdf; document2.pdf; document2.pdf,1; 2; 6,2.7346; 2.1223; 2.0868
Q001,CSE 101 কোর্সের কোর্স কোড এবং শিরোনাম কী?,bangla,CSE 101,course_metadata,course_metadata,verified,bangla,bangla,True,"The course code is CSE 101, and the course title is Computer Fundamentals and Programming.",উত্তর: CSE 101 কোর্সের কোর্স কোড এবং শিরোনাম হল CSE 101.,True,0.250,gguf_generation,gguf_generation,document2.pdf,1,2.4303,document2.pdf,3,2.0090,document2.pdf,2,2.0049,9.444,False,document2.pdf; document2.pdf; document2.pdf,1; 3; 2,2.4303; 2.0090; 2.0049
Q001,CSE 101 course-er course code ebong title ki?,banglish,CSE 101,course_metadata,course_metadata,verified,banglish,banglish,True,"The course code is CSE 101, and the course title is Computer Fundamentals and Programming.","Ei information-ta: CSE 101 course code is 101, and the course title is Computer Fundamentals and Programming.",True,1.000,gguf_generation,gguf_generation,document2.pdf,1,2.6514,document2.pdf,2,2.0956,document2.pdf,6,2.0510,7.336,False,document2.pdf; document2.pdf; document2.pdf,1; 2; 6,2.6514; 2.0956; 2.0510
Q002,What are the main objectives of the Computer Fundamentals and Programming course?,english,CSE 101,course_objective,course_objective,verified,english,english,True,"The main objectives are to introduce computer hardware, software and functionalities; explain number systems, base conversion and Boolean algebra; and introduce basic programming and program-planning tools.","The main objectives of the Computer Fundamentals and Programming course are to introduce computer hardware, software, and functionalities, provide a thorough understanding of the number system, base conversion, and Boolean algebra, and introduce basic programming and different program planning tools.",True,0.900,gguf_generation,gguf_generation,document2.pdf,1,12.8368,document3.pdf,1,10.1343,document1.pdf,1,10.1265,8.686,False,document2.pdf; document3.pdf; document1.pdf,1; 1; 1,12.8368; 10.1343; 10.1265
Q002,Computer Fundamentals and Programming কোর্সের প্রধান উদ্দেশ্যগুলো কী?,bangla,CSE 101,course_objective,course_objective,verified,bangla,bangla,True,"The main objectives are to introduce computer hardware, software and functionalities; explain number systems, base conversion and Boolean algebra; and introduce basic programming and program-planning tools.","উত্তর: The primary objectives of the Computer Fundamentals and Programming course are to introduce computer hardware, software, and functionalities, provide a thorough understanding of the number system, base conversion, and Boolean algebra, and introduce basic programming and different program planning tools.",True,0.850,gguf_generation,gguf_generation,document2.pdf,1,2.6906,document2.pdf,2,2.5686,document2.pdf,6,2.3723,10.426,False,document2.pdf; document2.pdf; document2.pdf,1; 2; 6,2.6906; 2.5686; 2.3723
Q002,Computer Fundamentals and Programming course-er main objectives-gulo ki?,banglish,CSE 101,course_objective,course_objective,verified,banglish,banglish,True,"The main objectives are to introduce computer hardware, software and functionalities; explain number systems, base conversion and Boolean algebra; and introduce basic programming and program-planning tools.","Ei information-ta: The main objectives of the Computer Fundamentals and Programming course are to introduce computer hardware, software, and functionalities, provide a thorough understanding of the number system, base conversion, and Boolean algebra, and introduce basic programming and different program planning tools.",True,0.900,gguf_generation,gguf_generation,document2.pdf,1,12.8211,document1.pdf,1,10.1269,document3.pdf,1,10.1172,8.429,False,document2.pdf; document1.pdf; document3.pdf,1; 1; 1,12.8211; 10.1269; 10.1172
Q003,What is CLO 1 of CSE 101?,english,CSE 101,clo,clo,verified,english,english,True,"CLO 1 is to describe fundamentals of computer systems, software and hardware.","CLO 1 of CSE 101 is ""Describe fundamentals of Computer Systems, Software, and Hardware.""",True,0.889,gguf_generation,gguf_generation,document2.pdf,2,12.1567,document1.pdf,1,10.2064,document3.pdf,1,10.1764,7.236,False,document2.pdf; document1.pdf; document3.pdf,2; 1; 1,12.1567; 10.2064; 10.1764
Q003,CSE 101-এর CLO 1 কী?,bangla,CSE 101,clo,clo,verified,bangla,bangla,True,"CLO 1 is to describe fundamentals of computer systems, software and hardware.","উত্তর: CLO 1: Describe fundamentals of Computer Systems, Software, and Hardware",True,0.889,gguf_generation,gguf_generation,document2.pdf,2,12.1698,document1.pdf,1,10.2232,document3.pdf,1,10.1880,6.441,False,document2.pdf; document1.pdf; document3.pdf,2; 1; 1,12.1698; 10.2232; 10.1880
Q003,CSE 101-er CLO 1 ki?,banglish,CSE 101,clo,clo,verified,banglish,banglish,True,"CLO 1 is to describe fundamentals of computer systems, software and hardware.",Available university documents-e ei information-ta paoa jayni.,True,0.000,gguf_generation,gguf_generation,document2.pdf,2,12.1196,document1.pdf,1,10.1769,document3.pdf,1,10.1568,6.054,False,document2.pdf; document1.pdf; document3.pdf,2; 1; 1,12.1196; 10.1769; 10.1568
Q004,What is CLO 2 of CSE 101?,english,CSE 101,clo,clo,verified,english,english,True,CLO 2 is to understand the fundamentals of Boolean algebra and number systems.,CLO 2 of CSE 101 is Understand the fundamentals of Boolean algebra and number systems.,True,0.889,gguf_generation,gguf_generation,document2.pdf,2,12.1538,document3.pdf,1,10.1551,document1.pdf,2,9.9502,7.201,False,document2.pdf; document3.pdf; document1.pdf,2; 1; 2,12.1538; 10.1551; 9.9502
Q004,CSE 101-এর CLO 2 কী?,bangla,CSE 101,clo,clo,verified,bangla,bangla,True,CLO 2 is to understand the fundamentals of Boolean algebra and number systems.,উত্তর: CLO 2 Understand the fundamentals of Boolean algebra and number systems,True,0.889,gguf_generation,gguf_generation,document2.pdf,2,12.1628,document3.pdf,1,10.1594,document1.pdf,2,9.9688,6.569,False,document2.pdf; document3.pdf; document1.pdf,2; 1; 2,12.1628; 10.1594; 9.9688
Q004,CSE 101-er CLO 2 ki?,banglish,CSE 101,clo,clo,verified,banglish,banglish,True,CLO 2 is to understand the fundamentals of Boolean algebra and number systems.,Ei information-ta: CLO 2 Understand the fundamentals of Boolean algebra and number systems.,True,0.889,gguf_generation,gguf_generation,document2.pdf,2,12.0972,document3.pdf,1,10.1206,document1.pdf,2,9.8922,6.436,False,document2.pdf; document3.pdf; document1.pdf,2; 1; 2,12.0972; 10.1206; 9.8922
Q005,What is CLO 3 of CSE 101?,english,CSE 101,clo,clo,verified,english,english,True,"CLO 3 is to design flowcharts, algorithms and pseudocodes.","CLO 3 of CSE 101 is Design flowcharts, algorithms and pseudocodes of problem solutions.",True,0.833,gguf_generation,gguf_generation,document2.pdf,2,12.1465,document3.pdf,1,10.1517,document1.pdf,2,9.9227,7.272,False,document2.pdf; document3.pdf; document1.pdf,2; 1; 2,12.1465; 10.1517; 9.9227
Q005,CSE 101-এর CLO 3 কী?,bangla,CSE 101,clo,clo,verified,bangla,bangla,True,"CLO 3 is to design flowcharts, algorithms and pseudocodes.","উত্তর: CLO 3 Design flowcharts, algorithms and pseudocodes of problem solutions",True,0.833,gguf_generation,gguf_generation,document2.pdf,2,12.1511,document3.pdf,1,10.1536,document1.pdf,2,9.9351,6.901,False,document2.pdf; document3.pdf; document1.pdf,2; 1; 2,12.1511; 10.1536; 9.9351
Q005,CSE 101-er CLO 3 ki?,banglish,CSE 101,clo,clo,verified,banglish,banglish,True,"CLO 3 is to design flowcharts, algorithms and pseudocodes.","Ei information-ta: CLO 3 Design flowcharts, algorithms and pseudocodes of problem solutions.",True,0.833,gguf_generation,gguf_generation,document2.pdf,2,12.0836,document3.pdf,1,10.1100,document1.pdf,2,9.8555,7.879,False,document2.pdf; document3.pdf; document1.pdf,2; 1; 2,12.0836; 10.1100; 9.8555
Q006,What is CLO 4 of CSE 101?,english,CSE 101,clo,clo,verified,english,english,True,"CLO 4 is to develop simple programs using conditionals, loops and arrays.","CLO 4 of CSE 101 is Develop simple programs using conditionals, loops, and arrays.",True,0.889,gguf_generation,gguf_generation,document2.pdf,2,12.1444,document3.pdf,1,10.1603,document1.pdf,2,9.9168,7.621,False,document2.pdf; document3.pdf; document1.pdf,2; 1; 2,12.1444; 10.1603; 9.9168
Q006,CSE 101-এর CLO 4 কী?,bangla,CSE 101,clo,clo,verified,bangla,bangla,True,"CLO 4 is to develop simple programs using conditionals, loops and arrays.",উত্তর: CLO 4 এর বিবরণ কী?,True,0.111,gguf_generation,gguf_generation,document2.pdf,2,12.1526,document3.pdf,1,10.1617,document1.pdf,2,9.9329,6.905,False,document2.pdf; document3.pdf; document1.pdf,2; 1; 2,12.1526; 10.1617; 9.9329
Q006,CSE 101-er CLO 4 ki?,banglish,CSE 101,clo,clo,verified,banglish,banglish,True,"CLO 4 is to develop simple programs using conditionals, loops and arrays.",Available university documents-e ei information-ta paoa jayni.,True,0.000,gguf_generation,gguf_generation,document2.pdf,2,12.0919,document3.pdf,1,10.1253,document1.pdf,2,9.8638,6.444,False,document2.pdf; document3.pdf; document1.pdf,2; 1; 2,12.0919; 10.1253; 9.8638
Q007,Name four types of computer hardware mentioned in the course.,english,CSE 101,topics,unknown,needs_review,english,english,True,"Mouse, keyboard, monitor and CPU.","mouse, keyboard, monitor, and CPU.",True,1.000,gguf_generation,gguf_generation,document2.pdf,2,1.0744,document3.pdf,1,0.9411,document2.pdf,3,0.8733,7.241,False,document2.pdf; document3.pdf; document2.pdf,2; 1; 3,1.0744; 0.9411; 0.8733
Q007,কোর্সে উল্লেখিত চারটি কম্পিউটার হার্ডওয়্যারের নাম কী?,bangla,CSE 101,topics,unknown,needs_review,bangla,bangla,True,"Mouse, keyboard, monitor and CPU.",উত্তর: কোর্সে উল্লেখিত চারটি কম্পিউটার হার্ডওয়্যারের নাম হল: 1. ম্যাস্কিং (Mouse) 2. ক্যাবল্যান্ড (Keyboard) 3. ম্যান্ট্রোপ্যাল (Monitor) 4. ক্যাপ্লার (CPU),True,1.000,gguf_generation,gguf_generation,document2.pdf,4,0.6352,document2.pdf,2,0.6237,document2.pdf,1,0.5901,16.951,False,document2.pdf; document2.pdf; document2.pdf,4; 2; 1,0.6352; 0.6237; 0.5901
Q007,Course-e mention kora char-ti computer hardware-er naam ki?,banglish,CSE 101,topics,unknown,needs_review,banglish,banglish,True,"Mouse, keyboard, monitor and CPU.","Ei information-ta: CLO 4 c 1/Analyze Lecture, Classwork, Assignments Written exam, Class Test.",True,0.000,gguf_generation,gguf_generation,document2.pdf,2,1.1444,document2.pdf,1,1.0110,document2.pdf,3,0.9789,7.419,False,document2.pdf; document2.pdf; document2.pdf,2; 1; 3,1.1444; 1.0110; 0.9789
Q008,What are the two types of computer software mentioned in the course?,english,CSE 101,topics,unknown,needs_review,english,english,True,Application software and system software.,The two types of computer software mentioned in the course are application software and system software.,True,1.000,gguf_generation,gguf_generation,document2.pdf,2,1.0716,document2.pdf,1,0.9249,document2.pdf,3,0.8900,7.509,False,document2.pdf; document2.pdf; document2.pdf,2; 1; 3,1.0716; 0.9249; 0.8900
Q008,কোর্সে উল্লেখিত কম্পিউটার সফটওয়্যারের দুটি ধরন কী?,bangla,CSE 101,topics,course_type,needs_review,bangla,bangla,True,Application software and system software.,উত্তর: কোর্সে উল্লেখিত কম্পিউটার সফটওয়্যারের দুটি ধরন হলো: 1. কম্পিউটার সফটওয়্যারের প্রাথমিক ধরন: যা কম্পিউটারের সমস্যা সমাধান করার মাধ্যমে প্রয়োজন করা হয়। এই ধরনের সফটওয়্যার,True,0.000,gguf_generation,gguf_generation,document2.pdf,1,0.5934,document2.pdf,2,0.5898,document2.pdf,10,0.5719,22.180,False,document2.pdf; document2.pdf; document2.pdf,1; 2; 10,0.5934; 0.5898; 0.5719
Q008,Course-e mention kora computer software-er dui-ti type ki?,banglish,CSE 101,topics,course_type,needs_review,banglish,banglish,True,Application software and system software.,Ei information-ta: Core Course.,True,0.000,gguf_generation,gguf_generation,document2.pdf,1,1.1833,document2.pdf,2,1.1581,document2.pdf,3,0.9892,5.450,False,document2.pdf; document2.pdf; document2.pdf,1; 2; 3,1.1833; 1.1581; 0.9892
Q009,What number systems are included in CSE 101?,english,CSE 101,topics,course_code,verified,english,english,True,"Binary, decimal, octal and hexadecimal.","Topics under The number systems:
- In CSE 101 are binary
- Decimal
- Octal
- Hexadecimal",True,1.000,gguf_generation,gguf_generation,document2.pdf,1,2.5531,document2.pdf,5,2.3877,document2.pdf,2,2.3237,5.570,False,document2.pdf; document2.pdf; document2.pdf,1; 5; 2,2.5531; 2.3877; 2.3237
Q009,CSE 101 কোর্সে কোন কোন Number System অন্তর্ভুক্ত করা হয়েছে?,bangla,CSE 101,topics,course_code,verified,bangla,bangla,True,"Binary, decimal, octal and hexadecimal.",উত্তর: CSE 101 কোর্সে বিভিন্ন নম্বর সম্পদ অন্তর্ভুক্ত করা হয়েছে।,True,0.000,gguf_generation,gguf_generation,document2.pdf,1,2.7077,document2.pdf,5,2.4201,document2.pdf,2,2.3548,8.676,False,document2.pdf; document2.pdf; document2.pdf,1; 5; 2,2.7077; 2.4201; 2.3548
Q009,CSE 101 course-e kon kon Number System include kora hoyeche?,banglish,CSE 101,topics,course_code,verified,banglish,english,False,"Binary, decimal, octal and hexadecimal.","Ei information-ta: Number System ● binary, decimal, octal, hexadecimal, etc. number systems and their conversions. ● addition, subtraction, and multiplication using different number systems ● Complements in the number system ● understand the conversion system among different number systems.",False,1.000,gguf_generation,gguf_generation,document2.pdf,1,2.6276,document2.pdf,5,2.3392,document2.pdf,2,2.2914,17.041,False,document2.pdf; document2.pdf; document2.pdf,1; 5; 2,2.6276; 2.3392; 2.2914
Q010,What operations are included in the study of number systems?,english,CSE 101,topics,course_code,needs_review,english,english,True,"Conversion, addition and subtraction.",- Addition - Subtraction - Multiplication - Complements,True,0.667,gguf_generation,gguf_generation,document2.pdf,5,0.9495,document2.pdf,2,0.8706,document1.pdf,2,0.6997,7.002,False,document2.pdf; document2.pdf; document1.pdf,5; 2; 2,0.9495; 0.8706; 0.6997
Q010,Number System-এর অধ্যয়নে কোন কোন গাণিতিক অপারেশন অন্তর্ভুক্ত রয়েছে?,bangla,CSE 101,topics,course_code,needs_review,bangla,bangla,True,"Conversion, addition and subtraction.",উত্তর: গাণিতিক অপারেশন অন্তর্ভুক্ত নামে নাম কোন গাণিতিক অপারেশন অন্তর্ভুক্ত রয়েছে।,True,0.000,gguf_generation,gguf_generation,document2.pdf,5,0.9099,document2.pdf,2,0.8113,document2.pdf,3,0.7975,12.254,False,document2.pdf; document2.pdf; document2.pdf,5; 2; 3,0.9099; 0.8113; 0.7975
Q010,Number System-er study-te kon kon mathematical operation include kora hoyeche?,banglish,CSE 101,topics,course_code,needs_review,banglish,banglish,True,"Conversion, addition and subtraction.","Ei information-ta: Addition, subtraction, and multiplication using different number systems.",True,0.667,gguf_generation,gguf_generation,document2.pdf,5,0.9663,document2.pdf,2,0.9230,document1.pdf,2,0.9003,8.017,False,document2.pdf; document2.pdf; document1.pdf,5; 2; 2,0.9663; 0.9230; 0.9003
Q011,What topics are included under Boolean Algebra?,english,CSE 101,topics,topics,needs_review,english,english,True,"Logic gates, Boolean addition and Boolean multiplication.","Topics under Boolean Algebra:
- Logic gates
- Boolean addition
- Boolean multiplication",True,1.000,structured_extractive,structured_extractive,document2.pdf,7,1.0292,document2.pdf,5,1.0055,document2.pdf,2,0.9877,0.192,False,document2.pdf; document2.pdf; document2.pdf,7; 5; 2,1.0292; 1.0055; 0.9877
Q011,Boolean Algebra-এর অধীনে কোন কোন বিষয় অন্তর্ভুক্ত রয়েছে?,bangla,CSE 101,topics,topics,needs_review,bangla,banglish,False,"Logic gates, Boolean addition and Boolean multiplication.","Boolean Algebra-er odhine bishoygulo:
- Logic gates
- Boolean addition
- Boolean multiplication",False,1.000,structured_extractive,structured_extractive,document2.pdf,5,0.8611,document2.pdf,2,0.8551,document2.pdf,3,0.7917,6.847,False,document2.pdf; document2.pdf; document2.pdf,5; 2; 3,0.8611; 0.8551; 0.7917
Q011,Boolean Algebra-er under-e kon kon topic include kora hoyeche?,banglish,CSE 101,topics,topics,needs_review,banglish,banglish,True,"Logic gates, Boolean addition and Boolean multiplication.","Boolean Algebra-er under-e topics:
- Logic gates
- Boolean addition
- Boolean multiplication",True,1.000,structured_extractive,structured_extractive,document2.pdf,7,0.9748,document2.pdf,5,0.9229,document2.pdf,2,0.8984,0.255,False,document2.pdf; document2.pdf; document2.pdf,7; 5; 2,0.9748; 0.9229; 0.8984
Q012,What are the three program-planning tools included in CSE 101?,english,CSE 101,topics,topics,verified,english,english,True,"Flowcharts, algorithms and pseudocodes.","Topics include Computer Hardware: mouse, keyboard, monitor, CPU, printer, scanner, router, modem; Computer Software: application software, system software; Boolean Algebra: logic gates, Boolean addition, and multiplication, Number Systems: binary, decimal, octal, hexadecimal number systems and their conversions, addition, subtraction; Program Planning Tools: flowcharts, algorithms, pseudocodes; Introduction to Programming: basic input-output, data types, constants and variables; operators and expressions; type conversion; Decision making: branching and selection structures; if-else and switch statements, conditional operators; Repetition and Loop Statements: for loop, while loop, do-while loop, branching and looping, loop nesting; Arrays: introduction to arrays.",True,1.000,structured_extractive,structured_extractive,document2.pdf,1,2.8760,document2.pdf,6,2.5414,document2.pdf,2,2.5038,0.217,False,document2.pdf; document2.pdf; document2.pdf,1; 6; 2,2.8760; 2.5414; 2.5038
Q012,CSE 101 কোর্সে ব্যবহৃত তিনটি Program Planning Tool কী কী?,bangla,CSE 101,topics,course_metadata,verified,bangla,bangla,True,"Flowcharts, algorithms and pseudocodes.",উত্তর: 1. Flowcharts 2. Algorithms 3. Pseudocodes,True,1.000,gguf_generation,gguf_generation,document2.pdf,1,2.8489,document2.pdf,6,2.5785,document2.pdf,2,2.5074,9.115,False,document2.pdf; document2.pdf; document2.pdf,1; 6; 2,2.8489; 2.5785; 2.5074
Q012,CSE 101 course-e use kora tin-ti Program Planning Tool ki ki?,banglish,CSE 101,topics,course_metadata,verified,banglish,banglish,True,"Flowcharts, algorithms and pseudocodes.",Ei information-ta: N/A.,True,0.000,gguf_generation,gguf_generation,document2.pdf,1,3.1114,document2.pdf,3,2.9023,document2.pdf,2,2.8963,6.248,False,document2.pdf; document2.pdf; document2.pdf,1; 3; 2,3.1114; 2.9023; 2.8963
Q013,What basic programming topics are introduced in CSE 101?,english,CSE 101,topics,topics,needs_review,english,english,True,"Basic input-output, data types, constants, variables, operators, expressions and type conversion.","Topics include Looking Inside the Computer System, Using the Keyboard and Mouse, Inputting Data in Other Ways, Video and Sound, Transforming Data into Information, Number system, Boolean algebra, Programming planning tools, Introduction to programming, Decision Making, Repetition and Loop Statements, Array.",True,0.091,structured_extractive,structured_extractive,document2.pdf,1,2.7854,document2.pdf,3,2.4693,document2.pdf,7,2.4531,0.186,False,document2.pdf; document2.pdf; document2.pdf,1; 3; 7,2.7854; 2.4693; 2.4531
Q013,CSE 101 কোর্সে কোন কোন মৌলিক Programming বিষয় পড়ানো হয়?,bangla,CSE 101,topics,topics,needs_review,bangla,bangla,True,"Basic input-output, data types, constants, variables, operators, expressions and type conversion.","উত্তর: Topics include Computer Hardware: mouse, keyboard, monitor, CPU, printer, scanner, router, modem; Computer Software: application software, system software; Boolean Algebra: logic gates, Boolean addition, and multiplication, Number Systems: binary, decimal, octal, hexadecimal number systems and their conversions, addition, subtraction; Program Planning Tools: flowcharts, algorithms, pseudocodes; Introduction to Programming: basic input-output, data types, constants and variables; operators and expressions; type conversion; Decision making: branching and selection structures; if-else and switch statements, conditional operators; Repetition and Loop Statements: for loop, while loop, do-while loop, branching and looping, loop nesting; Arrays: introduction to arrays.",True,1.000,structured_extractive,structured_extractive,document2.pdf,1,2.6519,document2.pdf,2,2.2247,document2.pdf,6,2.1959,0.167,False,document2.pdf; document2.pdf; document2.pdf,1; 2; 6,2.6519; 2.2247; 2.1959
Q013,CSE 101 course-e kon kon basic Programming topic porano hoy?,banglish,CSE 101,topics,topics,needs_review,banglish,banglish,True,"Basic input-output, data types, constants, variables, operators, expressions and type conversion.","Ei information-ta: , 1. Introduction to programming, 2. Decision Making, 3. Repetition and Loop Statements, 4. Array.",True,0.000,structured_extractive,structured_extractive,document2.pdf,1,2.7758,document2.pdf,3,2.4483,document2.pdf,7,2.4374,7.985,False,document2.pdf; document2.pdf; document2.pdf,1; 3; 7,2.7758; 2.4483; 2.4374
Q014,What decision-making statements are included in the course?,english,CSE 101,topics,topics,needs_review,english,english,True,"If-else, switch statements and conditional operators.","Topics include Computer Hardware: mouse, keyboard, monitor, CPU, printer, scanner, router, modem; Computer Software: application software, system software; Boolean Algebra: logic gates, Boolean addition, and multiplication, Number Systems: binary, decimal, octal, hexadecimal number systems and their conversions, addition, subtraction; Program Planning Tools: flowcharts, algorithms, pseudocodes; Introduction to Programming: basic input-output, data types, constants and variables; operators and expressions; type conversion; Decision making: branching and selection structures; if-else and switch statements, conditional operators; Repetition and Loop Statements: for loop, while loop, do-while loop, branching and looping, loop nesting; Arrays: introduction to arrays.",True,1.000,structured_extractive,structured_extractive,document2.pdf,2,1.0474,document2.pdf,7,1.0429,document2.pdf,6,1.0084,0.182,False,document2.pdf; document2.pdf; document2.pdf,2; 7; 6,1.0474; 1.0429; 1.0084
Q014,কোর্সে কোন কোন Decision-Making Statement অন্তর্ভুক্ত রয়েছে?,bangla,CSE 101,topics,topics,needs_review,bangla,bangla,True,"If-else, switch statements and conditional operators.","উত্তর: Topics include Computer Hardware: mouse, keyboard, monitor, CPU, printer, scanner, router, modem; Computer Software: application software, system software; Boolean Algebra: logic gates, Boolean addition, and multiplication, Number Systems: binary, decimal, octal, hexadecimal number systems and their conversions, addition, subtraction; Program Planning Tools: flowcharts, algorithms, pseudocodes; Introduction to Programming: basic input-output, data types, constants and variables; operators and expressions; type conversion; Decision making: branching and selection structures; if-else and switch statements, conditional operators; Repetition and Loop Statements: for loop, while loop, do-while loop, branching and looping, loop nesting; Arrays: introduction to arrays.",True,1.000,structured_extractive,structured_extractive,document2.pdf,7,1.0275,document2.pdf,2,1.0197,document2.pdf,3,0.9861,0.167,False,document2.pdf; document2.pdf; document2.pdf,7; 2; 3,1.0275; 1.0197; 0.9861
Q014,Course-e kon kon Decision-Making Statement include kora hoyeche?,banglish,CSE 101,topics,topics,needs_review,banglish,banglish,True,"If-else, switch statements and conditional operators.","Ei information-ta: 12. Course Learning Outcomes: at the end of the Course, the Students will be able to – CLO 1 Describe fundamentals of Computer Systems, Software, and Hardware CLO 2 Understand the fundamentals of Boolean algebra and number systems CLO 3 Design flowcharts, algorithms and pseudocodes of problem solutions CLO 4 Develop simple programs using conditionals, loops, and arrays.",True,0.000,structured_extractive,structured_extractive,document2.pdf,7,0.9497,document2.pdf,2,0.9121,document2.pdf,3,0.8881,11.425,False,document2.pdf; document2.pdf; document2.pdf,7; 2; 3,0.9497; 0.9121; 0.8881
Q015,What three types of loops are included in CSE 101?,english,CSE 101,topics,topics,verified,english,english,True,"For loop, while loop and do-while loop.","Topics include Computer Hardware: mouse, keyboard, monitor, CPU, printer, scanner, router, modem; Computer Software: application software, system software; Boolean Algebra: logic gates, Boolean addition, and multiplication, Number Systems: binary, decimal, octal, hexadecimal number systems and their conversions, addition, subtraction; Program Planning Tools: flowcharts, algorithms, pseudocodes; Introduction to Programming: basic input-output, data types, constants and variables; operators and expressions; type conversion; Decision making: branching and selection structures; if-else and switch statements, conditional operators; Repetition and Loop Statements: for loop, while loop, do-while loop, branching and looping, loop nesting; Arrays: introduction to arrays.",True,1.000,structured_extractive,structured_extractive,document2.pdf,1,2.3158,document2.pdf,2,2.3082,document2.pdf,6,2.1028,0.167,False,document2.pdf; document2.pdf; document2.pdf,1; 2; 6,2.3158; 2.3082; 2.1028
Q015,CSE 101 কোর্সে কোন তিন ধরনের Loop অন্তর্ভুক্ত রয়েছে?,bangla,CSE 101,topics,course_type,verified,bangla,bangla,True,"For loop, while loop and do-while loop.",উত্তর: The three types of loops mentioned in the CSE 101 course are: 1. For loop 2. While loop 3. Do-while loop,True,1.000,gguf_generation,gguf_generation,document2.pdf,1,2.3159,document2.pdf,7,2.1884,document2.pdf,2,2.1764,7.243,False,document2.pdf; document2.pdf; document2.pdf,1; 7; 2,2.3159; 2.1884; 2.1764
Q015,CSE 101 course-e kon tin dhoroner Loop include kora hoyeche?,banglish,CSE 101,topics,topics,verified,banglish,banglish,True,"For loop, while loop and do-while loop.","Ei information-ta: for loop, while loop, do-while loop, loop nesting.",True,1.000,structured_extractive,structured_extractive,document2.pdf,1,2.4003,document2.pdf,7,2.2457,document2.pdf,2,2.2386,6.419,False,document2.pdf; document2.pdf; document2.pdf,1; 7; 2,2.4003; 2.2457; 2.2386
Q016,What topics are included under repetition and loop statements?,english,CSE 101,topics,topics,needs_review,english,english,True,"Branching and looping, for loop, while loop, do-while loop and loop nesting.","Topics under repetition and loop statements:
- ● branching
- Looping
- ● for loop
- While loop
- Do-while loop
- ● loop nesting
- ● understand the concept of repetition
- Looping
- Nesting Problem solving on repetitions
- Looping
- Nesting Lecture
- Multimedia CLO4",True,1.000,structured_extractive,structured_extractive,document2.pdf,7,1.4422,document2.pdf,3,1.1063,document2.pdf,2,1.1004,0.175,False,document2.pdf; document2.pdf; document2.pdf,7; 3; 2,1.4422; 1.1063; 1.1004
Q016,Repetition and Loop Statements-এর অধীনে কোন কোন বিষয় অন্তর্ভুক্ত রয়েছে?,bangla,CSE 101,topics,topics,needs_review,bangla,bangla,True,"Branching and looping, for loop, while loop, do-while loop and loop nesting.","Repetition and Loop Statements-er odhine bishoygulo:
- - ব্যবহার এবং লুপ স্ট্রিংস - ফর লুপ - ব্যবহার এবং লুপ - ব্যবহার এবং লুপ - লুপ নেটিভিং - ব্যবহার এবং লুপ নেটিভিং - ব্যবহার এবং লুপ নেটিভিং - ব্যবহার এবং ল",True,0.143,structured_extractive,structured_extractive,document2.pdf,7,1.1405,document2.pdf,2,0.9546,document2.pdf,3,0.9497,19.162,False,document2.pdf; document2.pdf; document2.pdf,7; 2; 3,1.1405; 0.9546; 0.9497
Q016,Repetition and Loop Statements-er under-e kon kon topic include kora hoyeche?,banglish,CSE 101,topics,topics,needs_review,banglish,banglish,True,"Branching and looping, for loop, while loop, do-while loop and loop nesting.","Repetition and Loop Statements-er under-e topics:
- ● branching
- Looping
- ● for loop
- While loop
- Do-while loop
- ● loop nesting
- ● understand the concept of repetition
- Looping
- Nesting Problem solving on repetitions
- Looping
- Nesting Lecture
- Multimedia CLO4",True,1.000,structured_extractive,structured_extractive,document2.pdf,7,1.3296,document2.pdf,3,1.0367,document2.pdf,2,1.0208,0.171,False,document2.pdf; document2.pdf; document2.pdf,7; 3; 2,1.3296; 1.0367; 1.0208
Q017,What types of arrays are mentioned in the course outline?,english,CSE 101,topics,unknown,needs_review,english,english,True,1D array and 2D array.,- Introduction to arrays,True,0.000,gguf_generation,gguf_generation,document2.pdf,2,0.8695,document3.pdf,1,0.8165,document2.pdf,7,0.7403,7.199,False,document2.pdf; document3.pdf; document2.pdf,2; 1; 7,0.8695; 0.8165; 0.7403
Q017,কোর্সের Outline-এ কোন কোন ধরনের Array উল্লেখ করা হয়েছে?,bangla,CSE 101,topics,course_type,needs_review,bangla,bangla,True,1D array and 2D array.,উত্তর: না।,True,0.000,gguf_generation,gguf_generation,document2.pdf,2,0.7252,document2.pdf,7,0.7146,document2.pdf,3,0.7039,8.617,False,document2.pdf; document2.pdf; document2.pdf,2; 7; 3,0.7252; 0.7146; 0.7039
Q017,Course-er Outline-e kon kon dhoroner Array mention kora hoyeche?,banglish,CSE 101,topics,unknown,needs_review,banglish,banglish,True,1D array and 2D array.,"Ei information-ta: 12. Course Learning Outcomes: at the end of the Course, the Students will be able to – CLO 1 Describe fundamentals of Computer Systems, Software, and Hardware CLO 2 Understand the fundamentals of Boolean algebra and number systems CLO 3 Design flowcharts, algorithms and pseudocodes of problem solutions CLO 4 Develop simple programs using conditionals, loops, and arrays.",True,0.000,gguf_generation,gguf_generation,document2.pdf,7,0.6164,document2.pdf,2,0.5925,document2.pdf,3,0.5745,16.677,False,document2.pdf; document2.pdf; document2.pdf,7; 2; 3,0.6164; 0.5925; 0.5745
Q018,In which week is the Mid-Term Examination scheduled for CSE 101?,english,CSE 101,weekly_content,course_metadata,verified,english,english,True,The CSE 101 Mid-Term Examination is scheduled in Week 7.,The Mid-Term Examination for CSE 101 is scheduled for Week 7.,True,0.875,gguf_generation,gguf_generation,document2.pdf,5,2.5840,document2.pdf,8,2.5369,document2.pdf,1,2.4413,4.749,False,document2.pdf; document2.pdf; document2.pdf,5; 8; 1,2.5840; 2.5369; 2.4413
Q018,CSE 101 কোর্সের Mid-Term Examination কোন সপ্তাহে অনুষ্ঠিত হয়?,bangla,CSE 101,weekly_content,course_metadata,verified,bangla,bangla,True,The CSE 101 Mid-Term Examination is scheduled in Week 7.,উত্তর: The CSE 101 course's Mid-Term Examination is scheduled during the 2nd week of the semester.,True,0.875,gguf_generation,gguf_generation,document2.pdf,8,2.5401,document2.pdf,1,2.4619,document2.pdf,5,2.4465,6.876,False,document2.pdf; document2.pdf; document2.pdf,8; 1; 5,2.5401; 2.4619; 2.4465
Q018,CSE 101 course-er Mid-Term Examination kon week-e onushthito hoy?,banglish,CSE 101,weekly_content,course_metadata,verified,banglish,banglish,True,The CSE 101 Mid-Term Examination is scheduled in Week 7.,Ei information-ta: Week 5.,True,0.125,gguf_generation,gguf_generation,document2.pdf,5,2.5563,document2.pdf,8,2.4909,document2.pdf,1,2.4123,3.160,False,document2.pdf; document2.pdf; document2.pdf,5; 8; 1,2.5563; 2.4909; 2.4123
Q019,What percentage of the total marks is allocated to the Final Exam?,english,CSE 101,final_exam_marks,final_exam_marks,verified,english,unknown,False,50% of the total marks is allocated to the Final Exam.,50%,False,0.125,gguf_generation,gguf_generation,document2.pdf,9,1.1853,document3.pdf,6,1.0071,document2.pdf,8,0.9823,8.552,False,document2.pdf; document3.pdf; document2.pdf,9; 6; 8,1.1853; 1.0071; 0.9823
Q019,মোট নম্বরের কত শতাংশ Final Exam-এর জন্য বরাদ্দ করা হয়েছে?,bangla,CSE 101,final_exam_marks,final_exam_marks,verified,bangla,bangla,True,50% of the total marks is allocated to the Final Exam.,উত্তর: বর্ণিত কোন কৃত্রিম প্রশ্নে প্রদর্শন করে না।,True,0.000,gguf_generation,gguf_generation,document2.pdf,9,0.8544,document3.pdf,6,0.8397,document2.pdf,8,0.8386,12.208,False,document2.pdf; document3.pdf; document2.pdf,9; 6; 8,0.8544; 0.8397; 0.8386
Q019,Total marks-er koto percent Final Exam-er jonno boraddo kora hoyeche?,banglish,CSE 101,final_exam_marks,final_exam_marks,verified,banglish,banglish,True,50% of the total marks is allocated to the Final Exam.,Ei information-ta: 50% Total Marks: 100%.,True,0.375,gguf_generation,gguf_generation,document2.pdf,9,1.0822,document3.pdf,6,0.9038,document2.pdf,8,0.8739,5.507,False,document2.pdf; document3.pdf; document2.pdf,9; 6; 8,1.0822; 0.9038; 0.8739
Q020,What grade is awarded for a score of 80% or above?,english,CSE 101,assessment,assessment,verified,english,english,True,A+ with grade point 4.00.,"For a score of 80% or above, the grade awarded is A+.",True,0.250,gguf_generation,gguf_generation,document1.pdf,5,1.0190,document2.pdf,9,1.0116,document3.pdf,7,0.9209,6.461,False,document1.pdf; document2.pdf; document3.pdf,5; 9; 7,1.0190; 1.0116; 0.9209
Q020,80% বা তার বেশি নম্বর পেলে কোন Grade প্রদান করা হয়?,bangla,CSE 101,assessment,assessment,verified,bangla,bangla,True,A+ with grade point 4.00.,"উত্তর: If 80% or more is achieved, the grade awarded is A+.",True,0.250,gguf_generation,gguf_generation,document1.pdf,5,0.8806,document2.pdf,9,0.8751,document3.pdf,7,0.7856,6.509,False,document1.pdf; document2.pdf; document3.pdf,5; 9; 7,0.8806; 0.8751; 0.7856
Q020,80% ba tar beshi marks pele kon Grade deya hoy?,banglish,CSE 101,assessment,assessment,verified,banglish,banglish,True,A+ with grade point 4.00.,Ei information-ta: Grade 80% is equivalent to A+ in the grading structure provided.,True,0.250,gguf_generation,gguf_generation,document1.pdf,5,1.1389,document2.pdf,9,1.1358,document3.pdf,6,0.9748,6.391,False,document1.pdf; document2.pdf; document3.pdf,5; 9; 6,1.1389; 1.1358; 0.9748
Q021,What is the course code and title of the English course?,english,ENG (CSE) 101,course_metadata,course_metadata,verified,english,english,True,"The course code is ENG (CSE) 101, and the title is English.","The course code for the English course is ENG (CSE) 101, and the course title is English.",True,1.000,gguf_generation,gguf_generation,document3.pdf,1,0.3326,document2.pdf,1,0.1004,document1.pdf,1,0.0946,6.658,False,document3.pdf; document2.pdf; document1.pdf,1; 1; 1,0.3326; 0.1004; 0.0946
Q021,English কোর্সের কোর্স কোড এবং শিরোনাম কী?,bangla,ENG (CSE) 101,course_metadata,course_metadata,verified,bangla,bangla,True,"The course code is ENG (CSE) 101, and the title is English.","উত্তর: The English course code is ENG (CSE) 101 and the course title is ""English"".",True,1.000,gguf_generation,gguf_generation,document3.pdf,1,0.7743,document3.pdf,3,0.7123,document3.pdf,5,0.6788,6.693,False,document3.pdf; document3.pdf; document3.pdf,1; 3; 5,0.7743; 0.7123; 0.6788
Q021,English course-er course code ebong title ki?,banglish,ENG (CSE) 101,course_metadata,course_metadata,verified,banglish,banglish,True,"The course code is ENG (CSE) 101, and the title is English.",Ei information-ta: The English course-er course code is ENG (CSE) 101.,True,0.857,gguf_generation,gguf_generation,document3.pdf,1,0.2034,document2.pdf,1,0.0020,document1.pdf,1,-0.0207,6.281,False,document3.pdf; document2.pdf; document1.pdf,1; 1; 1,0.2034; 0.0020; -0.0207
Q022,What is the main objective of the English course?,english,ENG (CSE) 101,course_objective,course_objective,verified,english,english,True,"The main objective is to give students comprehensive knowledge of grammar and writing skills so they can use English for learning, examinations and communication.","The main objective of the English course is to make the students acquire comprehensive knowledge on grammar and writing skills so that they can use it for effective learning of their own subject, answer in English during their examinations and for communicative purposes.",True,0.900,gguf_generation,gguf_generation,document3.pdf,1,10.1753,document2.pdf,1,9.9295,document1.pdf,1,9.9185,8.565,False,document3.pdf; document2.pdf; document1.pdf,1; 1; 1,10.1753; 9.9295; 9.9185
Q022,English কোর্সের প্রধান উদ্দেশ্য কী?,bangla,ENG (CSE) 101,course_objective,course_objective,verified,bangla,bangla,True,"The main objective is to give students comprehensive knowledge of grammar and writing skills so they can use English for learning, examinations and communication.","উত্তর: The primary objective of the English course in the BSc in CSE program at the University of Asia Pacific is to make students acquire comprehensive knowledge on grammar and writing skills. This enables them to use these skills effectively for learning their own subjects, answering questions during examinations, and for communicative purposes.",True,0.700,gguf_generation,gguf_generation,document3.pdf,1,0.7661,document3.pdf,3,0.6900,document3.pdf,5,0.6838,9.545,False,document3.pdf; document3.pdf; document3.pdf,1; 3; 5,0.7661; 0.6900; 0.6838
Q022,English course-er main objective ki?,banglish,ENG (CSE) 101,course_objective,course_objective,verified,banglish,banglish,True,"The main objective is to give students comprehensive knowledge of grammar and writing skills so they can use English for learning, examinations and communication.","Ei information-ta: The main objective of the English course is to make the students acquire comprehensive knowledge on grammar and writing skills so that they can use it for effective learning of their own subject, answer in English during their examinations and for communicative purposes.",True,0.900,gguf_generation,gguf_generation,document3.pdf,1,10.1399,document2.pdf,1,9.9010,document1.pdf,1,9.8894,9.086,False,document3.pdf; document2.pdf; document1.pdf,1; 1; 1,10.1399; 9.9010; 9.8894
Q023,What is CLO 1 of the English course?,english,ENG (CSE) 101,clo,clo,verified,english,english,True,CLO 1 is to understand the basics of English grammar.,CLO 1 of the English course is Understand the basics of English grammar.,True,0.857,gguf_generation,gguf_generation,document3.pdf,1,10.0552,document2.pdf,2,9.9750,document1.pdf,1,9.8694,7.664,False,document3.pdf; document2.pdf; document1.pdf,1; 2; 1,10.0552; 9.9750; 9.8694
Q023,English কোর্সের CLO 1 কী?,bangla,ENG (CSE) 101,clo,clo,verified,bangla,bangla,True,CLO 1 is to understand the basics of English grammar.,"উত্তর: - CLO 1: Understand the basics of English grammar - CLO 2: Use reading techniques like scanning and skimming - CLO 3: Write various types of reports, letters, applications, and presentations using IT tools - CLO 4: Demonstrate basic communication skills in the target language",True,0.857,gguf_generation,gguf_generation,document3.pdf,1,10.8042,document2.pdf,2,10.7283,document1.pdf,1,10.6205,14.054,False,document3.pdf; document2.pdf; document1.pdf,1; 2; 1,10.8042; 10.7283; 10.6205
Q023,English course-er CLO 1 ki?,banglish,ENG (CSE) 101,clo,clo,verified,banglish,banglish,True,CLO 1 is to understand the basics of English grammar.,Ei information-ta: CLO 1 Understand the basics of English grammar.,True,0.857,gguf_generation,gguf_generation,document3.pdf,1,10.0540,document2.pdf,2,9.9360,document1.pdf,1,9.8666,8.754,False,document3.pdf; document2.pdf; document1.pdf,1; 2; 1,10.0540; 9.9360; 9.8666
Q024,What is CLO 2 of the English course?,english,ENG (CSE) 101,clo,clo,verified,english,english,True,CLO 2 is to use reading techniques such as scanning and skimming.,CLO 2 of the English course is to Use reading techniques like scanning and skimming.,True,0.778,gguf_generation,gguf_generation,document3.pdf,1,10.0207,document1.pdf,2,10.0010,document2.pdf,2,9.9709,8.808,False,document3.pdf; document1.pdf; document2.pdf,1; 2; 2,10.0207; 10.0010; 9.9709
Q024,English কোর্সের CLO 2 কী?,bangla,ENG (CSE) 101,clo,clo,verified,bangla,bangla,True,CLO 2 is to use reading techniques such as scanning and skimming.,উত্তর: CLO 2 describes the different techniques of evaluating indefinite and definite integrals.,True,0.222,gguf_generation,gguf_generation,document3.pdf,1,10.7606,document1.pdf,2,10.7516,document2.pdf,2,10.7233,8.111,False,document3.pdf; document1.pdf; document2.pdf,1; 2; 2,10.7606; 10.7516; 10.7233
Q024,English course-er CLO 2 ki?,banglish,ENG (CSE) 101,clo,clo,verified,banglish,banglish,True,CLO 2 is to use reading techniques such as scanning and skimming.,CLO 2 holo Understand the basics of English grammar.,True,0.111,gguf_generation,gguf_generation,document3.pdf,1,10.0215,document1.pdf,2,9.9550,document2.pdf,2,9.9342,8.265,False,document3.pdf; document1.pdf; document2.pdf,1; 2; 2,10.0215; 9.9550; 9.9342
Q025,What is CLO 3 of the English course?,english,ENG (CSE) 101,clo,clo,verified,english,english,True,"CLO 3 is to write reports, letters, applications and presentations using IT tools.","CLO 3 of the English course is to Write various types of reports, letters, applications, and presentations using IT tools.",True,1.000,gguf_generation,gguf_generation,document3.pdf,1,10.0215,document1.pdf,2,9.9689,document2.pdf,2,9.9625,8.742,False,document3.pdf; document1.pdf; document2.pdf,1; 2; 2,10.0215; 9.9689; 9.9625
Q025,English কোর্সের CLO 3 কী?,bangla,ENG (CSE) 101,clo,clo,verified,bangla,bangla,True,"CLO 3 is to write reports, letters, applications and presentations using IT tools.",উত্তর: CLO 3 Apply the concepts or techniques of differentiation and integration to solve the problems related to engineering study.,True,0.200,gguf_generation,gguf_generation,document3.pdf,1,10.7638,document1.pdf,2,10.7196,document2.pdf,2,10.7163,8.520,False,document3.pdf; document1.pdf; document2.pdf,1; 2; 2,10.7638; 10.7196; 10.7163
Q025,English course-er CLO 3 ki?,banglish,ENG (CSE) 101,clo,clo,verified,banglish,banglish,True,"CLO 3 is to write reports, letters, applications and presentations using IT tools.",Ei information-ta: CLO 3.,True,0.100,gguf_generation,gguf_generation,document3.pdf,1,10.0212,document1.pdf,2,9.9182,document2.pdf,2,9.9181,14.122,False,document3.pdf; document1.pdf; document2.pdf,1; 2; 2,10.0212; 9.9182; 9.9181
Q026,What is CLO 4 of the English course?,english,ENG (CSE) 101,clo,clo,verified,english,english,True,CLO 4 is to demonstrate basic communication skills in the target language.,CLO 4 of the English course is to Demonstrate basic communication skills in the target language.,True,1.000,gguf_generation,gguf_generation,document3.pdf,1,10.0299,document1.pdf,2,9.9667,document2.pdf,2,9.9644,9.536,False,document3.pdf; document1.pdf; document2.pdf,1; 2; 2,10.0299; 9.9667; 9.9644
Q026,English কোর্সের CLO 4 কী?,bangla,ENG (CSE) 101,clo,clo,verified,bangla,bangla,True,CLO 4 is to demonstrate basic communication skills in the target language.,উত্তর: CLO 4: Demonstrate basic communication skills in the target language.,True,0.889,gguf_generation,gguf_generation,document3.pdf,1,10.7706,document1.pdf,2,10.7182,document2.pdf,2,10.7177,7.844,False,document3.pdf; document1.pdf; document2.pdf,1; 2; 2,10.7706; 10.7182; 10.7177
Q026,English course-er CLO 4 ki?,banglish,ENG (CSE) 101,clo,clo,verified,banglish,banglish,True,CLO 4 is to demonstrate basic communication skills in the target language.,CLO 4 holo Demonstrate basic communication skills in the target language.,True,0.889,gguf_generation,gguf_generation,document3.pdf,1,10.0418,document2.pdf,2,9.9395,document1.pdf,2,9.9336,7.467,False,document3.pdf; document2.pdf; document1.pdf,1; 2; 2,10.0418; 9.9395; 9.9336
Q027,What grammar topic is introduced in Week 1?,english,ENG (CSE) 101,weekly_content,weekly_content,verified,english,english,True,Articles.,Introduction to Articles,True,1.000,gguf_generation,gguf_generation,document3.pdf,3,0.8886,document1.pdf,3,0.8180,document2.pdf,3,0.7954,4.738,False,document3.pdf; document1.pdf; document2.pdf,3; 3; 3,0.8886; 0.8180; 0.7954
Q027,Week 1-এ কোন Grammar Topic পড়ানো হয়?,bangla,ENG (CSE) 101,weekly_content,weekly_content,verified,bangla,bangla,True,Articles.,উত্তর: Week 1: Subject Verb Agreement and Prepositions,True,0.000,gguf_generation,gguf_generation,document3.pdf,3,0.9256,document1.pdf,3,0.8758,document1.pdf,4,0.8491,5.389,False,document3.pdf; document1.pdf; document1.pdf,3; 3; 4,0.9256; 0.8758; 0.8491
Q027,Week 1-e kon Grammar Topic porano hoy?,banglish,ENG (CSE) 101,weekly_content,weekly_content,verified,banglish,banglish,True,Articles.,Week 1-e Subject-Verb Agreement and Prepositions porano hoy.,True,0.000,gguf_generation,gguf_generation,document3.pdf,3,0.8492,document1.pdf,3,0.8154,document3.pdf,2,0.8004,5.373,False,document3.pdf; document1.pdf; document3.pdf,3; 3; 2,0.8492; 0.8154; 0.8004
Q028,What topics are covered in Week 2?,english,ENG (CSE) 101,weekly_content,weekly_content,verified,english,english,True,"Subject-Verb Agreement and Prepositions, with Quiz 1.",- Mean Value theorem - Taylor theorem,True,0.000,gguf_generation,gguf_generation,document1.pdf,3,0.7927,document3.pdf,3,0.7887,document2.pdf,3,0.7668,5.900,False,document1.pdf; document3.pdf; document2.pdf,3; 3; 3,0.7927; 0.7887; 0.7668
Q028,Week 2-এ কোন কোন বিষয় পড়ানো হয়?,bangla,ENG (CSE) 101,weekly_content,weekly_content,verified,bangla,bangla,True,"Subject-Verb Agreement and Prepositions, with Quiz 1.",উত্তর: - কোন বিষয় পড়ানো হয়?,True,0.000,gguf_generation,gguf_generation,document3.pdf,4,0.7451,document2.pdf,5,0.7278,document3.pdf,3,0.7267,8.973,False,document3.pdf; document2.pdf; document3.pdf,4; 5; 3,0.7451; 0.7278; 0.7267
Q028,Week 2-e kon kon topic porano hoy?,banglish,ENG (CSE) 101,weekly_content,weekly_content,verified,banglish,banglish,True,"Subject-Verb Agreement and Prepositions, with Quiz 1.","Week 2-e Pronouns and possessives, Reading comprehension, Constructing proper sentence and learning to use reading techniques porano hoy.",True,0.000,gguf_generation,gguf_generation,document1.pdf,4,0.7227,document3.pdf,3,0.7096,document1.pdf,3,0.7014,6.607,False,document1.pdf; document3.pdf; document1.pdf,4; 3; 3,0.7227; 0.7096; 0.7014
Q029,What reading techniques are included in the course?,english,ENG (CSE) 101,topics,topics,verified,english,english,True,Scanning and skimming.,"Topics under The reading techniques:
- In the course are scanning
- Skimming",True,1.000,gguf_generation,gguf_generation,document3.pdf,5,0.8934,document3.pdf,1,0.8687,document3.pdf,3,0.8662,5.681,False,document3.pdf; document3.pdf; document3.pdf,5; 1; 3,0.8934; 0.8687; 0.8662
Q029,কোর্সে কোন কোন Reading Technique অন্তর্ভুক্ত রয়েছে?,bangla,ENG (CSE) 101,topics,topics,verified,bangla,bangla,True,Scanning and skimming.,উত্তর: নাই।,True,0.000,gguf_generation,gguf_generation,document3.pdf,5,0.8650,document3.pdf,1,0.8503,document3.pdf,3,0.8331,9.351,False,document3.pdf; document3.pdf; document3.pdf,5; 1; 3,0.8650; 0.8503; 0.8331
Q029,Course-e kon kon Reading Technique include kora hoyeche?,banglish,ENG (CSE) 101,topics,topics,verified,banglish,banglish,True,Scanning and skimming.,Ei information-ta: Answer: N/A.,True,0.000,gguf_generation,gguf_generation,document3.pdf,5,0.7492,document3.pdf,1,0.7414,document3.pdf,3,0.7284,6.440,False,document3.pdf; document3.pdf; document3.pdf,5; 1; 3,0.7492; 0.7414; 0.7284
Q030,What types of formal letters are included in the course?,english,ENG (CSE) 101,topics,topics,verified,english,english,True,"Order, apology, complaint and request letters.",- Order - Apology - Complain - Request,True,0.600,gguf_generation,gguf_generation,document3.pdf,5,0.9178,document3.pdf,1,0.8599,document3.pdf,3,0.8422,6.887,False,document3.pdf; document3.pdf; document3.pdf,5; 1; 3,0.9178; 0.8599; 0.8422
Q030,কোর্সে কোন কোন ধরনের Formal Letter অন্তর্ভুক্ত রয়েছে?,bangla,ENG (CSE) 101,topics,course_type,verified,bangla,bangla,True,"Order, apology, complaint and request letters.",উত্তর: না।,True,0.000,gguf_generation,gguf_generation,document3.pdf,5,0.9003,document3.pdf,3,0.8540,document3.pdf,2,0.7145,8.881,False,document3.pdf; document3.pdf; document3.pdf,5; 3; 2,0.9003; 0.8540; 0.7145
Q030,Course-e kon kon dhoroner Formal Letter include kora hoyeche?,banglish,ENG (CSE) 101,topics,topics,verified,banglish,banglish,True,"Order, apology, complaint and request letters.","Ei information-ta: Topics include 15. Alignment of topics of the courses with CLOs: SL Topic/ Content Course Outcome 1 Overview of the syllabus, Introduction to basic grammar like Articles CLO1 2 Subject Verb Agreement and Prepositions; Quiz 1 CLO1 3 Pronouns and possessives, Reading comprehension CLO1, CLO2 4 Tense; Class Test 1 CLO1 5 letter writing (Order, Apology, Complain, Request) CLO3 6 Email Writing CLO4 7 Review of Midterm Syllabus MIDTERM EXAM 8 Discussion of Midterm Exam Result, Conditional Sentences CLO1, CLO2 9 Joining sentences CLO1 10 Modals Verbs, Quiz 2 CLO1 11 Commonly confusing words CLO2 12 Punctuation, capital letters and Spelling (Error Correction) CLO1, CLO2 13 Film and book review; Presentation CLO4 14 Paragraph writing and Review of Final Exam Syllabus CLO3, CLO4.",True,0.800,structured_extractive,structured_extractive,document3.pdf,5,0.7375,document3.pdf,3,0.6799,document3.pdf,2,0.5565,0.169,False,document3.pdf; document3.pdf; document3.pdf,5; 3; 2,0.7375; 0.6799; 0.5565
Q031,What is taught under the Email Writing topic?,english,ENG (CSE) 101,topics,topics,verified,english,english,True,The use of email and the proper format of professional email are taught.,"Topics include 15. Alignment of topics of the courses with CLOs: SL Topic/ Content Course Outcome 1 Overview of the syllabus, Introduction to basic grammar like Articles CLO1 2 Subject Verb Agreement and Prepositions; Quiz 1 CLO1 3 Pronouns and possessives, Reading comprehension CLO1, CLO2 4 Tense; Class Test 1 CLO1 5 letter writing (Order, Apology, Complain, Request) CLO3 6 Email Writing CLO4 7 Review of Midterm Syllabus MIDTERM EXAM 8 Discussion of Midterm Exam Result, Conditional Sentences CLO1, CLO2 9 Joining sentences CLO1 10 Modals Verbs, Quiz 2 CLO1 11 Commonly confusing words CLO2 12 Punctuation, capital letters and Spelling (Error Correction) CLO1, CLO2 13 Film and book review; Presentation CLO4 14 Paragraph writing and Review of Final Exam Syllabus CLO3, CLO4.",True,0.286,structured_extractive,structured_extractive,document3.pdf,3,1.1335,document3.pdf,5,1.0400,document3.pdf,2,0.9603,0.175,False,document3.pdf; document3.pdf; document3.pdf,3; 5; 2,1.1335; 1.0400; 0.9603
Q031,Email Writing-এর অধীনে কী শেখানো হয়?,bangla,ENG (CSE) 101,topics,topics,verified,bangla,bangla,True,The use of email and the proper format of professional email are taught.,"উত্তর: Topics include 15. Alignment of topics of the courses with CLOs: SL Topic/ Content Course Outcome 1 Overview of the syllabus, Introduction to basic grammar like Articles CLO1 2 Subject Verb Agreement and Prepositions; Quiz 1 CLO1 3 Pronouns and possessives, Reading comprehension CLO1, CLO2 4 Tense; Class Test 1 CLO1 5 letter writing (Order, Apology, Complain, Request) CLO3 6 Email Writing CLO4 7 Review of Midterm Syllabus MIDTERM EXAM 8 Discussion of Midterm Exam Result, Conditional Sentences CLO1, CLO2 9 Joining sentences CLO1 10 Modals Verbs, Quiz 2 CLO1 11 Commonly confusing words CLO2 12 Punctuation, capital letters and Spelling (Error Correction) CLO1, CLO2 13 Film and book review; Presentation CLO4 14 Paragraph writing and Review of Final Exam Syllabus CLO3, CLO4.",True,0.286,structured_extractive,structured_extractive,document3.pdf,5,0.8701,document3.pdf,3,0.8320,document3.pdf,2,0.7868,0.158,False,document3.pdf; document3.pdf; document3.pdf,5; 3; 2,0.8701; 0.8320; 0.7868
Q031,Email Writing-er under-e ki shekhano hoy?,banglish,ENG (CSE) 101,topics,topics,verified,banglish,banglish,True,The use of email and the proper format of professional email are taught.,"Ei information-ta: Week 5 Class notes and exercise sheets on subject-verb agreement and preposition Lecture and problem solving CLO1 Pronouns and possessives, Reading comprehension Constructing proper sentence and learning to use reading techniques Week 6 Class notes and exercise sheets on tense Lecture and problem solving CLO1 letter writing (Order, Apology, Complain, Request) Learning correct format of formal letters and constructing sentence in formal English.",True,0.571,gguf_generation,gguf_generation,document3.pdf,3,0.8129,document3.pdf,5,0.6898,document3.pdf,1,0.6666,12.455,False,document3.pdf; document3.pdf; document3.pdf,3; 5; 1,0.8129; 0.6898; 0.6666
Q032,What topic is covered after the Mid-Term Examination?,english,ENG (CSE) 101,weekly_content,topics,verified,english,english,True,Conditional Sentences.,"Topics include Function and sketching of a function, Limit, continuity and differentiability, Definite and indefinite integral, Gamma and Beta functions, Applied problems related to integration (Length, area, volume).",True,0.000,structured_extractive,structured_extractive,document3.pdf,5,1.1804,document1.pdf,4,1.1542,document1.pdf,3,1.1023,0.164,False,document3.pdf; document1.pdf; document1.pdf,5; 4; 3,1.1804; 1.1542; 1.1023
Q032,Mid-Term Examination-এর পর কোন বিষয় পড়ানো হয়?,bangla,ENG (CSE) 101,weekly_content,topics,verified,bangla,bangla,True,Conditional Sentences.,উত্তর: মধ্য-তম পরীক্ষা পড়ানো হয় না।,True,0.000,gguf_generation,gguf_generation,document3.pdf,4,1.0755,document3.pdf,5,1.0389,document1.pdf,4,1.0333,7.541,False,document3.pdf; document3.pdf; document1.pdf,4; 5; 4,1.0755; 1.0389; 1.0333
Q032,Mid-Term Examination-er por kon topic porano hoy?,banglish,ENG (CSE) 101,weekly_content,topics,verified,banglish,banglish,True,Conditional Sentences.,Ei information-ta: Mid-Term Examination-er por topic porano hoy?.,True,0.000,structured_extractive,structured_extractive,document3.pdf,5,1.1239,document1.pdf,4,1.1005,document1.pdf,3,1.0466,6.462,False,document3.pdf; document1.pdf; document1.pdf,5; 4; 3,1.1239; 1.1005; 1.0466
Q033,What is the focus of the Modals Verbs topic?,english,ENG (CSE) 101,topics,topics,needs_review,english,english,True,The focus is understanding the use of modal verbs in sentences.,"Topics include 15. Alignment of topics of the courses with CLOs: SL Topic/ Content Course Outcome 1 Overview of the syllabus, Introduction to basic grammar like Articles CLO1 2 Subject Verb Agreement and Prepositions; Quiz 1 CLO1 3 Pronouns and possessives, Reading comprehension CLO1, CLO2 4 Tense; Class Test 1 CLO1 5 letter writing (Order, Apology, Complain, Request) CLO3 6 Email Writing CLO4 7 Review of Midterm Syllabus MIDTERM EXAM 8 Discussion of Midterm Exam Result, Conditional Sentences CLO1, CLO2 9 Joining sentences CLO1 10 Modals Verbs, Quiz 2 CLO1 11 Commonly confusing words CLO2 12 Punctuation, capital letters and Spelling (Error Correction) CLO1, CLO2 13 Film and book review; Presentation CLO4 14 Paragraph writing and Review of Final Exam Syllabus CLO3, CLO4.",True,0.375,structured_extractive,structured_extractive,document3.pdf,4,0.9731,document3.pdf,2,0.8917,document3.pdf,5,0.8489,0.223,False,document3.pdf; document3.pdf; document3.pdf,4; 2; 5,0.9731; 0.8917; 0.8489
Q033,Modals Verbs বিষয়টির মূল লক্ষ্য কী?,bangla,ENG (CSE) 101,topics,topics,needs_review,bangla,bangla,True,The focus is understanding the use of modal verbs in sentences.,"উত্তর: Topics include 15. Alignment of topics of the courses with CLOs: SL Topic/ Content Course Outcome 1 Overview of the syllabus, Introduction to basic grammar like Articles CLO1 2 Subject Verb Agreement and Prepositions; Quiz 1 CLO1 3 Pronouns and possessives, Reading comprehension CLO1, CLO2 4 Tense; Class Test 1 CLO1 5 letter writing (Order, Apology, Complain, Request) CLO3 6 Email Writing CLO4 7 Review of Midterm Syllabus MIDTERM EXAM 8 Discussion of Midterm Exam Result, Conditional Sentences CLO1, CLO2 9 Joining sentences CLO1 10 Modals Verbs, Quiz 2 CLO1 11 Commonly confusing words CLO2 12 Punctuation, capital letters and Spelling (Error Correction) CLO1, CLO2 13 Film and book review; Presentation CLO4 14 Paragraph writing and Review of Final Exam Syllabus CLO3, CLO4.",True,0.375,structured_extractive,structured_extractive,document3.pdf,4,0.8287,document3.pdf,2,0.7640,document3.pdf,5,0.7191,0.182,False,document3.pdf; document3.pdf; document3.pdf,4; 2; 5,0.8287; 0.7640; 0.7191
Q033,Modals Verbs topic-er main focus ki?,banglish,ENG (CSE) 101,topics,topics,needs_review,banglish,banglish,True,The focus is understanding the use of modal verbs in sentences.,"Ei information-ta: Topics include 15. Alignment of topics of the courses with CLOs: SL Topic/ Content Course Outcome 1 Overview of the syllabus, Introduction to basic grammar like Articles CLO1 2 Subject Verb Agreement and Prepositions; Quiz 1 CLO1 3 Pronouns and possessives, Reading comprehension CLO1, CLO2 4 Tense; Class Test 1 CLO1 5 letter writing (Order, Apology, Complain, Request) CLO3 6 Email Writing CLO4 7 Review of Midterm Syllabus MIDTERM EXAM 8 Discussion of Midterm Exam Result, Conditional Sentences CLO1, CLO2 9 Joining sentences CLO1 10 Modals Verbs, Quiz 2 CLO1 11 Commonly confusing words CLO2 12 Punctuation, capital letters and Spelling (Error Correction) CLO1, CLO2 13 Film and book review; Presentation CLO4 14 Paragraph writing and Review of Final Exam Syllabus CLO3, CLO4.",True,0.375,structured_extractive,structured_extractive,document3.pdf,2,1.0649,document3.pdf,4,0.9681,document3.pdf,5,0.8856,0.205,False,document3.pdf; document3.pdf; document3.pdf,2; 4; 5,1.0649; 0.9681; 0.8856
Q034,What are commonly confusing words according to the course outline?,english,ENG (CSE) 101,topics,unknown,needs_review,english,english,True,Identifying homonyms and homophones and learning their proper usage.,"According to the course outline, commonly confusing words are identified in Week 12.",True,0.000,gguf_generation,gguf_generation,document3.pdf,2,1.0278,document3.pdf,4,0.9916,document3.pdf,5,0.9586,7.035,False,document3.pdf; document3.pdf; document3.pdf,2; 4; 5,1.0278; 0.9916; 0.9586
Q034,কোর্সের Outline অনুযায়ী Commonly Confusing Words বলতে কী বোঝানো হয়েছে?,bangla,ENG (CSE) 101,topics,unknown,needs_review,bangla,bangla,True,Identifying homonyms and homophones and learning their proper usage.,উত্তর: তা বলে যে কোন শব্দ বিভিন্ন প্রক্রিয়ায় সম্পর্কে বিভিন্ন সমস্যা প্রকাশ করে।,True,0.000,gguf_generation,gguf_generation,document3.pdf,2,1.0099,document3.pdf,4,1.0067,document3.pdf,5,0.9505,16.262,False,document3.pdf; document3.pdf; document3.pdf,2; 4; 5,1.0099; 1.0067; 0.9505
Q034,Course Outline onujayi Commonly Confusing Words bolte ki bojhano hoyeche?,banglish,ENG (CSE) 101,topics,unknown,needs_review,banglish,banglish,True,Identifying homonyms and homophones and learning their proper usage.,Ei information-ta: The course outline onujayi commonly confusing words bolte ki bojhano hoyeche is Week 11.,True,0.000,gguf_generation,gguf_generation,document3.pdf,2,0.9831,document3.pdf,4,0.9592,document3.pdf,5,0.9025,7.211,False,document3.pdf; document3.pdf; document3.pdf,2; 4; 5,0.9831; 0.9592; 0.9025
Q035,What areas are covered under Error Correction?,english,ENG (CSE) 101,topics,topics,needs_review,english,english,True,"Punctuation, capital letters and spelling.","Topics include 15. Alignment of topics of the courses with CLOs: SL Topic/ Content Course Outcome 1 Overview of the syllabus, Introduction to basic grammar like Articles CLO1 2 Subject Verb Agreement and Prepositions; Quiz 1 CLO1 3 Pronouns and possessives, Reading comprehension CLO1, CLO2 4 Tense; Class Test 1 CLO1 5 letter writing (Order, Apology, Complain, Request) CLO3 6 Email Writing CLO4 7 Review of Midterm Syllabus MIDTERM EXAM 8 Discussion of Midterm Exam Result, Conditional Sentences CLO1, CLO2 9 Joining sentences CLO1 10 Modals Verbs, Quiz 2 CLO1 11 Commonly confusing words CLO2 12 Punctuation, capital letters and Spelling (Error Correction) CLO1, CLO2 13 Film and book review; Presentation CLO4 14 Paragraph writing and Review of Final Exam Syllabus CLO3, CLO4.",True,1.000,structured_extractive,structured_extractive,document3.pdf,4,0.8192,document3.pdf,2,0.6901,document2.pdf,7,0.5321,0.164,False,document3.pdf; document3.pdf; document2.pdf,4; 2; 7,0.8192; 0.6901; 0.5321
Q035,Error Correction-এর অধীনে কোন কোন বিষয় অন্তর্ভুক্ত রয়েছে?,bangla,ENG (CSE) 101,topics,topics,needs_review,bangla,bangla,True,"Punctuation, capital letters and spelling.","উত্তর: Topics include 15. Alignment of topics of the courses with CLOs: SL Topic/ Content Course Outcome 1 Overview of the syllabus, Introduction to basic grammar like Articles CLO1 2 Subject Verb Agreement and Prepositions; Quiz 1 CLO1 3 Pronouns and possessives, Reading comprehension CLO1, CLO2 4 Tense; Class Test 1 CLO1 5 letter writing (Order, Apology, Complain, Request) CLO3 6 Email Writing CLO4 7 Review of Midterm Syllabus MIDTERM EXAM 8 Discussion of Midterm Exam Result, Conditional Sentences CLO1, CLO2 9 Joining sentences CLO1 10 Modals Verbs, Quiz 2 CLO1 11 Commonly confusing words CLO2 12 Punctuation, capital letters and Spelling (Error Correction) CLO1, CLO2 13 Film and book review; Presentation CLO4 14 Paragraph writing and Review of Final Exam Syllabus CLO3, CLO4.",True,1.000,structured_extractive,structured_extractive,document3.pdf,2,0.7772,document3.pdf,4,0.7511,document3.pdf,5,0.7275,0.161,False,document3.pdf; document3.pdf; document3.pdf,2; 4; 5,0.7772; 0.7511; 0.7275
Q035,Error Correction-er under-e kon kon topic include kora hoyeche?,banglish,ENG (CSE) 101,topics,topics,needs_review,banglish,banglish,True,"Punctuation, capital letters and spelling.","Ei information-ta: Topics include 15. Alignment of topics of the courses with CLOs: SL Topic/ Content Course Outcome 1 Overview of the syllabus, Introduction to basic grammar like Articles CLO1 2 Subject Verb Agreement and Prepositions; Quiz 1 CLO1 3 Pronouns and possessives, Reading comprehension CLO1, CLO2 4 Tense; Class Test 1 CLO1 5 letter writing (Order, Apology, Complain, Request) CLO3 6 Email Writing CLO4 7 Review of Midterm Syllabus MIDTERM EXAM 8 Discussion of Midterm Exam Result, Conditional Sentences CLO1, CLO2 9 Joining sentences CLO1 10 Modals Verbs, Quiz 2 CLO1 11 Commonly confusing words CLO2 12 Punctuation, capital letters and Spelling (Error Correction) CLO1, CLO2 13 Film and book review; Presentation CLO4 14 Paragraph writing and Review of Final Exam Syllabus CLO3, CLO4.",True,1.000,structured_extractive,structured_extractive,document3.pdf,2,0.8678,document3.pdf,4,0.8255,document3.pdf,5,0.8231,0.161,False,document3.pdf; document3.pdf; document3.pdf,2; 4; 5,0.8678; 0.8255; 0.8231
Q036,What activities are included under the Film and Book Review topic?,english,ENG (CSE) 101,topics,topics,needs_review,english,english,True,Film and book review and presentation.,"Topics include 15. Alignment of topics of the courses with CLOs: SL Topic/ Content Course Outcome 1 Overview of the syllabus, Introduction to basic grammar like Articles CLO1 2 Subject Verb Agreement and Prepositions; Quiz 1 CLO1 3 Pronouns and possessives, Reading comprehension CLO1, CLO2 4 Tense; Class Test 1 CLO1 5 letter writing (Order, Apology, Complain, Request) CLO3 6 Email Writing CLO4 7 Review of Midterm Syllabus MIDTERM EXAM 8 Discussion of Midterm Exam Result, Conditional Sentences CLO1, CLO2 9 Joining sentences CLO1 10 Modals Verbs, Quiz 2 CLO1 11 Commonly confusing words CLO2 12 Punctuation, capital letters and Spelling (Error Correction) CLO1, CLO2 13 Film and book review; Presentation CLO4 14 Paragraph writing and Review of Final Exam Syllabus CLO3, CLO4.",True,1.000,structured_extractive,structured_extractive,document3.pdf,2,1.2065,document3.pdf,4,1.0633,document3.pdf,5,1.0599,0.173,False,document3.pdf; document3.pdf; document3.pdf,2; 4; 5,1.2065; 1.0633; 1.0599
Q036,Film and Book Review বিষয়ের অধীনে কোন কোন কার্যক্রম অন্তর্ভুক্ত রয়েছে?,bangla,ENG (CSE) 101,topics,topics,needs_review,bangla,bangla,True,Film and book review and presentation.,"উত্তর: Topics include 15. Alignment of topics of the courses with CLOs: SL Topic/ Content Course Outcome 1 Overview of the syllabus, Introduction to basic grammar like Articles CLO1 2 Subject Verb Agreement and Prepositions; Quiz 1 CLO1 3 Pronouns and possessives, Reading comprehension CLO1, CLO2 4 Tense; Class Test 1 CLO1 5 letter writing (Order, Apology, Complain, Request) CLO3 6 Email Writing CLO4 7 Review of Midterm Syllabus MIDTERM EXAM 8 Discussion of Midterm Exam Result, Conditional Sentences CLO1, CLO2 9 Joining sentences CLO1 10 Modals Verbs, Quiz 2 CLO1 11 Commonly confusing words CLO2 12 Punctuation, capital letters and Spelling (Error Correction) CLO1, CLO2 13 Film and book review; Presentation CLO4 14 Paragraph writing and Review of Final Exam Syllabus CLO3, CLO4.",True,1.000,structured_extractive,structured_extractive,document3.pdf,2,0.9178,document3.pdf,4,0.9128,document3.pdf,5,0.9075,0.175,False,document3.pdf; document3.pdf; document3.pdf,2; 4; 5,0.9178; 0.9128; 0.9075
Q036,Film and Book Review topic-er under-e kon kon activity include kora hoyeche?,banglish,ENG (CSE) 101,topics,topics,needs_review,banglish,banglish,True,Film and book review and presentation.,"Ei information-ta: Topics include 15. Alignment of topics of the courses with CLOs: SL Topic/ Content Course Outcome 1 Overview of the syllabus, Introduction to basic grammar like Articles CLO1 2 Subject Verb Agreement and Prepositions; Quiz 1 CLO1 3 Pronouns and possessives, Reading comprehension CLO1, CLO2 4 Tense; Class Test 1 CLO1 5 letter writing (Order, Apology, Complain, Request) CLO3 6 Email Writing CLO4 7 Review of Midterm Syllabus MIDTERM EXAM 8 Discussion of Midterm Exam Result, Conditional Sentences CLO1, CLO2 9 Joining sentences CLO1 10 Modals Verbs, Quiz 2 CLO1 11 Commonly confusing words CLO2 12 Punctuation, capital letters and Spelling (Error Correction) CLO1, CLO2 13 Film and book review; Presentation CLO4 14 Paragraph writing and Review of Final Exam Syllabus CLO3, CLO4.",True,1.000,structured_extractive,structured_extractive,document3.pdf,2,0.9534,document3.pdf,5,0.9432,document3.pdf,4,0.9389,0.177,False,document3.pdf; document3.pdf; document3.pdf,2; 5; 4,0.9534; 0.9432; 0.9389
Q037,What is the purpose of paragraph writing in the course?,english,ENG (CSE) 101,topics,course_objective,needs_review,english,english,True,To learn the correct paragraph format and writing in formal English.,"The purpose of paragraph writing in the course is to make students acquire comprehensive knowledge on grammar and writing skills, enabling them to use it effectively for learning their subject, answering in exams, and for communicative purposes.",True,0.444,gguf_generation,gguf_generation,document3.pdf,1,10.8759,document2.pdf,1,10.6892,document1.pdf,1,10.5389,8.295,False,document3.pdf; document2.pdf; document1.pdf,1; 1; 1,10.8759; 10.6892; 10.5389
Q037,কোর্সে Paragraph Writing-এর উদ্দেশ্য কী?,bangla,ENG (CSE) 101,topics,course_objective,needs_review,bangla,bangla,True,To learn the correct paragraph format and writing in formal English.,উত্তর: কোর্সে Paragraph Writing-এর উদ্দেশ্য হল একটি প্রশ্ন উত্তর বের করা। Paragraph Writing কোর্সের উদ্দেশ্য হল প্রশ্ন উত্তর বের করা।,True,0.222,gguf_generation,gguf_generation,document3.pdf,5,0.8348,document3.pdf,2,0.8008,document3.pdf,4,0.7948,13.344,False,document3.pdf; document3.pdf; document3.pdf,5; 2; 4,0.8348; 0.8008; 0.7948
Q037,Course-e Paragraph Writing-er uddeshyo ki?,banglish,ENG (CSE) 101,topics,course_objective,needs_review,banglish,banglish,True,To learn the correct paragraph format and writing in formal English.,"Ei information-ta: 13. Mapping / Alignment of CLOs with Program Learning Outcomes (PLO) (Optional): CLO No. Correspondin g PLOs (Appendix-1) Bloom’s taxonomy domain/level (Appendix-2) Delivery methods and activities Assessment Tools CLO1 PLO10 2 Lecture, multimedia, Problem solving classes Quiz, Written exam CLO2 PLO10 2 Lecture, Practice, Problem solving Quiz, Written exam CLO3 PLO05 3, 4 Lecture, Multimedia, Pair Work Written exam CLO4 PLO10 3 Lecture, discussion Written exam, Presentation Part B – Content of the Course 15. Alignment of topics of the courses with CLOs: SL Topic/ Content Course Outcome 1 Overview of the syllabus, Introduction.",True,0.000,gguf_generation,gguf_generation,document3.pdf,5,0.6944,document3.pdf,2,0.6939,document3.pdf,4,0.6513,19.910,False,document3.pdf; document3.pdf; document3.pdf,5; 2; 4,0.6944; 0.6939; 0.6513
Q038,What teaching-learning strategies are used in the English course?,english,ENG (CSE) 101,topics,course_metadata,verified,english,english,True,"Lecture, problem solving, pair work, group discussion and multimedia.",- Lecture - Problem solving - Pair work - Group discussion - Multimedia,True,1.000,gguf_generation,gguf_generation,document3.pdf,5,0.4891,document3.pdf,3,0.3224,document2.pdf,7,0.2449,6.723,False,document3.pdf; document3.pdf; document2.pdf,5; 3; 7,0.4891; 0.3224; 0.2449
Q038,English কোর্সে কোন কোন Teaching-Learning Strategy ব্যবহার করা হয়?,bangla,ENG (CSE) 101,topics,course_metadata,verified,bangla,bangla,True,"Lecture, problem solving, pair work, group discussion and multimedia.",উত্তর: মূল্যায়ন কোর্সে কোন কোন Teaching-Learning Strategy ব্যবহার করা হয় না।,True,0.000,gguf_generation,gguf_generation,document3.pdf,5,1.2042,document3.pdf,3,1.2030,document1.pdf,3,1.0085,8.926,False,document3.pdf; document3.pdf; document1.pdf,5; 3; 3,1.2042; 1.2030; 1.0085
Q038,English course-e kon kon Teaching-Learning Strategy use kora hoy?,banglish,ENG (CSE) 101,topics,course_metadata,verified,banglish,banglish,True,"Lecture, problem solving, pair work, group discussion and multimedia.","Ei information-ta: The Teaching-Learning Strategy use kora hoy in this course is through Lecture, Problem solving, Pair work, Group discussion, Multimedia.",True,1.000,gguf_generation,gguf_generation,document3.pdf,3,0.5459,document3.pdf,5,0.3904,document2.pdf,3,0.3616,6.948,False,document3.pdf; document3.pdf; document2.pdf,3; 5; 3,0.5459; 0.3904; 0.3616
Q039,How many class tests and quizzes may be taken during the semester?,english,ENG (CSE) 101,assessment,assessment,verified,english,english,True,One class test and two quizzes may be taken.,"During the semester, students may take a total of 4 class tests and 2 quizzes.",True,0.375,gguf_generation,gguf_generation,document1.pdf,4,1.6675,document3.pdf,5,1.6584,document2.pdf,8,1.5818,6.991,False,document1.pdf; document3.pdf; document2.pdf,4; 5; 8,1.6675; 1.6584; 1.5818
Q039,একটি Semester-এ কতটি Class Test এবং Quiz নেওয়া হতে পারে?,bangla,ENG (CSE) 101,assessment,assessment,verified,bangla,bangla,True,One class test and two quizzes may be taken.,উত্তর: Altogether 4 class tests may be taken during the semester. - Quiz: Altogether 1 class test and 2 quizzes may be taken during the semester.,True,0.750,gguf_generation,gguf_generation,document1.pdf,4,1.2202,document3.pdf,5,1.1877,document3.pdf,6,1.1749,13.051,False,document1.pdf; document3.pdf; document3.pdf,4; 5; 6,1.2202; 1.1877; 1.1749
Q039,Ekta Semester-e koyti Class Test ebong Quiz neya hote pare?,banglish,ENG (CSE) 101,assessment,assessment,verified,banglish,banglish,True,One class test and two quizzes may be taken.,Ei information-ta: Ekta Semester-e koyti Class Test neya hote pare? Quiz neya hote pare?.,True,0.250,gguf_generation,gguf_generation,document1.pdf,4,1.2899,document3.pdf,5,1.2596,document3.pdf,6,1.0991,7.207,False,document1.pdf; document3.pdf; document3.pdf,4; 5; 6,1.2899; 1.2596; 1.0991
Q040,What percentage of the total evaluation is allocated to the Term Examination?,english,ENG (CSE) 101,final_exam_marks,final_exam_marks,verified,english,unknown,False,50% of the total evaluation is allocated to the Term Examination.,50%,False,0.125,gguf_generation,gguf_generation,document2.pdf,9,1.1756,document2.pdf,8,1.0660,document1.pdf,5,1.0516,8.407,False,document2.pdf; document2.pdf; document1.pdf,9; 8; 5,1.1756; 1.0660; 1.0516
Q040,মোট Evaluation-এর কত শতাংশ Term Examination-এর জন্য বরাদ্দ করা হয়েছে?,bangla,ENG (CSE) 101,final_exam_marks,final_exam_marks,verified,bangla,bangla,True,50% of the total evaluation is allocated to the Term Examination.,উত্তর: মোট Evaluation-এর কত শতাংশ Term Examination-এর জন্য বরাদ্দ করা হয়েছে? 20%,True,0.375,gguf_generation,gguf_generation,document2.pdf,8,1.0692,document1.pdf,5,1.0536,document3.pdf,6,1.0480,12.384,False,document2.pdf; document1.pdf; document3.pdf,8; 5; 6,1.0692; 1.0536; 1.0480
Q040,Total Evaluation-er koto percent Term Examination-er jonno boraddo kora hoyeche?,banglish,ENG (CSE) 101,final_exam_marks,final_exam_marks,verified,banglish,banglish,True,50% of the total evaluation is allocated to the Term Examination.,Ei information-ta: 50%.,True,0.125,gguf_generation,gguf_generation,document2.pdf,9,1.1214,document1.pdf,5,0.9653,document3.pdf,6,0.9551,9.190,False,document2.pdf; document1.pdf; document3.pdf,9; 5; 6,1.1214; 0.9653; 0.9551
Q041,What is the course code and title of MTH 101?,english,MTH 101,course_metadata,course_metadata,verified,english,english,True,"The course code is MTH 101, and the title is Math-I: Calculus I.",MTH 101 is the course code and title of MTH 101.,True,0.714,gguf_generation,gguf_generation,document1.pdf,1,2.6378,document1.pdf,2,1.9161,document1.pdf,3,1.9147,7.890,False,document1.pdf; document1.pdf; document1.pdf,1; 2; 3,2.6378; 1.9161; 1.9147
Q041,MTH 101 কোর্সের কোর্স কোড এবং শিরোনাম কী?,bangla,MTH 101,course_metadata,course_metadata,verified,bangla,bangla,True,"The course code is MTH 101, and the title is Math-I: Calculus I.",উত্তর: MTH 101 কোর্সের কোর্স কোড এবং শিরোনাম হলো: 1. Course No. / Course Code: MTH 101 2. Course Title: Math-I: Calculus I,True,1.000,gguf_generation,gguf_generation,document1.pdf,1,2.3527,document1.pdf,3,1.9784,document1.pdf,2,1.9624,10.724,False,document1.pdf; document1.pdf; document1.pdf,1; 3; 2,2.3527; 1.9784; 1.9624
Q041,MTH 101 course-er course code ebong title ki?,banglish,MTH 101,course_metadata,course_metadata,verified,banglish,banglish,True,"The course code is MTH 101, and the title is Math-I: Calculus I.",Ei information-ta: Calculus I.,True,0.143,gguf_generation,gguf_generation,document1.pdf,1,2.6124,document1.pdf,4,1.9188,document1.pdf,3,1.9068,7.454,False,document1.pdf; document1.pdf; document1.pdf,1; 4; 3,2.6124; 1.9188; 1.9068
Q042,What are the main objectives of Calculus I?,english,MTH 101,course_objective,course_objective,verified,english,english,True,"The main objectives are to understand limits, continuity, differentiability and rate of change; learn integration techniques; apply differentiation and integration to engineering problems; and calculate length, area, volume, center of gravity and average value.","The main objectives of Calculus I are to define the limit, continuity and differentiability of functions, identify the rate of change of a function with respect to independent variables, and describe the different techniques of evaluating indefinite and definite integrals.",True,0.360,gguf_generation,gguf_generation,document1.pdf,1,10.8832,document2.pdf,1,10.5961,document1.pdf,2,0.8118,8.323,False,document1.pdf; document2.pdf; document1.pdf,1; 1; 2,10.8832; 10.5961; 0.8118
Q042,Calculus I কোর্সের প্রধান উদ্দেশ্যগুলো কী?,bangla,MTH 101,course_objective,course_objective,verified,bangla,bangla,True,"The main objectives are to understand limits, continuity, differentiability and rate of change; learn integration techniques; apply differentiation and integration to engineering problems; and calculate length, area, volume, center of gravity and average value.",উত্তর: 1. ফাংশনের পরিমাণ সম্পর্কে বিভিন্ন উদ্দেশ্যগুলো বিভিন,True,0.000,gguf_generation,gguf_generation,document1.pdf,1,0.8071,document1.pdf,2,0.7123,document1.pdf,6,0.6353,20.653,False,document1.pdf; document1.pdf; document1.pdf,1; 2; 6,0.8071; 0.7123; 0.6353
Q042,Calculus I course-er main objectives-gulo ki?,banglish,MTH 101,course_objective,course_objective,verified,banglish,banglish,True,"The main objectives are to understand limits, continuity, differentiability and rate of change; learn integration techniques; apply differentiation and integration to engineering problems; and calculate length, area, volume, center of gravity and average value.",Ei information-ta: Calculus I course-er main objectives-gulo ki?.,True,0.080,gguf_generation,gguf_generation,document1.pdf,1,10.9240,document2.pdf,1,10.6783,document3.pdf,1,10.6424,18.986,False,document1.pdf; document2.pdf; document3.pdf,1; 1; 1,10.9240; 10.6783; 10.6424
Q043,What is CLO 1 of MTH 101?,english,MTH 101,clo,clo,verified,english,english,True,"CLO 1 is to define limits, continuity and differentiability and identify the rate of change.","CLO 1 of MTH 101 is Define the limit, continuity and differentiability of functions, identify the rate of change of a function with respect to independent variables.",True,0.900,gguf_generation,gguf_generation,document1.pdf,1,12.3654,document3.pdf,1,9.8773,document2.pdf,2,9.8289,8.177,False,document1.pdf; document3.pdf; document2.pdf,1; 1; 2,12.3654; 9.8773; 9.8289
Q043,MTH 101-এর CLO 1 কী?,bangla,MTH 101,clo,clo,verified,bangla,bangla,True,"CLO 1 is to define limits, continuity and differentiability and identify the rate of change.",উত্তর: MTH 101-এর CLO 1 হল বৈশিষ্ট্য ও সমস্যার সমাধানের ক্ষেত্রে বিভিন্ন প্রোগ্রামিং সূত্রের সম্পাদন করা।,True,0.100,gguf_generation,gguf_generation,document1.pdf,1,12.3903,document2.pdf,2,9.8498,document1.pdf,3,2.1627,14.288,False,document1.pdf; document2.pdf; document1.pdf,1; 2; 3,12.3903; 9.8498; 2.1627
Q043,MTH 101-er CLO 1 ki?,banglish,MTH 101,clo,clo,verified,banglish,banglish,True,"CLO 1 is to define limits, continuity and differentiability and identify the rate of change.","CLO 1 holo Define the limit, continuity and differentiability of functions, identify the rate of change of a function with respect to independent variables and describe the different techniques of evaluating indefinite and definite integrals.",True,0.900,gguf_generation,gguf_generation,document1.pdf,1,12.3479,document3.pdf,1,9.8725,document2.pdf,2,9.8016,9.350,False,document1.pdf; document3.pdf; document2.pdf,1; 1; 2,12.3479; 9.8725; 9.8016
Q044,What is CLO 2 of MTH 101?,english,MTH 101,clo,clo,verified,english,english,True,CLO 2 is to describe different techniques for evaluating indefinite and definite integrals.,"CLO 2 of MTH 101 is ""Describe the different techniques of evaluating indefinite and definite integrals.""",True,0.800,gguf_generation,gguf_generation,document1.pdf,2,12.1469,document2.pdf,2,9.8299,document1.pdf,1,2.3189,8.902,False,document1.pdf; document2.pdf; document1.pdf,2; 2; 1,12.1469; 9.8299; 2.3189
Q044,MTH 101-এর CLO 2 কী?,bangla,MTH 101,clo,clo,verified,bangla,bangla,True,CLO 2 is to describe different techniques for evaluating indefinite and definite integrals.,"উত্তর: মূল্যায়ন কোর্স MTH 101 এর CLO 2 হল ""ডিফাইনেলিস্টিক সমস্যা এবং সমাধানের প্রক্রিয়া ব্যবহার করে বিভিন্ন বিজ্ঞান সম্প্রদায়ের প্রশ্ন সমাধানের প্রোগ্রামিং কোর্সের প্রাথমিক প্রোগ্র",True,0.100,gguf_generation,gguf_generation,document1.pdf,2,12.1749,document2.pdf,2,9.8484,document1.pdf,1,2.3413,26.287,False,document1.pdf; document2.pdf; document1.pdf,2; 2; 1,12.1749; 9.8484; 2.3413
Q044,MTH 101-er CLO 2 ki?,banglish,MTH 101,clo,clo,verified,banglish,banglish,True,CLO 2 is to describe different techniques for evaluating indefinite and definite integrals.,Available university documents-e ei information-ta paoa jayni.,True,0.000,gguf_generation,gguf_generation,document1.pdf,2,12.1030,document2.pdf,2,9.7888,document1.pdf,1,2.2921,8.825,False,document1.pdf; document2.pdf; document1.pdf,2; 2; 1,12.1030; 9.7888; 2.2921
Q045,What is CLO 3 of MTH 101?,english,MTH 101,clo,clo,verified,english,english,True,CLO 3 is to apply concepts or techniques of differentiation and integration to solve engineering-related problems.,CLO 3 of MTH 101 is Apply the concepts or techniques of differentiation and integration to solve the problems related to engineering study.,True,1.000,gguf_generation,gguf_generation,document1.pdf,2,12.1182,document2.pdf,2,9.8227,document1.pdf,1,2.3274,9.545,False,document1.pdf; document2.pdf; document1.pdf,2; 2; 1,12.1182; 9.8227; 2.3274
Q045,MTH 101-এর CLO 3 কী?,bangla,MTH 101,clo,clo,verified,bangla,bangla,True,CLO 3 is to apply concepts or techniques of differentiation and integration to solve engineering-related problems.,উত্তর: মূল্যায়ন CLO 3: বিভিন্ন প্রক্রিয়াগুলি পরিবর্তন করে এবং বিভিন্ন প্রক্রিয়াগুলি পরিবর্তন করে এবং বিভিন্ন প্রক্রিয়াগুলি পরিবর্তন করে এবং বিভিন্ন প্রক্রিয়াগুলি পরিবর্তন ক,True,0.077,gguf_generation,gguf_generation,document1.pdf,2,12.1434,document2.pdf,2,9.8405,document1.pdf,1,2.3466,21.377,False,document1.pdf; document2.pdf; document1.pdf,2; 2; 1,12.1434; 9.8405; 2.3466
Q045,MTH 101-er CLO 3 ki?,banglish,MTH 101,clo,clo,verified,banglish,banglish,True,CLO 3 is to apply concepts or techniques of differentiation and integration to solve engineering-related problems.,Ei information-ta: MTH 101-er CLO 3 Apply the concepts or techniques of differentiation and integration to solve the problems related to engineering study.,True,1.000,gguf_generation,gguf_generation,document1.pdf,2,12.0719,document2.pdf,2,9.7819,document1.pdf,1,2.2943,9.221,False,document1.pdf; document2.pdf; document1.pdf,2; 2; 1,12.0719; 9.7819; 2.2943
Q046,What is CLO 4 of MTH 101?,english,MTH 101,clo,clo,verified,english,english,True,CLO 4 is to use Gamma and Beta functions to evaluate integrals.,CLO 4 Use of Gamma and Beta functions to evaluate integrals.,True,1.000,gguf_generation,gguf_generation,document1.pdf,2,12.1138,document2.pdf,2,9.8230,document1.pdf,1,2.3367,8.076,False,document1.pdf; document2.pdf; document1.pdf,2; 2; 1,12.1138; 9.8230; 2.3367
Q046,MTH 101-এর CLO 4 কী?,bangla,MTH 101,clo,clo,verified,bangla,bangla,True,CLO 4 is to use Gamma and Beta functions to evaluate integrals.,"উত্তর: মাধ্যমিক গণিত ১০১ (MTH 101) এর CLO ৪ হল ""Use of Gamma and Beta functions to evaluate integrals.""",True,1.000,gguf_generation,gguf_generation,document1.pdf,2,12.1428,document2.pdf,2,9.8456,document1.pdf,1,2.3583,10.942,False,document1.pdf; document2.pdf; document1.pdf,2; 2; 1,12.1428; 9.8456; 2.3583
Q046,MTH 101-er CLO 4 ki?,banglish,MTH 101,clo,clo,verified,banglish,banglish,True,CLO 4 is to use Gamma and Beta functions to evaluate integrals.,Ei information-ta: MTH 101-er CLO 4 Use of Gamma and Beta functions to evaluate integrals.,True,1.000,gguf_generation,gguf_generation,document1.pdf,2,12.0759,document3.pdf,1,9.8579,document2.pdf,2,9.7872,8.317,False,document1.pdf; document3.pdf; document2.pdf,2; 1; 2,12.0759; 9.8579; 9.7872
Q047,What is CLO 5 of MTH 101?,english,MTH 101,clo,clo,verified,english,english,True,"CLO 5 is to calculate length, area, volume, center of gravity and average value.","CLO 5 Calculate the length, area, volume, center of gravity and average value related to engineering study.",True,1.000,gguf_generation,gguf_generation,document1.pdf,2,12.1216,document1.pdf,1,2.3377,document1.pdf,3,2.1239,9.230,False,document1.pdf; document1.pdf; document1.pdf,2; 1; 3,12.1216; 2.3377; 2.1239
Q047,MTH 101-এর CLO 5 কী?,bangla,MTH 101,clo,clo,verified,bangla,bangla,True,"CLO 5 is to calculate length, area, volume, center of gravity and average value.",উত্তর: MTH 101-এর CLO 5 বোর্ডে ক্যালকুলাটি সম্পাদন করে।,True,0.091,gguf_generation,gguf_generation,document1.pdf,2,12.1477,document1.pdf,1,2.3554,document1.pdf,3,2.1459,13.213,False,document1.pdf; document1.pdf; document1.pdf,2; 1; 3,12.1477; 2.3554; 2.1459
Q047,MTH 101-er CLO 5 ki?,banglish,MTH 101,clo,clo,verified,banglish,banglish,True,"CLO 5 is to calculate length, area, volume, center of gravity and average value.","Ei information-ta: MTH 101-er CLO 5 Calculate the length, area, volume, center of gravity and average value related to engineering study.",True,1.000,gguf_generation,gguf_generation,document1.pdf,2,12.0840,document1.pdf,1,2.3110,document1.pdf,3,2.0840,9.385,False,document1.pdf; document1.pdf; document1.pdf,2; 1; 3,12.0840; 2.3110; 2.0840
Q048,What topics are included under Functions?,english,MTH 101,topics,topics,verified,english,english,True,"Graphing functions, mathematical models, linear, polynomial, power, algebraic, trigonometric, exponential and logarithmic functions, transformations, inverse functions and growth of functions.","Topics include Function and sketching of a function, Limit, continuity and differentiability, Definite and indefinite integral, Gamma and Beta functions, Applied problems related to integration (Length, area, volume).",True,0.133,structured_extractive,structured_extractive,document1.pdf,3,0.8435,document3.pdf,3,0.7698,document2.pdf,7,0.7571,0.199,False,document1.pdf; document3.pdf; document2.pdf,3; 3; 7,0.8435; 0.7698; 0.7571
Q048,Functions-এর অধীনে কোন কোন বিষয় অন্তর্ভুক্ত রয়েছে?,bangla,MTH 101,topics,topics,verified,bangla,banglish,False,"Graphing functions, mathematical models, linear, polynomial, power, algebraic, trigonometric, exponential and logarithmic functions, transformations, inverse functions and growth of functions.","Functions-er odhine bishoygulo:
- Graphing Functions 2. Mathematical Models 3. Commonly used Functions (Linear, Polynomial, Power) 4. Mathematical Models (Algebraic, Trigonometric, Exponential, and Logarithmic Functions) 5. Transformations (Scaling, Reflection, Composition) 6. Inverse of Functions 7. Growth of Functions",False,1.000,structured_extractive,structured_extractive,document1.pdf,2,0.7151,document1.pdf,3,0.6974,document1.pdf,1,0.6169,15.931,False,document1.pdf; document1.pdf; document1.pdf,2; 3; 1,0.7151; 0.6974; 0.6169
Q048,Functions-er under-e kon kon topic include kora hoyeche?,banglish,MTH 101,topics,topics,verified,banglish,banglish,True,"Graphing functions, mathematical models, linear, polynomial, power, algebraic, trigonometric, exponential and logarithmic functions, transformations, inverse functions and growth of functions.","Functions-er under-e topics:
- Function
- Sketching of a function
- Limit
- Continuity
- Differentiability
- Definite
- Indefinite integral
- Gamma
- Beta functions
- Applied problems related to integration (Length
- Area
- Volume)",True,0.133,structured_extractive,structured_extractive,document1.pdf,3,0.7189,document1.pdf,4,0.7174,document2.pdf,7,0.6789,8.300,False,document1.pdf; document1.pdf; document2.pdf,3; 4; 7,0.7189; 0.7174; 0.6789
Q049,What topics are included under Limits?,english,MTH 101,topics,topics,verified,english,english,True,"One-sided limits, infinite limits, limit laws, Sandwich Theorem, formal definition of limits, continuity, Intermediate Value Theorem, limits at infinity and horizontal asymptotes.","Topics include Function and sketching of a function, Limit, continuity and differentiability, Definite and indefinite integral, Gamma and Beta functions, Applied problems related to integration (Length, area, volume).",True,0.167,structured_extractive,structured_extractive,document3.pdf,3,0.7353,document2.pdf,7,0.7285,document1.pdf,3,0.6636,0.190,False,document3.pdf; document2.pdf; document1.pdf,3; 7; 3,0.7353; 0.7285; 0.6636
Q049,Limits-এর অধীনে কোন কোন বিষয় অন্তর্ভুক্ত রয়েছে?,bangla,MTH 101,topics,topics,verified,bangla,bangla,True,"One-sided limits, infinite limits, limit laws, Sandwich Theorem, formal definition of limits, continuity, Intermediate Value Theorem, limits at infinity and horizontal asymptotes.","Limits-er odhine bishoygulo:
- Limits-এর অধীনে বিষয়গুলি বিভিন্ন ক্ষেত্রে অন্তর্ভুক্ত হয়েছে। এই ক্ষেত্রগুলি প্রায়শই বিভিন্ন বিষয়ের সম্পর্কে বিভিন্ন ক্ষেত্রে অন্তর্ভুক্ত হয়েছে। এই ক্ষেত্রগুলি প্রায়শই ব",True,0.056,structured_extractive,structured_extractive,document1.pdf,2,0.6695,document1.pdf,3,0.5359,document2.pdf,2,0.5001,21.296,False,document1.pdf; document1.pdf; document2.pdf,2; 3; 2,0.6695; 0.5359; 0.5001
Q049,Limits-er under-e kon kon topic include kora hoyeche?,banglish,MTH 101,topics,topics,verified,banglish,banglish,True,"One-sided limits, infinite limits, limit laws, Sandwich Theorem, formal definition of limits, continuity, Intermediate Value Theorem, limits at infinity and horizontal asymptotes.","Under-e kon kon-er under-e topics:
- Kora hoyeche?",True,0.000,gguf_generation,gguf_generation,document1.pdf,4,0.7248,document2.pdf,7,0.6681,document3.pdf,3,0.6512,12.850,False,document1.pdf; document2.pdf; document3.pdf,4; 7; 3,0.7248; 0.6681; 0.6512
Q050,What topics are covered under Derivatives?,english,MTH 101,topics,topics,verified,english,english,True,"Derivatives and rate of change, derivatives as functions, differentiability of functions and rules and techniques of differentiation.","Topics under Derivatives:
- Derivatives
- Rate of Change
- Derivatives as Functions
- Differentiability of Functions
- Rules
- Techniques of Differentiation",True,1.000,structured_extractive,structured_extractive,document2.pdf,7,0.7300,document1.pdf,2,0.6483,document1.pdf,3,0.5868,0.217,False,document2.pdf; document1.pdf; document1.pdf,7; 2; 3,0.7300; 0.6483; 0.5868
Q050,Derivatives-এর অধীনে কোন কোন বিষয় পড়ানো হয়?,bangla,MTH 101,topics,topics,verified,bangla,bangla,True,"Derivatives and rate of change, derivatives as functions, differentiability of functions and rules and techniques of differentiation.",উত্তর: - Derivatives - Rate of Change - Derivatives as Functions - Differentiability of Functions - Rules and Techniques of Differentiation,True,1.000,structured_extractive,structured_extractive,document1.pdf,2,0.7126,document2.pdf,2,0.5008,document2.pdf,7,0.4987,13.881,False,document1.pdf; document2.pdf; document2.pdf,2; 2; 7,0.7126; 0.5008; 0.4987
Q050,Derivatives-er under-e kon kon topic porano hoy?,banglish,MTH 101,topics,topics,verified,banglish,banglish,True,"Derivatives and rate of change, derivatives as functions, differentiability of functions and rules and techniques of differentiation.","Derivatives-er under-e topics:
- Derivatives
- Rate of Change
- Derivatives as Functions
- Differentiability of Functions
- Rules
- Techniques of Differentiation",True,1.000,structured_extractive,structured_extractive,document2.pdf,7,0.6551,document1.pdf,4,0.6217,document1.pdf,2,0.5622,0.167,False,document2.pdf; document1.pdf; document1.pdf,7; 4; 2,0.6551; 0.6217; 0.5622
Q051,What applications of differentiation are included in the course?,english,MTH 101,topics,topics,verified,english,english,True,"Rates of change, exponential growth and decay, linear approximation and differentials, minimum and maximum value, first and second derivative tests, L'Hospital's Rule and curve sketching.","Topics include Functions: Graphing Functions, Mathematical Models and Commonly used Functions (Linear, Polynomial, Power), Mathematical Models and Commonly Used Functions (Algebraic, Trigonometric, Exponential, and Logarithmic Functions), Transformations (Scaling, Reflection, Composition), Inverse of Functions, Growth of Functions. Limits: Concepts, One Sided Limits, Infinite limits, Limit Laws, Sandwich Theorem, Formal Definition of Limits and Continuity of Functions, Intermediate Value Theorem and Its Application, Limits at Infini ty and the Horizontal Asymptotes. Derivatives: Derivatives and Rate of Change, Derivatives as Functions, Differentiability of Functions, Rules and Techniques of Differentiation. Applications of Differentiation: Rates of Change in Natural and Social Science s, Exponential Growth and Decay, Linear Approximation and Differentials, Finding Minimum and Maximum Value of Functions and the first and Second Derivative Tests, Indeterminate Forms and L'Hospital's Rule, Curve Sketching. Integrals: Riemann Sum and Defini te Integrals, Properties of Integrals, Fundamental Theorem of Calculus, Anti-Derivative and Indefinite Integral, Net Change Theorem, Substitution Rule. Application of Integration: Finding Area between Curves, Volumes, Volumes by Cylindrical Shells, Average Value of a Function,Mean Value Theorem for Integrals.",True,1.000,structured_extractive,structured_extractive,document1.pdf,2,0.9374,document1.pdf,1,0.7340,document1.pdf,3,0.7262,0.206,False,document1.pdf; document1.pdf; document1.pdf,2; 1; 3,0.9374; 0.7340; 0.7262
Q051,Differentiation-এর কোন কোন Application কোর্সে অন্তর্ভুক্ত রয়েছে?,bangla,MTH 101,topics,topics,verified,bangla,bangla,True,"Rates of change, exponential growth and decay, linear approximation and differentials, minimum and maximum value, first and second derivative tests, L'Hospital's Rule and curve sketching.","উত্তর: Topics include Functions: Graphing Functions, Mathematical Models and Commonly used Functions (Linear, Polynomial, Power), Mathematical Models and Commonly Used Functions (Algebraic, Trigonometric, Exponential, and Logarithmic Functions), Transformations (Scaling, Reflection, Composition), Inverse of Functions, Growth of Functions. Limits: Concepts, One Sided Limits, Infinite limits, Limit Laws, Sandwich Theorem, Formal Definition of Limits and Continuity of Functions, Intermediate Value Theorem and Its Application, Limits at Infini ty and the Horizontal Asymptotes. Derivatives: Derivatives and Rate of Change, Derivatives as Functions, Differentiability of Functions, Rules and Techniques of Differentiation. Applications of Differentiation: Rates of Change in Natural and Social Science s, Exponential Growth and Decay, Linear Approximation and Differentials, Finding Minimum and Maximum Value of Functions and the first and Second Derivative Tests, Indeterminate Forms and L'Hospital's Rule, Curve Sketching. Integrals: Riemann Sum and Defini te Integrals, Properties of Integrals, Fundamental Theorem of Calculus, Anti-Derivative and Indefinite Integral, Net Change Theorem, Substitution Rule. Application of Integration: Finding Area between Curves, Volumes, Volumes by Cylindrical Shells, Average Value of a Function,Mean Value Theorem for Integrals.",True,1.000,structured_extractive,structured_extractive,document1.pdf,2,0.8975,document1.pdf,3,0.6898,document1.pdf,1,0.6679,0.171,False,document1.pdf; document1.pdf; document1.pdf,2; 3; 1,0.8975; 0.6898; 0.6679
Q051,Differentiation-er kon kon Application course-e include kora hoyeche?,banglish,MTH 101,topics,topics,verified,banglish,english,False,"Rates of change, exponential growth and decay, linear approximation and differentials, minimum and maximum value, first and second derivative tests, L'Hospital's Rule and curve sketching.","Ei information-ta: Rates of Change in Natural and Social Science s, Exponential Growth and Decay, Linear Approximation and Differentials, Finding Minimum and Maximum Value of Functions and the first and Second Derivative Tests, Indeterminate Forms and L'Hospital's Rule, Curve Sketching.",False,1.000,structured_extractive,structured_extractive,document1.pdf,2,0.8117,document1.pdf,3,0.6414,document2.pdf,2,0.6155,14.316,False,document1.pdf; document1.pdf; document2.pdf,2; 3; 2,0.8117; 0.6414; 0.6155
Q052,What topics are included under Integrals?,english,MTH 101,topics,topics,verified,english,english,True,"Riemann Sum, definite integrals, properties of integrals, Fundamental Theorem of Calculus, anti-derivative, indefinite integral, Net Change Theorem and Substitution Rule.","Topics under Integrals:
- Area and Volume problems - Multiple integrals - Final Examination",True,0.059,gguf_generation,gguf_generation,document1.pdf,4,0.7985,document2.pdf,7,0.7205,document3.pdf,3,0.7076,6.485,False,document1.pdf; document2.pdf; document3.pdf,4; 7; 3,0.7985; 0.7205; 0.7076
Q052,Integrals-এর অধীনে কোন কোন বিষয় অন্তর্ভুক্ত রয়েছে?,bangla,MTH 101,topics,topics,verified,bangla,bangla,True,"Riemann Sum, definite integrals, properties of integrals, Fundamental Theorem of Calculus, anti-derivative, indefinite integral, Net Change Theorem and Substitution Rule.","Integrals-er odhine bishoygulo:
- 1. বিভিন্ন বিষয়গুলির অন্তর্ভুক্ত করা হয়েছে যেমন বিভিন্ন বিষয়গুলির অন্তর্ভুক্ত করা হয়েছে",True,0.059,structured_extractive,structured_extractive,document1.pdf,2,0.7199,document1.pdf,4,0.6276,document1.pdf,1,0.6160,22.460,False,document1.pdf; document1.pdf; document1.pdf,2; 4; 1,0.7199; 0.6276; 0.6160
Q052,Integrals-er under-e kon kon topic include kora hoyeche?,banglish,MTH 101,topics,topics,verified,banglish,banglish,True,"Riemann Sum, definite integrals, properties of integrals, Fundamental Theorem of Calculus, anti-derivative, indefinite integral, Net Change Theorem and Substitution Rule.","Integrals-er under-e topics:
- Riemann Sum
- Defini te Integrals
- Properties of Integrals
- Fundamental Theorem of Calculus
- Anti-Derivative
- Indefinite Integral
- Net Change Theorem
- Substitution Rule",True,0.941,structured_extractive,structured_extractive,document1.pdf,4,0.8904,document2.pdf,7,0.6567,document1.pdf,2,0.5761,0.177,False,document1.pdf; document2.pdf; document1.pdf,4; 7; 2,0.8904; 0.6567; 0.5761
Q053,What is the Fundamental Theorem of Calculus included with?,english,MTH 101,topics,topics,needs_review,english,english,True,"It is included under the Integrals topic, with anti-derivative, indefinite integral, Net Change Theorem and Substitution Rule.","Topics include Functions: Graphing Functions, Mathematical Models and Commonly used Functions (Linear, Polynomial, Power), Mathematical Models and Commonly Used Functions (Algebraic, Trigonometric, Exponential, and Logarithmic Functions), Transformations (Scaling, Reflection, Composition), Inverse of Functions, Growth of Functions. Limits: Concepts, One Sided Limits, Infinite limits, Limit Laws, Sandwich Theorem, Formal Definition of Limits and Continuity of Functions, Intermediate Value Theorem and Its Application, Limits at Infini ty and the Horizontal Asymptotes. Derivatives: Derivatives and Rate of Change, Derivatives as Functions, Differentiability of Functions, Rules and Techniques of Differentiation. Applications of Differentiation: Rates of Change in Natural and Social Science s, Exponential Growth and Decay, Linear Approximation and Differentials, Finding Minimum and Maximum Value of Functions and the first and Second Derivative Tests, Indeterminate Forms and L'Hospital's Rule, Curve Sketching. Integrals: Riemann Sum and Defini te Integrals, Properties of Integrals, Fundamental Theorem of Calculus, Anti-Derivative and Indefinite Integral, Net Change Theorem, Substitution Rule. Application of Integration: Finding Area between Curves, Volumes, Volumes by Cylindrical Shells, Average Value of a Function,Mean Value Theorem for Integrals.",True,0.667,structured_extractive,structured_extractive,document1.pdf,2,1.1459,document2.pdf,2,0.8157,document1.pdf,1,0.7975,0.185,False,document1.pdf; document2.pdf; document1.pdf,2; 2; 1,1.1459; 0.8157; 0.7975
Q053,Fundamental Theorem of Calculus কোন কোন বিষয়ের সঙ্গে অন্তর্ভুক্ত করা হয়েছে?,bangla,MTH 101,topics,topics,needs_review,bangla,bangla,True,"It is included under the Integrals topic, with anti-derivative, indefinite integral, Net Change Theorem and Substitution Rule.","উত্তর: Topics include Functions: Graphing Functions, Mathematical Models and Commonly used Functions (Linear, Polynomial, Power), Mathematical Models and Commonly Used Functions (Algebraic, Trigonometric, Exponential, and Logarithmic Functions), Transformations (Scaling, Reflection, Composition), Inverse of Functions, Growth of Functions. Limits: Concepts, One Sided Limits, Infinite limits, Limit Laws, Sandwich Theorem, Formal Definition of Limits and Continuity of Functions, Intermediate Value Theorem and Its Application, Limits at Infini ty and the Horizontal Asymptotes. Derivatives: Derivatives and Rate of Change, Derivatives as Functions, Differentiability of Functions, Rules and Techniques of Differentiation. Applications of Differentiation: Rates of Change in Natural and Social Science s, Exponential Growth and Decay, Linear Approximation and Differentials, Finding Minimum and Maximum Value of Functions and the first and Second Derivative Tests, Indeterminate Forms and L'Hospital's Rule, Curve Sketching. Integrals: Riemann Sum and Defini te Integrals, Properties of Integrals, Fundamental Theorem of Calculus, Anti-Derivative and Indefinite Integral, Net Change Theorem, Substitution Rule. Application of Integration: Finding Area between Curves, Volumes, Volumes by Cylindrical Shells, Average Value of a Function,Mean Value Theorem for Integrals.",True,0.667,structured_extractive,structured_extractive,document1.pdf,2,1.0196,document2.pdf,2,0.6921,document1.pdf,3,0.6665,0.191,False,document1.pdf; document2.pdf; document1.pdf,2; 2; 3,1.0196; 0.6921; 0.6665
Q053,Fundamental Theorem of Calculus kon kon topic-er shathe include kora hoyeche?,banglish,MTH 101,topics,topics,needs_review,banglish,banglish,True,"It is included under the Integrals topic, with anti-derivative, indefinite integral, Net Change Theorem and Substitution Rule.","The Fundamental Theorem of Calculus is-er under-e topics:
- In the topic-er shathe of the course",True,0.200,structured_extractive,structured_extractive,document1.pdf,2,0.9172,document2.pdf,3,0.7573,document1.pdf,3,0.7562,10.551,False,document1.pdf; document2.pdf; document1.pdf,2; 3; 3,0.9172; 0.7573; 0.7562
Q054,What applications of integration are included in the course?,english,MTH 101,topics,topics,verified,english,english,True,"Area between curves, volumes, volumes by cylindrical shells, average value of a function and Mean Value Theorem for Integrals.","Topics include Functions: Graphing Functions, Mathematical Models and Commonly used Functions (Linear, Polynomial, Power), Mathematical Models and Commonly Used Functions (Algebraic, Trigonometric, Exponential, and Logarithmic Functions), Transformations (Scaling, Reflection, Composition), Inverse of Functions, Growth of Functions. Limits: Concepts, One Sided Limits, Infinite limits, Limit Laws, Sandwich Theorem, Formal Definition of Limits and Continuity of Functions, Intermediate Value Theorem and Its Application, Limits at Infini ty and the Horizontal Asymptotes. Derivatives: Derivatives and Rate of Change, Derivatives as Functions, Differentiability of Functions, Rules and Techniques of Differentiation. Applications of Differentiation: Rates of Change in Natural and Social Science s, Exponential Growth and Decay, Linear Approximation and Differentials, Finding Minimum and Maximum Value of Functions and the first and Second Derivative Tests, Indeterminate Forms and L'Hospital's Rule, Curve Sketching. Integrals: Riemann Sum and Defini te Integrals, Properties of Integrals, Fundamental Theorem of Calculus, Anti-Derivative and Indefinite Integral, Net Change Theorem, Substitution Rule. Application of Integration: Finding Area between Curves, Volumes, Volumes by Cylindrical Shells, Average Value of a Function,Mean Value Theorem for Integrals.",True,1.000,structured_extractive,structured_extractive,document1.pdf,2,0.9178,document1.pdf,1,0.7124,document1.pdf,3,0.7094,0.202,False,document1.pdf; document1.pdf; document1.pdf,2; 1; 3,0.9178; 0.7124; 0.7094
Q054,Integration-এর কোন কোন Application কোর্সে অন্তর্ভুক্ত রয়েছে?,bangla,MTH 101,topics,topics,verified,bangla,bangla,True,"Area between curves, volumes, volumes by cylindrical shells, average value of a function and Mean Value Theorem for Integrals.","উত্তর: Topics include Functions: Graphing Functions, Mathematical Models and Commonly used Functions (Linear, Polynomial, Power), Mathematical Models and Commonly Used Functions (Algebraic, Trigonometric, Exponential, and Logarithmic Functions), Transformations (Scaling, Reflection, Composition), Inverse of Functions, Growth of Functions. Limits: Concepts, One Sided Limits, Infinite limits, Limit Laws, Sandwich Theorem, Formal Definition of Limits and Continuity of Functions, Intermediate Value Theorem and Its Application, Limits at Infini ty and the Horizontal Asymptotes. Derivatives: Derivatives and Rate of Change, Derivatives as Functions, Differentiability of Functions, Rules and Techniques of Differentiation. Applications of Differentiation: Rates of Change in Natural and Social Science s, Exponential Growth and Decay, Linear Approximation and Differentials, Finding Minimum and Maximum Value of Functions and the first and Second Derivative Tests, Indeterminate Forms and L'Hospital's Rule, Curve Sketching. Integrals: Riemann Sum and Defini te Integrals, Properties of Integrals, Fundamental Theorem of Calculus, Anti-Derivative and Indefinite Integral, Net Change Theorem, Substitution Rule. Application of Integration: Finding Area between Curves, Volumes, Volumes by Cylindrical Shells, Average Value of a Function,Mean Value Theorem for Integrals.",True,1.000,structured_extractive,structured_extractive,document1.pdf,2,0.8770,document1.pdf,3,0.6796,document2.pdf,2,0.6630,0.178,False,document1.pdf; document1.pdf; document2.pdf,2; 3; 2,0.8770; 0.6796; 0.6630
Q054,Integration-er kon kon Application course-e include kora hoyeche?,banglish,MTH 101,topics,topics,verified,banglish,banglish,True,"Area between curves, volumes, volumes by cylindrical shells, average value of a function and Mean Value Theorem for Integrals.","The course-er under-e topics:
- Graphing Functions
- Mathematical Models
- Commonly used Functions (Linear
- Polynomial
- Power)
- Mathematical Models
- Commonly Used Functions (Algebraic
- Trigonometric
- Exponential
- Logarithmic Functions)
- Transformations (Scaling
- Reflection
- Composition)
- Inverse of Functions
- Growth of Functions. Limits: Concepts
- One Sided Limits
- Infinite limits
- Limit Laws
- Sandwich Theorem
- Formal Definition of Limits
- Continuity of Functions
- Intermediate Value Theorem
- Its Application
- Limits at Infinity
- The Horizontal Asymptotes. Derivatives: Derivatives
- Rate of Change
- Derivatives as Functions
- Differentiability of Functions
- Rules
- Techniques of Differentiation. Applications of Differentiation: Rates of Change in Natural
- Social Sciences
- Exponential Growth
- Decay
- Linear Approximation
- Differentials
- Finding Minimum
- Maximum Value",True,0.200,structured_extractive,structured_extractive,document1.pdf,2,0.7835,document1.pdf,3,0.6243,document2.pdf,2,0.6091,22.766,False,document1.pdf; document1.pdf; document2.pdf,2; 3; 2,0.7835; 0.6243; 0.6091
Q055,What is taught in Week 1 of MTH 101?,english,MTH 101,weekly_content,weekly_content,verified,english,english,True,Function and Limit Continuity are taught in Week 1.,"is: 1. Multimedia or, Lecture - Define the limit, continuity and differentiability of functions - Identify the rate of change of a function with respect to independent variables - Describe the different techniques of evaluating indefinite and definite integrals",True,0.500,gguf_generation,gguf_generation,document1.pdf,1,2.3076,document1.pdf,3,2.1369,document1.pdf,4,2.1225,9.978,False,document1.pdf; document1.pdf; document1.pdf,1; 3; 4,2.3076; 2.1369; 2.1225
Q055,MTH 101-এর Week 1-এ কী পড়ানো হয়?,bangla,MTH 101,weekly_content,weekly_content,verified,bangla,bangla,True,Function and Limit Continuity are taught in Week 1.,"উত্তর: Introduction to Calculus I - Define the limit, continuity and differentiability of functions - Identify the rate of change of a function with respect to independent variables - Describe the different techniques of evaluating indefinite and definite integrals",True,0.500,gguf_generation,gguf_generation,document1.pdf,1,2.3232,document1.pdf,3,2.1669,document1.pdf,4,2.1540,8.692,False,document1.pdf; document1.pdf; document1.pdf,1; 3; 4,2.3232; 2.1669; 2.1540
Q055,MTH 101-er Week 1-e ki porano hoy?,banglish,MTH 101,weekly_content,weekly_content,verified,banglish,banglish,True,Function and Limit Continuity are taught in Week 1.,Ei information-ta: MTH 101-er Week 1-e porano hoy? - Introduction to Calculus I.,True,0.333,gguf_generation,gguf_generation,document1.pdf,1,2.2232,document1.pdf,4,2.0636,document1.pdf,3,2.0512,8.158,False,document1.pdf; document1.pdf; document1.pdf,1; 4; 3,2.2232; 2.0636; 2.0512
Q056,What topics are covered in Week 2?,english,MTH 101,weekly_content,weekly_content,verified,english,english,True,Differentiability and Successive Differentiation are taught in Week 2.,- Mean Value theorem - Taylor theorem,True,0.000,gguf_generation,gguf_generation,document1.pdf,3,0.7927,document3.pdf,3,0.7887,document2.pdf,3,0.7668,5.908,False,document1.pdf; document3.pdf; document2.pdf,3; 3; 3,0.7927; 0.7887; 0.7668
Q056,Week 2-এ কোন কোন বিষয় পড়ানো হয়?,bangla,MTH 101,weekly_content,weekly_content,verified,bangla,bangla,True,Differentiability and Successive Differentiation are taught in Week 2.,উত্তর: - কোন বিষয় পড়ানো হয়?,True,0.000,gguf_generation,gguf_generation,document3.pdf,4,0.7451,document2.pdf,5,0.7278,document3.pdf,3,0.7267,8.608,False,document3.pdf; document2.pdf; document3.pdf,4; 5; 3,0.7451; 0.7278; 0.7267
Q056,Week 2-e kon kon topic porano hoy?,banglish,MTH 101,weekly_content,weekly_content,verified,banglish,banglish,True,Differentiability and Successive Differentiation are taught in Week 2.,"Week 2-e Pronouns and possessives, Reading comprehension, Constructing proper sentence and learning to use reading techniques porano hoy.",True,0.333,gguf_generation,gguf_generation,document1.pdf,4,0.7227,document3.pdf,3,0.7096,document1.pdf,3,0.7014,6.802,False,document1.pdf; document3.pdf; document1.pdf,4; 3; 3,0.7227; 0.7096; 0.7014
Q057,What topics are covered in Week 5?,english,MTH 101,weekly_content,weekly_content,verified,english,english,True,Maxima and minima of functions are taught in Week 5.,Week 5 covers topics such as Letter format and samples from Oxford Handbook of Correspondence and Email Writing.,True,0.286,gguf_generation,gguf_generation,document1.pdf,3,0.7962,document3.pdf,3,0.7841,document2.pdf,3,0.7811,6.297,False,document1.pdf; document3.pdf; document2.pdf,3; 3; 3,0.7962; 0.7841; 0.7811
Q057,Week 5-এ কোন বিষয় পড়ানো হয়?,bangla,MTH 101,weekly_content,weekly_content,verified,bangla,bangla,True,Maxima and minima of functions are taught in Week 5.,উত্তর: Week 5-এ বিষয় পড়ানো হয় বিষয়ের বিবরণ পড়ানো।,True,0.143,gguf_generation,gguf_generation,document3.pdf,4,0.7285,document3.pdf,3,0.7213,document1.pdf,4,0.7205,8.493,False,document3.pdf; document3.pdf; document1.pdf,4; 3; 4,0.7285; 0.7213; 0.7205
Q057,Week 5-e kon topic porano hoy?,banglish,MTH 101,weekly_content,weekly_content,verified,banglish,banglish,True,Maxima and minima of functions are taught in Week 5.,Ei information-ta: Week 5 - Techniques of integration.,True,0.286,gguf_generation,gguf_generation,document1.pdf,4,0.7399,document1.pdf,3,0.7192,document3.pdf,3,0.7191,5.561,False,document1.pdf; document1.pdf; document3.pdf,4; 3; 3,0.7399; 0.7192; 0.7191
Q058,When is the Mid-Term Examination held?,english,MTH 101,weekly_content,unknown,needs_review,english,english,True,The Mid-Term Examination is held in Week 6.,The Mid-Term Examination is held during Week 8.,True,0.833,gguf_generation,gguf_generation,document2.pdf,8,1.0505,document3.pdf,4,1.0481,document1.pdf,4,0.9980,4.930,False,document2.pdf; document3.pdf; document1.pdf,8; 4; 4,1.0505; 1.0481; 0.9980
Q058,Mid-Term Examination কখন অনুষ্ঠিত হয়?,bangla,MTH 101,weekly_content,unknown,needs_review,bangla,bangla,True,The Mid-Term Examination is held in Week 6.,উত্তর: Mid-Term Examination অনুষ্ঠিত হয় সেপ্টেম্বরে।,True,0.500,gguf_generation,gguf_generation,document3.pdf,4,1.0658,document2.pdf,8,1.0646,document1.pdf,4,1.0178,6.474,False,document3.pdf; document2.pdf; document1.pdf,4; 8; 4,1.0658; 1.0646; 1.0178
Q058,Mid-Term Examination kokhon onushthito hoy?,banglish,MTH 101,weekly_content,unknown,needs_review,banglish,banglish,True,The Mid-Term Examination is held in Week 6.,Ei information-ta: Week 8.,True,0.167,gguf_generation,gguf_generation,document3.pdf,4,0.9829,document2.pdf,8,0.9751,document3.pdf,5,0.9439,5.045,False,document3.pdf; document2.pdf; document3.pdf,4; 8; 5,0.9829; 0.9751; 0.9439
Q059,When are Gamma and Beta functions covered?,english,MTH 101,weekly_content,topics,verified,english,english,True,Gamma and Beta Functions are covered in Week 11.,"Topics include Functions: Graphing Functions, Mathematical Models and Commonly used Functions (Linear, Polynomial, Power), Mathematical Models and Commonly Used Functions (Algebraic, Trigonometric, Exponential, and Logarithmic Functions), Transformations (Scaling, Reflection, Composition), Inverse of Functions, Growth of Functions. Limits: Concepts, One Sided Limits, Infinite limits, Limit Laws, Sandwich Theorem, Formal Definition of Limits and Continuity of Functions, Intermediate Value Theorem and Its Application, Limits at Infini ty and the Horizontal Asymptotes. Derivatives: Derivatives and Rate of Change, Derivatives as Functions, Differentiability of Functions, Rules and Techniques of Differentiation. Applications of Differentiation: Rates of Change in Natural and Social Science s, Exponential Growth and Decay, Linear Approximation and Differentials, Finding Minimum and Maximum Value of Functions and the first and Second Derivative Tests, Indeterminate Forms and L'Hospital's Rule, Curve Sketching. Integrals: Riemann Sum and Defini te Integrals, Properties of Integrals, Fundamental Theorem of Calculus, Anti-Derivative and Indefinite Integral, Net Change Theorem, Substitution Rule. Application of Integration: Finding Area between Curves, Volumes, Volumes by Cylindrical Shells, Average Value of a Function,Mean Value Theorem for Integrals.",True,0.286,structured_extractive,structured_extractive,document1.pdf,2,0.8952,document1.pdf,3,0.8509,document1.pdf,1,0.5411,0.181,False,document1.pdf; document1.pdf; document1.pdf,2; 3; 1,0.8952; 0.8509; 0.5411
Q059,Gamma and Beta Functions কোন সপ্তাহে পড়ানো হয়?,bangla,MTH 101,weekly_content,topics,verified,bangla,bangla,True,Gamma and Beta Functions are covered in Week 11.,"উত্তর: Topics include Functions: Graphing Functions, Mathematical Models and Commonly used Functions (Linear, Polynomial, Power), Mathematical Models and Commonly Used Functions (Algebraic, Trigonometric, Exponential, and Logarithmic Functions), Transformations (Scaling, Reflection, Composition), Inverse of Functions, Growth of Functions. Limits: Concepts, One Sided Limits, Infinite limits, Limit Laws, Sandwich Theorem, Formal Definition of Limits and Continuity of Functions, Intermediate Value Theorem and Its Application, Limits at Infini ty and the Horizontal Asymptotes. Derivatives: Derivatives and Rate of Change, Derivatives as Functions, Differentiability of Functions, Rules and Techniques of Differentiation. Applications of Differentiation: Rates of Change in Natural and Social Science s, Exponential Growth and Decay, Linear Approximation and Differentials, Finding Minimum and Maximum Value of Functions and the first and Second Derivative Tests, Indeterminate Forms and L'Hospital's Rule, Curve Sketching. Integrals: Riemann Sum and Defini te Integrals, Properties of Integrals, Fundamental Theorem of Calculus, Anti-Derivative and Indefinite Integral, Net Change Theorem, Substitution Rule. Application of Integration: Finding Area between Curves, Volumes, Volumes by Cylindrical Shells, Average Value of a Function,Mean Value Theorem for Integrals.",True,0.286,structured_extractive,structured_extractive,document1.pdf,3,0.9854,document1.pdf,2,0.9510,document1.pdf,1,0.6205,0.159,False,document1.pdf; document1.pdf; document1.pdf,3; 2; 1,0.9854; 0.9510; 0.6205
Q059,Gamma and Beta Functions kon week-e porano hoy?,banglish,MTH 101,weekly_content,topics,verified,banglish,banglish,True,Gamma and Beta Functions are covered in Week 11.,Ei information-ta: Gamma and Beta functions are covered in Week 11 of the course schedule.,True,1.000,structured_extractive,structured_extractive,document1.pdf,3,1.0485,document1.pdf,2,0.8951,document2.pdf,5,0.5914,9.659,False,document1.pdf; document1.pdf; document2.pdf,3; 2; 5,1.0485; 0.8951; 0.5914
Q060,What percentage of the total evaluation is allocated to Class Tests?,english,MTH 101,mark_distribution,mark_distribution,verified,english,english,True,30% of the total evaluation is allocated to Class Tests.,The percentage of the total evaluation allocated to Class Tests is 30%.,True,1.000,gguf_generation,gguf_generation,document2.pdf,8,1.0944,document2.pdf,9,1.0511,document1.pdf,5,1.0253,6.503,False,document2.pdf; document2.pdf; document1.pdf,8; 9; 5,1.0944; 1.0511; 1.0253
Q060,মোট Evaluation-এর কত শতাংশ Class Tests-এর জন্য বরাদ্দ করা হয়েছে?,bangla,MTH 101,mark_distribution,mark_distribution,verified,bangla,bangla,True,30% of the total evaluation is allocated to Class Tests.,উত্তর: বরাদ্দ করা হয়েছে 3 out of 4 class tests.,True,0.375,gguf_generation,gguf_generation,document2.pdf,8,1.0965,document3.pdf,6,1.0302,document1.pdf,5,1.0201,9.836,False,document2.pdf; document3.pdf; document1.pdf,8; 6; 5,1.0965; 1.0302; 1.0201
Q060,Total Evaluation-er koto percent Class Tests-er jonno boraddo kora hoyeche?,banglish,MTH 101,mark_distribution,mark_distribution,verified,banglish,banglish,True,30% of the total evaluation is allocated to Class Tests.,Ei information-ta: 15%.,True,0.000,gguf_generation,gguf_generation,document2.pdf,8,0.9606,document2.pdf,9,0.9584,document1.pdf,5,0.9354,6.585,False,document2.pdf; document2.pdf; document1.pdf,8; 9; 5,0.9606; 0.9584; 0.9354
