question_id,question,expected_language,course_code,expected_intent,detected_intent,ground_truth_status,detected_language,response_language,language_consistent,reference_answer,generated_answer,language_consistency,reference_token_overlap,answer_mode,generation_mode,retrieved_source_1,retrieved_page_1,retrieved_score_1,retrieved_source_2,retrieved_page_2,retrieved_score_2,retrieved_source_3,retrieved_page_3,retrieved_score_3,latency_seconds,answer_bank_enabled,retrieved_source,retrieved_page,retrieval_score
Q001,What is the course code and title of CSE 101?,english,CSE 101,course_metadata,course_metadata,verified,english,english,True,"The course code is CSE 101, and the course title is Computer Fundamentals and Programming.",Course code: CSE 101. Course title: Computer Fundamentals and Programming.,True,1.000,fast_extractive,fast_extractive,document2.pdf,1,34.0000,document2.pdf,2,21.0000,document2.pdf,6,21.0000,0.007,False,document2.pdf; document2.pdf; document2.pdf,1; 2; 6,34.0000; 21.0000; 21.0000
Q001,CSE 101 কোর্সের কোর্স কোড এবং শিরোনাম কী?,bangla,CSE 101,course_metadata,course_metadata,verified,bangla,bangla,True,"The course code is CSE 101, and the course title is Computer Fundamentals and Programming.",উত্তর: Course code: CSE 101. Course title: Computer Fundamentals and Programming.,True,1.000,fast_extractive,fast_extractive,document2.pdf,1,30.0000,document2.pdf,2,20.0000,document2.pdf,3,20.0000,0.005,False,document2.pdf; document2.pdf; document2.pdf,1; 2; 3,30.0000; 20.0000; 20.0000
Q001,CSE 101 course-er course code ebong title ki?,banglish,CSE 101,course_metadata,course_metadata,verified,banglish,banglish,True,"The course code is CSE 101, and the course title is Computer Fundamentals and Programming.",Course-er code holo CSE 101. Course title: Computer Fundamentals and Programming.,True,1.000,fast_extractive,fast_extractive,document2.pdf,1,35.0000,document2.pdf,2,23.0000,document2.pdf,6,23.0000,0.004,False,document2.pdf; document2.pdf; document2.pdf,1; 2; 6,35.0000; 23.0000; 23.0000
Q002,What are the main objectives of the Computer Fundamentals and Programming course?,english,CSE 101,course_objective,course_objective,verified,english,english,True,"The main objectives are to introduce computer hardware, software and functionalities; explain number systems, base conversion and Boolean algebra; and introduce basic programming and program-planning tools.","The objectives of this course are to: 1. Introduce computer hardware, software, and functionalities. 2. Provide a thorough understanding of the number system, base conversion, and Boolean algebra. 3. Introduce basic programming and different program planning tools.",True,0.850,fast_extractive,fast_extractive,document2.pdf,1,50.0000,document2.pdf,2,27.0000,document2.pdf,3,24.0000,0.004,False,document2.pdf; document2.pdf; document2.pdf,1; 2; 3,50.0000; 27.0000; 24.0000
Q002,Computer Fundamentals and Programming কোর্সের প্রধান উদ্দেশ্যগুলো কী?,bangla,CSE 101,course_objective,course_objective,verified,bangla,bangla,True,"The main objectives are to introduce computer hardware, software and functionalities; explain number systems, base conversion and Boolean algebra; and introduce basic programming and program-planning tools.","উত্তর: The objectives of this course are to: 1. Introduce computer hardware, software, and functionalities. 2. Provide a thorough understanding of the number system, base conversion, and Boolean algebra. 3. Introduce basic programming and different program planning tools.",True,0.850,fast_extractive,fast_extractive,document2.pdf,1,48.0000,document2.pdf,2,26.0000,document2.pdf,3,24.0000,0.004,False,document2.pdf; document2.pdf; document2.pdf,1; 2; 3,48.0000; 26.0000; 24.0000
Q002,Computer Fundamentals and Programming course-er main objectives-gulo ki?,banglish,CSE 101,course_objective,course_objective,verified,banglish,banglish,True,"The main objectives are to introduce computer hardware, software and functionalities; explain number systems, base conversion and Boolean algebra; and introduce basic programming and program-planning tools.","Ei information-ta: The objectives of this course are to: 1. Introduce computer hardware, software, and functionalities. 2. Provide a thorough understanding of the number system, base conversion, and Boolean algebra. 3. Introduce basic programming and different program planning tools.",True,0.850,fast_extractive,fast_extractive,document2.pdf,1,51.0000,document2.pdf,2,29.0000,document2.pdf,3,26.0000,0.005,False,document2.pdf; document2.pdf; document2.pdf,1; 2; 3,51.0000; 29.0000; 26.0000
Q003,What is CLO 1 of CSE 101?,english,CSE 101,clo,clo,verified,english,english,True,"CLO 1 is to describe fundamentals of computer systems, software and hardware.","CLO 1: Describe fundamentals of Computer Systems, Software, and Hardware.",True,0.889,fast_extractive,fast_extractive,document2.pdf,2,40.0000,document2.pdf,3,40.0000,document2.pdf,4,39.0000,0.003,False,document2.pdf; document2.pdf; document2.pdf,2; 3; 4,40.0000; 40.0000; 39.0000
Q003,CSE 101-এর CLO 1 কী?,bangla,CSE 101,clo,clo,verified,bangla,bangla,True,"CLO 1 is to describe fundamentals of computer systems, software and hardware.","উত্তর: CLO 1: Describe fundamentals of Computer Systems, Software, and Hardware.",True,0.889,fast_extractive,fast_extractive,document2.pdf,2,40.0000,document2.pdf,3,40.0000,document2.pdf,4,39.0000,0.003,False,document2.pdf; document2.pdf; document2.pdf,2; 3; 4,40.0000; 40.0000; 39.0000
Q003,CSE 101-er CLO 1 ki?,banglish,CSE 101,clo,clo,verified,banglish,banglish,True,"CLO 1 is to describe fundamentals of computer systems, software and hardware.","CLO 1 holo Describe fundamentals of Computer Systems, Software, and Hardware.",True,0.889,fast_extractive,fast_extractive,document2.pdf,2,42.0000,document2.pdf,3,42.0000,document2.pdf,4,41.0000,0.003,False,document2.pdf; document2.pdf; document2.pdf,2; 3; 4,42.0000; 42.0000; 41.0000
Q004,What is CLO 2 of CSE 101?,english,CSE 101,clo,clo,verified,english,english,True,CLO 2 is to understand the fundamentals of Boolean algebra and number systems.,CLO 2: Understand the fundamentals of Boolean algebra and number systems.,True,0.889,fast_extractive,fast_extractive,document2.pdf,2,40.0000,document2.pdf,3,40.0000,document2.pdf,5,39.0000,0.003,False,document2.pdf; document2.pdf; document2.pdf,2; 3; 5,40.0000; 40.0000; 39.0000
Q004,CSE 101-এর CLO 2 কী?,bangla,CSE 101,clo,clo,verified,bangla,bangla,True,CLO 2 is to understand the fundamentals of Boolean algebra and number systems.,উত্তর: CLO 2: Understand the fundamentals of Boolean algebra and number systems.,True,0.889,fast_extractive,fast_extractive,document2.pdf,2,40.0000,document2.pdf,3,40.0000,document2.pdf,5,39.0000,0.003,False,document2.pdf; document2.pdf; document2.pdf,2; 3; 5,40.0000; 40.0000; 39.0000
Q004,CSE 101-er CLO 2 ki?,banglish,CSE 101,clo,clo,verified,banglish,banglish,True,CLO 2 is to understand the fundamentals of Boolean algebra and number systems.,CLO 2 holo Understand the fundamentals of Boolean algebra and number systems.,True,0.889,fast_extractive,fast_extractive,document2.pdf,2,42.0000,document2.pdf,3,42.0000,document2.pdf,5,40.0000,0.003,False,document2.pdf; document2.pdf; document2.pdf,2; 3; 5,42.0000; 42.0000; 40.0000
Q005,What is CLO 3 of CSE 101?,english,CSE 101,clo,clo,verified,english,english,True,"CLO 3 is to design flowcharts, algorithms and pseudocodes.","CLO 3: Design flowcharts, algorithms and pseudocodes of problem solutions.",True,0.833,fast_extractive,fast_extractive,document2.pdf,2,40.0000,document2.pdf,3,40.0000,document2.pdf,6,39.0000,0.003,False,document2.pdf; document2.pdf; document2.pdf,2; 3; 6,40.0000; 40.0000; 39.0000
Q005,CSE 101-এর CLO 3 কী?,bangla,CSE 101,clo,clo,verified,bangla,bangla,True,"CLO 3 is to design flowcharts, algorithms and pseudocodes.","উত্তর: CLO 3: Design flowcharts, algorithms and pseudocodes of problem solutions.",True,0.833,fast_extractive,fast_extractive,document2.pdf,2,40.0000,document2.pdf,3,40.0000,document2.pdf,6,39.0000,0.003,False,document2.pdf; document2.pdf; document2.pdf,2; 3; 6,40.0000; 40.0000; 39.0000
Q005,CSE 101-er CLO 3 ki?,banglish,CSE 101,clo,clo,verified,banglish,banglish,True,"CLO 3 is to design flowcharts, algorithms and pseudocodes.","CLO 3 holo Design flowcharts, algorithms and pseudocodes of problem solutions.",True,0.833,fast_extractive,fast_extractive,document2.pdf,2,42.0000,document2.pdf,3,42.0000,document2.pdf,6,41.0000,0.003,False,document2.pdf; document2.pdf; document2.pdf,2; 3; 6,42.0000; 42.0000; 41.0000
Q006,What is CLO 4 of CSE 101?,english,CSE 101,clo,clo,verified,english,english,True,"CLO 4 is to develop simple programs using conditionals, loops and arrays.","CLO 4: Develop simple programs using conditionals, loops, and arrays.",True,0.889,fast_extractive,fast_extractive,document2.pdf,2,40.0000,document2.pdf,3,40.0000,document2.pdf,6,39.0000,0.003,False,document2.pdf; document2.pdf; document2.pdf,2; 3; 6,40.0000; 40.0000; 39.0000
Q006,CSE 101-এর CLO 4 কী?,bangla,CSE 101,clo,clo,verified,bangla,bangla,True,"CLO 4 is to develop simple programs using conditionals, loops and arrays.","উত্তর: CLO 4: Develop simple programs using conditionals, loops, and arrays.",True,0.889,fast_extractive,fast_extractive,document2.pdf,2,40.0000,document2.pdf,3,40.0000,document2.pdf,6,39.0000,0.003,False,document2.pdf; document2.pdf; document2.pdf,2; 3; 6,40.0000; 40.0000; 39.0000
Q006,CSE 101-er CLO 4 ki?,banglish,CSE 101,clo,clo,verified,banglish,banglish,True,"CLO 4 is to develop simple programs using conditionals, loops and arrays.","CLO 4 holo Develop simple programs using conditionals, loops, and arrays.",True,0.889,fast_extractive,fast_extractive,document2.pdf,2,42.0000,document2.pdf,3,42.0000,document2.pdf,6,41.0000,0.003,False,document2.pdf; document2.pdf; document2.pdf,2; 3; 6,42.0000; 42.0000; 41.0000
Q007,Name four types of computer hardware mentioned in the course.,english,CSE 101,topics,unknown,needs_review,english,english,True,"Mouse, keyboard, monitor and CPU.","Relevant information from the available university documents:

Course Learning Outcomes: at the end of the Course, the Students will be able to – CLO 1 Describe fundamentals of Computer Systems, Software, and Hardware CLO 2 Understand the fundamentals of Boolean algebra and number systems CLO 3 Design flowcharts, algorithms and pseudocodes of problem solutions CLO 4 Develop simple programs using conditionals, loops, and arrays 13. Course Content: Computer Hardware: mouse, keyboard, monitor, CPU, printer, scanner, router, modem; Computer Software: application software, system software; Boolean Algebra: logic gates, Boolean addition, and multiplication, Number Systems: binary, decimal, octal, hexadecimal number systems and their conversions, addition, subtraction; Program Planning Tools: flowcharts, algorithms, pseudocodes; Introduction to Programming: basic input-output, data types, constants and variables; operators and expressions; type conversion; Decision making: branching and selection structures; if-else and switch statements, conditional operators; Repetition and Loop Statements: for loop, while loop, do-while loop, branching and looping, loop nesting; Arrays: introduction to arrays University of Asia Pacific (UAP) Department of Computer Science and Engineering (CSE) BSc in CSE Program Course Outline – Course Name Part A – Introduction 1.",True,1.000,fast_extractive,fast_extractive,document2.pdf,2,6.0000,document3.pdf,1,6.0000,document1.pdf,1,4.0000,0.004,False,document2.pdf; document3.pdf; document1.pdf,2; 1; 1,6.0000; 6.0000; 4.0000
Q007,কোর্সে উল্লেখিত চারটি কম্পিউটার হার্ডওয়্যারের নাম কী?,bangla,CSE 101,topics,unknown,needs_review,bangla,bangla,True,"Mouse, keyboard, monitor and CPU.",উপলব্ধ বিশ্ববিদ্যালয়ের নথিতে এই তথ্যটি পাওয়া যায়নি।,True,0.000,unsupported,unsupported,,,,,,,,,,0.004,False,,,
Q007,Course-e mention kora char-ti computer hardware-er naam ki?,banglish,CSE 101,topics,unknown,needs_review,banglish,banglish,True,"Mouse, keyboard, monitor and CPU.","Ei information-ta: Course Learning Outcomes: at the end of the Course, the Students will be able to – CLO 1 Describe fundamentals of Computer Systems, Software, and Hardware CLO 2 Understand the fundamentals of Boolean algebra and number systems CLO 3 Design flowcharts, algorithms and pseudocodes of problem solutions CLO 4 Develop simple programs using conditionals, loops, and arrays 13. Course Content: Computer Hardware: mouse, keyboard, monitor, CPU, printer, scanner, router, modem; Computer Software: application software, system software; Boolean Algebra: logic gates, Boolean addition, and multiplication, Number Systems: binary, decimal, octal, hexadecimal number systems and their conversions, addition, subtraction; Program Planning Tools: flowcharts, algorithms, pseudocodes; Introduction to Programming: basic input-output, data types, constants and variables; operators and expressions; type conversion; Decision making: branching and selection structures; if-else and switch statements, conditional operators; Repetition and Loop Statements: for loop, while loop, do-while loop, branching and looping, loop nesting; Arrays: introduction to arrays No Topics / Content Course Learning Outcome (CLO) 1 Looking Inside the Computer System, Using the Keyboard and Mouse, Inputting Data in Other Ways, Video and Sound, Transforming Data into Information CLO1 2 Number system, Boolean algebra CLO2 3 Programming planning tools CLO3 4.",True,1.000,fast_extractive,fast_extractive,document2.pdf,2,8.0000,document2.pdf,3,7.0000,document2.pdf,7,7.0000,0.005,False,document2.pdf; document2.pdf; document2.pdf,2; 3; 7,8.0000; 7.0000; 7.0000
Q008,What are the two types of computer software mentioned in the course?,english,CSE 101,topics,unknown,needs_review,english,english,True,Application software and system software.,"Relevant information from the available university documents:

Course Learning Outcomes: at the end of the Course, the Students will be able to – CLO 1 Describe fundamentals of Computer Systems, Software, and Hardware CLO 2 Understand the fundamentals of Boolean algebra and number systems CLO 3 Design flowcharts, algorithms and pseudocodes of problem solutions CLO 4 Develop simple programs using conditionals, loops, and arrays 13. Course Content: Computer Hardware: mouse, keyboard, monitor, CPU, printer, scanner, router, modem; Computer Software: application software, system software; Boolean Algebra: logic gates, Boolean addition, and multiplication, Number Systems: binary, decimal, octal, hexadecimal number systems and their conversions, addition, subtraction; Program Planning Tools: flowcharts, algorithms, pseudocodes; Introduction to Programming: basic input-output, data types, constants and variables; operators and expressions; type conversion; Decision making: branching and selection structures; if-else and switch statements, conditional operators; Repetition and Loop Statements: for loop, while loop, do-while loop, branching and looping, loop nesting; Arrays: introduction to arrays University of Asia Pacific (UAP) Department of Computer Science and Engineering (CSE) BSc in CSE Program Course Outline – Computer Fundamentals and Programming Part A – Introduction 1.",True,1.000,fast_extractive,fast_extractive,document2.pdf,2,6.0000,document2.pdf,1,4.0000,document2.pdf,3,4.0000,0.004,False,document2.pdf; document2.pdf; document2.pdf,2; 1; 3,6.0000; 4.0000; 4.0000
Q008,কোর্সে উল্লেখিত কম্পিউটার সফটওয়্যারের দুটি ধরন কী?,bangla,CSE 101,topics,course_type,needs_review,bangla,bangla,True,Application software and system software.,উপলব্ধ বিশ্ববিদ্যালয়ের নথিতে এই তথ্যটি পাওয়া যায়নি।,True,0.000,unsupported,unsupported,,,,,,,,,,0.004,False,,,
Q008,Course-e mention kora computer software-er dui-ti type ki?,banglish,CSE 101,topics,course_type,needs_review,banglish,banglish,True,Application software and system software.,"Ei information-ta: Course Learning Outcomes: at the end of the Course, the Students will be able to – CLO 1 Describe fundamentals of Computer Systems, Software, and Hardware CLO 2 Understand the fundamentals of Boolean algebra and number systems CLO 3 Design flowcharts, algorithms and pseudocodes of problem solutions CLO 4 Develop simple programs using conditionals, loops, and arrays 13. Course Content: Computer Hardware: mouse, keyboard, monitor, CPU, printer, scanner, router, modem; Computer Software: application software, system software; Boolean Algebra: logic gates, Boolean addition, and multiplication, Number Systems: binary, decimal, octal, hexadecimal number systems and their conversions, addition, subtraction; Program Planning Tools: flowcharts, algorithms, pseudocodes; Introduction to Programming: basic input-output, data types, constants and variables; operators and expressions; type conversion; Decision making: branching and selection structures; if-else and switch statements, conditional operators; Repetition and Loop Statements: for loop, while loop, do-while loop, branching and looping, loop nesting; Arrays: introduction to arrays University of Asia Pacific (UAP) Department of Computer Science and Engineering (CSE) BSc in CSE Program Course Outline – Computer Fundamentals and Programming Part A – Introduction 1.",True,1.000,fast_extractive,fast_extractive,document2.pdf,2,9.0000,document2.pdf,1,8.0000,document2.pdf,3,7.0000,0.005,False,document2.pdf; document2.pdf; document2.pdf,2; 1; 3,9.0000; 8.0000; 7.0000
Q009,What number systems are included in CSE 101?,english,CSE 101,topics,course_code,verified,english,english,True,"Binary, decimal, octal and hexadecimal.",Course code: CSE 101.,True,0.000,fast_extractive,fast_extractive,document2.pdf,1,32.0000,document2.pdf,2,24.0000,document2.pdf,5,24.0000,0.003,False,document2.pdf; document2.pdf; document2.pdf,1; 2; 5,32.0000; 24.0000; 24.0000
Q009,CSE 101 কোর্সে কোন কোন Number System অন্তর্ভুক্ত করা হয়েছে?,bangla,CSE 101,topics,course_code,verified,bangla,bangla,True,"Binary, decimal, octal and hexadecimal.",উত্তর: Course code: CSE 101.,True,0.000,fast_extractive,fast_extractive,document2.pdf,1,34.0000,document2.pdf,2,24.0000,document2.pdf,3,24.0000,0.005,False,document2.pdf; document2.pdf; document2.pdf,1; 2; 3,34.0000; 24.0000; 24.0000
Q009,CSE 101 course-e kon kon Number System include kora hoyeche?,banglish,CSE 101,topics,course_code,verified,banglish,banglish,True,"Binary, decimal, octal and hexadecimal.",Course-er code holo CSE 101.,True,0.000,fast_extractive,fast_extractive,document2.pdf,1,34.0000,document2.pdf,2,24.0000,document2.pdf,3,24.0000,0.005,False,document2.pdf; document2.pdf; document2.pdf,1; 2; 3,34.0000; 24.0000; 24.0000
Q010,What operations are included in the study of number systems?,english,CSE 101,topics,course_code,needs_review,english,english,True,"Conversion, addition and subtraction.","Relevant information from the available university documents:

Course Learning Outcomes: at the end of the Course, the Students will be able to – CLO 1 Describe fundamentals of Computer Systems, Software, and Hardware CLO 2 Understand the fundamentals of Boolean algebra and number systems CLO 3 Design flowcharts, algorithms and pseudocodes of problem solutions CLO 4 Develop simple programs using conditionals, loops, and arrays 13. Course Content: Computer Hardware: mouse, keyboard, monitor, CPU, printer, scanner, router, modem; Computer Software: application software, system software; Boolean Algebra: logic gates, Boolean addition, and multiplication, Number Systems: binary, decimal, octal, hexadecimal number systems and their conversions, addition, subtraction; Program Planning Tools: flowcharts, algorithms, pseudocodes; Introduction to Programming: basic input-output, data types, constants and variables; operators and expressions; type conversion; Decision making: branching and selection structures; if-else and switch statements, conditional operators; Repetition and Loop Statements: for loop, while loop, do-while loop, branching and looping, loop nesting; Arrays: introduction to arrays Number System ● binary, decimal, octal, hexadecimal, etc.",True,1.000,fast_extractive,fast_extractive,document2.pdf,2,4.0000,document2.pdf,5,4.0000,document1.pdf,1,2.0000,0.003,False,document2.pdf; document2.pdf; document1.pdf,2; 5; 1,4.0000; 4.0000; 2.0000
Q010,Number System-এর অধ্যয়নে কোন কোন গাণিতিক অপারেশন অন্তর্ভুক্ত রয়েছে?,bangla,CSE 101,topics,course_code,needs_review,bangla,bangla,True,"Conversion, addition and subtraction.",উত্তর: Course code: CSE 101.,True,0.000,fast_extractive,fast_extractive,document2.pdf,1,4.0000,document2.pdf,2,4.0000,document2.pdf,3,4.0000,0.005,False,document2.pdf; document2.pdf; document2.pdf,1; 2; 3,4.0000; 4.0000; 4.0000
Q010,Number System-er study-te kon kon mathematical operation include kora hoyeche?,banglish,CSE 101,topics,course_code,needs_review,banglish,banglish,True,"Conversion, addition and subtraction.","Ei information-ta: CLO 3 Apply the concepts or techniques of differentiation and integration to solve the problems related to engineering study. CLO 5 Calculate the length, area, volume, center of gravity and average value related to engineering study. Course Content: Functions: Graphing Functions, Mathematical Models and Commonly used Functions (Linear, Polynomial, Power), Mathematical Models and Commonly Used Functions (Algebraic, Trigonometric, Exponential, and Logarithmic Functions), Transformations (Scaling, Reflection, Composition), Inverse of Functions, Growth of Functions.",True,0.000,fast_extractive,fast_extractive,document1.pdf,2,7.0000,document2.pdf,1,6.0000,document2.pdf,2,6.0000,0.007,False,document1.pdf; document2.pdf; document2.pdf,2; 1; 2,7.0000; 6.0000; 6.0000
Q011,What topics are included under Boolean Algebra?,english,CSE 101,topics,topics,needs_review,english,english,True,"Logic gates, Boolean addition and Boolean multiplication.","Topics under Boolean Algebra:
- Logic gates
- Boolean addition
- Boolean multiplication",True,1.000,structured_extractive,structured_extractive,document2.pdf,2,27.0000,document3.pdf,2,18.0000,document2.pdf,3,15.0000,0.005,False,document2.pdf; document3.pdf; document2.pdf,2; 2; 3,27.0000; 18.0000; 15.0000
Q011,Boolean Algebra-এর অধীনে কোন কোন বিষয় অন্তর্ভুক্ত রয়েছে?,bangla,CSE 101,topics,topics,needs_review,bangla,banglish,False,"Logic gates, Boolean addition and Boolean multiplication.","Boolean Algebra-er odhine bishoygulo:
- Logic gates
- Boolean addition
- Boolean multiplication",False,1.000,structured_extractive,structured_extractive,document2.pdf,2,26.0000,document3.pdf,2,16.0000,document2.pdf,3,13.0000,0.006,False,document2.pdf; document3.pdf; document2.pdf,2; 2; 3,26.0000; 16.0000; 13.0000
Q011,Boolean Algebra-er under-e kon kon topic include kora hoyeche?,banglish,CSE 101,topics,topics,needs_review,banglish,banglish,True,"Logic gates, Boolean addition and Boolean multiplication.","Boolean Algebra-er under-e topics:
- Logic gates
- Boolean addition
- Boolean multiplication",True,1.000,structured_extractive,structured_extractive,document2.pdf,2,28.0000,document3.pdf,2,19.0000,document2.pdf,3,15.0000,0.006,False,document2.pdf; document3.pdf; document2.pdf,2; 2; 3,28.0000; 19.0000; 15.0000
Q012,What are the three program-planning tools included in CSE 101?,english,CSE 101,topics,topics,verified,english,english,True,"Flowcharts, algorithms and pseudocodes.","Topics include Computer Hardware: mouse, keyboard, monitor, CPU, printer, scanner, router, modem; Computer Software: application software, system software; Boolean Algebra: logic gates, Boolean addition, and multiplication, Number Systems: binary, decimal, octal, hexadecimal number systems and their conversions, addition, subtraction; Program Planning Tools: flowcharts, algorithms, pseudocodes; Introduction to Programming: basic input-output, data types, constants and variables; operators and expressions; type conversion; Decision making: branching and selection structures; if-else and switch statements, conditional operators; Repetition and Loop Statements: for loop, while loop, do-while loop, branching and looping, loop nesting; Arrays: introduction to arrays.",True,1.000,structured_extractive,structured_extractive,document2.pdf,1,36.0000,document2.pdf,2,36.0000,document2.pdf,3,31.0000,0.004,False,document2.pdf; document2.pdf; document2.pdf,1; 2; 3,36.0000; 36.0000; 31.0000
Q012,CSE 101 কোর্সে ব্যবহৃত তিনটি Program Planning Tool কী কী?,bangla,CSE 101,topics,course_metadata,verified,bangla,bangla,True,"Flowcharts, algorithms and pseudocodes.",উত্তর: Course code: CSE 101. Course title: Computer Fundamentals and Programming. Course type: Core Course. Credit value: 3.0.,True,0.000,fast_extractive,fast_extractive,document2.pdf,1,35.0000,document2.pdf,2,25.0000,document2.pdf,6,25.0000,0.006,False,document2.pdf; document2.pdf; document2.pdf,1; 2; 6,35.0000; 25.0000; 25.0000
Q012,CSE 101 course-e use kora tin-ti Program Planning Tool ki ki?,banglish,CSE 101,topics,course_metadata,verified,banglish,banglish,True,"Flowcharts, algorithms and pseudocodes.",Course-er code holo CSE 101. Course title: Computer Fundamentals and Programming. Course type: Core Course. Credit value: 3.0.,True,0.000,fast_extractive,fast_extractive,document2.pdf,1,37.0000,document2.pdf,2,30.0000,document2.pdf,3,29.0000,0.006,False,document2.pdf; document2.pdf; document2.pdf,1; 2; 3,37.0000; 30.0000; 29.0000
Q013,What basic programming topics are introduced in CSE 101?,english,CSE 101,topics,topics,needs_review,english,english,True,"Basic input-output, data types, constants, variables, operators, expressions and type conversion.","Topics include Computer Hardware: mouse, keyboard, monitor, CPU, printer, scanner, router, modem; Computer Software: application software, system software; Boolean Algebra: logic gates, Boolean addition, and multiplication, Number Systems: binary, decimal, octal, hexadecimal number systems and their conversions, addition, subtraction; Program Planning Tools: flowcharts, algorithms, pseudocodes; Introduction to Programming: basic input-output, data types, constants and variables; operators and expressions; type conversion; Decision making: branching and selection structures; if-else and switch statements, conditional operators; Repetition and Loop Statements: for loop, while loop, do-while loop, branching and looping, loop nesting; Arrays: introduction to arrays.",True,1.000,structured_extractive,structured_extractive,document2.pdf,1,34.0000,document2.pdf,2,34.0000,document2.pdf,3,32.0000,0.004,False,document2.pdf; document2.pdf; document2.pdf,1; 2; 3,34.0000; 34.0000; 32.0000
Q013,CSE 101 কোর্সে কোন কোন মৌলিক Programming বিষয় পড়ানো হয়?,bangla,CSE 101,topics,topics,needs_review,bangla,bangla,True,"Basic input-output, data types, constants, variables, operators, expressions and type conversion.","উত্তর: Topics include Computer Hardware: mouse, keyboard, monitor, CPU, printer, scanner, router, modem; Computer Software: application software, system software; Boolean Algebra: logic gates, Boolean addition, and multiplication, Number Systems: binary, decimal, octal, hexadecimal number systems and their conversions, addition, subtraction; Program Planning Tools: flowcharts, algorithms, pseudocodes; Introduction to Programming: basic input-output, data types, constants and variables; operators and expressions; type conversion; Decision making: branching and selection structures; if-else and switch statements, conditional operators; Repetition and Loop Statements: for loop, while loop, do-while loop, branching and looping, loop nesting; Arrays: introduction to arrays.",True,1.000,structured_extractive,structured_extractive,document2.pdf,1,32.0000,document2.pdf,2,32.0000,document2.pdf,3,28.0000,0.006,False,document2.pdf; document2.pdf; document2.pdf,1; 2; 3,32.0000; 32.0000; 28.0000
Q013,CSE 101 course-e kon kon basic Programming topic porano hoy?,banglish,CSE 101,topics,topics,needs_review,banglish,english,False,"Basic input-output, data types, constants, variables, operators, expressions and type conversion.","Ei information-ta: Topics include Computer Hardware: mouse, keyboard, monitor, CPU, printer, scanner, router, modem; Computer Software: application software, system software; Boolean Algebra: logic gates, Boolean addition, and multiplication, Number Systems: binary, decimal, octal, hexadecimal number systems and their conversions, addition, subtraction; Program Planning Tools: flowcharts, algorithms, pseudocodes; Introduction to Programming: basic input-output, data types, constants and variables; operators and expressions; type conversion; Decision making: branching and selection structures; if-else and switch statements, conditional operators; Repetition and Loop Statements: for loop, while loop, do-while loop, branching and looping, loop nesting; Arrays: introduction to arrays.",False,1.000,structured_extractive,structured_extractive,document2.pdf,1,34.0000,document2.pdf,2,34.0000,document2.pdf,3,31.0000,0.005,False,document2.pdf; document2.pdf; document2.pdf,1; 2; 3,34.0000; 34.0000; 31.0000
Q014,What decision-making statements are included in the course?,english,CSE 101,topics,topics,needs_review,english,english,True,"If-else, switch statements and conditional operators.","Topics include Computer Hardware: mouse, keyboard, monitor, CPU, printer, scanner, router, modem; Computer Software: application software, system software; Boolean Algebra: logic gates, Boolean addition, and multiplication, Number Systems: binary, decimal, octal, hexadecimal number systems and their conversions, addition, subtraction; Program Planning Tools: flowcharts, algorithms, pseudocodes; Introduction to Programming: basic input-output, data types, constants and variables; operators and expressions; type conversion; Decision making: branching and selection structures; if-else and switch statements, conditional operators; Repetition and Loop Statements: for loop, while loop, do-while loop, branching and looping, loop nesting; Arrays: introduction to arrays.",True,1.000,structured_extractive,structured_extractive,document2.pdf,2,16.0000,document3.pdf,2,16.0000,document2.pdf,3,12.0000,0.003,False,document2.pdf; document3.pdf; document2.pdf,2; 2; 3,16.0000; 16.0000; 12.0000
Q014,কোর্সে কোন কোন Decision-Making Statement অন্তর্ভুক্ত রয়েছে?,bangla,CSE 101,topics,topics,needs_review,bangla,bangla,True,"If-else, switch statements and conditional operators.","উত্তর: Topics include 15. Alignment of topics of the courses with CLOs: SL Topic/ Content Course Outcome 1 Overview of the syllabus, Introduction to basic grammar like Articles CLO1 2 Subject Verb Agreement and Prepositions; Quiz 1 CLO1 3 Pronouns and possessives, Reading comprehension CLO1, CLO2 4 Tense; Class Test 1 CLO1 5 letter writing (Order, Apology, Complain, Request) CLO3 6 Email Writing CLO4 7 Review of Midterm Syllabus MIDTERM EXAM 8 Discussion of Midterm Exam Result, Conditional Sentences CLO1, CLO2 9 Joining sentences CLO1 10 Modals Verbs, Quiz 2 CLO1 11 Commonly confusing words CLO2 12 Punctuation, capital letters and Spelling (Error Correction) CLO1, CLO2 13 Film and book review; Presentation CLO4 14 Paragraph writing and Review of Final Exam Syllabus CLO3, CLO4.",True,0.167,structured_extractive,structured_extractive,document3.pdf,2,16.0000,document2.pdf,2,15.0000,document2.pdf,3,11.0000,0.004,False,document3.pdf; document2.pdf; document2.pdf,2; 2; 3,16.0000; 15.0000; 11.0000
Q014,Course-e kon kon Decision-Making Statement include kora hoyeche?,banglish,CSE 101,topics,topics,needs_review,banglish,banglish,True,"If-else, switch statements and conditional operators.","Ei information-ta: Topics include 15. Alignment of topics of the courses with CLOs: SL Topic/ Content Course Outcome 1 Overview of the syllabus, Introduction to basic grammar like Articles CLO1 2 Subject Verb Agreement and Prepositions; Quiz 1 CLO1 3 Pronouns and possessives, Reading comprehension CLO1, CLO2 4 Tense; Class Test 1 CLO1 5 letter writing (Order, Apology, Complain, Request) CLO3 6 Email Writing CLO4 7 Review of Midterm Syllabus MIDTERM EXAM 8 Discussion of Midterm Exam Result, Conditional Sentences CLO1, CLO2 9 Joining sentences CLO1 10 Modals Verbs, Quiz 2 CLO1 11 Commonly confusing words CLO2 12 Punctuation, capital letters and Spelling (Error Correction) CLO1, CLO2 13 Film and book review; Presentation CLO4 14 Paragraph writing and Review of Final Exam Syllabus CLO3, CLO4.",True,0.167,structured_extractive,structured_extractive,document3.pdf,2,16.0000,document2.pdf,2,15.0000,document2.pdf,3,11.0000,0.005,False,document3.pdf; document2.pdf; document2.pdf,2; 2; 3,16.0000; 15.0000; 11.0000
Q015,What three types of loops are included in CSE 101?,english,CSE 101,topics,topics,verified,english,english,True,"For loop, while loop and do-while loop.","Topics include Computer Hardware: mouse, keyboard, monitor, CPU, printer, scanner, router, modem; Computer Software: application software, system software; Boolean Algebra: logic gates, Boolean addition, and multiplication, Number Systems: binary, decimal, octal, hexadecimal number systems and their conversions, addition, subtraction; Program Planning Tools: flowcharts, algorithms, pseudocodes; Introduction to Programming: basic input-output, data types, constants and variables; operators and expressions; type conversion; Decision making: branching and selection structures; if-else and switch statements, conditional operators; Repetition and Loop Statements: for loop, while loop, do-while loop, branching and looping, loop nesting; Arrays: introduction to arrays.",True,1.000,structured_extractive,structured_extractive,document2.pdf,2,34.0000,document2.pdf,1,30.0000,document2.pdf,3,26.0000,0.004,False,document2.pdf; document2.pdf; document2.pdf,2; 1; 3,34.0000; 30.0000; 26.0000
Q015,CSE 101 কোর্সে কোন তিন ধরনের Loop অন্তর্ভুক্ত রয়েছে?,bangla,CSE 101,topics,course_type,verified,bangla,bangla,True,"For loop, while loop and do-while loop.",উত্তর: Course type: Core Course.,True,0.000,fast_extractive,fast_extractive,document2.pdf,1,30.0000,document2.pdf,2,22.0000,document2.pdf,3,22.0000,0.005,False,document2.pdf; document2.pdf; document2.pdf,1; 2; 3,30.0000; 22.0000; 22.0000
Q015,CSE 101 course-e kon tin dhoroner Loop include kora hoyeche?,banglish,CSE 101,topics,topics,verified,banglish,english,False,"For loop, while loop and do-while loop.","Ei information-ta: Topics include Computer Hardware: mouse, keyboard, monitor, CPU, printer, scanner, router, modem; Computer Software: application software, system software; Boolean Algebra: logic gates, Boolean addition, and multiplication, Number Systems: binary, decimal, octal, hexadecimal number systems and their conversions, addition, subtraction; Program Planning Tools: flowcharts, algorithms, pseudocodes; Introduction to Programming: basic input-output, data types, constants and variables; operators and expressions; type conversion; Decision making: branching and selection structures; if-else and switch statements, conditional operators; Repetition and Loop Statements: for loop, while loop, do-while loop, branching and looping, loop nesting; Arrays: introduction to arrays.",False,1.000,structured_extractive,structured_extractive,document2.pdf,2,33.0000,document2.pdf,1,31.0000,document2.pdf,3,29.0000,0.005,False,document2.pdf; document2.pdf; document2.pdf,2; 1; 3,33.0000; 31.0000; 29.0000
Q016,What topics are included under repetition and loop statements?,english,CSE 101,topics,topics,needs_review,english,english,True,"Branching and looping, for loop, while loop, do-while loop and loop nesting.","Topics under repetition and loop statements:
- For loop
- While loop
- Do-while loop
- Branching
- Looping
- Loop nesting",True,1.000,structured_extractive,structured_extractive,document2.pdf,2,29.0000,document2.pdf,7,21.0000,document3.pdf,2,18.0000,0.005,False,document2.pdf; document2.pdf; document3.pdf,2; 7; 2,29.0000; 21.0000; 18.0000
Q016,Repetition and Loop Statements-এর অধীনে কোন কোন বিষয় অন্তর্ভুক্ত রয়েছে?,bangla,CSE 101,topics,topics,needs_review,bangla,banglish,False,"Branching and looping, for loop, while loop, do-while loop and loop nesting.","Repetition and Loop Statements-er odhine bishoygulo:
- For loop
- While loop
- Do-while loop
- Branching
- Looping
- Loop nesting",False,1.000,structured_extractive,structured_extractive,document2.pdf,2,28.0000,document2.pdf,7,18.0000,document3.pdf,2,16.0000,0.007,False,document2.pdf; document2.pdf; document3.pdf,2; 7; 2,28.0000; 18.0000; 16.0000
Q016,Repetition and Loop Statements-er under-e kon kon topic include kora hoyeche?,banglish,CSE 101,topics,topics,needs_review,banglish,banglish,True,"Branching and looping, for loop, while loop, do-while loop and loop nesting.","Repetition and Loop Statements-er under-e topics:
- For loop
- While loop
- Do-while loop
- Branching
- Looping
- Loop nesting",True,1.000,structured_extractive,structured_extractive,document2.pdf,2,30.0000,document2.pdf,7,22.0000,document3.pdf,2,19.0000,0.007,False,document2.pdf; document2.pdf; document3.pdf,2; 7; 2,30.0000; 22.0000; 19.0000
Q017,What types of arrays are mentioned in the course outline?,english,CSE 101,topics,unknown,needs_review,english,english,True,1D array and 2D array.,"Relevant information from the available university documents:

Course Learning Outcomes: at the end of the Course, the Students will be able to – CLO 1 Describe fundamentals of Computer Systems, Software, and Hardware CLO 2 Understand the fundamentals of Boolean algebra and number systems CLO 3 Design flowcharts, algorithms and pseudocodes of problem solutions CLO 4 Develop simple programs using conditionals, loops, and arrays 13. Course Content: Computer Hardware: mouse, keyboard, monitor, CPU, printer, scanner, router, modem; Computer Software: application software, system software; Boolean Algebra: logic gates, Boolean addition, and multiplication, Number Systems: binary, decimal, octal, hexadecimal number systems and their conversions, addition, subtraction; Program Planning Tools: flowcharts, algorithms, pseudocodes; Introduction to Programming: basic input-output, data types, constants and variables; operators and expressions; type conversion; Decision making: branching and selection structures; if-else and switch statements, conditional operators; Repetition and Loop Statements: for loop, while loop, do-while loop, branching and looping, loop nesting; Arrays: introduction to arrays University of Asia Pacific (UAP) Department of Computer Science and Engineering (CSE) BSc in CSE Program Course Outline – Course Name Part A – Introduction 1.",True,0.000,fast_extractive,fast_extractive,document2.pdf,2,4.0000,document3.pdf,1,4.0000,document1.pdf,1,2.0000,0.003,False,document2.pdf; document3.pdf; document1.pdf,2; 1; 1,4.0000; 4.0000; 2.0000
Q017,কোর্সের Outline-এ কোন কোন ধরনের Array উল্লেখ করা হয়েছে?,bangla,CSE 101,topics,course_type,needs_review,bangla,bangla,True,1D array and 2D array.,উত্তর: Course type: Theory.,True,0.000,fast_extractive,fast_extractive,document1.pdf,1,2.0000,document1.pdf,6,2.0000,document2.pdf,1,2.0000,0.005,False,document1.pdf; document1.pdf; document2.pdf,1; 6; 1,2.0000; 2.0000; 2.0000
Q017,Course-er Outline-e kon kon dhoroner Array mention kora hoyeche?,banglish,CSE 101,topics,unknown,needs_review,banglish,banglish,True,1D array and 2D array.,"Ei information-ta: University of Asia Pacific (UAP) Department of Computer Science and Engineering (CSE) BSc in CSE Program Course Outline – Course Name Part A – Introduction 1. Schaum's Outline of Calculus, Seventh Edition. University of Asia Pacific (UAP) Department of Computer Science and Engineering (CSE) BSc in CSE Program Course Outline – Computer Fundamentals and Programming Part A – Introduction 1.",True,0.000,fast_extractive,fast_extractive,document1.pdf,1,3.0000,document1.pdf,6,3.0000,document2.pdf,1,3.0000,0.005,False,document1.pdf; document1.pdf; document2.pdf,1; 6; 1,3.0000; 3.0000; 3.0000
Q018,In which week is the Mid-Term Examination scheduled for CSE 101?,english,CSE 101,weekly_content,course_metadata,verified,english,english,True,The CSE 101 Mid-Term Examination is scheduled in Week 7.,Course code: CSE 101. Course title: Computer Fundamentals and Programming.,True,0.250,fast_extractive,fast_extractive,document2.pdf,1,32.0000,document2.pdf,5,28.0000,document2.pdf,8,26.0000,0.004,False,document2.pdf; document2.pdf; document2.pdf,1; 5; 8,32.0000; 28.0000; 26.0000
Q018,CSE 101 কোর্সের Mid-Term Examination কোন সপ্তাহে অনুষ্ঠিত হয়?,bangla,CSE 101,weekly_content,course_metadata,verified,bangla,bangla,True,The CSE 101 Mid-Term Examination is scheduled in Week 7.,উত্তর: Course code: CSE 101. Course title: Computer Fundamentals and Programming.,True,0.250,fast_extractive,fast_extractive,document2.pdf,1,32.0000,document2.pdf,5,26.0000,document2.pdf,8,26.0000,0.006,False,document2.pdf; document2.pdf; document2.pdf,1; 5; 8,32.0000; 26.0000; 26.0000
Q018,CSE 101 course-er Mid-Term Examination kon week-e onushthito hoy?,banglish,CSE 101,weekly_content,course_metadata,verified,banglish,banglish,True,The CSE 101 Mid-Term Examination is scheduled in Week 7.,Course-er code holo CSE 101. Course title: Computer Fundamentals and Programming.,True,0.250,fast_extractive,fast_extractive,document2.pdf,1,33.0000,document2.pdf,5,29.0000,document2.pdf,8,27.0000,0.005,False,document2.pdf; document2.pdf; document2.pdf,1; 5; 8,33.0000; 29.0000; 27.0000
Q019,What percentage of the total marks is allocated to the Final Exam?,english,CSE 101,final_exam_marks,final_exam_marks,verified,english,english,True,50% of the total marks is allocated to the Final Exam.,Final Exam: 50%.,True,0.375,fast_extractive,fast_extractive,document2.pdf,9,50.0000,document3.pdf,6,37.0000,document1.pdf,5,35.0000,0.004,False,document2.pdf; document3.pdf; document1.pdf,9; 6; 5,50.0000; 37.0000; 35.0000
Q019,মোট নম্বরের কত শতাংশ Final Exam-এর জন্য বরাদ্দ করা হয়েছে?,bangla,CSE 101,final_exam_marks,final_exam_marks,verified,bangla,bangla,True,50% of the total marks is allocated to the Final Exam.,উত্তর: Final Exam: 50%.,True,0.375,fast_extractive,fast_extractive,document2.pdf,9,46.0000,document3.pdf,6,35.0000,document1.pdf,5,33.0000,0.006,False,document2.pdf; document3.pdf; document1.pdf,9; 6; 5,46.0000; 35.0000; 33.0000
Q019,Total marks-er koto percent Final Exam-er jonno boraddo kora hoyeche?,banglish,CSE 101,final_exam_marks,final_exam_marks,verified,banglish,banglish,True,50% of the total marks is allocated to the Final Exam.,Final exam-er mark holo 50%.,True,0.375,fast_extractive,fast_extractive,document2.pdf,9,52.0000,document3.pdf,6,39.0000,document1.pdf,5,37.0000,0.007,False,document2.pdf; document3.pdf; document1.pdf,9; 6; 5,52.0000; 39.0000; 37.0000
Q020,What grade is awarded for a score of 80% or above?,english,CSE 101,assessment,assessment,verified,english,english,True,A+ with grade point 4.00.,80% and above is awarded grade A+.,True,0.250,fast_extractive,fast_extractive,document1.pdf,5,18.0000,document2.pdf,9,18.0000,document3.pdf,6,13.0000,0.003,False,document1.pdf; document2.pdf; document3.pdf,5; 9; 6,18.0000; 18.0000; 13.0000
Q020,80% বা তার বেশি নম্বর পেলে কোন Grade প্রদান করা হয়?,bangla,CSE 101,assessment,assessment,verified,bangla,bangla,True,A+ with grade point 4.00.,উত্তর: 80% and above is awarded grade A+.,True,0.250,fast_extractive,fast_extractive,document1.pdf,5,16.0000,document2.pdf,9,16.0000,document3.pdf,6,13.0000,0.006,False,document1.pdf; document2.pdf; document3.pdf,5; 9; 6,16.0000; 16.0000; 13.0000
Q020,80% ba tar beshi marks pele kon Grade deya hoy?,banglish,CSE 101,assessment,assessment,verified,banglish,banglish,True,A+ with grade point 4.00.,Ei information-ta: 80% and above is awarded grade A+.,True,0.250,fast_extractive,fast_extractive,document1.pdf,5,19.0000,document2.pdf,9,19.0000,document3.pdf,6,16.0000,0.005,False,document1.pdf; document2.pdf; document3.pdf,5; 9; 6,19.0000; 19.0000; 16.0000
Q021,What is the course code and title of the English course?,english,ENG (CSE) 101,course_metadata,course_metadata,verified,english,english,True,"The course code is ENG (CSE) 101, and the title is English.",Course code: ENG (CSE) 101. Course title: English.,True,1.000,fast_extractive,fast_extractive,document3.pdf,1,32.0000,document3.pdf,3,22.0000,document3.pdf,5,22.0000,0.002,False,document3.pdf; document3.pdf; document3.pdf,1; 3; 5,32.0000; 22.0000; 22.0000
Q021,English কোর্সের কোর্স কোড এবং শিরোনাম কী?,bangla,ENG (CSE) 101,course_metadata,course_metadata,verified,bangla,bangla,True,"The course code is ENG (CSE) 101, and the title is English.",উত্তর: Course code: ENG (CSE) 101. Course title: English.,True,1.000,fast_extractive,fast_extractive,document3.pdf,1,28.0000,document3.pdf,3,22.0000,document3.pdf,5,22.0000,0.004,False,document3.pdf; document3.pdf; document3.pdf,1; 3; 5,28.0000; 22.0000; 22.0000
Q021,English course-er course code ebong title ki?,banglish,ENG (CSE) 101,course_metadata,course_metadata,verified,banglish,banglish,True,"The course code is ENG (CSE) 101, and the title is English.",Course-er code holo ENG (CSE) 101. Course title: English.,True,1.000,fast_extractive,fast_extractive,document3.pdf,1,34.0000,document3.pdf,3,23.0000,document3.pdf,5,23.0000,0.004,False,document3.pdf; document3.pdf; document3.pdf,1; 3; 5,34.0000; 23.0000; 23.0000
Q022,What is the main objective of the English course?,english,ENG (CSE) 101,course_objective,course_objective,verified,english,english,True,"The main objective is to give students comprehensive knowledge of grammar and writing skills so they can use English for learning, examinations and communication.","The objective of this course is to make the students acquire comprehensive knowledge on grammar and writing skills so that they can use it for effective learning of their own subject, answer in English during their examinations and for communicative purposes.",True,0.850,fast_extractive,fast_extractive,document3.pdf,1,46.0000,document3.pdf,3,22.0000,document3.pdf,5,22.0000,0.002,False,document3.pdf; document3.pdf; document3.pdf,1; 3; 5,46.0000; 22.0000; 22.0000
Q022,English কোর্সের প্রধান উদ্দেশ্য কী?,bangla,ENG (CSE) 101,course_objective,course_objective,verified,bangla,bangla,True,"The main objective is to give students comprehensive knowledge of grammar and writing skills so they can use English for learning, examinations and communication.","উত্তর: The objective of this course is to make the students acquire comprehensive knowledge on grammar and writing skills so that they can use it for effective learning of their own subject, answer in English during their examinations and for communicative purposes.",True,0.850,fast_extractive,fast_extractive,document3.pdf,1,44.0000,document3.pdf,3,22.0000,document3.pdf,5,22.0000,0.003,False,document3.pdf; document3.pdf; document3.pdf,1; 3; 5,44.0000; 22.0000; 22.0000
Q022,English course-er main objective ki?,banglish,ENG (CSE) 101,course_objective,course_objective,verified,banglish,banglish,True,"The main objective is to give students comprehensive knowledge of grammar and writing skills so they can use English for learning, examinations and communication.","Ei information-ta: The objective of this course is to make the students acquire comprehensive knowledge on grammar and writing skills so that they can use it for effective learning of their own subject, answer in English during their examinations and for communicative purposes.",True,0.850,fast_extractive,fast_extractive,document3.pdf,1,48.0000,document3.pdf,3,23.0000,document3.pdf,5,23.0000,0.003,False,document3.pdf; document3.pdf; document3.pdf,1; 3; 5,48.0000; 23.0000; 23.0000
Q023,What is CLO 1 of the English course?,english,ENG (CSE) 101,clo,clo,verified,english,english,True,CLO 1 is to understand the basics of English grammar.,CLO 1: Understand the basics of English grammar.,True,0.857,fast_extractive,fast_extractive,document3.pdf,1,48.0000,document3.pdf,3,42.0000,document3.pdf,2,40.0000,0.002,False,document3.pdf; document3.pdf; document3.pdf,1; 3; 2,48.0000; 42.0000; 40.0000
Q023,English কোর্সের CLO 1 কী?,bangla,ENG (CSE) 101,clo,clo,verified,bangla,bangla,True,CLO 1 is to understand the basics of English grammar.,উত্তর: CLO 1: Understand the basics of English grammar.,True,0.857,fast_extractive,fast_extractive,document3.pdf,1,48.0000,document3.pdf,3,42.0000,document3.pdf,2,40.0000,0.003,False,document3.pdf; document3.pdf; document3.pdf,1; 3; 2,48.0000; 42.0000; 40.0000
Q023,English course-er CLO 1 ki?,banglish,ENG (CSE) 101,clo,clo,verified,banglish,banglish,True,CLO 1 is to understand the basics of English grammar.,CLO 1 holo Understand the basics of English grammar.,True,0.857,fast_extractive,fast_extractive,document3.pdf,1,50.0000,document3.pdf,3,43.0000,document3.pdf,2,41.0000,0.003,False,document3.pdf; document3.pdf; document3.pdf,1; 3; 2,50.0000; 43.0000; 41.0000
Q024,What is CLO 2 of the English course?,english,ENG (CSE) 101,clo,clo,verified,english,english,True,CLO 2 is to use reading techniques such as scanning and skimming.,CLO 2: Use reading techniques like scanning and skimming.,True,0.667,fast_extractive,fast_extractive,document3.pdf,1,48.0000,document3.pdf,3,42.0000,document3.pdf,2,40.0000,0.002,False,document3.pdf; document3.pdf; document3.pdf,1; 3; 2,48.0000; 42.0000; 40.0000
Q024,English কোর্সের CLO 2 কী?,bangla,ENG (CSE) 101,clo,clo,verified,bangla,bangla,True,CLO 2 is to use reading techniques such as scanning and skimming.,উত্তর: CLO 2: Use reading techniques like scanning and skimming.,True,0.667,fast_extractive,fast_extractive,document3.pdf,1,48.0000,document3.pdf,3,42.0000,document3.pdf,2,40.0000,0.003,False,document3.pdf; document3.pdf; document3.pdf,1; 3; 2,48.0000; 42.0000; 40.0000
Q024,English course-er CLO 2 ki?,banglish,ENG (CSE) 101,clo,clo,verified,banglish,banglish,True,CLO 2 is to use reading techniques such as scanning and skimming.,CLO 2 holo Use reading techniques like scanning and skimming.,True,0.667,fast_extractive,fast_extractive,document3.pdf,1,50.0000,document3.pdf,3,43.0000,document3.pdf,2,41.0000,0.003,False,document3.pdf; document3.pdf; document3.pdf,1; 3; 2,50.0000; 43.0000; 41.0000
Q025,What is CLO 3 of the English course?,english,ENG (CSE) 101,clo,clo,verified,english,english,True,"CLO 3 is to write reports, letters, applications and presentations using IT tools.","CLO 3: Write various types of reports, letters, applications, and presentations using IT tools.",True,0.900,fast_extractive,fast_extractive,document3.pdf,1,48.0000,document3.pdf,3,42.0000,document3.pdf,2,40.0000,0.002,False,document3.pdf; document3.pdf; document3.pdf,1; 3; 2,48.0000; 42.0000; 40.0000
Q025,English কোর্সের CLO 3 কী?,bangla,ENG (CSE) 101,clo,clo,verified,bangla,bangla,True,"CLO 3 is to write reports, letters, applications and presentations using IT tools.","উত্তর: CLO 3: Write various types of reports, letters, applications, and presentations using IT tools.",True,0.900,fast_extractive,fast_extractive,document3.pdf,1,48.0000,document3.pdf,3,42.0000,document3.pdf,2,40.0000,0.003,False,document3.pdf; document3.pdf; document3.pdf,1; 3; 2,48.0000; 42.0000; 40.0000
Q025,English course-er CLO 3 ki?,banglish,ENG (CSE) 101,clo,clo,verified,banglish,banglish,True,"CLO 3 is to write reports, letters, applications and presentations using IT tools.","CLO 3 holo Write various types of reports, letters, applications, and presentations using IT tools.",True,0.900,fast_extractive,fast_extractive,document3.pdf,1,50.0000,document3.pdf,3,43.0000,document3.pdf,2,41.0000,0.003,False,document3.pdf; document3.pdf; document3.pdf,1; 3; 2,50.0000; 43.0000; 41.0000
Q026,What is CLO 4 of the English course?,english,ENG (CSE) 101,clo,clo,verified,english,english,True,CLO 4 is to demonstrate basic communication skills in the target language.,CLO 4: Demonstrate basic communication skills in the target language.,True,0.889,fast_extractive,fast_extractive,document3.pdf,1,48.0000,document3.pdf,3,42.0000,document3.pdf,2,40.0000,0.002,False,document3.pdf; document3.pdf; document3.pdf,1; 3; 2,48.0000; 42.0000; 40.0000
Q026,English কোর্সের CLO 4 কী?,bangla,ENG (CSE) 101,clo,clo,verified,bangla,bangla,True,CLO 4 is to demonstrate basic communication skills in the target language.,উত্তর: CLO 4: Demonstrate basic communication skills in the target language.,True,0.889,fast_extractive,fast_extractive,document3.pdf,1,48.0000,document3.pdf,3,42.0000,document3.pdf,2,40.0000,0.003,False,document3.pdf; document3.pdf; document3.pdf,1; 3; 2,48.0000; 42.0000; 40.0000
Q026,English course-er CLO 4 ki?,banglish,ENG (CSE) 101,clo,clo,verified,banglish,banglish,True,CLO 4 is to demonstrate basic communication skills in the target language.,CLO 4 holo Demonstrate basic communication skills in the target language.,True,0.889,fast_extractive,fast_extractive,document3.pdf,1,50.0000,document3.pdf,3,43.0000,document3.pdf,2,41.0000,0.003,False,document3.pdf; document3.pdf; document3.pdf,1; 3; 2,50.0000; 43.0000; 41.0000
Q027,What grammar topic is introduced in Week 1?,english,ENG (CSE) 101,weekly_content,weekly_content,verified,english,english,True,Articles.,"Week 1: 16. Class Schedule/Lesson Plan/Weekly plan: Topics Specific Outcome(s) Time Frame Suggested Activities Teaching Strategy(s) Alignment with CLO Function, Limit Continuity.",True,0.000,fast_extractive,fast_extractive,document1.pdf,3,31.0000,document2.pdf,3,31.0000,document3.pdf,3,31.0000,0.005,False,document1.pdf; document2.pdf; document3.pdf,3; 3; 3,31.0000; 31.0000; 31.0000
Q027,Week 1-এ কোন Grammar Topic পড়ানো হয়?,bangla,ENG (CSE) 101,weekly_content,weekly_content,verified,bangla,bangla,True,Articles.,"উত্তর: Week 1: 16. Class Schedule/Lesson Plan/Weekly plan: Topics Specific Outcome(s) Time Frame Suggested Activities Teaching Strategy(s) Alignment with CLO Function, Limit Continuity.",True,0.000,fast_extractive,fast_extractive,document1.pdf,3,31.0000,document2.pdf,3,31.0000,document3.pdf,3,31.0000,0.005,False,document1.pdf; document2.pdf; document3.pdf,3; 3; 3,31.0000; 31.0000; 31.0000
Q027,Week 1-e kon Grammar Topic porano hoy?,banglish,ENG (CSE) 101,weekly_content,weekly_content,verified,banglish,banglish,True,Articles.,"Week 1-e 16. Class Schedule/Lesson Plan/Weekly plan: Topics Specific Outcome(s) Time Frame Suggested Activities Teaching Strategy(s) Alignment with CLO Function, Limit Continuity porano hoy.",True,0.000,fast_extractive,fast_extractive,document1.pdf,3,31.0000,document2.pdf,3,31.0000,document3.pdf,3,31.0000,0.005,False,document1.pdf; document2.pdf; document3.pdf,3; 3; 3,31.0000; 31.0000; 31.0000
Q028,What topics are covered in Week 2?,english,ENG (CSE) 101,weekly_content,weekly_content,verified,english,english,True,"Subject-Verb Agreement and Prepositions, with Quiz 1.","Week 2: Differentiability, Successive differentiation.",True,0.000,fast_extractive,fast_extractive,document1.pdf,3,32.0000,document2.pdf,3,32.0000,document3.pdf,3,32.0000,0.004,False,document1.pdf; document2.pdf; document3.pdf,3; 3; 3,32.0000; 32.0000; 32.0000
Q028,Week 2-এ কোন কোন বিষয় পড়ানো হয়?,bangla,ENG (CSE) 101,weekly_content,weekly_content,verified,bangla,bangla,True,"Subject-Verb Agreement and Prepositions, with Quiz 1.","উত্তর: Week 2: Differentiability, Successive differentiation.",True,0.000,fast_extractive,fast_extractive,document1.pdf,3,30.0000,document2.pdf,3,30.0000,document3.pdf,3,30.0000,0.006,False,document1.pdf; document2.pdf; document3.pdf,3; 3; 3,30.0000; 30.0000; 30.0000
Q028,Week 2-e kon kon topic porano hoy?,banglish,ENG (CSE) 101,weekly_content,weekly_content,verified,banglish,banglish,True,"Subject-Verb Agreement and Prepositions, with Quiz 1.","Week 2-e Differentiability, Successive differentiation porano hoy.",True,0.000,fast_extractive,fast_extractive,document1.pdf,3,31.0000,document2.pdf,3,31.0000,document3.pdf,3,31.0000,0.006,False,document1.pdf; document2.pdf; document3.pdf,3; 3; 3,31.0000; 31.0000; 31.0000
Q029,What reading techniques are included in the course?,english,ENG (CSE) 101,topics,topics,verified,english,english,True,Scanning and skimming.,"Topics include 15. Alignment of topics of the courses with CLOs: SL Topic/ Content Course Outcome 1 Overview of the syllabus, Introduction to basic grammar like Articles CLO1 2 Subject Verb Agreement and Prepositions; Quiz 1 CLO1 3 Pronouns and possessives, Reading comprehension CLO1, CLO2 4 Tense; Class Test 1 CLO1 5 letter writing (Order, Apology, Complain, Request) CLO3 6 Email Writing CLO4 7 Review of Midterm Syllabus MIDTERM EXAM 8 Discussion of Midterm Exam Result, Conditional Sentences CLO1, CLO2 9 Joining sentences CLO1 10 Modals Verbs, Quiz 2 CLO1 11 Commonly confusing words CLO2 12 Punctuation, capital letters and Spelling (Error Correction) CLO1, CLO2 13 Film and book review; Presentation CLO4 14 Paragraph writing and Review of Final Exam Syllabus CLO3, CLO4.",True,0.000,structured_extractive,structured_extractive,document3.pdf,2,18.0000,document1.pdf,2,12.0000,document2.pdf,2,10.0000,0.002,False,document3.pdf; document1.pdf; document2.pdf,2; 2; 2,18.0000; 12.0000; 10.0000
Q029,কোর্সে কোন কোন Reading Technique অন্তর্ভুক্ত রয়েছে?,bangla,ENG (CSE) 101,topics,topics,verified,bangla,bangla,True,Scanning and skimming.,"উত্তর: Topics include 15. Alignment of topics of the courses with CLOs: SL Topic/ Content Course Outcome 1 Overview of the syllabus, Introduction to basic grammar like Articles CLO1 2 Subject Verb Agreement and Prepositions; Quiz 1 CLO1 3 Pronouns and possessives, Reading comprehension CLO1, CLO2 4 Tense; Class Test 1 CLO1 5 letter writing (Order, Apology, Complain, Request) CLO3 6 Email Writing CLO4 7 Review of Midterm Syllabus MIDTERM EXAM 8 Discussion of Midterm Exam Result, Conditional Sentences CLO1, CLO2 9 Joining sentences CLO1 10 Modals Verbs, Quiz 2 CLO1 11 Commonly confusing words CLO2 12 Punctuation, capital letters and Spelling (Error Correction) CLO1, CLO2 13 Film and book review; Presentation CLO4 14 Paragraph writing and Review of Final Exam Syllabus CLO3, CLO4.",True,0.000,structured_extractive,structured_extractive,document3.pdf,2,18.0000,document1.pdf,2,11.0000,document2.pdf,2,10.0000,0.004,False,document3.pdf; document1.pdf; document2.pdf,2; 2; 2,18.0000; 11.0000; 10.0000
Q029,Course-e kon kon Reading Technique include kora hoyeche?,banglish,ENG (CSE) 101,topics,topics,verified,banglish,banglish,True,Scanning and skimming.,"Ei information-ta: Topics include 15. Alignment of topics of the courses with CLOs: SL Topic/ Content Course Outcome 1 Overview of the syllabus, Introduction to basic grammar like Articles CLO1 2 Subject Verb Agreement and Prepositions; Quiz 1 CLO1 3 Pronouns and possessives, Reading comprehension CLO1, CLO2 4 Tense; Class Test 1 CLO1 5 letter writing (Order, Apology, Complain, Request) CLO3 6 Email Writing CLO4 7 Review of Midterm Syllabus MIDTERM EXAM 8 Discussion of Midterm Exam Result, Conditional Sentences CLO1, CLO2 9 Joining sentences CLO1 10 Modals Verbs, Quiz 2 CLO1 11 Commonly confusing words CLO2 12 Punctuation, capital letters and Spelling (Error Correction) CLO1, CLO2 13 Film and book review; Presentation CLO4 14 Paragraph writing and Review of Final Exam Syllabus CLO3, CLO4.",True,0.000,structured_extractive,structured_extractive,document3.pdf,2,18.0000,document1.pdf,2,11.0000,document2.pdf,2,10.0000,0.004,False,document3.pdf; document1.pdf; document2.pdf,2; 2; 2,18.0000; 11.0000; 10.0000
Q030,What types of formal letters are included in the course?,english,ENG (CSE) 101,topics,topics,verified,english,english,True,"Order, apology, complaint and request letters.","Topics include 15. Alignment of topics of the courses with CLOs: SL Topic/ Content Course Outcome 1 Overview of the syllabus, Introduction to basic grammar like Articles CLO1 2 Subject Verb Agreement and Prepositions; Quiz 1 CLO1 3 Pronouns and possessives, Reading comprehension CLO1, CLO2 4 Tense; Class Test 1 CLO1 5 letter writing (Order, Apology, Complain, Request) CLO3 6 Email Writing CLO4 7 Review of Midterm Syllabus MIDTERM EXAM 8 Discussion of Midterm Exam Result, Conditional Sentences CLO1, CLO2 9 Joining sentences CLO1 10 Modals Verbs, Quiz 2 CLO1 11 Commonly confusing words CLO2 12 Punctuation, capital letters and Spelling (Error Correction) CLO1, CLO2 13 Film and book review; Presentation CLO4 14 Paragraph writing and Review of Final Exam Syllabus CLO3, CLO4.",True,0.800,structured_extractive,structured_extractive,document3.pdf,2,18.0000,document1.pdf,2,12.0000,document2.pdf,2,12.0000,0.003,False,document3.pdf; document1.pdf; document2.pdf,2; 2; 2,18.0000; 12.0000; 12.0000
Q030,কোর্সে কোন কোন ধরনের Formal Letter অন্তর্ভুক্ত রয়েছে?,bangla,ENG (CSE) 101,topics,course_type,verified,bangla,bangla,True,"Order, apology, complaint and request letters.","উত্তর: Class Schedule/Lesson Plan/Weekly plan: Topics Specific Outcome(s) Time Frame Suggested Activities Teaching Strategy(s) Alignment with CLO Introduction to Articles Understanding the use of article in writing Week 1 Class notes and exercise sheets on article Lecture and problem solving CLO1 Subject Verb Agreement and Prepositions; Quiz 1 Understanding the position of subject, verb and preposition for proper sentence construction Week 2 Class notes and exercise sheets on subject-verb agreement and preposition Lecture and problem solving CLO1 Pronouns and possessives, Reading comprehension Constructing proper sentence and learning to use reading techniques Week 3 Class notes and exercise sheets on pronouns and practicing reading comprehensi on from suggested textbook Lecture and problem solving CLO1, CLO2 Tense; Class Test 1 Understanding the use of tense and changes in verb forms Week 4 Class notes and exercise sheets on tense Lecture and problem solving CLO1 letter writing (Order, Apology, Complain, Request) Learning correct format of formal letters and constructing sentence in formal English Week 5 Letter format and samples from Oxford Handbook of Corresponde nce Lecture and Pair work CLO3 Email Writing Understanding the use of email and proper format of a professional email Week 6 Email format and samples from Oxford Handbook of Corresponde nce Lecture and Pair work CLO4 writing in formal English FINAL EXAMINATION 17. Assessment Techniques of each topic of the course: Topic/ Content Assessment Technique Introduction to Articles Quiz Subject Verb Agreement and Prepositions Quiz Pronouns and possessives, Reading comprehension Written Examination Tense Class Test letter writing (Order, Apology, Complain, Request) Written Examination Email Writing Class Work Conditional Sentences Written Examination Joining sentences Written Examination Modals Verbs Written Examination Commonly confusing words Written Examination Punctuation, capital letters and Spelling (Error Correction) Written Examination Film and book review Presentation Paragraph writing and Review of Final Exam Syllabus Written Examination Part C – Assessment and Evaluation 19.",True,0.800,fast_extractive,fast_extractive,document3.pdf,3,4.0000,document3.pdf,5,4.0000,document1.pdf,2,2.0000,0.005,False,document3.pdf; document3.pdf; document1.pdf,3; 5; 2,4.0000; 4.0000; 2.0000
Q030,Course-e kon kon dhoroner Formal Letter include kora hoyeche?,banglish,ENG (CSE) 101,topics,topics,verified,banglish,banglish,True,"Order, apology, complaint and request letters.","Ei information-ta: Topics include 15. Alignment of topics of the courses with CLOs: SL Topic/ Content Course Outcome 1 Overview of the syllabus, Introduction to basic grammar like Articles CLO1 2 Subject Verb Agreement and Prepositions; Quiz 1 CLO1 3 Pronouns and possessives, Reading comprehension CLO1, CLO2 4 Tense; Class Test 1 CLO1 5 letter writing (Order, Apology, Complain, Request) CLO3 6 Email Writing CLO4 7 Review of Midterm Syllabus MIDTERM EXAM 8 Discussion of Midterm Exam Result, Conditional Sentences CLO1, CLO2 9 Joining sentences CLO1 10 Modals Verbs, Quiz 2 CLO1 11 Commonly confusing words CLO2 12 Punctuation, capital letters and Spelling (Error Correction) CLO1, CLO2 13 Film and book review; Presentation CLO4 14 Paragraph writing and Review of Final Exam Syllabus CLO3, CLO4.",True,0.800,structured_extractive,structured_extractive,document3.pdf,2,18.0000,document1.pdf,2,12.0000,document2.pdf,2,10.0000,0.004,False,document3.pdf; document1.pdf; document2.pdf,2; 2; 2,18.0000; 12.0000; 10.0000
Q031,What is taught under the Email Writing topic?,english,ENG (CSE) 101,topics,topics,verified,english,english,True,The use of email and the proper format of professional email are taught.,"Topics include 15. Alignment of topics of the courses with CLOs: SL Topic/ Content Course Outcome 1 Overview of the syllabus, Introduction to basic grammar like Articles CLO1 2 Subject Verb Agreement and Prepositions; Quiz 1 CLO1 3 Pronouns and possessives, Reading comprehension CLO1, CLO2 4 Tense; Class Test 1 CLO1 5 letter writing (Order, Apology, Complain, Request) CLO3 6 Email Writing CLO4 7 Review of Midterm Syllabus MIDTERM EXAM 8 Discussion of Midterm Exam Result, Conditional Sentences CLO1, CLO2 9 Joining sentences CLO1 10 Modals Verbs, Quiz 2 CLO1 11 Commonly confusing words CLO2 12 Punctuation, capital letters and Spelling (Error Correction) CLO1, CLO2 13 Film and book review; Presentation CLO4 14 Paragraph writing and Review of Final Exam Syllabus CLO3, CLO4.",True,0.286,structured_extractive,structured_extractive,document3.pdf,2,22.0000,document2.pdf,2,11.0000,document1.pdf,2,10.0000,0.005,False,document3.pdf; document2.pdf; document1.pdf,2; 2; 2,22.0000; 11.0000; 10.0000
Q031,Email Writing-এর অধীনে কী শেখানো হয়?,bangla,ENG (CSE) 101,topics,topics,verified,bangla,bangla,True,The use of email and the proper format of professional email are taught.,"উত্তর: Topics include 15. Alignment of topics of the courses with CLOs: SL Topic/ Content Course Outcome 1 Overview of the syllabus, Introduction to basic grammar like Articles CLO1 2 Subject Verb Agreement and Prepositions; Quiz 1 CLO1 3 Pronouns and possessives, Reading comprehension CLO1, CLO2 4 Tense; Class Test 1 CLO1 5 letter writing (Order, Apology, Complain, Request) CLO3 6 Email Writing CLO4 7 Review of Midterm Syllabus MIDTERM EXAM 8 Discussion of Midterm Exam Result, Conditional Sentences CLO1, CLO2 9 Joining sentences CLO1 10 Modals Verbs, Quiz 2 CLO1 11 Commonly confusing words CLO2 12 Punctuation, capital letters and Spelling (Error Correction) CLO1, CLO2 13 Film and book review; Presentation CLO4 14 Paragraph writing and Review of Final Exam Syllabus CLO3, CLO4.",True,0.286,structured_extractive,structured_extractive,document3.pdf,2,23.0000,document1.pdf,2,10.0000,document2.pdf,2,10.0000,0.006,False,document3.pdf; document1.pdf; document2.pdf,2; 2; 2,23.0000; 10.0000; 10.0000
Q031,Email Writing-er under-e ki shekhano hoy?,banglish,ENG (CSE) 101,topics,topics,verified,banglish,banglish,True,The use of email and the proper format of professional email are taught.,"Ei information-ta: Topics include 15. Alignment of topics of the courses with CLOs: SL Topic/ Content Course Outcome 1 Overview of the syllabus, Introduction to basic grammar like Articles CLO1 2 Subject Verb Agreement and Prepositions; Quiz 1 CLO1 3 Pronouns and possessives, Reading comprehension CLO1, CLO2 4 Tense; Class Test 1 CLO1 5 letter writing (Order, Apology, Complain, Request) CLO3 6 Email Writing CLO4 7 Review of Midterm Syllabus MIDTERM EXAM 8 Discussion of Midterm Exam Result, Conditional Sentences CLO1, CLO2 9 Joining sentences CLO1 10 Modals Verbs, Quiz 2 CLO1 11 Commonly confusing words CLO2 12 Punctuation, capital letters and Spelling (Error Correction) CLO1, CLO2 13 Film and book review; Presentation CLO4 14 Paragraph writing and Review of Final Exam Syllabus CLO3, CLO4.",True,0.286,structured_extractive,structured_extractive,document3.pdf,2,24.0000,document2.pdf,2,13.0000,document1.pdf,2,11.0000,0.005,False,document3.pdf; document2.pdf; document1.pdf,2; 2; 2,24.0000; 13.0000; 11.0000
Q032,What topic is covered after the Mid-Term Examination?,english,ENG (CSE) 101,weekly_content,topics,verified,english,english,True,Conditional Sentences.,"Topics include 15. Alignment of topics of the courses with CLOs: SL Topic/ Content Course Outcome 1 Overview of the syllabus, Introduction to basic grammar like Articles CLO1 2 Subject Verb Agreement and Prepositions; Quiz 1 CLO1 3 Pronouns and possessives, Reading comprehension CLO1, CLO2 4 Tense; Class Test 1 CLO1 5 letter writing (Order, Apology, Complain, Request) CLO3 6 Email Writing CLO4 7 Review of Midterm Syllabus MIDTERM EXAM 8 Discussion of Midterm Exam Result, Conditional Sentences CLO1, CLO2 9 Joining sentences CLO1 10 Modals Verbs, Quiz 2 CLO1 11 Commonly confusing words CLO2 12 Punctuation, capital letters and Spelling (Error Correction) CLO1, CLO2 13 Film and book review; Presentation CLO4 14 Paragraph writing and Review of Final Exam Syllabus CLO3, CLO4.",True,1.000,structured_extractive,structured_extractive,document3.pdf,2,20.0000,document1.pdf,2,14.0000,document1.pdf,3,13.0000,0.003,False,document3.pdf; document1.pdf; document1.pdf,2; 2; 3,20.0000; 14.0000; 13.0000
Q032,Mid-Term Examination-এর পর কোন বিষয় পড়ানো হয়?,bangla,ENG (CSE) 101,weekly_content,topics,verified,bangla,bangla,True,Conditional Sentences.,"উত্তর: Topics include 15. Alignment of topics of the courses with CLOs: SL Topic/ Content Course Outcome 1 Overview of the syllabus, Introduction to basic grammar like Articles CLO1 2 Subject Verb Agreement and Prepositions; Quiz 1 CLO1 3 Pronouns and possessives, Reading comprehension CLO1, CLO2 4 Tense; Class Test 1 CLO1 5 letter writing (Order, Apology, Complain, Request) CLO3 6 Email Writing CLO4 7 Review of Midterm Syllabus MIDTERM EXAM 8 Discussion of Midterm Exam Result, Conditional Sentences CLO1, CLO2 9 Joining sentences CLO1 10 Modals Verbs, Quiz 2 CLO1 11 Commonly confusing words CLO2 12 Punctuation, capital letters and Spelling (Error Correction) CLO1, CLO2 13 Film and book review; Presentation CLO4 14 Paragraph writing and Review of Final Exam Syllabus CLO3, CLO4.",True,1.000,structured_extractive,structured_extractive,document3.pdf,2,18.0000,document1.pdf,2,14.0000,document1.pdf,3,12.0000,0.005,False,document3.pdf; document1.pdf; document1.pdf,2; 2; 3,18.0000; 14.0000; 12.0000
Q032,Mid-Term Examination-er por kon topic porano hoy?,banglish,ENG (CSE) 101,weekly_content,topics,verified,banglish,banglish,True,Conditional Sentences.,"Ei information-ta: Topics include 15. Alignment of topics of the courses with CLOs: SL Topic/ Content Course Outcome 1 Overview of the syllabus, Introduction to basic grammar like Articles CLO1 2 Subject Verb Agreement and Prepositions; Quiz 1 CLO1 3 Pronouns and possessives, Reading comprehension CLO1, CLO2 4 Tense; Class Test 1 CLO1 5 letter writing (Order, Apology, Complain, Request) CLO3 6 Email Writing CLO4 7 Review of Midterm Syllabus MIDTERM EXAM 8 Discussion of Midterm Exam Result, Conditional Sentences CLO1, CLO2 9 Joining sentences CLO1 10 Modals Verbs, Quiz 2 CLO1 11 Commonly confusing words CLO2 12 Punctuation, capital letters and Spelling (Error Correction) CLO1, CLO2 13 Film and book review; Presentation CLO4 14 Paragraph writing and Review of Final Exam Syllabus CLO3, CLO4.",True,1.000,structured_extractive,structured_extractive,document3.pdf,2,21.0000,document1.pdf,2,15.0000,document1.pdf,3,14.0000,0.005,False,document3.pdf; document1.pdf; document1.pdf,2; 2; 3,21.0000; 15.0000; 14.0000
Q033,What is the focus of the Modals Verbs topic?,english,ENG (CSE) 101,topics,topics,needs_review,english,english,True,The focus is understanding the use of modal verbs in sentences.,"Topics include 15. Alignment of topics of the courses with CLOs: SL Topic/ Content Course Outcome 1 Overview of the syllabus, Introduction to basic grammar like Articles CLO1 2 Subject Verb Agreement and Prepositions; Quiz 1 CLO1 3 Pronouns and possessives, Reading comprehension CLO1, CLO2 4 Tense; Class Test 1 CLO1 5 letter writing (Order, Apology, Complain, Request) CLO3 6 Email Writing CLO4 7 Review of Midterm Syllabus MIDTERM EXAM 8 Discussion of Midterm Exam Result, Conditional Sentences CLO1, CLO2 9 Joining sentences CLO1 10 Modals Verbs, Quiz 2 CLO1 11 Commonly confusing words CLO2 12 Punctuation, capital letters and Spelling (Error Correction) CLO1, CLO2 13 Film and book review; Presentation CLO4 14 Paragraph writing and Review of Final Exam Syllabus CLO3, CLO4.",True,0.375,structured_extractive,structured_extractive,document3.pdf,2,22.0000,document1.pdf,2,10.0000,document2.pdf,2,10.0000,0.003,False,document3.pdf; document1.pdf; document2.pdf,2; 2; 2,22.0000; 10.0000; 10.0000
Q033,Modals Verbs বিষয়টির মূল লক্ষ্য কী?,bangla,ENG (CSE) 101,topics,topics,needs_review,bangla,bangla,True,The focus is understanding the use of modal verbs in sentences.,"উত্তর: Topics include 15. Alignment of topics of the courses with CLOs: SL Topic/ Content Course Outcome 1 Overview of the syllabus, Introduction to basic grammar like Articles CLO1 2 Subject Verb Agreement and Prepositions; Quiz 1 CLO1 3 Pronouns and possessives, Reading comprehension CLO1, CLO2 4 Tense; Class Test 1 CLO1 5 letter writing (Order, Apology, Complain, Request) CLO3 6 Email Writing CLO4 7 Review of Midterm Syllabus MIDTERM EXAM 8 Discussion of Midterm Exam Result, Conditional Sentences CLO1, CLO2 9 Joining sentences CLO1 10 Modals Verbs, Quiz 2 CLO1 11 Commonly confusing words CLO2 12 Punctuation, capital letters and Spelling (Error Correction) CLO1, CLO2 13 Film and book review; Presentation CLO4 14 Paragraph writing and Review of Final Exam Syllabus CLO3, CLO4.",True,0.375,structured_extractive,structured_extractive,document3.pdf,2,20.0000,document1.pdf,2,10.0000,document2.pdf,2,10.0000,0.003,False,document3.pdf; document1.pdf; document2.pdf,2; 2; 2,20.0000; 10.0000; 10.0000
Q033,Modals Verbs topic-er main focus ki?,banglish,ENG (CSE) 101,topics,topics,needs_review,banglish,banglish,True,The focus is understanding the use of modal verbs in sentences.,"Ei information-ta: Topics include 15. Alignment of topics of the courses with CLOs: SL Topic/ Content Course Outcome 1 Overview of the syllabus, Introduction to basic grammar like Articles CLO1 2 Subject Verb Agreement and Prepositions; Quiz 1 CLO1 3 Pronouns and possessives, Reading comprehension CLO1, CLO2 4 Tense; Class Test 1 CLO1 5 letter writing (Order, Apology, Complain, Request) CLO3 6 Email Writing CLO4 7 Review of Midterm Syllabus MIDTERM EXAM 8 Discussion of Midterm Exam Result, Conditional Sentences CLO1, CLO2 9 Joining sentences CLO1 10 Modals Verbs, Quiz 2 CLO1 11 Commonly confusing words CLO2 12 Punctuation, capital letters and Spelling (Error Correction) CLO1, CLO2 13 Film and book review; Presentation CLO4 14 Paragraph writing and Review of Final Exam Syllabus CLO3, CLO4.",True,0.375,structured_extractive,structured_extractive,document3.pdf,2,24.0000,document2.pdf,2,13.0000,document1.pdf,2,12.0000,0.004,False,document3.pdf; document2.pdf; document1.pdf,2; 2; 2,24.0000; 13.0000; 12.0000
Q034,What are commonly confusing words according to the course outline?,english,ENG (CSE) 101,topics,unknown,needs_review,english,english,True,Identifying homonyms and homophones and learning their proper usage.,"Relevant information from the available university documents:

Alignment of topics of the courses with CLOs: SL Topic/ Content Course Outcome 1 Overview of the syllabus, Introduction to basic grammar like Articles CLO1 2 Subject Verb Agreement and Prepositions; Quiz 1 CLO1 3 Pronouns and possessives, Reading comprehension CLO1, CLO2 4 Tense; Class Test 1 CLO1 5 letter writing (Order, Apology, Complain, Request) CLO3 6 Email Writing CLO4 7 Review of Midterm Syllabus MIDTERM EXAM 8 Discussion of Midterm Exam Result, Conditional Sentences CLO1, CLO2 9 Joining sentences CLO1 10 Modals Verbs, Quiz 2 CLO1 11 Commonly confusing words CLO2 12 Punctuation, capital letters and Spelling (Error Correction) CLO1, CLO2 13 Film and book review; Presentation CLO4 14 Paragraph writing and Review of Final Exam Syllabus CLO3, CLO4 Review of Midterm Syllabus Week 7 MID-TERM EXAMINATION Discussion of Midterm Exam Result, Conditional Sentences Understanding the use of conditionals sentences Week 8 Class notes and exercise sheets on conditional sentences Lecture and problem solving CLO1, CLO2 Modals Verbs, Quiz 2 Understanding the use of modal verbs in a sentence Week 9 Class notes and exercise sheets on modal verbs Lecture and problem solving CLO1 Commonly confusing words Identifying homonyms and homophones and learning their proper usage Week 10 Class notes and exercise sheets on homophones and homonyms Lecture and problem solving CLO2 Punctuation, capital letters and Spelling (Error Correction) Learning different types of punctuation marks and use of capitalization in constructing sentences. Assessment Techniques of each topic of the course: Topic/ Content Assessment Technique Introduction to Articles Quiz Subject Verb Agreement and Prepositions Quiz Pronouns and possessives, Reading comprehension Written Examination Tense Class Test letter writing (Order, Apology, Complain, Request) Written Examination Email Writing Class Work Conditional Sentences Written Examination Joining sentences Written Examination Modals Verbs Written Examination Commonly confusing words Written Examination Punctuation, capital letters and Spelling (Error Correction) Written Examination Film and book review Presentation Paragraph writing and Review of Final Exam Syllabus Written Examination Part C – Assessment and Evaluation 19.",True,1.000,fast_extractive,fast_extractive,document3.pdf,2,6.0000,document3.pdf,4,6.0000,document3.pdf,5,6.0000,0.004,False,document3.pdf; document3.pdf; document3.pdf,2; 4; 5,6.0000; 6.0000; 6.0000
Q034,কোর্সের Outline অনুযায়ী Commonly Confusing Words বলতে কী বোঝানো হয়েছে?,bangla,ENG (CSE) 101,topics,unknown,needs_review,bangla,bangla,True,Identifying homonyms and homophones and learning their proper usage.,"উত্তর: Alignment of topics of the courses with CLOs: SL Topic/ Content Course Outcome 1 Overview of the syllabus, Introduction to basic grammar like Articles CLO1 2 Subject Verb Agreement and Prepositions; Quiz 1 CLO1 3 Pronouns and possessives, Reading comprehension CLO1, CLO2 4 Tense; Class Test 1 CLO1 5 letter writing (Order, Apology, Complain, Request) CLO3 6 Email Writing CLO4 7 Review of Midterm Syllabus MIDTERM EXAM 8 Discussion of Midterm Exam Result, Conditional Sentences CLO1, CLO2 9 Joining sentences CLO1 10 Modals Verbs, Quiz 2 CLO1 11 Commonly confusing words CLO2 12 Punctuation, capital letters and Spelling (Error Correction) CLO1, CLO2 13 Film and book review; Presentation CLO4 14 Paragraph writing and Review of Final Exam Syllabus CLO3, CLO4 Review of Midterm Syllabus Week 7 MID-TERM EXAMINATION Discussion of Midterm Exam Result, Conditional Sentences Understanding the use of conditionals sentences Week 8 Class notes and exercise sheets on conditional sentences Lecture and problem solving CLO1, CLO2 Modals Verbs, Quiz 2 Understanding the use of modal verbs in a sentence Week 9 Class notes and exercise sheets on modal verbs Lecture and problem solving CLO1 Commonly confusing words Identifying homonyms and homophones and learning their proper usage Week 10 Class notes and exercise sheets on homophones and homonyms Lecture and problem solving CLO2 Punctuation, capital letters and Spelling (Error Correction) Learning different types of punctuation marks and use of capitalization in constructing sentences. Assessment Techniques of each topic of the course: Topic/ Content Assessment Technique Introduction to Articles Quiz Subject Verb Agreement and Prepositions Quiz Pronouns and possessives, Reading comprehension Written Examination Tense Class Test letter writing (Order, Apology, Complain, Request) Written Examination Email Writing Class Work Conditional Sentences Written Examination Joining sentences Written Examination Modals Verbs Written Examination Commonly confusing words Written Examination Punctuation, capital letters and Spelling (Error Correction) Written Examination Film and book review Presentation Paragraph writing and Review of Final Exam Syllabus Written Examination Part C – Assessment and Evaluation 19.",True,1.000,fast_extractive,fast_extractive,document3.pdf,2,6.0000,document3.pdf,4,6.0000,document3.pdf,5,6.0000,0.006,False,document3.pdf; document3.pdf; document3.pdf,2; 4; 5,6.0000; 6.0000; 6.0000
Q034,Course Outline onujayi Commonly Confusing Words bolte ki bojhano hoyeche?,banglish,ENG (CSE) 101,topics,unknown,needs_review,banglish,banglish,True,Identifying homonyms and homophones and learning their proper usage.,"Ei information-ta: Review of Midterm Syllabus Week 7 MID-TERM EXAMINATION Discussion of Midterm Exam Result, Conditional Sentences Understanding the use of conditionals sentences Week 8 Class notes and exercise sheets on conditional sentences Lecture and problem solving CLO1, CLO2 Modals Verbs, Quiz 2 Understanding the use of modal verbs in a sentence Week 9 Class notes and exercise sheets on modal verbs Lecture and problem solving CLO1 Commonly confusing words Identifying homonyms and homophones and learning their proper usage Week 10 Class notes and exercise sheets on homophones and homonyms Lecture and problem solving CLO2 Punctuation, capital letters and Spelling (Error Correction) Learning different types of punctuation marks and use of capitalization in constructing sentences. Alignment of topics of the courses with CLOs: SL Topic/ Content Course Outcome 1 Overview of the syllabus, Introduction to basic grammar like Articles CLO1 2 Subject Verb Agreement and Prepositions; Quiz 1 CLO1 3 Pronouns and possessives, Reading comprehension CLO1, CLO2 4 Tense; Class Test 1 CLO1 5 letter writing (Order, Apology, Complain, Request) CLO3 6 Email Writing CLO4 7 Review of Midterm Syllabus MIDTERM EXAM 8 Discussion of Midterm Exam Result, Conditional Sentences CLO1, CLO2 9 Joining sentences CLO1 10 Modals Verbs, Quiz 2 CLO1 11 Commonly confusing words CLO2 12 Punctuation, capital letters and Spelling (Error Correction) CLO1, CLO2 13 Film and book review; Presentation CLO4 14 Paragraph writing and Review of Final Exam Syllabus CLO3, CLO4 Assessment Techniques of each topic of the course: Topic/ Content Assessment Technique Introduction to Articles Quiz Subject Verb Agreement and Prepositions Quiz Pronouns and possessives, Reading comprehension Written Examination Tense Class Test letter writing (Order, Apology, Complain, Request) Written Examination Email Writing Class Work Conditional Sentences Written Examination Joining sentences Written Examination Modals Verbs Written Examination Commonly confusing words Written Examination Punctuation, capital letters and Spelling (Error Correction) Written Examination Film and book review Presentation Paragraph writing and Review of Final Exam Syllabus Written Examination Part C – Assessment and Evaluation 19.",True,1.000,fast_extractive,fast_extractive,document3.pdf,4,7.0000,document3.pdf,2,6.0000,document3.pdf,5,6.0000,0.006,False,document3.pdf; document3.pdf; document3.pdf,4; 2; 5,7.0000; 6.0000; 6.0000
Q035,What areas are covered under Error Correction?,english,ENG (CSE) 101,topics,topics,needs_review,english,english,True,"Punctuation, capital letters and spelling.","Topics include 15. Alignment of topics of the courses with CLOs: SL Topic/ Content Course Outcome 1 Overview of the syllabus, Introduction to basic grammar like Articles CLO1 2 Subject Verb Agreement and Prepositions; Quiz 1 CLO1 3 Pronouns and possessives, Reading comprehension CLO1, CLO2 4 Tense; Class Test 1 CLO1 5 letter writing (Order, Apology, Complain, Request) CLO3 6 Email Writing CLO4 7 Review of Midterm Syllabus MIDTERM EXAM 8 Discussion of Midterm Exam Result, Conditional Sentences CLO1, CLO2 9 Joining sentences CLO1 10 Modals Verbs, Quiz 2 CLO1 11 Commonly confusing words CLO2 12 Punctuation, capital letters and Spelling (Error Correction) CLO1, CLO2 13 Film and book review; Presentation CLO4 14 Paragraph writing and Review of Final Exam Syllabus CLO3, CLO4.",True,1.000,structured_extractive,structured_extractive,document3.pdf,2,23.0000,document2.pdf,2,11.0000,document1.pdf,2,10.0000,0.005,False,document3.pdf; document2.pdf; document1.pdf,2; 2; 2,23.0000; 11.0000; 10.0000
Q035,Error Correction-এর অধীনে কোন কোন বিষয় অন্তর্ভুক্ত রয়েছে?,bangla,ENG (CSE) 101,topics,topics,needs_review,bangla,bangla,True,"Punctuation, capital letters and spelling.","উত্তর: Topics include 15. Alignment of topics of the courses with CLOs: SL Topic/ Content Course Outcome 1 Overview of the syllabus, Introduction to basic grammar like Articles CLO1 2 Subject Verb Agreement and Prepositions; Quiz 1 CLO1 3 Pronouns and possessives, Reading comprehension CLO1, CLO2 4 Tense; Class Test 1 CLO1 5 letter writing (Order, Apology, Complain, Request) CLO3 6 Email Writing CLO4 7 Review of Midterm Syllabus MIDTERM EXAM 8 Discussion of Midterm Exam Result, Conditional Sentences CLO1, CLO2 9 Joining sentences CLO1 10 Modals Verbs, Quiz 2 CLO1 11 Commonly confusing words CLO2 12 Punctuation, capital letters and Spelling (Error Correction) CLO1, CLO2 13 Film and book review; Presentation CLO4 14 Paragraph writing and Review of Final Exam Syllabus CLO3, CLO4.",True,1.000,structured_extractive,structured_extractive,document3.pdf,2,23.0000,document1.pdf,2,10.0000,document2.pdf,2,10.0000,0.006,False,document3.pdf; document1.pdf; document2.pdf,2; 2; 2,23.0000; 10.0000; 10.0000
Q035,Error Correction-er under-e kon kon topic include kora hoyeche?,banglish,ENG (CSE) 101,topics,topics,needs_review,banglish,banglish,True,"Punctuation, capital letters and spelling.","Ei information-ta: Topics include 15. Alignment of topics of the courses with CLOs: SL Topic/ Content Course Outcome 1 Overview of the syllabus, Introduction to basic grammar like Articles CLO1 2 Subject Verb Agreement and Prepositions; Quiz 1 CLO1 3 Pronouns and possessives, Reading comprehension CLO1, CLO2 4 Tense; Class Test 1 CLO1 5 letter writing (Order, Apology, Complain, Request) CLO3 6 Email Writing CLO4 7 Review of Midterm Syllabus MIDTERM EXAM 8 Discussion of Midterm Exam Result, Conditional Sentences CLO1, CLO2 9 Joining sentences CLO1 10 Modals Verbs, Quiz 2 CLO1 11 Commonly confusing words CLO2 12 Punctuation, capital letters and Spelling (Error Correction) CLO1, CLO2 13 Film and book review; Presentation CLO4 14 Paragraph writing and Review of Final Exam Syllabus CLO3, CLO4.",True,1.000,structured_extractive,structured_extractive,document3.pdf,2,26.0000,document2.pdf,2,12.0000,document1.pdf,2,11.0000,0.007,False,document3.pdf; document2.pdf; document1.pdf,2; 2; 2,26.0000; 12.0000; 11.0000
Q036,What activities are included under the Film and Book Review topic?,english,ENG (CSE) 101,topics,topics,needs_review,english,english,True,Film and book review and presentation.,"Topics include 15. Alignment of topics of the courses with CLOs: SL Topic/ Content Course Outcome 1 Overview of the syllabus, Introduction to basic grammar like Articles CLO1 2 Subject Verb Agreement and Prepositions; Quiz 1 CLO1 3 Pronouns and possessives, Reading comprehension CLO1, CLO2 4 Tense; Class Test 1 CLO1 5 letter writing (Order, Apology, Complain, Request) CLO3 6 Email Writing CLO4 7 Review of Midterm Syllabus MIDTERM EXAM 8 Discussion of Midterm Exam Result, Conditional Sentences CLO1, CLO2 9 Joining sentences CLO1 10 Modals Verbs, Quiz 2 CLO1 11 Commonly confusing words CLO2 12 Punctuation, capital letters and Spelling (Error Correction) CLO1, CLO2 13 Film and book review; Presentation CLO4 14 Paragraph writing and Review of Final Exam Syllabus CLO3, CLO4.",True,1.000,structured_extractive,structured_extractive,document3.pdf,2,26.0000,document2.pdf,2,13.0000,document1.pdf,2,12.0000,0.006,False,document3.pdf; document2.pdf; document1.pdf,2; 2; 2,26.0000; 13.0000; 12.0000
Q036,Film and Book Review বিষয়ের অধীনে কোন কোন কার্যক্রম অন্তর্ভুক্ত রয়েছে?,bangla,ENG (CSE) 101,topics,topics,needs_review,bangla,bangla,True,Film and book review and presentation.,"উত্তর: Topics include 15. Alignment of topics of the courses with CLOs: SL Topic/ Content Course Outcome 1 Overview of the syllabus, Introduction to basic grammar like Articles CLO1 2 Subject Verb Agreement and Prepositions; Quiz 1 CLO1 3 Pronouns and possessives, Reading comprehension CLO1, CLO2 4 Tense; Class Test 1 CLO1 5 letter writing (Order, Apology, Complain, Request) CLO3 6 Email Writing CLO4 7 Review of Midterm Syllabus MIDTERM EXAM 8 Discussion of Midterm Exam Result, Conditional Sentences CLO1, CLO2 9 Joining sentences CLO1 10 Modals Verbs, Quiz 2 CLO1 11 Commonly confusing words CLO2 12 Punctuation, capital letters and Spelling (Error Correction) CLO1, CLO2 13 Film and book review; Presentation CLO4 14 Paragraph writing and Review of Final Exam Syllabus CLO3, CLO4.",True,1.000,structured_extractive,structured_extractive,document3.pdf,2,22.0000,document1.pdf,2,10.0000,document2.pdf,2,10.0000,0.005,False,document3.pdf; document1.pdf; document2.pdf,2; 2; 2,22.0000; 10.0000; 10.0000
Q036,Film and Book Review topic-er under-e kon kon activity include kora hoyeche?,banglish,ENG (CSE) 101,topics,topics,needs_review,banglish,banglish,True,Film and book review and presentation.,"Ei information-ta: Topics include 15. Alignment of topics of the courses with CLOs: SL Topic/ Content Course Outcome 1 Overview of the syllabus, Introduction to basic grammar like Articles CLO1 2 Subject Verb Agreement and Prepositions; Quiz 1 CLO1 3 Pronouns and possessives, Reading comprehension CLO1, CLO2 4 Tense; Class Test 1 CLO1 5 letter writing (Order, Apology, Complain, Request) CLO3 6 Email Writing CLO4 7 Review of Midterm Syllabus MIDTERM EXAM 8 Discussion of Midterm Exam Result, Conditional Sentences CLO1, CLO2 9 Joining sentences CLO1 10 Modals Verbs, Quiz 2 CLO1 11 Commonly confusing words CLO2 12 Punctuation, capital letters and Spelling (Error Correction) CLO1, CLO2 13 Film and book review; Presentation CLO4 14 Paragraph writing and Review of Final Exam Syllabus CLO3, CLO4.",True,1.000,structured_extractive,structured_extractive,document3.pdf,2,25.0000,document2.pdf,2,12.0000,document1.pdf,2,11.0000,0.008,False,document3.pdf; document2.pdf; document1.pdf,2; 2; 2,25.0000; 12.0000; 11.0000
Q037,What is the purpose of paragraph writing in the course?,english,ENG (CSE) 101,topics,course_objective,needs_review,english,english,True,To learn the correct paragraph format and writing in formal English.,"The objective of this course is to make the students acquire comprehensive knowledge on grammar and writing skills so that they can use it for effective learning of their own subject, answer in English during their examinations and for communicative purposes.",True,0.444,fast_extractive,fast_extractive,document3.pdf,1,19.0000,document2.pdf,1,18.0000,document1.pdf,1,16.0000,0.002,False,document3.pdf; document2.pdf; document1.pdf,1; 1; 1,19.0000; 18.0000; 16.0000
Q037,কোর্সে Paragraph Writing-এর উদ্দেশ্য কী?,bangla,ENG (CSE) 101,topics,course_objective,needs_review,bangla,bangla,True,To learn the correct paragraph format and writing in formal English.,"উত্তর: The objectives of this course are to: 1. Introduce computer hardware, software, and functionalities. 2. Provide a thorough understanding of the number system, base conversion, and Boolean algebra. 3. Introduce basic programming and different program planning tools.",True,0.111,fast_extractive,fast_extractive,document2.pdf,1,18.0000,document3.pdf,1,18.0000,document1.pdf,1,16.0000,0.003,False,document2.pdf; document3.pdf; document1.pdf,1; 1; 1,18.0000; 18.0000; 16.0000
Q037,Course-e Paragraph Writing-er uddeshyo ki?,banglish,ENG (CSE) 101,topics,course_objective,needs_review,banglish,banglish,True,To learn the correct paragraph format and writing in formal English.,"Ei information-ta: The objective of this course is to make the students acquire comprehensive knowledge on grammar and writing skills so that they can use it for effective learning of their own subject, answer in English during their examinations and for communicative purposes.",True,0.444,fast_extractive,fast_extractive,document3.pdf,1,20.0000,document2.pdf,1,19.0000,document1.pdf,1,17.0000,0.003,False,document3.pdf; document2.pdf; document1.pdf,1; 1; 1,20.0000; 19.0000; 17.0000
Q038,What teaching-learning strategies are used in the English course?,english,ENG (CSE) 101,topics,course_metadata,verified,english,english,True,"Lecture, problem solving, pair work, group discussion and multimedia.",Course code: ENG (CSE) 101. Course title: English.,True,0.000,fast_extractive,fast_extractive,document3.pdf,1,30.0000,document3.pdf,5,28.0000,document3.pdf,3,26.0000,0.003,False,document3.pdf; document3.pdf; document3.pdf,1; 5; 3,30.0000; 28.0000; 26.0000
Q038,English কোর্সে কোন কোন Teaching-Learning Strategy ব্যবহার করা হয়?,bangla,ENG (CSE) 101,topics,course_metadata,verified,bangla,bangla,True,"Lecture, problem solving, pair work, group discussion and multimedia.",উত্তর: Course code: ENG (CSE) 101. Course title: English.,True,0.000,fast_extractive,fast_extractive,document3.pdf,1,30.0000,document3.pdf,3,28.0000,document3.pdf,5,28.0000,0.005,False,document3.pdf; document3.pdf; document3.pdf,1; 3; 5,30.0000; 28.0000; 28.0000
Q038,English course-e kon kon Teaching-Learning Strategy use kora hoy?,banglish,ENG (CSE) 101,topics,course_metadata,verified,banglish,banglish,True,"Lecture, problem solving, pair work, group discussion and multimedia.",Course-er code holo ENG (CSE) 101. Course title: English.,True,0.000,fast_extractive,fast_extractive,document3.pdf,1,32.0000,document3.pdf,3,30.0000,document3.pdf,5,28.0000,0.005,False,document3.pdf; document3.pdf; document3.pdf,1; 3; 5,32.0000; 30.0000; 28.0000
Q039,How many class tests and quizzes may be taken during the semester?,english,ENG (CSE) 101,assessment,assessment,verified,english,english,True,One class test and two quizzes may be taken.,"Class Tests: Altogether 4 class tests may be taken during the semester,2 class tests will be taken for midterm and 2 class tests will be taken for final term. Out of these 2 class tests for each term best I class tests will be counted. No makeup class tests will be taken. Students are strongly recommended not to miss any class tests. Assignment: The students will have to form a group of maximum 4 members. The topic or case studies will be given as assignment in groups during the class which they have to prepare at home and will submit on or before the due date. No late submission of assignments will be accepted. Students will have to do the presentation on the given topic as assignment.",True,0.500,fast_extractive,fast_extractive,document1.pdf,4,26.0000,document3.pdf,5,26.0000,document2.pdf,8,24.0000,0.004,False,document1.pdf; document3.pdf; document2.pdf,4; 5; 8,26.0000; 26.0000; 24.0000
Q039,একটি Semester-এ কতটি Class Test এবং Quiz নেওয়া হতে পারে?,bangla,ENG (CSE) 101,assessment,assessment,verified,bangla,bangla,True,One class test and two quizzes may be taken.,"উত্তর: Class Test and Quizzes: Altogether 1 class test and 2 quizzes may be taken during the semester, 1 class test and 1 quiz will be taken for midterm and 1 quiz will be taken for final term. Marks for all of the class tests and quizzes will be counted. No makeup class tests and quizzes will be taken. Students are strongly recommended not to miss any class tests. Presentation: The students will have to give individual presentations. The topic will be given during the class which they have to prepare at home and will submit on or before the due date. No late submission of presentations will be accepted. Students will have to do the presentation on the given topic.",True,0.750,fast_extractive,fast_extractive,document3.pdf,5,20.0000,document1.pdf,4,19.0000,document1.pdf,5,18.0000,0.005,False,document3.pdf; document1.pdf; document1.pdf,5; 4; 5,20.0000; 19.0000; 18.0000
Q039,Ekta Semester-e koyti Class Test ebong Quiz neya hote pare?,banglish,ENG (CSE) 101,assessment,assessment,verified,banglish,banglish,True,One class test and two quizzes may be taken.,"Ei information-ta: Class Test and Quizzes: Altogether 1 class test and 2 quizzes may be taken during the semester, 1 class test and 1 quiz will be taken for midterm and 1 quiz will be taken for final term. Marks for all of the class tests and quizzes will be counted. No makeup class tests and quizzes will be taken. Students are strongly recommended not to miss any class tests. Presentation: The students will have to give individual presentations. The topic will be given during the class which they have to prepare at home and will submit on or before the due date. No late submission of presentations will be accepted. Students will have to do the presentation on the given topic.",True,0.750,fast_extractive,fast_extractive,document3.pdf,5,21.0000,document1.pdf,4,20.0000,document1.pdf,5,18.0000,0.005,False,document3.pdf; document1.pdf; document1.pdf,5; 4; 5,21.0000; 20.0000; 18.0000
Q040,What percentage of the total evaluation is allocated to the Term Examination?,english,ENG (CSE) 101,final_exam_marks,final_exam_marks,verified,english,english,True,50% of the total evaluation is allocated to the Term Examination.,Final Exam: 50%.,True,0.125,fast_extractive,fast_extractive,document2.pdf,9,50.0000,document1.pdf,5,38.0000,document3.pdf,6,38.0000,0.004,False,document2.pdf; document1.pdf; document3.pdf,9; 5; 6,50.0000; 38.0000; 38.0000
Q040,মোট Evaluation-এর কত শতাংশ Term Examination-এর জন্য বরাদ্দ করা হয়েছে?,bangla,ENG (CSE) 101,final_exam_marks,final_exam_marks,verified,bangla,bangla,True,50% of the total evaluation is allocated to the Term Examination.,উত্তর: Final Exam: 50%.,True,0.125,fast_extractive,fast_extractive,document2.pdf,9,48.0000,document1.pdf,5,38.0000,document3.pdf,6,38.0000,0.007,False,document2.pdf; document1.pdf; document3.pdf,9; 5; 6,48.0000; 38.0000; 38.0000
Q040,Total Evaluation-er koto percent Term Examination-er jonno boraddo kora hoyeche?,banglish,ENG (CSE) 101,final_exam_marks,final_exam_marks,verified,banglish,banglish,True,50% of the total evaluation is allocated to the Term Examination.,Final exam-er mark holo 50%.,True,0.125,fast_extractive,fast_extractive,document2.pdf,9,52.0000,document1.pdf,5,40.0000,document3.pdf,6,40.0000,0.006,False,document2.pdf; document1.pdf; document3.pdf,9; 5; 6,52.0000; 40.0000; 40.0000
Q041,What is the course code and title of MTH 101?,english,MTH 101,course_metadata,course_metadata,verified,english,english,True,"The course code is MTH 101, and the title is Math-I: Calculus I.",Course code: MTH 101. Course title: Math-I: Calculus I.,True,1.000,fast_extractive,fast_extractive,document1.pdf,1,34.0000,document1.pdf,2,20.0000,document1.pdf,3,20.0000,0.003,False,document1.pdf; document1.pdf; document1.pdf,1; 2; 3,34.0000; 20.0000; 20.0000
Q041,MTH 101 কোর্সের কোর্স কোড এবং শিরোনাম কী?,bangla,MTH 101,course_metadata,course_metadata,verified,bangla,bangla,True,"The course code is MTH 101, and the title is Math-I: Calculus I.",উত্তর: Course code: MTH 101. Course title: Math-I: Calculus I.,True,1.000,fast_extractive,fast_extractive,document1.pdf,1,30.0000,document1.pdf,2,20.0000,document1.pdf,3,20.0000,0.005,False,document1.pdf; document1.pdf; document1.pdf,1; 2; 3,30.0000; 20.0000; 20.0000
Q041,MTH 101 course-er course code ebong title ki?,banglish,MTH 101,course_metadata,course_metadata,verified,banglish,banglish,True,"The course code is MTH 101, and the title is Math-I: Calculus I.",Course-er code holo MTH 101. Course title: Math-I: Calculus I.,True,1.000,fast_extractive,fast_extractive,document1.pdf,1,35.0000,document1.pdf,2,21.0000,document1.pdf,3,21.0000,0.004,False,document1.pdf; document1.pdf; document1.pdf,1; 2; 3,35.0000; 21.0000; 21.0000
Q042,What are the main objectives of Calculus I?,english,MTH 101,course_objective,course_objective,verified,english,english,True,"The main objectives are to understand limits, continuity, differentiability and rate of change; learn integration techniques; apply differentiation and integration to engineering problems; and calculate length, area, volume, center of gravity and average value.","• Define the limit, continuity and differentiability of functions, identify the rate of change of a function with respect to independent variables and describe the different techniques of evaluating indefinite and definite integrals. • Apply the concepts or technique s of differentiation and integration to solve the problems related to engineering study. • Calculate the length, area, volume, center of gravity and average value related to engineering study.",True,0.800,fast_extractive,fast_extractive,document1.pdf,1,46.0000,document1.pdf,2,23.0000,document1.pdf,6,22.0000,0.002,False,document1.pdf; document1.pdf; document1.pdf,1; 2; 6,46.0000; 23.0000; 22.0000
Q042,Calculus I কোর্সের প্রধান উদ্দেশ্যগুলো কী?,bangla,MTH 101,course_objective,course_objective,verified,bangla,bangla,True,"The main objectives are to understand limits, continuity, differentiability and rate of change; learn integration techniques; apply differentiation and integration to engineering problems; and calculate length, area, volume, center of gravity and average value.","উত্তর: • Define the limit, continuity and differentiability of functions, identify the rate of change of a function with respect to independent variables and describe the different techniques of evaluating indefinite and definite integrals. • Apply the concepts or technique s of differentiation and integration to solve the problems related to engineering study. • Calculate the length, area, volume, center of gravity and average value related to engineering study.",True,0.800,fast_extractive,fast_extractive,document1.pdf,1,44.0000,document1.pdf,2,22.0000,document1.pdf,6,22.0000,0.003,False,document1.pdf; document1.pdf; document1.pdf,1; 2; 6,44.0000; 22.0000; 22.0000
Q042,Calculus I course-er main objectives-gulo ki?,banglish,MTH 101,course_objective,course_objective,verified,banglish,english,False,"The main objectives are to understand limits, continuity, differentiability and rate of change; learn integration techniques; apply differentiation and integration to engineering problems; and calculate length, area, volume, center of gravity and average value.","Ei information-ta: • Define the limit, continuity and differentiability of functions, identify the rate of change of a function with respect to independent variables and describe the different techniques of evaluating indefinite and definite integrals. • Apply the concepts or technique s of differentiation and integration to solve the problems related to engineering study. • Calculate the length, area, volume, center of gravity and average value related to engineering study.",False,0.800,fast_extractive,fast_extractive,document1.pdf,1,47.0000,document1.pdf,2,24.0000,document1.pdf,6,23.0000,0.004,False,document1.pdf; document1.pdf; document1.pdf,1; 2; 6,47.0000; 24.0000; 23.0000
Q043,What is CLO 1 of MTH 101?,english,MTH 101,clo,clo,verified,english,english,True,"CLO 1 is to define limits, continuity and differentiability and identify the rate of change.","CLO 1: Define the limit, continuity and differentiability of functions, identify the rate of change of a function with respect to independent variables.",True,0.900,fast_extractive,fast_extractive,document1.pdf,1,50.0000,document1.pdf,2,40.0000,document1.pdf,3,40.0000,0.002,False,document1.pdf; document1.pdf; document1.pdf,1; 2; 3,50.0000; 40.0000; 40.0000
Q043,MTH 101-এর CLO 1 কী?,bangla,MTH 101,clo,clo,verified,bangla,bangla,True,"CLO 1 is to define limits, continuity and differentiability and identify the rate of change.","উত্তর: CLO 1: Define the limit, continuity and differentiability of functions, identify the rate of change of a function with respect to independent variables.",True,0.900,fast_extractive,fast_extractive,document1.pdf,1,50.0000,document1.pdf,2,40.0000,document1.pdf,3,40.0000,0.003,False,document1.pdf; document1.pdf; document1.pdf,1; 2; 3,50.0000; 40.0000; 40.0000
Q043,MTH 101-er CLO 1 ki?,banglish,MTH 101,clo,clo,verified,banglish,banglish,True,"CLO 1 is to define limits, continuity and differentiability and identify the rate of change.","CLO 1 holo Define the limit, continuity and differentiability of functions, identify the rate of change of a function with respect to independent variables.",True,0.900,fast_extractive,fast_extractive,document1.pdf,1,51.0000,document1.pdf,2,41.0000,document1.pdf,3,41.0000,0.003,False,document1.pdf; document1.pdf; document1.pdf,1; 2; 3,51.0000; 41.0000; 41.0000
Q044,What is CLO 2 of MTH 101?,english,MTH 101,clo,clo,verified,english,english,True,CLO 2 is to describe different techniques for evaluating indefinite and definite integrals.,CLO 2: Describe the different techniques of evaluating indefinite and definite integrals.,True,0.800,fast_extractive,fast_extractive,document1.pdf,1,40.0000,document1.pdf,2,40.0000,document1.pdf,3,40.0000,0.002,False,document1.pdf; document1.pdf; document1.pdf,1; 2; 3,40.0000; 40.0000; 40.0000
Q044,MTH 101-এর CLO 2 কী?,bangla,MTH 101,clo,clo,verified,bangla,bangla,True,CLO 2 is to describe different techniques for evaluating indefinite and definite integrals.,উত্তর: CLO 2: Describe the different techniques of evaluating indefinite and definite integrals.,True,0.800,fast_extractive,fast_extractive,document1.pdf,1,40.0000,document1.pdf,2,40.0000,document1.pdf,3,40.0000,0.003,False,document1.pdf; document1.pdf; document1.pdf,1; 2; 3,40.0000; 40.0000; 40.0000
Q044,MTH 101-er CLO 2 ki?,banglish,MTH 101,clo,clo,verified,banglish,banglish,True,CLO 2 is to describe different techniques for evaluating indefinite and definite integrals.,CLO 2 holo Describe the different techniques of evaluating indefinite and definite integrals.,True,0.800,fast_extractive,fast_extractive,document1.pdf,1,41.0000,document1.pdf,2,41.0000,document1.pdf,3,41.0000,0.003,False,document1.pdf; document1.pdf; document1.pdf,1; 2; 3,41.0000; 41.0000; 41.0000
Q045,What is CLO 3 of MTH 101?,english,MTH 101,clo,clo,verified,english,english,True,CLO 3 is to apply concepts or techniques of differentiation and integration to solve engineering-related problems.,CLO 3: Apply the concepts or techniques of differentiation and integration to solve the problems related to engineering study.,True,1.000,fast_extractive,fast_extractive,document1.pdf,1,40.0000,document1.pdf,2,40.0000,document1.pdf,3,40.0000,0.002,False,document1.pdf; document1.pdf; document1.pdf,1; 2; 3,40.0000; 40.0000; 40.0000
Q045,MTH 101-এর CLO 3 কী?,bangla,MTH 101,clo,clo,verified,bangla,bangla,True,CLO 3 is to apply concepts or techniques of differentiation and integration to solve engineering-related problems.,উত্তর: CLO 3: Apply the concepts or techniques of differentiation and integration to solve the problems related to engineering study.,True,1.000,fast_extractive,fast_extractive,document1.pdf,1,40.0000,document1.pdf,2,40.0000,document1.pdf,3,40.0000,0.003,False,document1.pdf; document1.pdf; document1.pdf,1; 2; 3,40.0000; 40.0000; 40.0000
Q045,MTH 101-er CLO 3 ki?,banglish,MTH 101,clo,clo,verified,banglish,banglish,True,CLO 3 is to apply concepts or techniques of differentiation and integration to solve engineering-related problems.,CLO 3 holo Apply the concepts or techniques of differentiation and integration to solve the problems related to engineering study.,True,1.000,fast_extractive,fast_extractive,document1.pdf,1,41.0000,document1.pdf,2,41.0000,document1.pdf,3,41.0000,0.003,False,document1.pdf; document1.pdf; document1.pdf,1; 2; 3,41.0000; 41.0000; 41.0000
Q046,What is CLO 4 of MTH 101?,english,MTH 101,clo,clo,verified,english,english,True,CLO 4 is to use Gamma and Beta functions to evaluate integrals.,CLO 4: Use of Gamma and Beta functions to evaluate integrals.,True,1.000,fast_extractive,fast_extractive,document1.pdf,1,40.0000,document1.pdf,2,40.0000,document1.pdf,3,40.0000,0.002,False,document1.pdf; document1.pdf; document1.pdf,1; 2; 3,40.0000; 40.0000; 40.0000
Q046,MTH 101-এর CLO 4 কী?,bangla,MTH 101,clo,clo,verified,bangla,bangla,True,CLO 4 is to use Gamma and Beta functions to evaluate integrals.,উত্তর: CLO 4: Use of Gamma and Beta functions to evaluate integrals.,True,1.000,fast_extractive,fast_extractive,document1.pdf,1,40.0000,document1.pdf,2,40.0000,document1.pdf,3,40.0000,0.003,False,document1.pdf; document1.pdf; document1.pdf,1; 2; 3,40.0000; 40.0000; 40.0000
Q046,MTH 101-er CLO 4 ki?,banglish,MTH 101,clo,clo,verified,banglish,banglish,True,CLO 4 is to use Gamma and Beta functions to evaluate integrals.,CLO 4 holo Use of Gamma and Beta functions to evaluate integrals.,True,1.000,fast_extractive,fast_extractive,document1.pdf,1,41.0000,document1.pdf,2,41.0000,document1.pdf,3,41.0000,0.003,False,document1.pdf; document1.pdf; document1.pdf,1; 2; 3,41.0000; 41.0000; 41.0000
Q047,What is CLO 5 of MTH 101?,english,MTH 101,clo,clo,verified,english,english,True,"CLO 5 is to calculate length, area, volume, center of gravity and average value.","CLO 5: Calculate the length, area, volume, center of gravity and average value related to engineering study.",True,1.000,fast_extractive,fast_extractive,document1.pdf,1,40.0000,document1.pdf,2,40.0000,document1.pdf,3,22.0000,0.003,False,document1.pdf; document1.pdf; document1.pdf,1; 2; 3,40.0000; 40.0000; 22.0000
Q047,MTH 101-এর CLO 5 কী?,bangla,MTH 101,clo,clo,verified,bangla,bangla,True,"CLO 5 is to calculate length, area, volume, center of gravity and average value.","উত্তর: CLO 5: Calculate the length, area, volume, center of gravity and average value related to engineering study.",True,1.000,fast_extractive,fast_extractive,document1.pdf,1,40.0000,document1.pdf,2,40.0000,document1.pdf,3,22.0000,0.003,False,document1.pdf; document1.pdf; document1.pdf,1; 2; 3,40.0000; 40.0000; 22.0000
Q047,MTH 101-er CLO 5 ki?,banglish,MTH 101,clo,clo,verified,banglish,banglish,True,"CLO 5 is to calculate length, area, volume, center of gravity and average value.","CLO 5 holo Calculate the length, area, volume, center of gravity and average value related to engineering study.",True,1.000,fast_extractive,fast_extractive,document1.pdf,1,41.0000,document1.pdf,2,41.0000,document1.pdf,3,23.0000,0.003,False,document1.pdf; document1.pdf; document1.pdf,1; 2; 3,41.0000; 41.0000; 23.0000
Q048,What topics are included under Functions?,english,MTH 101,topics,topics,verified,english,english,True,"Graphing functions, mathematical models, linear, polynomial, power, algebraic, trigonometric, exponential and logarithmic functions, transformations, inverse functions and growth of functions.","Topics under Functions:
- Graphing Functions
- Mathematical Models
- Commonly used Functions (Linear
- Polynomial
- Power)
- Mathematical Models
- Commonly Used Functions (Algebraic
- Trigonometric
- Exponential
- Logarithmic Functions)
- Transformations (Scaling
- Reflection
- Composition)
- Inverse of Functions
- Growth of Functions",True,1.000,structured_extractive,structured_extractive,document1.pdf,2,24.0000,document3.pdf,2,18.0000,document1.pdf,3,13.0000,0.004,False,document1.pdf; document3.pdf; document1.pdf,2; 2; 3,24.0000; 18.0000; 13.0000
Q048,Functions-এর অধীনে কোন কোন বিষয় অন্তর্ভুক্ত রয়েছে?,bangla,MTH 101,topics,topics,verified,bangla,banglish,False,"Graphing functions, mathematical models, linear, polynomial, power, algebraic, trigonometric, exponential and logarithmic functions, transformations, inverse functions and growth of functions.","Functions-er odhine bishoygulo:
- Graphing Functions
- Mathematical Models
- Commonly used Functions (Linear
- Polynomial
- Power)
- Mathematical Models
- Commonly Used Functions (Algebraic
- Trigonometric
- Exponential
- Logarithmic Functions)
- Transformations (Scaling
- Reflection
- Composition)
- Inverse of Functions
- Growth of Functions",False,1.000,structured_extractive,structured_extractive,document1.pdf,2,24.0000,document3.pdf,2,16.0000,document1.pdf,3,11.0000,0.005,False,document1.pdf; document3.pdf; document1.pdf,2; 2; 3,24.0000; 16.0000; 11.0000
Q048,Functions-er under-e kon kon topic include kora hoyeche?,banglish,MTH 101,topics,topics,verified,banglish,banglish,True,"Graphing functions, mathematical models, linear, polynomial, power, algebraic, trigonometric, exponential and logarithmic functions, transformations, inverse functions and growth of functions.","Functions-er under-e topics:
- Graphing Functions
- Mathematical Models
- Commonly used Functions (Linear
- Polynomial
- Power)
- Mathematical Models
- Commonly Used Functions (Algebraic
- Trigonometric
- Exponential
- Logarithmic Functions)
- Transformations (Scaling
- Reflection
- Composition)
- Inverse of Functions
- Growth of Functions",True,1.000,structured_extractive,structured_extractive,document1.pdf,2,25.0000,document3.pdf,2,19.0000,document1.pdf,3,13.0000,0.006,False,document1.pdf; document3.pdf; document1.pdf,2; 2; 3,25.0000; 19.0000; 13.0000
Q049,What topics are included under Limits?,english,MTH 101,topics,topics,verified,english,english,True,"One-sided limits, infinite limits, limit laws, Sandwich Theorem, formal definition of limits, continuity, Intermediate Value Theorem, limits at infinity and horizontal asymptotes.","Topics under Limits:
- Concepts
- One Sided Limits
- Infinite limits
- Limit Laws
- Sandwich Theorem
- Formal Definition of Limits
- Continuity of Functions
- Intermediate Value Theorem
- Its Application
- Limits at Infini ty
- The Horizontal Asymptotes",True,0.944,structured_extractive,structured_extractive,document1.pdf,2,24.0000,document3.pdf,2,18.0000,document2.pdf,2,11.0000,0.004,False,document1.pdf; document3.pdf; document2.pdf,2; 2; 2,24.0000; 18.0000; 11.0000
Q049,Limits-এর অধীনে কোন কোন বিষয় অন্তর্ভুক্ত রয়েছে?,bangla,MTH 101,topics,topics,verified,bangla,banglish,False,"One-sided limits, infinite limits, limit laws, Sandwich Theorem, formal definition of limits, continuity, Intermediate Value Theorem, limits at infinity and horizontal asymptotes.","Limits-er odhine bishoygulo:
- Concepts
- One Sided Limits
- Infinite limits
- Limit Laws
- Sandwich Theorem
- Formal Definition of Limits
- Continuity of Functions
- Intermediate Value Theorem
- Its Application
- Limits at Infini ty
- The Horizontal Asymptotes",False,0.944,structured_extractive,structured_extractive,document1.pdf,2,24.0000,document3.pdf,2,16.0000,document2.pdf,2,10.0000,0.006,False,document1.pdf; document3.pdf; document2.pdf,2; 2; 2,24.0000; 16.0000; 10.0000
Q049,Limits-er under-e kon kon topic include kora hoyeche?,banglish,MTH 101,topics,topics,verified,banglish,banglish,True,"One-sided limits, infinite limits, limit laws, Sandwich Theorem, formal definition of limits, continuity, Intermediate Value Theorem, limits at infinity and horizontal asymptotes.","Limits-er under-e topics:
- Concepts
- One Sided Limits
- Infinite limits
- Limit Laws
- Sandwich Theorem
- Formal Definition of Limits
- Continuity of Functions
- Intermediate Value Theorem
- Its Application
- Limits at Infini ty
- The Horizontal Asymptotes",True,0.944,structured_extractive,structured_extractive,document1.pdf,2,25.0000,document3.pdf,2,19.0000,document2.pdf,2,12.0000,0.006,False,document1.pdf; document3.pdf; document2.pdf,2; 2; 2,25.0000; 19.0000; 12.0000
Q050,What topics are covered under Derivatives?,english,MTH 101,topics,topics,verified,english,english,True,"Derivatives and rate of change, derivatives as functions, differentiability of functions and rules and techniques of differentiation.","Topics under Derivatives:
- Derivatives
- Rate of Change
- Derivatives as Functions
- Differentiability of Functions
- Rules
- Techniques of Differentiation",True,1.000,structured_extractive,structured_extractive,document1.pdf,2,24.0000,document3.pdf,2,18.0000,document2.pdf,2,11.0000,0.004,False,document1.pdf; document3.pdf; document2.pdf,2; 2; 2,24.0000; 18.0000; 11.0000
Q050,Derivatives-এর অধীনে কোন কোন বিষয় পড়ানো হয়?,bangla,MTH 101,topics,topics,verified,bangla,banglish,False,"Derivatives and rate of change, derivatives as functions, differentiability of functions and rules and techniques of differentiation.","Derivatives-er odhine bishoygulo:
- Derivatives
- Rate of Change
- Derivatives as Functions
- Differentiability of Functions
- Rules
- Techniques of Differentiation",False,1.000,structured_extractive,structured_extractive,document1.pdf,2,24.0000,document3.pdf,2,16.0000,document2.pdf,2,10.0000,0.005,False,document1.pdf; document3.pdf; document2.pdf,2; 2; 2,24.0000; 16.0000; 10.0000
Q050,Derivatives-er under-e kon kon topic porano hoy?,banglish,MTH 101,topics,topics,verified,banglish,banglish,True,"Derivatives and rate of change, derivatives as functions, differentiability of functions and rules and techniques of differentiation.","Derivatives-er under-e topics:
- Derivatives
- Rate of Change
- Derivatives as Functions
- Differentiability of Functions
- Rules
- Techniques of Differentiation",True,1.000,structured_extractive,structured_extractive,document1.pdf,2,25.0000,document3.pdf,2,19.0000,document2.pdf,2,12.0000,0.005,False,document1.pdf; document3.pdf; document2.pdf,2; 2; 2,25.0000; 19.0000; 12.0000
Q051,What applications of differentiation are included in the course?,english,MTH 101,topics,topics,verified,english,english,True,"Rates of change, exponential growth and decay, linear approximation and differentials, minimum and maximum value, first and second derivative tests, L'Hospital's Rule and curve sketching.","Topics include 15. Alignment of topics of the courses with CLOs: SL Topic/ Content Course Outcome 1 Overview of the syllabus, Introduction to basic grammar like Articles CLO1 2 Subject Verb Agreement and Prepositions; Quiz 1 CLO1 3 Pronouns and possessives, Reading comprehension CLO1, CLO2 4 Tense; Class Test 1 CLO1 5 letter writing (Order, Apology, Complain, Request) CLO3 6 Email Writing CLO4 7 Review of Midterm Syllabus MIDTERM EXAM 8 Discussion of Midterm Exam Result, Conditional Sentences CLO1, CLO2 9 Joining sentences CLO1 10 Modals Verbs, Quiz 2 CLO1 11 Commonly confusing words CLO2 12 Punctuation, capital letters and Spelling (Error Correction) CLO1, CLO2 13 Film and book review; Presentation CLO4 14 Paragraph writing and Review of Final Exam Syllabus CLO3, CLO4.",True,0.050,structured_extractive,structured_extractive,document3.pdf,2,16.0000,document1.pdf,2,14.0000,document2.pdf,2,10.0000,0.002,False,document3.pdf; document1.pdf; document2.pdf,2; 2; 2,16.0000; 14.0000; 10.0000
Q051,Differentiation-এর কোন কোন Application কোর্সে অন্তর্ভুক্ত রয়েছে?,bangla,MTH 101,topics,topics,verified,bangla,bangla,True,"Rates of change, exponential growth and decay, linear approximation and differentials, minimum and maximum value, first and second derivative tests, L'Hospital's Rule and curve sketching.","উত্তর: Topics include 15. Alignment of topics of the courses with CLOs: SL Topic/ Content Course Outcome 1 Overview of the syllabus, Introduction to basic grammar like Articles CLO1 2 Subject Verb Agreement and Prepositions; Quiz 1 CLO1 3 Pronouns and possessives, Reading comprehension CLO1, CLO2 4 Tense; Class Test 1 CLO1 5 letter writing (Order, Apology, Complain, Request) CLO3 6 Email Writing CLO4 7 Review of Midterm Syllabus MIDTERM EXAM 8 Discussion of Midterm Exam Result, Conditional Sentences CLO1, CLO2 9 Joining sentences CLO1 10 Modals Verbs, Quiz 2 CLO1 11 Commonly confusing words CLO2 12 Punctuation, capital letters and Spelling (Error Correction) CLO1, CLO2 13 Film and book review; Presentation CLO4 14 Paragraph writing and Review of Final Exam Syllabus CLO3, CLO4.",True,0.050,structured_extractive,structured_extractive,document3.pdf,2,16.0000,document1.pdf,2,14.0000,document2.pdf,2,12.0000,0.005,False,document3.pdf; document1.pdf; document2.pdf,2; 2; 2,16.0000; 14.0000; 12.0000
Q051,Differentiation-er kon kon Application course-e include kora hoyeche?,banglish,MTH 101,topics,topics,verified,banglish,banglish,True,"Rates of change, exponential growth and decay, linear approximation and differentials, minimum and maximum value, first and second derivative tests, L'Hospital's Rule and curve sketching.","Ei information-ta: Topics include 15. Alignment of topics of the courses with CLOs: SL Topic/ Content Course Outcome 1 Overview of the syllabus, Introduction to basic grammar like Articles CLO1 2 Subject Verb Agreement and Prepositions; Quiz 1 CLO1 3 Pronouns and possessives, Reading comprehension CLO1, CLO2 4 Tense; Class Test 1 CLO1 5 letter writing (Order, Apology, Complain, Request) CLO3 6 Email Writing CLO4 7 Review of Midterm Syllabus MIDTERM EXAM 8 Discussion of Midterm Exam Result, Conditional Sentences CLO1, CLO2 9 Joining sentences CLO1 10 Modals Verbs, Quiz 2 CLO1 11 Commonly confusing words CLO2 12 Punctuation, capital letters and Spelling (Error Correction) CLO1, CLO2 13 Film and book review; Presentation CLO4 14 Paragraph writing and Review of Final Exam Syllabus CLO3, CLO4.",True,0.050,structured_extractive,structured_extractive,document3.pdf,2,17.0000,document1.pdf,2,15.0000,document2.pdf,2,13.0000,0.004,False,document3.pdf; document1.pdf; document2.pdf,2; 2; 2,17.0000; 15.0000; 13.0000
Q052,What topics are included under Integrals?,english,MTH 101,topics,topics,verified,english,english,True,"Riemann Sum, definite integrals, properties of integrals, Fundamental Theorem of Calculus, anti-derivative, indefinite integral, Net Change Theorem and Substitution Rule.","Topics under Integrals:
- Riemann Sum
- Defini te Integrals
- Properties of Integrals
- Fundamental Theorem of Calculus
- Anti-Derivative
- Indefinite Integral
- Net Change Theorem
- Substitution Rule",True,0.941,structured_extractive,structured_extractive,document1.pdf,2,24.0000,document3.pdf,2,18.0000,document2.pdf,2,11.0000,0.004,False,document1.pdf; document3.pdf; document2.pdf,2; 2; 2,24.0000; 18.0000; 11.0000
Q052,Integrals-এর অধীনে কোন কোন বিষয় অন্তর্ভুক্ত রয়েছে?,bangla,MTH 101,topics,topics,verified,bangla,banglish,False,"Riemann Sum, definite integrals, properties of integrals, Fundamental Theorem of Calculus, anti-derivative, indefinite integral, Net Change Theorem and Substitution Rule.","Integrals-er odhine bishoygulo:
- Riemann Sum
- Defini te Integrals
- Properties of Integrals
- Fundamental Theorem of Calculus
- Anti-Derivative
- Indefinite Integral
- Net Change Theorem
- Substitution Rule",False,0.941,structured_extractive,structured_extractive,document1.pdf,2,24.0000,document3.pdf,2,16.0000,document2.pdf,2,10.0000,0.006,False,document1.pdf; document3.pdf; document2.pdf,2; 2; 2,24.0000; 16.0000; 10.0000
Q052,Integrals-er under-e kon kon topic include kora hoyeche?,banglish,MTH 101,topics,topics,verified,banglish,banglish,True,"Riemann Sum, definite integrals, properties of integrals, Fundamental Theorem of Calculus, anti-derivative, indefinite integral, Net Change Theorem and Substitution Rule.","Integrals-er under-e topics:
- Riemann Sum
- Defini te Integrals
- Properties of Integrals
- Fundamental Theorem of Calculus
- Anti-Derivative
- Indefinite Integral
- Net Change Theorem
- Substitution Rule",True,0.941,structured_extractive,structured_extractive,document1.pdf,2,25.0000,document3.pdf,2,19.0000,document2.pdf,2,12.0000,0.006,False,document1.pdf; document3.pdf; document2.pdf,2; 2; 2,25.0000; 19.0000; 12.0000
Q053,What is the Fundamental Theorem of Calculus included with?,english,MTH 101,topics,topics,needs_review,english,english,True,"It is included under the Integrals topic, with anti-derivative, indefinite integral, Net Change Theorem and Substitution Rule.","Topics include Functions: Graphing Functions, Mathematical Models and Commonly used Functions (Linear, Polynomial, Power), Mathematical Models and Commonly Used Functions (Algebraic, Trigonometric, Exponential, and Logarithmic Functions), Transformations (Scaling, Reflection, Composition), Inverse of Functions, Growth of Functions. Limits: Concepts, One Sided Limits, Infinite limits, Limit Laws, Sandwich Theorem, Formal Definition of Limits and Continuity of Functions, Intermediate Value Theorem and Its Application, Limits at Infini ty and the Horizontal Asymptotes. Derivatives: Derivatives and Rate of Change, Derivatives as Functions, Differentiability of Functions, Rules and Techniques of Differentiation. Applications of Differentiation: Rates of Change in Natural and Social Science s, Exponential Growth and Decay, Linear Approximation and Differentials, Finding Minimum and Maximum Value of Functions and the first and Second Derivative Tests, Indeterminate Forms and L'Hospital's Rule, Curve Sketching. Integrals: Riemann Sum and Defini te Integrals, Properties of Integrals, Fundamental Theorem of Calculus, Anti-Derivative and Indefinite Integral, Net Change Theorem, Substitution Rule. Application of Integration: Finding Area between Curves, Volumes, Volumes by Cylindrical Shells, Average Value of a Function,Mean Value Theorem for Integrals.",True,0.667,structured_extractive,structured_extractive,document1.pdf,2,38.0000,document1.pdf,1,30.0000,document1.pdf,3,30.0000,0.003,False,document1.pdf; document1.pdf; document1.pdf,2; 1; 3,38.0000; 30.0000; 30.0000
Q053,Fundamental Theorem of Calculus কোন কোন বিষয়ের সঙ্গে অন্তর্ভুক্ত করা হয়েছে?,bangla,MTH 101,topics,topics,needs_review,bangla,bangla,True,"It is included under the Integrals topic, with anti-derivative, indefinite integral, Net Change Theorem and Substitution Rule.","উত্তর: Topics include Functions: Graphing Functions, Mathematical Models and Commonly used Functions (Linear, Polynomial, Power), Mathematical Models and Commonly Used Functions (Algebraic, Trigonometric, Exponential, and Logarithmic Functions), Transformations (Scaling, Reflection, Composition), Inverse of Functions, Growth of Functions. Limits: Concepts, One Sided Limits, Infinite limits, Limit Laws, Sandwich Theorem, Formal Definition of Limits and Continuity of Functions, Intermediate Value Theorem and Its Application, Limits at Infini ty and the Horizontal Asymptotes. Derivatives: Derivatives and Rate of Change, Derivatives as Functions, Differentiability of Functions, Rules and Techniques of Differentiation. Applications of Differentiation: Rates of Change in Natural and Social Science s, Exponential Growth and Decay, Linear Approximation and Differentials, Finding Minimum and Maximum Value of Functions and the first and Second Derivative Tests, Indeterminate Forms and L'Hospital's Rule, Curve Sketching. Integrals: Riemann Sum and Defini te Integrals, Properties of Integrals, Fundamental Theorem of Calculus, Anti-Derivative and Indefinite Integral, Net Change Theorem, Substitution Rule. Application of Integration: Finding Area between Curves, Volumes, Volumes by Cylindrical Shells, Average Value of a Function,Mean Value Theorem for Integrals.",True,0.667,structured_extractive,structured_extractive,document1.pdf,2,36.0000,document1.pdf,1,28.0000,document1.pdf,3,28.0000,0.006,False,document1.pdf; document1.pdf; document1.pdf,2; 1; 3,36.0000; 28.0000; 28.0000
Q053,Fundamental Theorem of Calculus kon kon topic-er shathe include kora hoyeche?,banglish,MTH 101,topics,topics,needs_review,banglish,english,False,"It is included under the Integrals topic, with anti-derivative, indefinite integral, Net Change Theorem and Substitution Rule.","Ei information-ta: Topics include Functions: Graphing Functions, Mathematical Models and Commonly used Functions (Linear, Polynomial, Power), Mathematical Models and Commonly Used Functions (Algebraic, Trigonometric, Exponential, and Logarithmic Functions), Transformations (Scaling, Reflection, Composition), Inverse of Functions, Growth of Functions. Limits: Concepts, One Sided Limits, Infinite limits, Limit Laws, Sandwich Theorem, Formal Definition of Limits and Continuity of Functions, Intermediate Value Theorem and Its Application, Limits at Infini ty and the Horizontal Asymptotes. Derivatives: Derivatives and Rate of Change, Derivatives as Functions, Differentiability of Functions, Rules and Techniques of Differentiation. Applications of Differentiation: Rates of Change in Natural and Social Science s, Exponential Growth and Decay, Linear Approximation and Differentials, Finding Minimum and Maximum Value of Functions and the first and Second Derivative Tests, Indeterminate Forms and L'Hospital's Rule, Curve Sketching. Integrals: Riemann Sum and Defini te Integrals, Properties of Integrals, Fundamental Theorem of Calculus, Anti-Derivative and Indefinite Integral, Net Change Theorem, Substitution Rule. Application of Integration: Finding Area between Curves, Volumes, Volumes by Cylindrical Shells, Average Value of a Function,Mean Value Theorem for Integrals.",False,0.667,structured_extractive,structured_extractive,document1.pdf,2,37.0000,document1.pdf,3,30.0000,document1.pdf,1,29.0000,0.006,False,document1.pdf; document1.pdf; document1.pdf,2; 3; 1,37.0000; 30.0000; 29.0000
Q054,What applications of integration are included in the course?,english,MTH 101,topics,topics,verified,english,english,True,"Area between curves, volumes, volumes by cylindrical shells, average value of a function and Mean Value Theorem for Integrals.","Topics include 15. Alignment of topics of the courses with CLOs: SL Topic/ Content Course Outcome 1 Overview of the syllabus, Introduction to basic grammar like Articles CLO1 2 Subject Verb Agreement and Prepositions; Quiz 1 CLO1 3 Pronouns and possessives, Reading comprehension CLO1, CLO2 4 Tense; Class Test 1 CLO1 5 letter writing (Order, Apology, Complain, Request) CLO3 6 Email Writing CLO4 7 Review of Midterm Syllabus MIDTERM EXAM 8 Discussion of Midterm Exam Result, Conditional Sentences CLO1, CLO2 9 Joining sentences CLO1 10 Modals Verbs, Quiz 2 CLO1 11 Commonly confusing words CLO2 12 Punctuation, capital letters and Spelling (Error Correction) CLO1, CLO2 13 Film and book review; Presentation CLO4 14 Paragraph writing and Review of Final Exam Syllabus CLO3, CLO4.",True,0.067,structured_extractive,structured_extractive,document3.pdf,2,16.0000,document1.pdf,2,14.0000,document2.pdf,2,10.0000,0.002,False,document3.pdf; document1.pdf; document2.pdf,2; 2; 2,16.0000; 14.0000; 10.0000
Q054,Integration-এর কোন কোন Application কোর্সে অন্তর্ভুক্ত রয়েছে?,bangla,MTH 101,topics,topics,verified,bangla,bangla,True,"Area between curves, volumes, volumes by cylindrical shells, average value of a function and Mean Value Theorem for Integrals.","উত্তর: Topics include 15. Alignment of topics of the courses with CLOs: SL Topic/ Content Course Outcome 1 Overview of the syllabus, Introduction to basic grammar like Articles CLO1 2 Subject Verb Agreement and Prepositions; Quiz 1 CLO1 3 Pronouns and possessives, Reading comprehension CLO1, CLO2 4 Tense; Class Test 1 CLO1 5 letter writing (Order, Apology, Complain, Request) CLO3 6 Email Writing CLO4 7 Review of Midterm Syllabus MIDTERM EXAM 8 Discussion of Midterm Exam Result, Conditional Sentences CLO1, CLO2 9 Joining sentences CLO1 10 Modals Verbs, Quiz 2 CLO1 11 Commonly confusing words CLO2 12 Punctuation, capital letters and Spelling (Error Correction) CLO1, CLO2 13 Film and book review; Presentation CLO4 14 Paragraph writing and Review of Final Exam Syllabus CLO3, CLO4.",True,0.067,structured_extractive,structured_extractive,document3.pdf,2,16.0000,document1.pdf,2,14.0000,document2.pdf,2,12.0000,0.004,False,document3.pdf; document1.pdf; document2.pdf,2; 2; 2,16.0000; 14.0000; 12.0000
Q054,Integration-er kon kon Application course-e include kora hoyeche?,banglish,MTH 101,topics,topics,verified,banglish,banglish,True,"Area between curves, volumes, volumes by cylindrical shells, average value of a function and Mean Value Theorem for Integrals.","Ei information-ta: Topics include 15. Alignment of topics of the courses with CLOs: SL Topic/ Content Course Outcome 1 Overview of the syllabus, Introduction to basic grammar like Articles CLO1 2 Subject Verb Agreement and Prepositions; Quiz 1 CLO1 3 Pronouns and possessives, Reading comprehension CLO1, CLO2 4 Tense; Class Test 1 CLO1 5 letter writing (Order, Apology, Complain, Request) CLO3 6 Email Writing CLO4 7 Review of Midterm Syllabus MIDTERM EXAM 8 Discussion of Midterm Exam Result, Conditional Sentences CLO1, CLO2 9 Joining sentences CLO1 10 Modals Verbs, Quiz 2 CLO1 11 Commonly confusing words CLO2 12 Punctuation, capital letters and Spelling (Error Correction) CLO1, CLO2 13 Film and book review; Presentation CLO4 14 Paragraph writing and Review of Final Exam Syllabus CLO3, CLO4.",True,0.067,structured_extractive,structured_extractive,document3.pdf,2,17.0000,document1.pdf,2,15.0000,document2.pdf,2,13.0000,0.005,False,document3.pdf; document1.pdf; document2.pdf,2; 2; 2,17.0000; 15.0000; 13.0000
Q055,What is taught in Week 1 of MTH 101?,english,MTH 101,weekly_content,weekly_content,verified,english,english,True,Function and Limit Continuity are taught in Week 1.,"Week 1: 16. Class Schedule/Lesson Plan/Weekly plan: Topics Specific Outcome(s) Time Frame Suggested Activities Teaching Strategy(s) Alignment with CLO Function, Limit Continuity.",True,0.667,fast_extractive,fast_extractive,document1.pdf,3,50.0000,document1.pdf,4,32.0000,document1.pdf,1,30.0000,0.004,False,document1.pdf; document1.pdf; document1.pdf,3; 4; 1,50.0000; 32.0000; 30.0000
Q055,MTH 101-এর Week 1-এ কী পড়ানো হয়?,bangla,MTH 101,weekly_content,weekly_content,verified,bangla,bangla,True,Function and Limit Continuity are taught in Week 1.,"উত্তর: Week 1: 16. Class Schedule/Lesson Plan/Weekly plan: Topics Specific Outcome(s) Time Frame Suggested Activities Teaching Strategy(s) Alignment with CLO Function, Limit Continuity.",True,0.667,fast_extractive,fast_extractive,document1.pdf,3,50.0000,document1.pdf,4,32.0000,document1.pdf,1,30.0000,0.006,False,document1.pdf; document1.pdf; document1.pdf,3; 4; 1,50.0000; 32.0000; 30.0000
Q055,MTH 101-er Week 1-e ki porano hoy?,banglish,MTH 101,weekly_content,weekly_content,verified,banglish,banglish,True,Function and Limit Continuity are taught in Week 1.,"Week 1-e 16. Class Schedule/Lesson Plan/Weekly plan: Topics Specific Outcome(s) Time Frame Suggested Activities Teaching Strategy(s) Alignment with CLO Function, Limit Continuity porano hoy.",True,0.833,fast_extractive,fast_extractive,document1.pdf,3,51.0000,document1.pdf,4,33.0000,document1.pdf,1,31.0000,0.006,False,document1.pdf; document1.pdf; document1.pdf,3; 4; 1,51.0000; 33.0000; 31.0000
Q056,What topics are covered in Week 2?,english,MTH 101,weekly_content,weekly_content,verified,english,english,True,Differentiability and Successive Differentiation are taught in Week 2.,"Week 2: Differentiability, Successive differentiation.",True,0.667,fast_extractive,fast_extractive,document1.pdf,3,32.0000,document2.pdf,3,32.0000,document3.pdf,3,32.0000,0.004,False,document1.pdf; document2.pdf; document3.pdf,3; 3; 3,32.0000; 32.0000; 32.0000
Q056,Week 2-এ কোন কোন বিষয় পড়ানো হয়?,bangla,MTH 101,weekly_content,weekly_content,verified,bangla,bangla,True,Differentiability and Successive Differentiation are taught in Week 2.,"উত্তর: Week 2: Differentiability, Successive differentiation.",True,0.667,fast_extractive,fast_extractive,document1.pdf,3,30.0000,document2.pdf,3,30.0000,document3.pdf,3,30.0000,0.006,False,document1.pdf; document2.pdf; document3.pdf,3; 3; 3,30.0000; 30.0000; 30.0000
Q056,Week 2-e kon kon topic porano hoy?,banglish,MTH 101,weekly_content,weekly_content,verified,banglish,banglish,True,Differentiability and Successive Differentiation are taught in Week 2.,"Week 2-e Differentiability, Successive differentiation porano hoy.",True,0.833,fast_extractive,fast_extractive,document1.pdf,3,31.0000,document2.pdf,3,31.0000,document3.pdf,3,31.0000,0.006,False,document1.pdf; document2.pdf; document3.pdf,3; 3; 3,31.0000; 31.0000; 31.0000
Q057,What topics are covered in Week 5?,english,MTH 101,weekly_content,weekly_content,verified,english,english,True,Maxima and minima of functions are taught in Week 5.,Week 5: Maxima and minima of functions.,True,0.714,fast_extractive,fast_extractive,document1.pdf,3,32.0000,document3.pdf,3,32.0000,document2.pdf,5,30.0000,0.006,False,document1.pdf; document3.pdf; document2.pdf,3; 3; 5,32.0000; 32.0000; 30.0000
Q057,Week 5-এ কোন বিষয় পড়ানো হয়?,bangla,MTH 101,weekly_content,weekly_content,verified,bangla,bangla,True,Maxima and minima of functions are taught in Week 5.,উত্তর: Week 5: Maxima and minima of functions.,True,0.714,fast_extractive,fast_extractive,document1.pdf,3,30.0000,document2.pdf,5,30.0000,document3.pdf,3,30.0000,0.006,False,document1.pdf; document2.pdf; document3.pdf,3; 5; 3,30.0000; 30.0000; 30.0000
Q057,Week 5-e kon topic porano hoy?,banglish,MTH 101,weekly_content,weekly_content,verified,banglish,banglish,True,Maxima and minima of functions are taught in Week 5.,Week 5-e Maxima and minima of functions porano hoy.,True,0.857,fast_extractive,fast_extractive,document1.pdf,3,31.0000,document3.pdf,3,31.0000,document2.pdf,5,30.0000,0.006,False,document1.pdf; document3.pdf; document2.pdf,3; 3; 5,31.0000; 31.0000; 30.0000
Q058,When is the Mid-Term Examination held?,english,MTH 101,weekly_content,unknown,needs_review,english,english,True,The Mid-Term Examination is held in Week 6.,"Relevant information from the available university documents:

Class Schedule/Lesson Plan/Weekly plan: Topics Specific Outcome(s) Time Frame Suggested Activities Teaching Strategy(s) Alignment with CLO Function, Limit Continuity Week 1 Multimedia or, Lecture CLO1 Differentiability, Successive differentiation Week 2 Multimedia or, Lecture CLO1 Mean Value theorem, Taylor theorem Week 3 Multimedia or, Lecture CLO2 Partial Differentiiation Week 4 Multimedia or, Lecture CLO2 Maxima and minima of functions Week 5 Multimedia or, Lecture CLO2 MID-TERM EXAMINATION Week 6 Tangent and Normal Week 7 Multimedia or, Lecture CLO2 Method of substitution Week 8 Multimedia or, Lecture CLO2 Techniques of integration Week 9 Multimedia or, Lecture CLO3 Definite integration, Reduction formula Week 10 Multimedia or, Lecture CLO3 Gamma and Beta function Week 11 Multimedia or, Lecture CLO3 Area , Volume problems Week 12 Multimedia or, Lecture CLO4 Area , Volume problems in polar co- ordinates Week 13 Multimedia or, Lecture CLO4 Multiple integrals Week 14 Multimedia or, Lecture CLO4 FINAL EXAMINATION Week 15 17. Assessment Techniques of each topic of the course: Class Test, Assignment, Mid-Term Exam, Final Exam Part C – Assessment and Evaluation 19.",True,0.833,fast_extractive,fast_extractive,document1.pdf,3,6.0000,document1.pdf,4,6.0000,document1.pdf,5,6.0000,0.003,False,document1.pdf; document1.pdf; document1.pdf,3; 4; 5,6.0000; 6.0000; 6.0000
Q058,Mid-Term Examination কখন অনুষ্ঠিত হয়?,bangla,MTH 101,weekly_content,unknown,needs_review,bangla,bangla,True,The Mid-Term Examination is held in Week 6.,"উত্তর: Class Schedule/Lesson Plan/Weekly plan: Topics Specific Outcome(s) Time Frame Suggested Activities Teaching Strategy(s) Alignment with CLO Function, Limit Continuity Week 1 Multimedia or, Lecture CLO1 Differentiability, Successive differentiation Week 2 Multimedia or, Lecture CLO1 Mean Value theorem, Taylor theorem Week 3 Multimedia or, Lecture CLO2 Partial Differentiiation Week 4 Multimedia or, Lecture CLO2 Maxima and minima of functions Week 5 Multimedia or, Lecture CLO2 MID-TERM EXAMINATION Week 6 Tangent and Normal Week 7 Multimedia or, Lecture CLO2 Method of substitution Week 8 Multimedia or, Lecture CLO2 Techniques of integration Week 9 Multimedia or, Lecture CLO3 Definite integration, Reduction formula Week 10 Multimedia or, Lecture CLO3 Gamma and Beta function Week 11 Multimedia or, Lecture CLO3 Area , Volume problems Week 12 Multimedia or, Lecture CLO4 Area , Volume problems in polar co- ordinates Week 13 Multimedia or, Lecture CLO4 Multiple integrals Week 14 Multimedia or, Lecture CLO4 FINAL EXAMINATION Week 15 17. Assessment Techniques of each topic of the course: Class Test, Assignment, Mid-Term Exam, Final Exam Part C – Assessment and Evaluation 19.",True,0.833,fast_extractive,fast_extractive,document1.pdf,3,6.0000,document1.pdf,4,6.0000,document1.pdf,5,6.0000,0.003,False,document1.pdf; document1.pdf; document1.pdf,3; 4; 5,6.0000; 6.0000; 6.0000
Q058,Mid-Term Examination kokhon onushthito hoy?,banglish,MTH 101,weekly_content,unknown,needs_review,banglish,banglish,True,The Mid-Term Examination is held in Week 6.,"Ei information-ta: Class Schedule/Lesson Plan/Weekly plan: Topics Specific Outcome(s) Time Frame Suggested Activities Teaching Strategy(s) Alignment with CLO Function, Limit Continuity Week 1 Multimedia or, Lecture CLO1 Differentiability, Successive differentiation Week 2 Multimedia or, Lecture CLO1 Mean Value theorem, Taylor theorem Week 3 Multimedia or, Lecture CLO2 Partial Differentiiation Week 4 Multimedia or, Lecture CLO2 Maxima and minima of functions Week 5 Multimedia or, Lecture CLO2 MID-TERM EXAMINATION Week 6 Tangent and Normal Week 7 Multimedia or, Lecture CLO2 Method of substitution Week 8 Multimedia or, Lecture CLO2 Techniques of integration Week 9 Multimedia or, Lecture CLO3 Definite integration, Reduction formula Week 10 Multimedia or, Lecture CLO3 Gamma and Beta function Week 11 Multimedia or, Lecture CLO3 Area , Volume problems Week 12 Multimedia or, Lecture CLO4 Area , Volume problems in polar co- ordinates Week 13 Multimedia or, Lecture CLO4 Multiple integrals Week 14 Multimedia or, Lecture CLO4 FINAL EXAMINATION Week 15 17. Assessment Techniques of each topic of the course: Class Test, Assignment, Mid-Term Exam, Final Exam Part C – Assessment and Evaluation 19.",True,0.833,fast_extractive,fast_extractive,document1.pdf,3,6.0000,document1.pdf,4,6.0000,document1.pdf,5,6.0000,0.004,False,document1.pdf; document1.pdf; document1.pdf,3; 4; 5,6.0000; 6.0000; 6.0000
Q059,When are Gamma and Beta functions covered?,english,MTH 101,weekly_content,topics,verified,english,english,True,Gamma and Beta Functions are covered in Week 11.,"Topics include Functions: Graphing Functions, Mathematical Models and Commonly used Functions (Linear, Polynomial, Power), Mathematical Models and Commonly Used Functions (Algebraic, Trigonometric, Exponential, and Logarithmic Functions), Transformations (Scaling, Reflection, Composition), Inverse of Functions, Growth of Functions. Limits: Concepts, One Sided Limits, Infinite limits, Limit Laws, Sandwich Theorem, Formal Definition of Limits and Continuity of Functions, Intermediate Value Theorem and Its Application, Limits at Infini ty and the Horizontal Asymptotes. Derivatives: Derivatives and Rate of Change, Derivatives as Functions, Differentiability of Functions, Rules and Techniques of Differentiation. Applications of Differentiation: Rates of Change in Natural and Social Science s, Exponential Growth and Decay, Linear Approximation and Differentials, Finding Minimum and Maximum Value of Functions and the first and Second Derivative Tests, Indeterminate Forms and L'Hospital's Rule, Curve Sketching. Integrals: Riemann Sum and Defini te Integrals, Properties of Integrals, Fundamental Theorem of Calculus, Anti-Derivative and Indefinite Integral, Net Change Theorem, Substitution Rule. Application of Integration: Finding Area between Curves, Volumes, Volumes by Cylindrical Shells, Average Value of a Function,Mean Value Theorem for Integrals.",True,0.286,structured_extractive,structured_extractive,document1.pdf,2,16.0000,document3.pdf,2,16.0000,document1.pdf,3,12.0000,0.003,False,document1.pdf; document3.pdf; document1.pdf,2; 2; 3,16.0000; 16.0000; 12.0000
Q059,Gamma and Beta Functions কোন সপ্তাহে পড়ানো হয়?,bangla,MTH 101,weekly_content,topics,verified,bangla,bangla,True,Gamma and Beta Functions are covered in Week 11.,"উত্তর: Topics include Functions: Graphing Functions, Mathematical Models and Commonly used Functions (Linear, Polynomial, Power), Mathematical Models and Commonly Used Functions (Algebraic, Trigonometric, Exponential, and Logarithmic Functions), Transformations (Scaling, Reflection, Composition), Inverse of Functions, Growth of Functions. Limits: Concepts, One Sided Limits, Infinite limits, Limit Laws, Sandwich Theorem, Formal Definition of Limits and Continuity of Functions, Intermediate Value Theorem and Its Application, Limits at Infini ty and the Horizontal Asymptotes. Derivatives: Derivatives and Rate of Change, Derivatives as Functions, Differentiability of Functions, Rules and Techniques of Differentiation. Applications of Differentiation: Rates of Change in Natural and Social Science s, Exponential Growth and Decay, Linear Approximation and Differentials, Finding Minimum and Maximum Value of Functions and the first and Second Derivative Tests, Indeterminate Forms and L'Hospital's Rule, Curve Sketching. Integrals: Riemann Sum and Defini te Integrals, Properties of Integrals, Fundamental Theorem of Calculus, Anti-Derivative and Indefinite Integral, Net Change Theorem, Substitution Rule. Application of Integration: Finding Area between Curves, Volumes, Volumes by Cylindrical Shells, Average Value of a Function,Mean Value Theorem for Integrals.",True,0.286,structured_extractive,structured_extractive,document1.pdf,2,16.0000,document3.pdf,2,16.0000,document1.pdf,3,12.0000,0.004,False,document1.pdf; document3.pdf; document1.pdf,2; 2; 3,16.0000; 16.0000; 12.0000
Q059,Gamma and Beta Functions kon week-e porano hoy?,banglish,MTH 101,weekly_content,topics,verified,banglish,english,False,Gamma and Beta Functions are covered in Week 11.,"Ei information-ta: Topics include Functions: Graphing Functions, Mathematical Models and Commonly used Functions (Linear, Polynomial, Power), Mathematical Models and Commonly Used Functions (Algebraic, Trigonometric, Exponential, and Logarithmic Functions), Transformations (Scaling, Reflection, Composition), Inverse of Functions, Growth of Functions. Limits: Concepts, One Sided Limits, Infinite limits, Limit Laws, Sandwich Theorem, Formal Definition of Limits and Continuity of Functions, Intermediate Value Theorem and Its Application, Limits at Infini ty and the Horizontal Asymptotes. Derivatives: Derivatives and Rate of Change, Derivatives as Functions, Differentiability of Functions, Rules and Techniques of Differentiation. Applications of Differentiation: Rates of Change in Natural and Social Science s, Exponential Growth and Decay, Linear Approximation and Differentials, Finding Minimum and Maximum Value of Functions and the first and Second Derivative Tests, Indeterminate Forms and L'Hospital's Rule, Curve Sketching. Integrals: Riemann Sum and Defini te Integrals, Properties of Integrals, Fundamental Theorem of Calculus, Anti-Derivative and Indefinite Integral, Net Change Theorem, Substitution Rule. Application of Integration: Finding Area between Curves, Volumes, Volumes by Cylindrical Shells, Average Value of a Function,Mean Value Theorem for Integrals.",False,0.286,structured_extractive,structured_extractive,document1.pdf,2,16.0000,document3.pdf,2,16.0000,document1.pdf,3,14.0000,0.004,False,document1.pdf; document3.pdf; document1.pdf,2; 2; 3,16.0000; 16.0000; 14.0000
Q060,What percentage of the total evaluation is allocated to Class Tests?,english,MTH 101,mark_distribution,mark_distribution,verified,english,english,True,30% of the total evaluation is allocated to Class Tests.,"Mark distribution:
- Term Examination: 50%
- Mid-Term Examination: 20%
- Class Tests: 30%",True,0.375,fast_extractive,fast_extractive,document1.pdf,5,36.0000,document2.pdf,9,36.0000,document3.pdf,6,36.0000,0.006,False,document1.pdf; document2.pdf; document3.pdf,5; 9; 6,36.0000; 36.0000; 36.0000
Q060,মোট Evaluation-এর কত শতাংশ Class Tests-এর জন্য বরাদ্দ করা হয়েছে?,bangla,MTH 101,mark_distribution,mark_distribution,verified,bangla,bangla,True,30% of the total evaluation is allocated to Class Tests.,"উত্তর: Mark distribution:
- Term Examination: 50%
- Mid-Term Examination: 20%
- Class Tests: 30%",True,0.375,fast_extractive,fast_extractive,document1.pdf,5,36.0000,document3.pdf,6,36.0000,document2.pdf,9,34.0000,0.007,False,document1.pdf; document3.pdf; document2.pdf,5; 6; 9,36.0000; 36.0000; 34.0000
Q060,Total Evaluation-er koto percent Class Tests-er jonno boraddo kora hoyeche?,banglish,MTH 101,mark_distribution,mark_distribution,verified,banglish,banglish,True,30% of the total evaluation is allocated to Class Tests.,Ei information-ta: Mark distribution: - Term Examination: 50% - Mid-Term Examination: 20% - Class Tests: 30%.,True,0.375,fast_extractive,fast_extractive,document1.pdf,5,38.0000,document2.pdf,9,38.0000,document3.pdf,6,38.0000,0.007,False,document1.pdf; document2.pdf; document3.pdf,5; 9; 6,38.0000; 38.0000; 38.0000
