question_id,question,expected_language,intent,course_code,difficulty,expected_source,expected_page,ground_truth_status,hit_at_1,hit_at_3,mrr,source_accuracy,page_accuracy,source_rank,page_rank,ambiguous_pages,failure_class,experiment,latency_seconds,retrieved_source_1,retrieved_page_1,retrieved_score_1,rerank_debug_1,retrieved_source_2,retrieved_page_2,retrieved_score_2,rerank_debug_2,retrieved_source_3,retrieved_page_3,retrieved_score_3,rerank_debug_3
Q001,What is the course code and title of CSE 101?,english,course_metadata,CSE 101,easy,document2.pdf,1,verified,True,True,1.0,True,True,1,1,False,A_SOURCE_AND_PAGE_RANK1,Optimized retrieval,1.410,document2.pdf,1,3.8146,"{'semantic_score': 0.6345852613449097, 'course_boost': 1.0, 'intent_boost': 0.8, 'field_boost': 0.0, 'lexical_boost': 0.48, 'section_boost': 0.9, 'topic_plan_boost': 0.0, 'penalty': 0.0, 'metadata_penalty': 0.0, 'final_score': 3.8145852613449094}",document3.pdf,1,1.8322,"{'semantic_score': 0.6521807909011841, 'course_boost': 0.0, 'intent_boost': 0.8, 'field_boost': 0.0, 'lexical_boost': 0.48, 'section_boost': 0.9, 'topic_plan_boost': 0.0, 'penalty': -1.0, 'metadata_penalty': 0.0, 'final_score': 1.8321807909011842}",document1.pdf,1,1.8043,"{'semantic_score': 0.6242536306381226, 'course_boost': 0.0, 'intent_boost': 0.8, 'field_boost': 0.0, 'lexical_boost': 0.48, 'section_boost': 0.9, 'topic_plan_boost': 0.0, 'penalty': -1.0, 'metadata_penalty': 0.0, 'final_score': 1.8042536306381227}"
Q001,CSE 101 কোর্সের কোর্স কোড এবং শিরোনাম কী?,bangla,course_metadata,CSE 101,easy,document2.pdf,1,verified,True,True,1.0,True,True,1,1,False,A_SOURCE_AND_PAGE_RANK1,Optimized retrieval,0.185,document2.pdf,1,3.5703,"{'semantic_score': 0.6303091049194336, 'course_boost': 1.0, 'intent_boost': 0.8, 'field_boost': 0.0, 'lexical_boost': 0.24, 'section_boost': 0.9, 'topic_plan_boost': 0.0, 'penalty': 0.0, 'metadata_penalty': 0.0, 'final_score': 3.5703091049194335}",document3.pdf,1,1.5872,"{'semantic_score': 0.6472151279449463, 'course_boost': 0.0, 'intent_boost': 0.8, 'field_boost': 0.0, 'lexical_boost': 0.24, 'section_boost': 0.9, 'topic_plan_boost': 0.0, 'penalty': -1.0, 'metadata_penalty': 0.0, 'final_score': 1.5872151279449462}",document1.pdf,1,1.5611,"{'semantic_score': 0.6210530996322632, 'course_boost': 0.0, 'intent_boost': 0.8, 'field_boost': 0.0, 'lexical_boost': 0.24, 'section_boost': 0.9, 'topic_plan_boost': 0.0, 'penalty': -1.0, 'metadata_penalty': 0.0, 'final_score': 1.5610530996322631}"
Q001,CSE 101 course-er course code ebong title ki?,banglish,course_metadata,CSE 101,easy,document2.pdf,1,verified,True,True,1.0,True,True,1,1,False,A_SOURCE_AND_PAGE_RANK1,Optimized retrieval,0.178,document2.pdf,1,3.7314,"{'semantic_score': 0.5513782501220703, 'course_boost': 1.0, 'intent_boost': 0.8, 'field_boost': 0.0, 'lexical_boost': 0.48, 'section_boost': 0.9, 'topic_plan_boost': 0.0, 'penalty': 0.0, 'metadata_penalty': 0.0, 'final_score': 3.73137825012207}",document3.pdf,1,1.7529,"{'semantic_score': 0.5729091167449951, 'course_boost': 0.0, 'intent_boost': 0.8, 'field_boost': 0.0, 'lexical_boost': 0.48, 'section_boost': 0.9, 'topic_plan_boost': 0.0, 'penalty': -1.0, 'metadata_penalty': 0.0, 'final_score': 1.7529091167449953}",document1.pdf,1,1.7067,"{'semantic_score': 0.5267367362976074, 'course_boost': 0.0, 'intent_boost': 0.8, 'field_boost': 0.0, 'lexical_boost': 0.48, 'section_boost': 0.9, 'topic_plan_boost': 0.0, 'penalty': -1.0, 'metadata_penalty': 0.0, 'final_score': 1.7067367362976076}"
Q002,What are the main objectives of the Computer Fundamentals and Programming course?,english,course_objective,CSE 101,medium,document2.pdf,1,verified,True,True,1.0,True,True,1,1,False,A_SOURCE_AND_PAGE_RANK1,Optimized retrieval,0.186,document2.pdf,1,3.9168,"{'semantic_score': 0.7368402481079102, 'course_boost': 1.0, 'intent_boost': 0.8, 'field_boost': 0.0, 'lexical_boost': 0.48, 'section_boost': 0.9, 'topic_plan_boost': 0.0, 'penalty': 0.0, 'metadata_penalty': 0.0, 'final_score': 3.91684024810791}",document2.pdf,2,1.7827,"{'semantic_score': 0.6226940155029297, 'course_boost': 0.8, 'intent_boost': 0.0, 'field_boost': 0.0, 'lexical_boost': 0.36, 'section_boost': 0.0, 'topic_plan_boost': 0.0, 'penalty': 0.0, 'metadata_penalty': 0.0, 'final_score': 1.7826940155029298}",document3.pdf,1,1.5243,"{'semantic_score': 0.5843491554260254, 'course_boost': 0.0, 'intent_boost': 0.8, 'field_boost': 0.0, 'lexical_boost': 0.24, 'section_boost': 0.9, 'topic_plan_boost': 0.0, 'penalty': -1.0, 'metadata_penalty': 0.0, 'final_score': 1.5243491554260253}"
Q002,Computer Fundamentals and Programming কোর্সের প্রধান উদ্দেশ্যগুলো কী?,bangla,course_objective,CSE 101,medium,document2.pdf,1,verified,True,True,1.0,True,True,1,1,False,A_SOURCE_AND_PAGE_RANK1,Optimized retrieval,0.239,document2.pdf,1,3.8006,"{'semantic_score': 0.7405539155006409, 'course_boost': 1.0, 'intent_boost': 0.8, 'field_boost': 0.0, 'lexical_boost': 0.36, 'section_boost': 0.9, 'topic_plan_boost': 0.0, 'penalty': 0.0, 'metadata_penalty': 0.0, 'final_score': 3.8005539155006405}",document2.pdf,2,1.7786,"{'semantic_score': 0.6186012625694275, 'course_boost': 0.8, 'intent_boost': 0.0, 'field_boost': 0.0, 'lexical_boost': 0.36, 'section_boost': 0.0, 'topic_plan_boost': 0.0, 'penalty': 0.0, 'metadata_penalty': 0.0, 'final_score': 1.7786012625694276}",document3.pdf,1,1.4103,"{'semantic_score': 0.5902761220932007, 'course_boost': 0.0, 'intent_boost': 0.8, 'field_boost': 0.0, 'lexical_boost': 0.12, 'section_boost': 0.9, 'topic_plan_boost': 0.0, 'penalty': -1.0, 'metadata_penalty': 0.0, 'final_score': 1.4102761220932005}"
Q002,Computer Fundamentals and Programming course-er main objectives-gulo ki?,banglish,course_objective,CSE 101,medium,document2.pdf,1,verified,True,True,1.0,True,True,1,1,False,A_SOURCE_AND_PAGE_RANK1,Optimized retrieval,0.237,document2.pdf,1,3.9011,"{'semantic_score': 0.7211203575134277, 'course_boost': 1.0, 'intent_boost': 0.8, 'field_boost': 0.0, 'lexical_boost': 0.48, 'section_boost': 0.9, 'topic_plan_boost': 0.0, 'penalty': 0.0, 'metadata_penalty': 0.0, 'final_score': 3.9011203575134275}",document2.pdf,2,1.7822,"{'semantic_score': 0.6222491264343262, 'course_boost': 0.8, 'intent_boost': 0.0, 'field_boost': 0.0, 'lexical_boost': 0.36, 'section_boost': 0.0, 'topic_plan_boost': 0.0, 'penalty': 0.0, 'metadata_penalty': 0.0, 'final_score': 1.7822491264343263}",document1.pdf,1,1.5169,"{'semantic_score': 0.5769330263137817, 'course_boost': 0.0, 'intent_boost': 0.8, 'field_boost': 0.0, 'lexical_boost': 0.24, 'section_boost': 0.9, 'topic_plan_boost': 0.0, 'penalty': -1.0, 'metadata_penalty': 0.0, 'final_score': 1.5169330263137817}"
Q003,What is CLO 1 of CSE 101?,english,clo,CSE 101,easy,document2.pdf,2,verified,True,True,1.0,True,True,1,1,False,A_SOURCE_AND_PAGE_RANK1,Optimized retrieval,0.224,document2.pdf,2,6.3267,"{'semantic_score': 0.5066831707954407, 'course_boost': 0.8, 'intent_boost': 0.8, 'field_boost': 3.2, 'lexical_boost': 0.12, 'section_boost': 0.9, 'topic_plan_boost': 0.0, 'penalty': 0.0, 'metadata_penalty': 0.0, 'final_score': 6.326683170795442}",document1.pdf,3,4.1147,"{'semantic_score': 0.5447046756744385, 'course_boost': 0.0, 'intent_boost': 0.8, 'field_boost': 3.2, 'lexical_boost': 0.12, 'section_boost': 0.45, 'topic_plan_boost': 0.0, 'penalty': -1.0, 'metadata_penalty': 0.0, 'final_score': 4.114704675674439}",document2.pdf,3,5.9079,"{'semantic_score': 0.5379421710968018, 'course_boost': 0.8, 'intent_boost': 0.8, 'field_boost': 3.2, 'lexical_boost': 0.12, 'section_boost': 0.45, 'topic_plan_boost': 0.0, 'penalty': 0.0, 'metadata_penalty': 0.0, 'final_score': 5.907942171096803}"
Q003,CSE 101-এর CLO 1 কী?,bangla,clo,CSE 101,easy,document2.pdf,2,verified,True,True,1.0,True,True,1,1,False,A_SOURCE_AND_PAGE_RANK1,Optimized retrieval,0.224,document2.pdf,2,6.3398,"{'semantic_score': 0.5197912454605103, 'course_boost': 0.8, 'intent_boost': 0.8, 'field_boost': 3.2, 'lexical_boost': 0.12, 'section_boost': 0.9, 'topic_plan_boost': 0.0, 'penalty': 0.0, 'metadata_penalty': 0.0, 'final_score': 6.339791245460511}",document1.pdf,3,4.1330,"{'semantic_score': 0.5630414485931396, 'course_boost': 0.0, 'intent_boost': 0.8, 'field_boost': 3.2, 'lexical_boost': 0.12, 'section_boost': 0.45, 'topic_plan_boost': 0.0, 'penalty': -1.0, 'metadata_penalty': 0.0, 'final_score': 4.13304144859314}",document3.pdf,2,4.1234,"{'semantic_score': 0.5534263253211975, 'course_boost': 0.0, 'intent_boost': 0.8, 'field_boost': 3.2, 'lexical_boost': 0.12, 'section_boost': 0.45, 'topic_plan_boost': 0.0, 'penalty': -1.0, 'metadata_penalty': 0.0, 'final_score': 4.123426325321198}"
Q003,CSE 101-er CLO 1 ki?,banglish,clo,CSE 101,easy,document2.pdf,2,verified,True,True,1.0,True,True,1,1,False,A_SOURCE_AND_PAGE_RANK1,Optimized retrieval,0.233,document2.pdf,2,6.2896,"{'semantic_score': 0.4695618748664856, 'course_boost': 0.8, 'intent_boost': 0.8, 'field_boost': 3.2, 'lexical_boost': 0.12, 'section_boost': 0.9, 'topic_plan_boost': 0.0, 'penalty': 0.0, 'metadata_penalty': 0.0, 'final_score': 6.289561874866487}",document1.pdf,3,4.0764,"{'semantic_score': 0.5063905715942383, 'course_boost': 0.0, 'intent_boost': 0.8, 'field_boost': 3.2, 'lexical_boost': 0.12, 'section_boost': 0.45, 'topic_plan_boost': 0.0, 'penalty': -1.0, 'metadata_penalty': 0.0, 'final_score': 4.076390571594239}",document2.pdf,3,5.8746,"{'semantic_score': 0.5046104788780212, 'course_boost': 0.8, 'intent_boost': 0.8, 'field_boost': 3.2, 'lexical_boost': 0.12, 'section_boost': 0.45, 'topic_plan_boost': 0.0, 'penalty': 0.0, 'metadata_penalty': 0.0, 'final_score': 5.874610478878022}"
Q004,What is CLO 2 of CSE 101?,english,clo,CSE 101,easy,document2.pdf,2,verified,True,True,1.0,True,True,1,1,False,A_SOURCE_AND_PAGE_RANK1,Optimized retrieval,0.222,document2.pdf,2,6.3238,"{'semantic_score': 0.5037931203842163, 'course_boost': 0.8, 'intent_boost': 0.8, 'field_boost': 3.2, 'lexical_boost': 0.12, 'section_boost': 0.9, 'topic_plan_boost': 0.0, 'penalty': 0.0, 'metadata_penalty': 0.0, 'final_score': 6.3237931203842175}",document1.pdf,2,4.1202,"{'semantic_score': 0.5502328276634216, 'course_boost': 0.0, 'intent_boost': 0.8, 'field_boost': 3.2, 'lexical_boost': 0.12, 'section_boost': 0.45, 'topic_plan_boost': 0.0, 'penalty': -1.0, 'metadata_penalty': 0.0, 'final_score': 4.120232827663422}",document3.pdf,2,4.0898,"{'semantic_score': 0.5198202133178711, 'course_boost': 0.0, 'intent_boost': 0.8, 'field_boost': 3.2, 'lexical_boost': 0.12, 'section_boost': 0.45, 'topic_plan_boost': 0.0, 'penalty': -1.0, 'metadata_penalty': 0.0, 'final_score': 4.089820213317871}"
Q004,CSE 101-এর CLO 2 কী?,bangla,clo,CSE 101,easy,document2.pdf,2,verified,True,True,1.0,True,True,1,1,False,A_SOURCE_AND_PAGE_RANK1,Optimized retrieval,0.224,document2.pdf,2,6.3328,"{'semantic_score': 0.5127947330474854, 'course_boost': 0.8, 'intent_boost': 0.8, 'field_boost': 3.2, 'lexical_boost': 0.12, 'section_boost': 0.9, 'topic_plan_boost': 0.0, 'penalty': 0.0, 'metadata_penalty': 0.0, 'final_score': 6.3327947330474865}",document1.pdf,2,4.1388,"{'semantic_score': 0.5687679052352905, 'course_boost': 0.0, 'intent_boost': 0.8, 'field_boost': 3.2, 'lexical_boost': 0.12, 'section_boost': 0.45, 'topic_plan_boost': 0.0, 'penalty': -1.0, 'metadata_penalty': 0.0, 'final_score': 4.138767905235291}",document1.pdf,3,4.1058,"{'semantic_score': 0.5358251929283142, 'course_boost': 0.0, 'intent_boost': 0.8, 'field_boost': 3.2, 'lexical_boost': 0.12, 'section_boost': 0.45, 'topic_plan_boost': 0.0, 'penalty': -1.0, 'metadata_penalty': 0.0, 'final_score': 4.1058251929283145}"
Q004,CSE 101-er CLO 2 ki?,banglish,clo,CSE 101,easy,document2.pdf,2,verified,True,True,1.0,True,True,1,1,False,A_SOURCE_AND_PAGE_RANK1,Optimized retrieval,0.188,document2.pdf,2,6.2672,"{'semantic_score': 0.4472217857837677, 'course_boost': 0.8, 'intent_boost': 0.8, 'field_boost': 3.2, 'lexical_boost': 0.12, 'section_boost': 0.9, 'topic_plan_boost': 0.0, 'penalty': 0.0, 'metadata_penalty': 0.0, 'final_score': 6.267221785783769}",document1.pdf,2,4.0622,"{'semantic_score': 0.49216228723526, 'course_boost': 0.0, 'intent_boost': 0.8, 'field_boost': 3.2, 'lexical_boost': 0.12, 'section_boost': 0.45, 'topic_plan_boost': 0.0, 'penalty': -1.0, 'metadata_penalty': 0.0, 'final_score': 4.06216228723526}",document1.pdf,3,4.0278,"{'semantic_score': 0.4578019380569458, 'course_boost': 0.0, 'intent_boost': 0.8, 'field_boost': 3.2, 'lexical_boost': 0.12, 'section_boost': 0.45, 'topic_plan_boost': 0.0, 'penalty': -1.0, 'metadata_penalty': 0.0, 'final_score': 4.027801938056946}"
Q005,What is CLO 3 of CSE 101?,english,clo,CSE 101,easy,document2.pdf,2,verified,True,True,1.0,True,True,1,1,False,A_SOURCE_AND_PAGE_RANK1,Optimized retrieval,0.190,document2.pdf,2,6.3165,"{'semantic_score': 0.49654024839401245, 'course_boost': 0.8, 'intent_boost': 0.8, 'field_boost': 3.2, 'lexical_boost': 0.12, 'section_boost': 0.9, 'topic_plan_boost': 0.0, 'penalty': 0.0, 'metadata_penalty': 0.0, 'final_score': 6.316540248394014}",document1.pdf,2,4.0927,"{'semantic_score': 0.522658109664917, 'course_boost': 0.0, 'intent_boost': 0.8, 'field_boost': 3.2, 'lexical_boost': 0.12, 'section_boost': 0.45, 'topic_plan_boost': 0.0, 'penalty': -1.0, 'metadata_penalty': 0.0, 'final_score': 4.092658109664917}",document3.pdf,2,4.0828,"{'semantic_score': 0.5128375291824341, 'course_boost': 0.0, 'intent_boost': 0.8, 'field_boost': 3.2, 'lexical_boost': 0.12, 'section_boost': 0.45, 'topic_plan_boost': 0.0, 'penalty': -1.0, 'metadata_penalty': 0.0, 'final_score': 4.082837529182434}"
Q005,CSE 101-এর CLO 3 কী?,bangla,clo,CSE 101,easy,document2.pdf,2,verified,True,True,1.0,True,True,1,1,False,A_SOURCE_AND_PAGE_RANK1,Optimized retrieval,0.198,document2.pdf,2,6.3211,"{'semantic_score': 0.5011123418807983, 'course_boost': 0.8, 'intent_boost': 0.8, 'field_boost': 3.2, 'lexical_boost': 0.12, 'section_boost': 0.9, 'topic_plan_boost': 0.0, 'penalty': 0.0, 'metadata_penalty': 0.0, 'final_score': 6.3211123418807995}",document1.pdf,2,4.1051,"{'semantic_score': 0.5350785255432129, 'course_boost': 0.0, 'intent_boost': 0.8, 'field_boost': 3.2, 'lexical_boost': 0.12, 'section_boost': 0.45, 'topic_plan_boost': 0.0, 'penalty': -1.0, 'metadata_penalty': 0.0, 'final_score': 4.105078525543213}",document3.pdf,2,4.0915,"{'semantic_score': 0.5214915871620178, 'course_boost': 0.0, 'intent_boost': 0.8, 'field_boost': 3.2, 'lexical_boost': 0.12, 'section_boost': 0.45, 'topic_plan_boost': 0.0, 'penalty': -1.0, 'metadata_penalty': 0.0, 'final_score': 4.091491587162018}"
Q005,CSE 101-er CLO 3 ki?,banglish,clo,CSE 101,easy,document2.pdf,2,verified,True,True,1.0,True,True,1,1,False,A_SOURCE_AND_PAGE_RANK1,Optimized retrieval,0.187,document2.pdf,2,6.2536,"{'semantic_score': 0.43359965085983276, 'course_boost': 0.8, 'intent_boost': 0.8, 'field_boost': 3.2, 'lexical_boost': 0.12, 'section_boost': 0.9, 'topic_plan_boost': 0.0, 'penalty': 0.0, 'metadata_penalty': 0.0, 'final_score': 6.253599650859834}",document1.pdf,2,4.0255,"{'semantic_score': 0.4554535448551178, 'course_boost': 0.0, 'intent_boost': 0.8, 'field_boost': 3.2, 'lexical_boost': 0.12, 'section_boost': 0.45, 'topic_plan_boost': 0.0, 'penalty': -1.0, 'metadata_penalty': 0.0, 'final_score': 4.025453544855118}",document3.pdf,2,4.0144,"{'semantic_score': 0.4444340169429779, 'course_boost': 0.0, 'intent_boost': 0.8, 'field_boost': 3.2, 'lexical_boost': 0.12, 'section_boost': 0.45, 'topic_plan_boost': 0.0, 'penalty': -1.0, 'metadata_penalty': 0.0, 'final_score': 4.014434016942978}"
Q006,What is CLO 4 of CSE 101?,english,clo,CSE 101,easy,document2.pdf,2,verified,True,True,1.0,True,True,1,1,False,A_SOURCE_AND_PAGE_RANK1,Optimized retrieval,0.202,document2.pdf,2,6.3144,"{'semantic_score': 0.4943961501121521, 'course_boost': 0.8, 'intent_boost': 0.8, 'field_boost': 3.2, 'lexical_boost': 0.12, 'section_boost': 0.9, 'topic_plan_boost': 0.0, 'penalty': 0.0, 'metadata_penalty': 0.0, 'final_score': 6.314396150112153}",document1.pdf,2,4.0868,"{'semantic_score': 0.5168108344078064, 'course_boost': 0.0, 'intent_boost': 0.8, 'field_boost': 3.2, 'lexical_boost': 0.12, 'section_boost': 0.45, 'topic_plan_boost': 0.0, 'penalty': -1.0, 'metadata_penalty': 0.0, 'final_score': 4.086810834407807}",document1.pdf,3,4.0679,"{'semantic_score': 0.4978652596473694, 'course_boost': 0.0, 'intent_boost': 0.8, 'field_boost': 3.2, 'lexical_boost': 0.12, 'section_boost': 0.45, 'topic_plan_boost': 0.0, 'penalty': -1.0, 'metadata_penalty': 0.0, 'final_score': 4.06786525964737}"
Q006,CSE 101-এর CLO 4 কী?,bangla,clo,CSE 101,easy,document2.pdf,2,verified,True,True,1.0,True,True,1,1,False,A_SOURCE_AND_PAGE_RANK1,Optimized retrieval,0.212,document2.pdf,2,6.3226,"{'semantic_score': 0.5026348233222961, 'course_boost': 0.8, 'intent_boost': 0.8, 'field_boost': 3.2, 'lexical_boost': 0.12, 'section_boost': 0.9, 'topic_plan_boost': 0.0, 'penalty': 0.0, 'metadata_penalty': 0.0, 'final_score': 6.322634823322297}",document1.pdf,2,4.1029,"{'semantic_score': 0.5328574180603027, 'course_boost': 0.0, 'intent_boost': 0.8, 'field_boost': 3.2, 'lexical_boost': 0.12, 'section_boost': 0.45, 'topic_plan_boost': 0.0, 'penalty': -1.0, 'metadata_penalty': 0.0, 'final_score': 4.102857418060303}",document1.pdf,3,4.0850,"{'semantic_score': 0.5149809122085571, 'course_boost': 0.0, 'intent_boost': 0.8, 'field_boost': 3.2, 'lexical_boost': 0.12, 'section_boost': 0.45, 'topic_plan_boost': 0.0, 'penalty': -1.0, 'metadata_penalty': 0.0, 'final_score': 4.084980912208557}"
Q006,CSE 101-er CLO 4 ki?,banglish,clo,CSE 101,easy,document2.pdf,2,verified,True,True,1.0,True,True,1,1,False,A_SOURCE_AND_PAGE_RANK1,Optimized retrieval,0.207,document2.pdf,2,6.2619,"{'semantic_score': 0.44194185733795166, 'course_boost': 0.8, 'intent_boost': 0.8, 'field_boost': 3.2, 'lexical_boost': 0.12, 'section_boost': 0.9, 'topic_plan_boost': 0.0, 'penalty': 0.0, 'metadata_penalty': 0.0, 'final_score': 6.261941857337953}",document1.pdf,2,4.0338,"{'semantic_score': 0.46380168199539185, 'course_boost': 0.0, 'intent_boost': 0.8, 'field_boost': 3.2, 'lexical_boost': 0.12, 'section_boost': 0.45, 'topic_plan_boost': 0.0, 'penalty': -1.0, 'metadata_penalty': 0.0, 'final_score': 4.033801681995392}",document1.pdf,3,4.0173,"{'semantic_score': 0.44731807708740234, 'course_boost': 0.0, 'intent_boost': 0.8, 'field_boost': 3.2, 'lexical_boost': 0.12, 'section_boost': 0.45, 'topic_plan_boost': 0.0, 'penalty': -1.0, 'metadata_penalty': 0.0, 'final_score': 4.017318077087403}"
Q007,Name four types of computer hardware mentioned in the course.,english,topics,CSE 101,medium,document2.pdf,3;4,needs_review,False,True,0.5,True,False,1,2,True,B_SOURCE_TOP3_PAGE_NOT_RANK1,Optimized retrieval,0.205,document2.pdf,1,1.8023,"{'semantic_score': 0.5622905492782593, 'course_boost': 1.0, 'intent_boost': 0.0, 'field_boost': 0.0, 'lexical_boost': 0.24, 'section_boost': 0.0, 'topic_plan_boost': 0.0, 'penalty': 0.0, 'metadata_penalty': 0.0, 'final_score': 1.8022905492782593}",document2.pdf,4,1.4514,"{'semantic_score': 0.6513588428497314, 'course_boost': 0.8, 'intent_boost': 0.0, 'field_boost': 0.0, 'lexical_boost': 0.0, 'section_boost': 0.0, 'topic_plan_boost': 0.0, 'penalty': 0.0, 'metadata_penalty': 0.0, 'final_score': 1.4513588428497315}",document2.pdf,2,1.7844,"{'semantic_score': 0.6243572235107422, 'course_boost': 0.8, 'intent_boost': 0.0, 'field_boost': 0.0, 'lexical_boost': 0.36, 'section_boost': 0.0, 'topic_plan_boost': 0.0, 'penalty': 0.0, 'metadata_penalty': 0.0, 'final_score': 1.7843572235107423}"
Q007,কোর্সে উল্লেখিত চারটি কম্পিউটার হার্ডওয়্যারের নাম কী?,bangla,topics,CSE 101,medium,document2.pdf,3;4,needs_review,True,True,1.0,True,True,1,1,True,A_SOURCE_AND_PAGE_RANK1,Optimized retrieval,0.268,document2.pdf,4,0.6352,"{'semantic_score': 0.6351802349090576, 'course_boost': 0.0, 'intent_boost': 0.0, 'field_boost': 0.0, 'lexical_boost': 0.0, 'section_boost': 0.0, 'topic_plan_boost': 0.0, 'penalty': 0.0, 'metadata_penalty': 0.0, 'final_score': 0.6351802349090576}",document2.pdf,2,0.6237,"{'semantic_score': 0.6236904859542847, 'course_boost': 0.0, 'intent_boost': 0.0, 'field_boost': 0.0, 'lexical_boost': 0.0, 'section_boost': 0.0, 'topic_plan_boost': 0.0, 'penalty': 0.0, 'metadata_penalty': 0.0, 'final_score': 0.6236904859542847}",document2.pdf,1,0.5901,"{'semantic_score': 0.5901497602462769, 'course_boost': 0.0, 'intent_boost': 0.0, 'field_boost': 0.0, 'lexical_boost': 0.0, 'section_boost': 0.0, 'topic_plan_boost': 0.0, 'penalty': 0.0, 'metadata_penalty': 0.0, 'final_score': 0.5901497602462769}"
Q007,Course-e mention kora char-ti computer hardware-er naam ki?,banglish,topics,CSE 101,medium,document2.pdf,3;4,needs_review,False,True,0.3333333333333333,True,False,1,3,True,B_SOURCE_TOP3_PAGE_NOT_RANK1,Optimized retrieval,0.193,document2.pdf,1,1.8010,"{'semantic_score': 0.5610370635986328, 'course_boost': 1.0, 'intent_boost': 0.0, 'field_boost': 0.0, 'lexical_boost': 0.24, 'section_boost': 0.0, 'topic_plan_boost': 0.0, 'penalty': 0.0, 'metadata_penalty': 0.0, 'final_score': 1.8010370635986328}",document2.pdf,2,1.5844,"{'semantic_score': 0.5444285869598389, 'course_boost': 0.8, 'intent_boost': 0.0, 'field_boost': 0.0, 'lexical_boost': 0.24, 'section_boost': 0.0, 'topic_plan_boost': 0.0, 'penalty': 0.0, 'metadata_penalty': 0.0, 'final_score': 1.584428586959839}",document2.pdf,4,1.3367,"{'semantic_score': 0.5367374420166016, 'course_boost': 0.8, 'intent_boost': 0.0, 'field_boost': 0.0, 'lexical_boost': 0.0, 'section_boost': 0.0, 'topic_plan_boost': 0.0, 'penalty': 0.0, 'metadata_penalty': 0.0, 'final_score': 1.3367374420166016}"
Q008,What are the two types of computer software mentioned in the course?,english,topics,CSE 101,medium,document2.pdf,3;4,needs_review,False,False,0.0,True,False,1,,True,C_SOURCE_TOP3_PAGE_ABSENT,Optimized retrieval,0.198,document2.pdf,1,1.8649,"{'semantic_score': 0.6249130964279175, 'course_boost': 1.0, 'intent_boost': 0.0, 'field_boost': 0.0, 'lexical_boost': 0.24, 'section_boost': 0.0, 'topic_plan_boost': 0.0, 'penalty': 0.0, 'metadata_penalty': 0.0, 'final_score': 1.8649130964279175}",document2.pdf,2,1.7816,"{'semantic_score': 0.6215556859970093, 'course_boost': 0.8, 'intent_boost': 0.0, 'field_boost': 0.0, 'lexical_boost': 0.36, 'section_boost': 0.0, 'topic_plan_boost': 0.0, 'penalty': 0.0, 'metadata_penalty': 0.0, 'final_score': 1.7815556859970094}",document2.pdf,10,1.3917,"{'semantic_score': 0.5917224287986755, 'course_boost': 0.8, 'intent_boost': 0.0, 'field_boost': 0.0, 'lexical_boost': 0.0, 'section_boost': 0.0, 'topic_plan_boost': 0.0, 'penalty': 0.0, 'metadata_penalty': 0.0, 'final_score': 1.3917224287986756}"
Q008,কোর্সে উল্লেখিত কম্পিউটার সফটওয়্যারের দুটি ধরন কী?,bangla,topics,CSE 101,medium,document2.pdf,3;4,needs_review,False,False,0.0,True,False,1,,True,C_SOURCE_TOP3_PAGE_ABSENT,Optimized retrieval,0.191,document2.pdf,1,5.0434,"{'semantic_score': 0.593438982963562, 'course_boost': 0.0, 'intent_boost': 0.8, 'field_boost': 3.2, 'lexical_boost': 0.0, 'section_boost': 0.45, 'topic_plan_boost': 0.0, 'penalty': 0.0, 'metadata_penalty': 0.0, 'final_score': 5.043438982963562}",document2.pdf,2,0.5898,"{'semantic_score': 0.5897648930549622, 'course_boost': 0.0, 'intent_boost': 0.0, 'field_boost': 0.0, 'lexical_boost': 0.0, 'section_boost': 0.0, 'topic_plan_boost': 0.0, 'penalty': 0.0, 'metadata_penalty': 0.0, 'final_score': 0.5897648930549622}",document2.pdf,10,0.5719,"{'semantic_score': 0.5719075202941895, 'course_boost': 0.0, 'intent_boost': 0.0, 'field_boost': 0.0, 'lexical_boost': 0.0, 'section_boost': 0.0, 'topic_plan_boost': 0.0, 'penalty': 0.0, 'metadata_penalty': 0.0, 'final_score': 0.5719075202941895}"
Q008,Course-e mention kora computer software-er dui-ti type ki?,banglish,topics,CSE 101,medium,document2.pdf,3;4,needs_review,False,True,0.3333333333333333,True,False,1,3,True,B_SOURCE_TOP3_PAGE_NOT_RANK1,Optimized retrieval,0.192,document2.pdf,1,6.3933,"{'semantic_score': 0.5833054780960083, 'course_boost': 1.0, 'intent_boost': 0.8, 'field_boost': 3.2, 'lexical_boost': 0.36, 'section_boost': 0.45, 'topic_plan_boost': 0.0, 'penalty': 0.0, 'metadata_penalty': 0.0, 'final_score': 6.393305478096009}",document2.pdf,2,1.7181,"{'semantic_score': 0.5581480860710144, 'course_boost': 0.8, 'intent_boost': 0.0, 'field_boost': 0.0, 'lexical_boost': 0.36, 'section_boost': 0.0, 'topic_plan_boost': 0.0, 'penalty': 0.0, 'metadata_penalty': 0.0, 'final_score': 1.7181480860710145}",document2.pdf,3,1.5792,"{'semantic_score': 0.539156436920166, 'course_boost': 0.8, 'intent_boost': 0.0, 'field_boost': 0.0, 'lexical_boost': 0.24, 'section_boost': 0.0, 'topic_plan_boost': 0.0, 'penalty': 0.0, 'metadata_penalty': 0.0, 'final_score': 1.579156436920166}"
Q009,What number systems are included in CSE 101?,english,topics,CSE 101,medium,document2.pdf,3;4,verified,False,False,0.0,True,False,1,,True,C_SOURCE_TOP3_PAGE_ABSENT,Optimized retrieval,0.201,document2.pdf,1,6.8631,"{'semantic_score': 0.6030912399291992, 'course_boost': 1.0, 'intent_boost': 0.8, 'field_boost': 3.2, 'lexical_boost': 0.36, 'section_boost': 0.9, 'topic_plan_boost': 0.0, 'penalty': 0.0, 'metadata_penalty': 0.0, 'final_score': 6.8630912399292}",document3.pdf,1,4.7415,"{'semantic_score': 0.6014577746391296, 'course_boost': 0.0, 'intent_boost': 0.8, 'field_boost': 3.2, 'lexical_boost': 0.24, 'section_boost': 0.9, 'topic_plan_boost': 0.0, 'penalty': -1.0, 'metadata_penalty': 0.0, 'final_score': 4.74145777463913}",document1.pdf,1,4.7354,"{'semantic_score': 0.5953813791275024, 'course_boost': 0.0, 'intent_boost': 0.8, 'field_boost': 3.2, 'lexical_boost': 0.24, 'section_boost': 0.9, 'topic_plan_boost': 0.0, 'penalty': -1.0, 'metadata_penalty': 0.0, 'final_score': 4.735381379127503}"
Q009,CSE 101 কোর্সে কোন কোন Number System অন্তর্ভুক্ত করা হয়েছে?,bangla,topics,CSE 101,medium,document2.pdf,3;4,verified,False,False,0.0,True,False,1,,True,C_SOURCE_TOP3_PAGE_ABSENT,Optimized retrieval,0.207,document2.pdf,1,6.9877,"{'semantic_score': 0.6077016592025757, 'course_boost': 1.0, 'intent_boost': 0.8, 'field_boost': 3.2, 'lexical_boost': 0.48, 'section_boost': 0.9, 'topic_plan_boost': 0.0, 'penalty': 0.0, 'metadata_penalty': 0.0, 'final_score': 6.9877016592025765}",document2.pdf,5,1.6601,"{'semantic_score': 0.6200867891311646, 'course_boost': 0.8, 'intent_boost': 0.0, 'field_boost': 0.0, 'lexical_boost': 0.24, 'section_boost': 0.0, 'topic_plan_boost': 0.0, 'penalty': 0.0, 'metadata_penalty': 0.0, 'final_score': 1.6600867891311646}",document1.pdf,1,4.7567,"{'semantic_score': 0.6167452335357666, 'course_boost': 0.0, 'intent_boost': 0.8, 'field_boost': 3.2, 'lexical_boost': 0.24, 'section_boost': 0.9, 'topic_plan_boost': 0.0, 'penalty': -1.0, 'metadata_penalty': 0.0, 'final_score': 4.756745233535767}"
Q009,CSE 101 course-e kon kon Number System include kora hoyeche?,banglish,topics,CSE 101,medium,document2.pdf,3;4,verified,False,False,0.0,True,False,1,,True,C_SOURCE_TOP3_PAGE_ABSENT,Optimized retrieval,0.176,document2.pdf,1,6.9076,"{'semantic_score': 0.5275903940200806, 'course_boost': 1.0, 'intent_boost': 0.8, 'field_boost': 3.2, 'lexical_boost': 0.48, 'section_boost': 0.9, 'topic_plan_boost': 0.0, 'penalty': 0.0, 'metadata_penalty': 0.0, 'final_score': 6.907590394020081}",document2.pdf,5,1.5792,"{'semantic_score': 0.5392273664474487, 'course_boost': 0.8, 'intent_boost': 0.0, 'field_boost': 0.0, 'lexical_boost': 0.24, 'section_boost': 0.0, 'topic_plan_boost': 0.0, 'penalty': 0.0, 'metadata_penalty': 0.0, 'final_score': 1.5792273664474488}",document1.pdf,1,4.6591,"{'semantic_score': 0.519096851348877, 'course_boost': 0.0, 'intent_boost': 0.8, 'field_boost': 3.2, 'lexical_boost': 0.24, 'section_boost': 0.9, 'topic_plan_boost': 0.0, 'penalty': -1.0, 'metadata_penalty': 0.0, 'final_score': 4.6590968513488775}"
Q010,What operations are included in the study of number systems?,english,topics,CSE 101,medium,document2.pdf,3;4,needs_review,False,False,0.0,True,False,1,,True,C_SOURCE_TOP3_PAGE_ABSENT,Optimized retrieval,0.190,document2.pdf,1,6.4909,"{'semantic_score': 0.47094234824180603, 'course_boost': 1.0, 'intent_boost': 0.8, 'field_boost': 3.2, 'lexical_boost': 0.12, 'section_boost': 0.9, 'topic_plan_boost': 0.0, 'penalty': 0.0, 'metadata_penalty': 0.0, 'final_score': 6.4909423482418065}",document2.pdf,5,1.6895,"{'semantic_score': 0.6495077610015869, 'course_boost': 0.8, 'intent_boost': 0.0, 'field_boost': 0.0, 'lexical_boost': 0.24, 'section_boost': 0.0, 'topic_plan_boost': 0.0, 'penalty': 0.0, 'metadata_penalty': 0.0, 'final_score': 1.689507761001587}",document2.pdf,2,1.6106,"{'semantic_score': 0.5706268548965454, 'course_boost': 0.8, 'intent_boost': 0.0, 'field_boost': 0.0, 'lexical_boost': 0.24, 'section_boost': 0.0, 'topic_plan_boost': 0.0, 'penalty': 0.0, 'metadata_penalty': 0.0, 'final_score': 1.6106268548965454}"
Q010,Number System-এর অধ্যয়নে কোন কোন গাণিতিক অপারেশন অন্তর্ভুক্ত রয়েছে?,bangla,topics,CSE 101,medium,document2.pdf,3;4,needs_review,False,False,0.0,True,False,1,,True,C_SOURCE_TOP3_PAGE_ABSENT,Optimized retrieval,0.210,document2.pdf,1,6.5719,"{'semantic_score': 0.4319126605987549, 'course_boost': 1.0, 'intent_boost': 0.8, 'field_boost': 3.2, 'lexical_boost': 0.24, 'section_boost': 0.9, 'topic_plan_boost': 0.0, 'penalty': 0.0, 'metadata_penalty': 0.0, 'final_score': 6.5719126605987555}",document2.pdf,5,1.6499,"{'semantic_score': 0.6099072694778442, 'course_boost': 0.8, 'intent_boost': 0.0, 'field_boost': 0.0, 'lexical_boost': 0.24, 'section_boost': 0.0, 'topic_plan_boost': 0.0, 'penalty': 0.0, 'metadata_penalty': 0.0, 'final_score': 1.6499072694778443}",document2.pdf,2,1.5513,"{'semantic_score': 0.5112759470939636, 'course_boost': 0.8, 'intent_boost': 0.0, 'field_boost': 0.0, 'lexical_boost': 0.24, 'section_boost': 0.0, 'topic_plan_boost': 0.0, 'penalty': 0.0, 'metadata_penalty': 0.0, 'final_score': 1.5512759470939637}"
Q010,Number System-er study-te kon kon mathematical operation include kora hoyeche?,banglish,topics,CSE 101,medium,document2.pdf,3;4,needs_review,False,False,0.0,True,False,1,,True,C_SOURCE_TOP3_PAGE_ABSENT,Optimized retrieval,0.180,document2.pdf,1,6.5337,"{'semantic_score': 0.39374101161956787, 'course_boost': 1.0, 'intent_boost': 0.8, 'field_boost': 3.2, 'lexical_boost': 0.24, 'section_boost': 0.9, 'topic_plan_boost': 0.0, 'penalty': 0.0, 'metadata_penalty': 0.0, 'final_score': 6.533741011619568}",document2.pdf,5,1.5563,"{'semantic_score': 0.5163261890411377, 'course_boost': 0.8, 'intent_boost': 0.0, 'field_boost': 0.0, 'lexical_boost': 0.24, 'section_boost': 0.0, 'topic_plan_boost': 0.0, 'penalty': 0.0, 'metadata_penalty': 0.0, 'final_score': 1.5563261890411377}",document2.pdf,2,1.5130,"{'semantic_score': 0.473028302192688, 'course_boost': 0.8, 'intent_boost': 0.0, 'field_boost': 0.0, 'lexical_boost': 0.24, 'section_boost': 0.0, 'topic_plan_boost': 0.0, 'penalty': 0.0, 'metadata_penalty': 0.0, 'final_score': 1.513028302192688}"
Q011,What topics are included under Boolean Algebra?,english,topics,CSE 101,medium,document2.pdf,3;4,needs_review,True,True,1.0,True,True,1,1,True,A_SOURCE_AND_PAGE_RANK1,Optimized retrieval,0.192,document2.pdf,3,5.9609,"{'semantic_score': 0.5009415149688721, 'course_boost': 0.8, 'intent_boost': 0.8, 'field_boost': 0.4, 'lexical_boost': 0.36, 'section_boost': 0.9, 'topic_plan_boost': 2.2, 'penalty': 0.0, 'metadata_penalty': 0.0, 'final_score': 5.960941514968872}",document2.pdf,5,3.0955,"{'semantic_score': 0.5554845333099365, 'course_boost': 0.8, 'intent_boost': 0.0, 'field_boost': 0.4, 'lexical_boost': 0.24, 'section_boost': 0.0, 'topic_plan_boost': 1.1, 'penalty': 0.0, 'metadata_penalty': 0.0, 'final_score': 3.0954845333099366}",document2.pdf,2,4.0777,"{'semantic_score': 0.5376772880554199, 'course_boost': 0.8, 'intent_boost': 0.8, 'field_boost': 0.8, 'lexical_boost': 0.24, 'section_boost': 0.9, 'topic_plan_boost': 0.0, 'penalty': 0.0, 'metadata_penalty': 0.0, 'final_score': 4.077677288055421}"
Q011,Boolean Algebra-এর অধীনে কোন কোন বিষয় অন্তর্ভুক্ত রয়েছে?,bangla,topics,CSE 101,medium,document2.pdf,3;4,needs_review,True,True,1.0,True,True,1,1,True,A_SOURCE_AND_PAGE_RANK1,Optimized retrieval,0.193,document2.pdf,3,5.4317,"{'semantic_score': 0.4917449355125427, 'course_boost': 0.8, 'intent_boost': 0.8, 'field_boost': 0.0, 'lexical_boost': 0.24, 'section_boost': 0.9, 'topic_plan_boost': 2.2, 'penalty': 0.0, 'metadata_penalty': 0.0, 'final_score': 5.431744935512542}",document2.pdf,5,2.7011,"{'semantic_score': 0.5610818266868591, 'course_boost': 0.8, 'intent_boost': 0.0, 'field_boost': 0.0, 'lexical_boost': 0.24, 'section_boost': 0.0, 'topic_plan_boost': 1.1, 'penalty': 0.0, 'metadata_penalty': 0.0, 'final_score': 2.7010818266868593}",document2.pdf,2,3.2951,"{'semantic_score': 0.5551371574401855, 'course_boost': 0.8, 'intent_boost': 0.8, 'field_boost': 0.0, 'lexical_boost': 0.24, 'section_boost': 0.9, 'topic_plan_boost': 0.0, 'penalty': 0.0, 'metadata_penalty': 0.0, 'final_score': 3.2951371574401853}"
Q011,Boolean Algebra-er under-e kon kon topic include kora hoyeche?,banglish,topics,CSE 101,medium,document2.pdf,3;4,needs_review,True,True,1.0,True,True,1,1,True,A_SOURCE_AND_PAGE_RANK1,Optimized retrieval,0.218,document2.pdf,3,5.7740,"{'semantic_score': 0.43400096893310547, 'course_boost': 0.8, 'intent_boost': 0.8, 'field_boost': 0.4, 'lexical_boost': 0.24, 'section_boost': 0.9, 'topic_plan_boost': 2.2, 'penalty': 0.0, 'metadata_penalty': 0.0, 'final_score': 5.774000968933105}",document2.pdf,5,3.0129,"{'semantic_score': 0.4729291498661041, 'course_boost': 0.8, 'intent_boost': 0.0, 'field_boost': 0.4, 'lexical_boost': 0.24, 'section_boost': 0.0, 'topic_plan_boost': 1.1, 'penalty': 0.0, 'metadata_penalty': 0.0, 'final_score': 3.012929149866104}",document1.pdf,4,0.1233,"{'semantic_score': 0.4532575309276581, 'course_boost': 0.0, 'intent_boost': 0.8, 'field_boost': 0.0, 'lexical_boost': 0.12, 'section_boost': 0.45, 'topic_plan_boost': -0.7, 'penalty': -1.0, 'metadata_penalty': 0.0, 'final_score': 0.12325753092765801}"
Q012,What are the three program-planning tools included in CSE 101?,english,topics,CSE 101,medium,document2.pdf,3;4,verified,True,True,1.0,True,True,1,1,True,A_SOURCE_AND_PAGE_RANK1,Optimized retrieval,0.249,document2.pdf,3,5.4539,"{'semantic_score': 0.5139433145523071, 'course_boost': 0.8, 'intent_boost': 0.8, 'field_boost': 0.0, 'lexical_boost': 0.24, 'section_boost': 0.9, 'topic_plan_boost': 2.2, 'penalty': 0.0, 'metadata_penalty': 0.0, 'final_score': 5.453943314552307}",document2.pdf,1,1.8760,"{'semantic_score': 0.6259818077087402, 'course_boost': 1.0, 'intent_boost': 0.8, 'field_boost': 0.0, 'lexical_boost': 0.6, 'section_boost': 0.45, 'topic_plan_boost': 0.0, 'penalty': 0.0, 'metadata_penalty': -1.6, 'final_score': 1.8759818077087402}",document2.pdf,6,4.1014,"{'semantic_score': 0.591387152671814, 'course_boost': 0.8, 'intent_boost': 0.8, 'field_boost': 0.0, 'lexical_boost': 0.36, 'section_boost': 0.45, 'topic_plan_boost': 1.1, 'penalty': 0.0, 'metadata_penalty': 0.0, 'final_score': 4.101387152671814}"
Q012,CSE 101 কোর্সে ব্যবহৃত তিনটি Program Planning Tool কী কী?,bangla,topics,CSE 101,medium,document2.pdf,3;4,verified,False,False,0.0,True,False,1,,True,C_SOURCE_TOP3_PAGE_ABSENT,Optimized retrieval,0.287,document2.pdf,1,3.7789,"{'semantic_score': 0.5988997220993042, 'course_boost': 1.0, 'intent_boost': 0.8, 'field_boost': 0.0, 'lexical_boost': 0.48, 'section_boost': 0.9, 'topic_plan_boost': 0.0, 'penalty': 0.0, 'metadata_penalty': 0.0, 'final_score': 3.778899722099304}",document2.pdf,6,1.6685,"{'semantic_score': 0.6284528374671936, 'course_boost': 0.8, 'intent_boost': 0.0, 'field_boost': 0.0, 'lexical_boost': 0.24, 'section_boost': 0.0, 'topic_plan_boost': 0.0, 'penalty': 0.0, 'metadata_penalty': 0.0, 'final_score': 1.6684528374671936}",document1.pdf,1,1.6234,"{'semantic_score': 0.5633952617645264, 'course_boost': 0.0, 'intent_boost': 0.8, 'field_boost': 0.0, 'lexical_boost': 0.36, 'section_boost': 0.9, 'topic_plan_boost': 0.0, 'penalty': -1.0, 'metadata_penalty': 0.0, 'final_score': 1.6233952617645264}"
Q012,CSE 101 course-e use kora tin-ti Program Planning Tool ki ki?,banglish,topics,CSE 101,medium,document2.pdf,3;4,verified,False,False,0.0,True,False,1,,True,C_SOURCE_TOP3_PAGE_ABSENT,Optimized retrieval,0.215,document2.pdf,1,3.7414,"{'semantic_score': 0.5613501071929932, 'course_boost': 1.0, 'intent_boost': 0.8, 'field_boost': 0.0, 'lexical_boost': 0.48, 'section_boost': 0.9, 'topic_plan_boost': 0.0, 'penalty': 0.0, 'metadata_penalty': 0.0, 'final_score': 3.741350107192993}",document2.pdf,6,1.5857,"{'semantic_score': 0.5456756353378296, 'course_boost': 0.8, 'intent_boost': 0.0, 'field_boost': 0.0, 'lexical_boost': 0.24, 'section_boost': 0.0, 'topic_plan_boost': 0.0, 'penalty': 0.0, 'metadata_penalty': 0.0, 'final_score': 1.5856756353378296}",document1.pdf,1,1.5937,"{'semantic_score': 0.5336670875549316, 'course_boost': 0.0, 'intent_boost': 0.8, 'field_boost': 0.0, 'lexical_boost': 0.36, 'section_boost': 0.9, 'topic_plan_boost': 0.0, 'penalty': -1.0, 'metadata_penalty': 0.0, 'final_score': 1.5936670875549317}"
Q013,What basic programming topics are introduced in CSE 101?,english,topics,CSE 101,medium,document2.pdf,3;4,needs_review,True,True,1.0,True,True,1,1,True,A_SOURCE_AND_PAGE_RANK1,Optimized retrieval,0.202,document2.pdf,3,5.5793,"{'semantic_score': 0.5193120837211609, 'course_boost': 0.8, 'intent_boost': 0.8, 'field_boost': 0.0, 'lexical_boost': 0.36, 'section_boost': 0.9, 'topic_plan_boost': 2.2, 'penalty': 0.0, 'metadata_penalty': 0.0, 'final_score': 5.579312083721161}",document2.pdf,1,1.8154,"{'semantic_score': 0.685394287109375, 'course_boost': 1.0, 'intent_boost': 0.8, 'field_boost': 0.0, 'lexical_boost': 0.48, 'section_boost': 0.45, 'topic_plan_boost': 0.0, 'penalty': 0.0, 'metadata_penalty': -1.6, 'final_score': 1.815394287109375}",document3.pdf,1,-0.3582,"{'semantic_score': 0.6318353414535522, 'course_boost': 0.0, 'intent_boost': 0.8, 'field_boost': 0.0, 'lexical_boost': 0.36, 'section_boost': 0.45, 'topic_plan_boost': 0.0, 'penalty': -1.0, 'metadata_penalty': -1.6, 'final_score': -0.3581646585464475}"
Q013,CSE 101 কোর্সে কোন কোন মৌলিক Programming বিষয় পড়ানো হয়?,bangla,topics,CSE 101,medium,document2.pdf,3;4,needs_review,True,True,1.0,True,True,1,1,True,A_SOURCE_AND_PAGE_RANK1,Optimized retrieval,0.209,document2.pdf,3,5.3366,"{'semantic_score': 0.5166484713554382, 'course_boost': 0.8, 'intent_boost': 0.8, 'field_boost': 0.0, 'lexical_boost': 0.12, 'section_boost': 0.9, 'topic_plan_boost': 2.2, 'penalty': 0.0, 'metadata_penalty': 0.0, 'final_score': 5.3366484713554385}",document2.pdf,1,1.7119,"{'semantic_score': 0.7018790245056152, 'course_boost': 1.0, 'intent_boost': 0.8, 'field_boost': 0.0, 'lexical_boost': 0.36, 'section_boost': 0.45, 'topic_plan_boost': 0.0, 'penalty': 0.0, 'metadata_penalty': -1.6, 'final_score': 1.711879024505615}",document3.pdf,1,-0.4879,"{'semantic_score': 0.622137188911438, 'course_boost': 0.0, 'intent_boost': 0.8, 'field_boost': 0.0, 'lexical_boost': 0.24, 'section_boost': 0.45, 'topic_plan_boost': 0.0, 'penalty': -1.0, 'metadata_penalty': -1.6, 'final_score': -0.4878628110885619}"
Q013,CSE 101 course-e kon kon basic Programming topic porano hoy?,banglish,topics,CSE 101,medium,document2.pdf,3;4,needs_review,True,True,1.0,True,True,1,1,True,A_SOURCE_AND_PAGE_RANK1,Optimized retrieval,0.206,document2.pdf,3,5.4383,"{'semantic_score': 0.49826496839523315, 'course_boost': 0.8, 'intent_boost': 0.8, 'field_boost': 0.0, 'lexical_boost': 0.24, 'section_boost': 0.9, 'topic_plan_boost': 2.2, 'penalty': 0.0, 'metadata_penalty': 0.0, 'final_score': 5.438264968395233}",document2.pdf,1,1.8058,"{'semantic_score': 0.6757594347000122, 'course_boost': 1.0, 'intent_boost': 0.8, 'field_boost': 0.0, 'lexical_boost': 0.48, 'section_boost': 0.45, 'topic_plan_boost': 0.0, 'penalty': 0.0, 'metadata_penalty': -1.6, 'final_score': 1.805759434700012}",document3.pdf,1,-0.3925,"{'semantic_score': 0.5974620580673218, 'course_boost': 0.0, 'intent_boost': 0.8, 'field_boost': 0.0, 'lexical_boost': 0.36, 'section_boost': 0.45, 'topic_plan_boost': 0.0, 'penalty': -1.0, 'metadata_penalty': -1.6, 'final_score': -0.392537941932678}"
Q014,What decision-making statements are included in the course?,english,topics,CSE 101,medium,document2.pdf,3;4,needs_review,True,True,1.0,True,True,1,1,True,A_SOURCE_AND_PAGE_RANK1,Optimized retrieval,0.197,document2.pdf,3,4.8155,"{'semantic_score': 0.5554848313331604, 'course_boost': 0.0, 'intent_boost': 0.8, 'field_boost': 0.0, 'lexical_boost': 0.36, 'section_boost': 0.9, 'topic_plan_boost': 2.2, 'penalty': 0.0, 'metadata_penalty': 0.0, 'final_score': 4.81548483133316}",document2.pdf,2,2.6574,"{'semantic_score': 0.5973503589630127, 'course_boost': 0.0, 'intent_boost': 0.8, 'field_boost': 0.0, 'lexical_boost': 0.36, 'section_boost': 0.9, 'topic_plan_boost': 0.0, 'penalty': 0.0, 'metadata_penalty': 0.0, 'final_score': 2.6573503589630127}",document2.pdf,7,3.0529,"{'semantic_score': 0.5928559303283691, 'course_boost': 0.0, 'intent_boost': 0.8, 'field_boost': 0.0, 'lexical_boost': 0.36, 'section_boost': 0.9, 'topic_plan_boost': 0.40000000000000013, 'penalty': 0.0, 'metadata_penalty': 0.0, 'final_score': 3.052855930328369}"
Q014,কোর্সে কোন কোন Decision-Making Statement অন্তর্ভুক্ত রয়েছে?,bangla,topics,CSE 101,medium,document2.pdf,3;4,needs_review,True,True,1.0,True,True,1,1,True,A_SOURCE_AND_PAGE_RANK1,Optimized retrieval,0.201,document2.pdf,3,4.6761,"{'semantic_score': 0.5361362099647522, 'course_boost': 0.0, 'intent_boost': 0.8, 'field_boost': 0.0, 'lexical_boost': 0.24, 'section_boost': 0.9, 'topic_plan_boost': 2.2, 'penalty': 0.0, 'metadata_penalty': 0.0, 'final_score': 4.676136209964753}",document2.pdf,7,2.9175,"{'semantic_score': 0.5775324106216431, 'course_boost': 0.0, 'intent_boost': 0.8, 'field_boost': 0.0, 'lexical_boost': 0.24, 'section_boost': 0.9, 'topic_plan_boost': 0.40000000000000013, 'penalty': 0.0, 'metadata_penalty': 0.0, 'final_score': 2.917532410621643}",document2.pdf,2,2.5097,"{'semantic_score': 0.5697363018989563, 'course_boost': 0.0, 'intent_boost': 0.8, 'field_boost': 0.0, 'lexical_boost': 0.24, 'section_boost': 0.9, 'topic_plan_boost': 0.0, 'penalty': 0.0, 'metadata_penalty': 0.0, 'final_score': 2.5097363018989562}"
Q014,Course-e kon kon Decision-Making Statement include kora hoyeche?,banglish,topics,CSE 101,medium,document2.pdf,3;4,needs_review,True,True,1.0,True,True,1,1,True,A_SOURCE_AND_PAGE_RANK1,Optimized retrieval,0.201,document2.pdf,3,4.5781,"{'semantic_score': 0.43805739283561707, 'course_boost': 0.0, 'intent_boost': 0.8, 'field_boost': 0.0, 'lexical_boost': 0.24, 'section_boost': 0.9, 'topic_plan_boost': 2.2, 'penalty': 0.0, 'metadata_penalty': 0.0, 'final_score': 4.578057392835618}",document2.pdf,7,2.8397,"{'semantic_score': 0.49966540932655334, 'course_boost': 0.0, 'intent_boost': 0.8, 'field_boost': 0.0, 'lexical_boost': 0.24, 'section_boost': 0.9, 'topic_plan_boost': 0.40000000000000013, 'penalty': 0.0, 'metadata_penalty': 0.0, 'final_score': 2.839665409326553}",document2.pdf,2,2.4021,"{'semantic_score': 0.462075799703598, 'course_boost': 0.0, 'intent_boost': 0.8, 'field_boost': 0.0, 'lexical_boost': 0.24, 'section_boost': 0.9, 'topic_plan_boost': 0.0, 'penalty': 0.0, 'metadata_penalty': 0.0, 'final_score': 2.402075799703598}"
Q015,What three types of loops are included in CSE 101?,english,topics,CSE 101,medium,document2.pdf,3;4,verified,True,True,1.0,True,True,1,1,True,A_SOURCE_AND_PAGE_RANK1,Optimized retrieval,0.193,document2.pdf,3,5.1834,"{'semantic_score': 0.48337361216545105, 'course_boost': 0.8, 'intent_boost': 0.8, 'field_boost': 0.0, 'lexical_boost': 0.0, 'section_boost': 0.9, 'topic_plan_boost': 2.2, 'penalty': 0.0, 'metadata_penalty': 0.0, 'final_score': 5.183373612165451}",document1.pdf,1,-0.5687,"{'semantic_score': 0.5413139462471008, 'course_boost': 0.0, 'intent_boost': 0.8, 'field_boost': 0.0, 'lexical_boost': 0.24, 'section_boost': 0.45, 'topic_plan_boost': 0.0, 'penalty': -1.0, 'metadata_penalty': -1.6, 'final_score': -0.568686053752899}",document2.pdf,7,3.4374,"{'semantic_score': 0.5373806953430176, 'course_boost': 0.8, 'intent_boost': 0.8, 'field_boost': 0.0, 'lexical_boost': 0.0, 'section_boost': 0.9, 'topic_plan_boost': 0.40000000000000013, 'penalty': 0.0, 'metadata_penalty': 0.0, 'final_score': 3.437380695343018}"
Q015,CSE 101 কোর্সে কোন তিন ধরনের Loop অন্তর্ভুক্ত রয়েছে?,bangla,topics,CSE 101,medium,document2.pdf,3;4,verified,False,False,0.0,True,False,1,,True,C_SOURCE_TOP3_PAGE_ABSENT,Optimized retrieval,0.194,document2.pdf,1,6.2059,"{'semantic_score': 0.5158886909484863, 'course_boost': 1.0, 'intent_boost': 0.8, 'field_boost': 3.2, 'lexical_boost': 0.24, 'section_boost': 0.45, 'topic_plan_boost': 0.0, 'penalty': 0.0, 'metadata_penalty': 0.0, 'final_score': 6.205888690948487}",document2.pdf,7,1.4584,"{'semantic_score': 0.5384411811828613, 'course_boost': 0.8, 'intent_boost': 0.0, 'field_boost': 0.0, 'lexical_boost': 0.12, 'section_boost': 0.0, 'topic_plan_boost': 0.0, 'penalty': 0.0, 'metadata_penalty': 0.0, 'final_score': 1.4584411811828613}",document3.pdf,1,4.2198,"{'semantic_score': 0.5298342108726501, 'course_boost': 0.0, 'intent_boost': 0.8, 'field_boost': 3.2, 'lexical_boost': 0.24, 'section_boost': 0.45, 'topic_plan_boost': 0.0, 'penalty': -1.0, 'metadata_penalty': 0.0, 'final_score': 4.2198342108726505}"
Q015,CSE 101 course-e kon tin dhoroner Loop include kora hoyeche?,banglish,topics,CSE 101,medium,document2.pdf,3;4,verified,True,True,1.0,True,True,1,1,True,A_SOURCE_AND_PAGE_RANK1,Optimized retrieval,0.217,document2.pdf,3,5.2460,"{'semantic_score': 0.4259665310382843, 'course_boost': 0.8, 'intent_boost': 0.8, 'field_boost': 0.0, 'lexical_boost': 0.12, 'section_boost': 0.9, 'topic_plan_boost': 2.2, 'penalty': 0.0, 'metadata_penalty': 0.0, 'final_score': 5.245966531038285}",document2.pdf,1,1.3403,"{'semantic_score': 0.45033228397369385, 'course_boost': 1.0, 'intent_boost': 0.8, 'field_boost': 0.0, 'lexical_boost': 0.24, 'section_boost': 0.45, 'topic_plan_boost': 0.0, 'penalty': 0.0, 'metadata_penalty': -1.6, 'final_score': 1.340332283973694}",document2.pdf,7,3.4657,"{'semantic_score': 0.44570261240005493, 'course_boost': 0.8, 'intent_boost': 0.8, 'field_boost': 0.0, 'lexical_boost': 0.12, 'section_boost': 0.9, 'topic_plan_boost': 0.40000000000000013, 'penalty': 0.0, 'metadata_penalty': 0.0, 'final_score': 3.4657026124000554}"
Q016,What topics are included under repetition and loop statements?,english,topics,CSE 101,medium,document2.pdf,3;4,needs_review,True,True,1.0,True,True,1,1,True,A_SOURCE_AND_PAGE_RANK1,Optimized retrieval,0.233,document2.pdf,3,6.0863,"{'semantic_score': 0.5063026547431946, 'course_boost': 0.8, 'intent_boost': 0.8, 'field_boost': 0.4, 'lexical_boost': 0.48, 'section_boost': 0.9, 'topic_plan_boost': 2.2, 'penalty': 0.0, 'metadata_penalty': 0.0, 'final_score': 6.086302654743195}",document2.pdf,7,4.8722,"{'semantic_score': 0.6921522617340088, 'course_boost': 0.8, 'intent_boost': 0.8, 'field_boost': 0.8, 'lexical_boost': 0.48, 'section_boost': 0.9, 'topic_plan_boost': 0.40000000000000013, 'penalty': 0.0, 'metadata_penalty': 0.0, 'final_score': 4.872152261734009}",document3.pdf,2,3.5387,"{'semantic_score': 0.518682599067688, 'course_boost': 0.0, 'intent_boost': 0.8, 'field_boost': 0.0, 'lexical_boost': 0.12, 'section_boost': 0.9, 'topic_plan_boost': 2.2, 'penalty': -1.0, 'metadata_penalty': 0.0, 'final_score': 3.5386825990676876}"
Q016,Repetition and Loop Statements-এর অধীনে কোন কোন বিষয় অন্তর্ভুক্ত রয়েছে?,bangla,topics,CSE 101,medium,document2.pdf,3;4,needs_review,True,True,1.0,True,True,1,1,True,A_SOURCE_AND_PAGE_RANK1,Optimized retrieval,0.208,document2.pdf,3,5.5597,"{'semantic_score': 0.4996836185455322, 'course_boost': 0.8, 'intent_boost': 0.8, 'field_boost': 0.0, 'lexical_boost': 0.36, 'section_boost': 0.9, 'topic_plan_boost': 2.2, 'penalty': 0.0, 'metadata_penalty': 0.0, 'final_score': 5.559683618545533}",document2.pdf,7,3.9505,"{'semantic_score': 0.6904946565628052, 'course_boost': 0.8, 'intent_boost': 0.8, 'field_boost': 0.0, 'lexical_boost': 0.36, 'section_boost': 0.9, 'topic_plan_boost': 0.40000000000000013, 'penalty': 0.0, 'metadata_penalty': 0.0, 'final_score': 3.950494656562805}",document3.pdf,2,3.4115,"{'semantic_score': 0.5115063190460205, 'course_boost': 0.0, 'intent_boost': 0.8, 'field_boost': 0.0, 'lexical_boost': 0.0, 'section_boost': 0.9, 'topic_plan_boost': 2.2, 'penalty': -1.0, 'metadata_penalty': 0.0, 'final_score': 3.411506319046021}"
Q016,Repetition and Loop Statements-er under-e kon kon topic include kora hoyeche?,banglish,topics,CSE 101,medium,document2.pdf,3;4,needs_review,True,True,1.0,True,True,1,1,True,A_SOURCE_AND_PAGE_RANK1,Optimized retrieval,0.217,document2.pdf,3,5.8967,"{'semantic_score': 0.4366920292377472, 'course_boost': 0.8, 'intent_boost': 0.8, 'field_boost': 0.4, 'lexical_boost': 0.36, 'section_boost': 0.9, 'topic_plan_boost': 2.2, 'penalty': 0.0, 'metadata_penalty': 0.0, 'final_score': 5.896692029237747}",document2.pdf,7,4.7596,"{'semantic_score': 0.5795520544052124, 'course_boost': 0.8, 'intent_boost': 0.8, 'field_boost': 0.8, 'lexical_boost': 0.48, 'section_boost': 0.9, 'topic_plan_boost': 0.40000000000000013, 'penalty': 0.0, 'metadata_penalty': 0.0, 'final_score': 4.759552054405213}",document3.pdf,2,3.4670,"{'semantic_score': 0.44699519872665405, 'course_boost': 0.0, 'intent_boost': 0.8, 'field_boost': 0.0, 'lexical_boost': 0.12, 'section_boost': 0.9, 'topic_plan_boost': 2.2, 'penalty': -1.0, 'metadata_penalty': 0.0, 'final_score': 3.4669951987266536}"
Q017,What types of arrays are mentioned in the course outline?,english,topics,CSE 101,medium,document2.pdf,3;4,needs_review,False,False,0.0,True,False,1,,True,C_SOURCE_TOP3_PAGE_ABSENT,Optimized retrieval,0.338,document2.pdf,1,1.6251,"{'semantic_score': 0.5051009058952332, 'course_boost': 1.0, 'intent_boost': 0.0, 'field_boost': 0.0, 'lexical_boost': 0.12, 'section_boost': 0.0, 'topic_plan_boost': 0.0, 'penalty': 0.0, 'metadata_penalty': 0.0, 'final_score': 1.6251009058952333}",document2.pdf,7,1.5103,"{'semantic_score': 0.5903499126434326, 'course_boost': 0.8, 'intent_boost': 0.0, 'field_boost': 0.0, 'lexical_boost': 0.12, 'section_boost': 0.0, 'topic_plan_boost': 0.0, 'penalty': 0.0, 'metadata_penalty': 0.0, 'final_score': 1.5103499126434325}",document2.pdf,2,1.6095,"{'semantic_score': 0.5694984197616577, 'course_boost': 0.8, 'intent_boost': 0.0, 'field_boost': 0.0, 'lexical_boost': 0.24, 'section_boost': 0.0, 'topic_plan_boost': 0.0, 'penalty': 0.0, 'metadata_penalty': 0.0, 'final_score': 1.6094984197616578}"
Q017,কোর্সের Outline-এ কোন কোন ধরনের Array উল্লেখ করা হয়েছে?,bangla,topics,CSE 101,medium,document2.pdf,3;4,needs_review,False,False,0.0,True,False,1,,True,C_SOURCE_TOP3_PAGE_ABSENT,Optimized retrieval,0.218,document2.pdf,1,6.0794,"{'semantic_score': 0.5094406604766846, 'course_boost': 1.0, 'intent_boost': 0.8, 'field_boost': 3.2, 'lexical_boost': 0.12, 'section_boost': 0.45, 'topic_plan_boost': 0.0, 'penalty': 0.0, 'metadata_penalty': 0.0, 'final_score': 6.079440660476685}",document2.pdf,2,1.3752,"{'semantic_score': 0.57523512840271, 'course_boost': 0.8, 'intent_boost': 0.0, 'field_boost': 0.0, 'lexical_boost': 0.0, 'section_boost': 0.0, 'topic_plan_boost': 0.0, 'penalty': 0.0, 'metadata_penalty': 0.0, 'final_score': 1.37523512840271}",document2.pdf,7,1.4846,"{'semantic_score': 0.564605712890625, 'course_boost': 0.8, 'intent_boost': 0.0, 'field_boost': 0.0, 'lexical_boost': 0.12, 'section_boost': 0.0, 'topic_plan_boost': 0.0, 'penalty': 0.0, 'metadata_penalty': 0.0, 'final_score': 1.484605712890625}"
Q017,Course-er Outline-e kon kon dhoroner Array mention kora hoyeche?,banglish,topics,CSE 101,medium,document2.pdf,3;4,needs_review,False,False,0.0,True,False,1,,True,C_SOURCE_TOP3_PAGE_ABSENT,Optimized retrieval,0.216,document2.pdf,1,1.5139,"{'semantic_score': 0.3938731551170349, 'course_boost': 1.0, 'intent_boost': 0.0, 'field_boost': 0.0, 'lexical_boost': 0.12, 'section_boost': 0.0, 'topic_plan_boost': 0.0, 'penalty': 0.0, 'metadata_penalty': 0.0, 'final_score': 1.513873155117035}",document2.pdf,7,1.3864,"{'semantic_score': 0.4663622975349426, 'course_boost': 0.8, 'intent_boost': 0.0, 'field_boost': 0.0, 'lexical_boost': 0.12, 'section_boost': 0.0, 'topic_plan_boost': 0.0, 'penalty': 0.0, 'metadata_penalty': 0.0, 'final_score': 1.3863622975349426}",document2.pdf,2,1.2425,"{'semantic_score': 0.44254595041275024, 'course_boost': 0.8, 'intent_boost': 0.0, 'field_boost': 0.0, 'lexical_boost': 0.0, 'section_boost': 0.0, 'topic_plan_boost': 0.0, 'penalty': 0.0, 'metadata_penalty': 0.0, 'final_score': 1.2425459504127503}"
Q018,In which week is the Mid-Term Examination scheduled for CSE 101?,english,weekly_content,CSE 101,medium,document2.pdf,4;5,verified,False,False,0.0,True,False,1,,True,C_SOURCE_TOP3_PAGE_ABSENT,Optimized retrieval,0.297,document2.pdf,1,3.5513,"{'semantic_score': 0.49126100540161133, 'course_boost': 1.0, 'intent_boost': 0.8, 'field_boost': 0.0, 'lexical_boost': 0.36, 'section_boost': 0.9, 'topic_plan_boost': 0.0, 'penalty': 0.0, 'metadata_penalty': 0.0, 'final_score': 3.551261005401611}",document3.pdf,4,0.1100,"{'semantic_score': 0.6300066709518433, 'course_boost': 0.0, 'intent_boost': 0.0, 'field_boost': 0.0, 'lexical_boost': 0.48, 'section_boost': 0.0, 'topic_plan_boost': 0.0, 'penalty': -1.0, 'metadata_penalty': 0.0, 'final_score': 0.11000667095184324}",document2.pdf,8,1.7469,"{'semantic_score': 0.5869215726852417, 'course_boost': 0.8, 'intent_boost': 0.0, 'field_boost': 0.0, 'lexical_boost': 0.36, 'section_boost': 0.0, 'topic_plan_boost': 0.0, 'penalty': 0.0, 'metadata_penalty': 0.0, 'final_score': 1.7469215726852418}"
Q018,CSE 101 কোর্সের Mid-Term Examination কোন সপ্তাহে অনুষ্ঠিত হয়?,bangla,weekly_content,CSE 101,medium,document2.pdf,4;5,verified,False,False,0.0,True,False,1,,True,C_SOURCE_TOP3_PAGE_ABSENT,Optimized retrieval,0.204,document2.pdf,1,3.5719,"{'semantic_score': 0.5118775963783264, 'course_boost': 1.0, 'intent_boost': 0.8, 'field_boost': 0.0, 'lexical_boost': 0.36, 'section_boost': 0.9, 'topic_plan_boost': 0.0, 'penalty': 0.0, 'metadata_penalty': 0.0, 'final_score': 3.571877596378326}",document3.pdf,4,0.0002,"{'semantic_score': 0.6401618719100952, 'course_boost': 0.0, 'intent_boost': 0.0, 'field_boost': 0.0, 'lexical_boost': 0.36, 'section_boost': 0.0, 'topic_plan_boost': 0.0, 'penalty': -1.0, 'metadata_penalty': 0.0, 'final_score': 0.0001618719100950905}",document2.pdf,8,1.7501,"{'semantic_score': 0.5900712013244629, 'course_boost': 0.8, 'intent_boost': 0.0, 'field_boost': 0.0, 'lexical_boost': 0.36, 'section_boost': 0.0, 'topic_plan_boost': 0.0, 'penalty': 0.0, 'metadata_penalty': 0.0, 'final_score': 1.750071201324463}"
Q018,CSE 101 course-er Mid-Term Examination kon week-e onushthito hoy?,banglish,weekly_content,CSE 101,medium,document2.pdf,4;5,verified,False,False,0.0,True,False,1,,True,C_SOURCE_TOP3_PAGE_ABSENT,Optimized retrieval,0.198,document2.pdf,1,3.5223,"{'semantic_score': 0.4623032212257385, 'course_boost': 1.0, 'intent_boost': 0.8, 'field_boost': 0.0, 'lexical_boost': 0.36, 'section_boost': 0.9, 'topic_plan_boost': 0.0, 'penalty': 0.0, 'metadata_penalty': 0.0, 'final_score': 3.522303221225738}",document3.pdf,4,0.0792,"{'semantic_score': 0.5991822481155396, 'course_boost': 0.0, 'intent_boost': 0.0, 'field_boost': 0.0, 'lexical_boost': 0.48, 'section_boost': 0.0, 'topic_plan_boost': 0.0, 'penalty': -1.0, 'metadata_penalty': 0.0, 'final_score': 0.07918224811553953}",document1.pdf,4,0.0271,"{'semantic_score': 0.5471045970916748, 'course_boost': 0.0, 'intent_boost': 0.0, 'field_boost': 0.0, 'lexical_boost': 0.48, 'section_boost': 0.0, 'topic_plan_boost': 0.0, 'penalty': -1.0, 'metadata_penalty': 0.0, 'final_score': 0.027104597091674787}"
Q019,What percentage of the total marks is allocated to the Final Exam?,english,final_exam_marks,CSE 101,easy,document2.pdf,4;5,verified,False,False,0.0,True,False,1,,True,C_SOURCE_TOP3_PAGE_ABSENT,Optimized retrieval,0.198,document2.pdf,9,5.9653,"{'semantic_score': 0.5852699279785156, 'course_boost': 0.0, 'intent_boost': 0.8, 'field_boost': 3.2, 'lexical_boost': 0.48, 'section_boost': 0.9, 'topic_plan_boost': 0.0, 'penalty': 0.0, 'metadata_penalty': 0.0, 'final_score': 5.965269927978516}",document3.pdf,6,5.6971,"{'semantic_score': 0.5570774078369141, 'course_boost': 0.0, 'intent_boost': 0.8, 'field_boost': 3.2, 'lexical_boost': 0.24, 'section_boost': 0.9, 'topic_plan_boost': 0.0, 'penalty': 0.0, 'metadata_penalty': 0.0, 'final_score': 5.697077407836915}",document1.pdf,5,5.5593,"{'semantic_score': 0.5392940640449524, 'course_boost': 0.0, 'intent_boost': 0.8, 'field_boost': 3.2, 'lexical_boost': 0.12, 'section_boost': 0.9, 'topic_plan_boost': 0.0, 'penalty': 0.0, 'metadata_penalty': 0.0, 'final_score': 5.559294064044953}"
Q019,মোট নম্বরের কত শতাংশ Final Exam-এর জন্য বরাদ্দ করা হয়েছে?,bangla,final_exam_marks,CSE 101,easy,document2.pdf,4;5,verified,False,False,0.0,True,False,1,,True,C_SOURCE_TOP3_PAGE_ABSENT,Optimized retrieval,0.200,document2.pdf,9,5.6944,"{'semantic_score': 0.5544039011001587, 'course_boost': 0.0, 'intent_boost': 0.8, 'field_boost': 3.2, 'lexical_boost': 0.24, 'section_boost': 0.9, 'topic_plan_boost': 0.0, 'penalty': 0.0, 'metadata_penalty': 0.0, 'final_score': 5.694403901100159}",document3.pdf,6,5.5597,"{'semantic_score': 0.5397228002548218, 'course_boost': 0.0, 'intent_boost': 0.8, 'field_boost': 3.2, 'lexical_boost': 0.12, 'section_boost': 0.9, 'topic_plan_boost': 0.0, 'penalty': 0.0, 'metadata_penalty': 0.0, 'final_score': 5.559722800254822}",document2.pdf,8,0.6586,"{'semantic_score': 0.5385814309120178, 'course_boost': 0.0, 'intent_boost': 0.0, 'field_boost': 0.0, 'lexical_boost': 0.12, 'section_boost': 0.0, 'topic_plan_boost': 0.0, 'penalty': 0.0, 'metadata_penalty': 0.0, 'final_score': 0.6585814309120178}"
Q019,Total marks-er koto percent Final Exam-er jonno boraddo kora hoyeche?,banglish,final_exam_marks,CSE 101,easy,document2.pdf,4;5,verified,False,False,0.0,True,False,1,,True,C_SOURCE_TOP3_PAGE_ABSENT,Optimized retrieval,0.193,document2.pdf,9,5.8622,"{'semantic_score': 0.4821558892726898, 'course_boost': 0.0, 'intent_boost': 0.8, 'field_boost': 3.2, 'lexical_boost': 0.48, 'section_boost': 0.9, 'topic_plan_boost': 0.0, 'penalty': 0.0, 'metadata_penalty': 0.0, 'final_score': 5.862155889272691}",document3.pdf,6,5.5938,"{'semantic_score': 0.4538194537162781, 'course_boost': 0.0, 'intent_boost': 0.8, 'field_boost': 3.2, 'lexical_boost': 0.24, 'section_boost': 0.9, 'topic_plan_boost': 0.0, 'penalty': 0.0, 'metadata_penalty': 0.0, 'final_score': 5.593819453716279}",document1.pdf,5,5.4590,"{'semantic_score': 0.4389655888080597, 'course_boost': 0.0, 'intent_boost': 0.8, 'field_boost': 3.2, 'lexical_boost': 0.12, 'section_boost': 0.9, 'topic_plan_boost': 0.0, 'penalty': 0.0, 'metadata_penalty': 0.0, 'final_score': 5.45896558880806}"
Q020,What grade is awarded for a score of 80% or above?,english,assessment,CSE 101,medium,document2.pdf,4;5,verified,False,False,0.0,False,False,2,,True,C_SOURCE_TOP3_PAGE_ABSENT,Optimized retrieval,0.181,document1.pdf,5,2.6290,"{'semantic_score': 0.568958580493927, 'course_boost': 0.0, 'intent_boost': 0.8, 'field_boost': 0.0, 'lexical_boost': 0.36, 'section_boost': 0.9, 'topic_plan_boost': 0.0, 'penalty': 0.0, 'metadata_penalty': 0.0, 'final_score': 2.628958580493927}",document2.pdf,9,2.6216,"{'semantic_score': 0.56158447265625, 'course_boost': 0.0, 'intent_boost': 0.8, 'field_boost': 0.0, 'lexical_boost': 0.36, 'section_boost': 0.9, 'topic_plan_boost': 0.0, 'penalty': 0.0, 'metadata_penalty': 0.0, 'final_score': 2.62158447265625}",document3.pdf,6,2.2566,"{'semantic_score': 0.556553065776825, 'course_boost': 0.0, 'intent_boost': 0.8, 'field_boost': 0.0, 'lexical_boost': 0.0, 'section_boost': 0.9, 'topic_plan_boost': 0.0, 'penalty': 0.0, 'metadata_penalty': 0.0, 'final_score': 2.256553065776825}"
Q020,80% বা তার বেশি নম্বর পেলে কোন Grade প্রদান করা হয়?,bangla,assessment,CSE 101,medium,document2.pdf,4;5,verified,False,False,0.0,False,False,2,,True,C_SOURCE_TOP3_PAGE_ABSENT,Optimized retrieval,0.209,document1.pdf,5,2.5206,"{'semantic_score': 0.5806311368942261, 'course_boost': 0.0, 'intent_boost': 0.8, 'field_boost': 0.0, 'lexical_boost': 0.24, 'section_boost': 0.9, 'topic_plan_boost': 0.0, 'penalty': 0.0, 'metadata_penalty': 0.0, 'final_score': 2.520631136894226}",document2.pdf,9,2.5151,"{'semantic_score': 0.5750764608383179, 'course_boost': 0.0, 'intent_boost': 0.8, 'field_boost': 0.0, 'lexical_boost': 0.24, 'section_boost': 0.9, 'topic_plan_boost': 0.0, 'penalty': 0.0, 'metadata_penalty': 0.0, 'final_score': 2.515076460838318}",document3.pdf,6,2.2676,"{'semantic_score': 0.5676077008247375, 'course_boost': 0.0, 'intent_boost': 0.8, 'field_boost': 0.0, 'lexical_boost': 0.0, 'section_boost': 0.9, 'topic_plan_boost': 0.0, 'penalty': 0.0, 'metadata_penalty': 0.0, 'final_score': 2.2676077008247377}"
Q020,80% ba tar beshi marks pele kon Grade deya hoy?,banglish,assessment,CSE 101,medium,document2.pdf,4;5,verified,False,False,0.0,False,False,2,,True,C_SOURCE_TOP3_PAGE_ABSENT,Optimized retrieval,0.167,document1.pdf,5,2.5989,"{'semantic_score': 0.5388596653938293, 'course_boost': 0.0, 'intent_boost': 0.8, 'field_boost': 0.0, 'lexical_boost': 0.36, 'section_boost': 0.9, 'topic_plan_boost': 0.0, 'penalty': 0.0, 'metadata_penalty': 0.0, 'final_score': 2.5988596653938294}",document2.pdf,9,2.5958,"{'semantic_score': 0.5358186960220337, 'course_boost': 0.0, 'intent_boost': 0.8, 'field_boost': 0.0, 'lexical_boost': 0.36, 'section_boost': 0.9, 'topic_plan_boost': 0.0, 'penalty': 0.0, 'metadata_penalty': 0.0, 'final_score': 2.5958186960220337}",document3.pdf,6,2.3448,"{'semantic_score': 0.5247595310211182, 'course_boost': 0.0, 'intent_boost': 0.8, 'field_boost': 0.0, 'lexical_boost': 0.12, 'section_boost': 0.9, 'topic_plan_boost': 0.0, 'penalty': 0.0, 'metadata_penalty': 0.0, 'final_score': 2.344759531021118}"
Q021,What is the course code and title of the English course?,english,course_metadata,ENG (CSE) 101,easy,document3.pdf,1,verified,True,True,1.0,True,True,1,1,False,A_SOURCE_AND_PAGE_RANK1,Optimized retrieval,0.162,document3.pdf,1,3.6926,"{'semantic_score': 0.6325744390487671, 'course_boost': 1.0, 'intent_boost': 0.8, 'field_boost': 0.0, 'lexical_boost': 0.36, 'section_boost': 0.9, 'topic_plan_boost': 0.0, 'penalty': 0.0, 'metadata_penalty': 0.0, 'final_score': 3.6925744390487667}",document3.pdf,2,1.3525,"{'semantic_score': 0.5524505972862244, 'course_boost': 0.8, 'intent_boost': 0.0, 'field_boost': 0.0, 'lexical_boost': 0.0, 'section_boost': 0.0, 'topic_plan_boost': 0.0, 'penalty': 0.0, 'metadata_penalty': 0.0, 'final_score': 1.3524505972862244}",document2.pdf,1,1.4904,"{'semantic_score': 0.5503686666488647, 'course_boost': 0.0, 'intent_boost': 0.8, 'field_boost': 0.0, 'lexical_boost': 0.24, 'section_boost': 0.9, 'topic_plan_boost': 0.0, 'penalty': -1.0, 'metadata_penalty': 0.0, 'final_score': 1.4903686666488647}"
Q021,English কোর্সের কোর্স কোড এবং শিরোনাম কী?,bangla,course_metadata,ENG (CSE) 101,easy,document3.pdf,1,verified,True,True,1.0,True,True,1,1,False,A_SOURCE_AND_PAGE_RANK1,Optimized retrieval,0.159,document3.pdf,1,3.4443,"{'semantic_score': 0.6242852210998535, 'course_boost': 1.0, 'intent_boost': 0.8, 'field_boost': 0.0, 'lexical_boost': 0.12, 'section_boost': 0.9, 'topic_plan_boost': 0.0, 'penalty': 0.0, 'metadata_penalty': 0.0, 'final_score': 3.4442852210998534}",document3.pdf,2,1.3627,"{'semantic_score': 0.5627002716064453, 'course_boost': 0.8, 'intent_boost': 0.0, 'field_boost': 0.0, 'lexical_boost': 0.0, 'section_boost': 0.0, 'topic_plan_boost': 0.0, 'penalty': 0.0, 'metadata_penalty': 0.0, 'final_score': 1.3627002716064454}",document3.pdf,3,1.4823,"{'semantic_score': 0.5623295903205872, 'course_boost': 0.8, 'intent_boost': 0.0, 'field_boost': 0.0, 'lexical_boost': 0.12, 'section_boost': 0.0, 'topic_plan_boost': 0.0, 'penalty': 0.0, 'metadata_penalty': 0.0, 'final_score': 1.482329590320587}"
Q021,English course-er course code ebong title ki?,banglish,course_metadata,ENG (CSE) 101,easy,document3.pdf,1,verified,True,True,1.0,True,True,1,1,False,A_SOURCE_AND_PAGE_RANK1,Optimized retrieval,0.167,document3.pdf,1,3.5634,"{'semantic_score': 0.5034449696540833, 'course_boost': 1.0, 'intent_boost': 0.8, 'field_boost': 0.0, 'lexical_boost': 0.36, 'section_boost': 0.9, 'topic_plan_boost': 0.0, 'penalty': 0.0, 'metadata_penalty': 0.0, 'final_score': 3.563444969654083}",document2.pdf,1,1.3920,"{'semantic_score': 0.45198336243629456, 'course_boost': 0.0, 'intent_boost': 0.8, 'field_boost': 0.0, 'lexical_boost': 0.24, 'section_boost': 0.9, 'topic_plan_boost': 0.0, 'penalty': -1.0, 'metadata_penalty': 0.0, 'final_score': 1.3919833624362945}",document1.pdf,1,1.3693,"{'semantic_score': 0.4292936623096466, 'course_boost': 0.0, 'intent_boost': 0.8, 'field_boost': 0.0, 'lexical_boost': 0.24, 'section_boost': 0.9, 'topic_plan_boost': 0.0, 'penalty': -1.0, 'metadata_penalty': 0.0, 'final_score': 1.3692936623096466}"
Q022,What is the main objective of the English course?,english,course_objective,ENG (CSE) 101,medium,document3.pdf,1,verified,True,True,1.0,True,True,1,1,False,A_SOURCE_AND_PAGE_RANK1,Optimized retrieval,0.162,document3.pdf,1,3.5653,"{'semantic_score': 0.6253188848495483, 'course_boost': 1.0, 'intent_boost': 0.8, 'field_boost': 0.0, 'lexical_boost': 0.24, 'section_boost': 0.9, 'topic_plan_boost': 0.0, 'penalty': 0.0, 'metadata_penalty': 0.0, 'final_score': 3.5653188848495483}",document3.pdf,5,1.4682,"{'semantic_score': 0.5481587052345276, 'course_boost': 0.8, 'intent_boost': 0.0, 'field_boost': 0.0, 'lexical_boost': 0.12, 'section_boost': 0.0, 'topic_plan_boost': 0.0, 'penalty': 0.0, 'metadata_penalty': 0.0, 'final_score': 1.4681587052345275}",document3.pdf,3,1.4623,"{'semantic_score': 0.5423393845558167, 'course_boost': 0.8, 'intent_boost': 0.0, 'field_boost': 0.0, 'lexical_boost': 0.12, 'section_boost': 0.0, 'topic_plan_boost': 0.0, 'penalty': 0.0, 'metadata_penalty': 0.0, 'final_score': 1.4623393845558166}"
Q022,English কোর্সের প্রধান উদ্দেশ্য কী?,bangla,course_objective,ENG (CSE) 101,medium,document3.pdf,1,verified,True,True,1.0,True,True,1,1,False,A_SOURCE_AND_PAGE_RANK1,Optimized retrieval,0.156,document3.pdf,1,3.4361,"{'semantic_score': 0.6160995364189148, 'course_boost': 1.0, 'intent_boost': 0.8, 'field_boost': 0.0, 'lexical_boost': 0.12, 'section_boost': 0.9, 'topic_plan_boost': 0.0, 'penalty': 0.0, 'metadata_penalty': 0.0, 'final_score': 3.4360995364189146}",document3.pdf,3,1.4600,"{'semantic_score': 0.5400010943412781, 'course_boost': 0.8, 'intent_boost': 0.0, 'field_boost': 0.0, 'lexical_boost': 0.12, 'section_boost': 0.0, 'topic_plan_boost': 0.0, 'penalty': 0.0, 'metadata_penalty': 0.0, 'final_score': 1.460001094341278}",document3.pdf,5,1.4538,"{'semantic_score': 0.5338025689125061, 'course_boost': 0.8, 'intent_boost': 0.0, 'field_boost': 0.0, 'lexical_boost': 0.12, 'section_boost': 0.0, 'topic_plan_boost': 0.0, 'penalty': 0.0, 'metadata_penalty': 0.0, 'final_score': 1.453802568912506}"
Q022,English course-er main objective ki?,banglish,course_objective,ENG (CSE) 101,medium,document3.pdf,1,verified,True,True,1.0,True,True,1,1,False,A_SOURCE_AND_PAGE_RANK1,Optimized retrieval,0.166,document3.pdf,1,3.5299,"{'semantic_score': 0.5898951888084412, 'course_boost': 1.0, 'intent_boost': 0.8, 'field_boost': 0.0, 'lexical_boost': 0.24, 'section_boost': 0.9, 'topic_plan_boost': 0.0, 'penalty': 0.0, 'metadata_penalty': 0.0, 'final_score': 3.529895188808441}",document3.pdf,3,1.4464,"{'semantic_score': 0.5263501405715942, 'course_boost': 0.8, 'intent_boost': 0.0, 'field_boost': 0.0, 'lexical_boost': 0.12, 'section_boost': 0.0, 'topic_plan_boost': 0.0, 'penalty': 0.0, 'metadata_penalty': 0.0, 'final_score': 1.4463501405715942}",document3.pdf,5,1.4429,"{'semantic_score': 0.5229434967041016, 'course_boost': 0.8, 'intent_boost': 0.0, 'field_boost': 0.0, 'lexical_boost': 0.12, 'section_boost': 0.0, 'topic_plan_boost': 0.0, 'penalty': 0.0, 'metadata_penalty': 0.0, 'final_score': 1.4429434967041015}"
Q023,What is CLO 1 of the English course?,english,clo,ENG (CSE) 101,easy,document3.pdf,2,verified,False,True,0.5,True,False,1,2,False,B_SOURCE_TOP3_PAGE_NOT_RANK1,Optimized retrieval,0.182,document3.pdf,1,6.6452,"{'semantic_score': 0.5051743984222412, 'course_boost': 1.0, 'intent_boost': 0.8, 'field_boost': 3.2, 'lexical_boost': 0.24, 'section_boost': 0.9, 'topic_plan_boost': 0.0, 'penalty': 0.0, 'metadata_penalty': 0.0, 'final_score': 6.645174398422242}",document3.pdf,2,6.0075,"{'semantic_score': 0.6375001668930054, 'course_boost': 0.8, 'intent_boost': 0.8, 'field_boost': 3.2, 'lexical_boost': 0.12, 'section_boost': 0.45, 'topic_plan_boost': 0.0, 'penalty': 0.0, 'metadata_penalty': 0.0, 'final_score': 6.007500166893006}",document1.pdf,3,4.1874,"{'semantic_score': 0.6174246668815613, 'course_boost': 0.0, 'intent_boost': 0.8, 'field_boost': 3.2, 'lexical_boost': 0.12, 'section_boost': 0.45, 'topic_plan_boost': 0.0, 'penalty': -1.0, 'metadata_penalty': 0.0, 'final_score': 4.187424666881562}"
Q023,English কোর্সের CLO 1 কী?,bangla,clo,ENG (CSE) 101,easy,document3.pdf,2,verified,False,True,0.5,True,False,1,2,False,B_SOURCE_TOP3_PAGE_NOT_RANK1,Optimized retrieval,0.195,document3.pdf,1,6.6442,"{'semantic_score': 0.5041511654853821, 'course_boost': 1.0, 'intent_boost': 0.8, 'field_boost': 3.2, 'lexical_boost': 0.24, 'section_boost': 0.9, 'topic_plan_boost': 0.0, 'penalty': 0.0, 'metadata_penalty': 0.0, 'final_score': 6.644151165485383}",document3.pdf,2,6.0120,"{'semantic_score': 0.6419706344604492, 'course_boost': 0.8, 'intent_boost': 0.8, 'field_boost': 3.2, 'lexical_boost': 0.12, 'section_boost': 0.45, 'topic_plan_boost': 0.0, 'penalty': 0.0, 'metadata_penalty': 0.0, 'final_score': 6.01197063446045}",document3.pdf,3,6.1187,"{'semantic_score': 0.6287280917167664, 'course_boost': 0.8, 'intent_boost': 0.8, 'field_boost': 3.2, 'lexical_boost': 0.24, 'section_boost': 0.45, 'topic_plan_boost': 0.0, 'penalty': 0.0, 'metadata_penalty': 0.0, 'final_score': 6.1187280917167675}"
Q023,English course-er CLO 1 ki?,banglish,clo,ENG (CSE) 101,easy,document3.pdf,2,verified,False,True,0.5,True,False,1,2,False,B_SOURCE_TOP3_PAGE_NOT_RANK1,Optimized retrieval,0.209,document3.pdf,1,6.6440,"{'semantic_score': 0.5040044784545898, 'course_boost': 1.0, 'intent_boost': 0.8, 'field_boost': 3.2, 'lexical_boost': 0.24, 'section_boost': 0.9, 'topic_plan_boost': 0.0, 'penalty': 0.0, 'metadata_penalty': 0.0, 'final_score': 6.64400447845459}",document3.pdf,2,5.9765,"{'semantic_score': 0.6065120697021484, 'course_boost': 0.8, 'intent_boost': 0.8, 'field_boost': 3.2, 'lexical_boost': 0.12, 'section_boost': 0.45, 'topic_plan_boost': 0.0, 'penalty': 0.0, 'metadata_penalty': 0.0, 'final_score': 5.976512069702149}",document3.pdf,3,6.0808,"{'semantic_score': 0.5907880663871765, 'course_boost': 0.8, 'intent_boost': 0.8, 'field_boost': 3.2, 'lexical_boost': 0.24, 'section_boost': 0.45, 'topic_plan_boost': 0.0, 'penalty': 0.0, 'metadata_penalty': 0.0, 'final_score': 6.080788066387178}"
Q024,What is CLO 2 of the English course?,english,clo,ENG (CSE) 101,easy,document3.pdf,2,verified,False,True,0.5,True,False,1,2,False,B_SOURCE_TOP3_PAGE_NOT_RANK1,Optimized retrieval,0.184,document3.pdf,1,6.6107,"{'semantic_score': 0.4707490801811218, 'course_boost': 1.0, 'intent_boost': 0.8, 'field_boost': 3.2, 'lexical_boost': 0.24, 'section_boost': 0.9, 'topic_plan_boost': 0.0, 'penalty': 0.0, 'metadata_penalty': 0.0, 'final_score': 6.610749080181122}",document3.pdf,2,5.9909,"{'semantic_score': 0.6209050416946411, 'course_boost': 0.8, 'intent_boost': 0.8, 'field_boost': 3.2, 'lexical_boost': 0.12, 'section_boost': 0.45, 'topic_plan_boost': 0.0, 'penalty': 0.0, 'metadata_penalty': 0.0, 'final_score': 5.990905041694642}",document1.pdf,2,4.1710,"{'semantic_score': 0.6010051369667053, 'course_boost': 0.0, 'intent_boost': 0.8, 'field_boost': 3.2, 'lexical_boost': 0.12, 'section_boost': 0.45, 'topic_plan_boost': 0.0, 'penalty': -1.0, 'metadata_penalty': 0.0, 'final_score': 4.171005136966706}"
Q024,English কোর্সের CLO 2 কী?,bangla,clo,ENG (CSE) 101,easy,document3.pdf,2,verified,False,True,0.5,True,False,1,2,False,B_SOURCE_TOP3_PAGE_NOT_RANK1,Optimized retrieval,0.171,document3.pdf,1,6.6006,"{'semantic_score': 0.46059727668762207, 'course_boost': 1.0, 'intent_boost': 0.8, 'field_boost': 3.2, 'lexical_boost': 0.24, 'section_boost': 0.9, 'topic_plan_boost': 0.0, 'penalty': 0.0, 'metadata_penalty': 0.0, 'final_score': 6.600597276687623}",document3.pdf,2,5.9927,"{'semantic_score': 0.6226507425308228, 'course_boost': 0.8, 'intent_boost': 0.8, 'field_boost': 3.2, 'lexical_boost': 0.12, 'section_boost': 0.45, 'topic_plan_boost': 0.0, 'penalty': 0.0, 'metadata_penalty': 0.0, 'final_score': 5.992650742530824}",document1.pdf,2,4.1716,"{'semantic_score': 0.6015989780426025, 'course_boost': 0.0, 'intent_boost': 0.8, 'field_boost': 3.2, 'lexical_boost': 0.12, 'section_boost': 0.45, 'topic_plan_boost': 0.0, 'penalty': -1.0, 'metadata_penalty': 0.0, 'final_score': 4.171598978042603}"
Q024,English course-er CLO 2 ki?,banglish,clo,ENG (CSE) 101,easy,document3.pdf,2,verified,False,True,0.5,True,False,1,2,False,B_SOURCE_TOP3_PAGE_NOT_RANK1,Optimized retrieval,0.197,document3.pdf,1,6.6115,"{'semantic_score': 0.47146642208099365, 'course_boost': 1.0, 'intent_boost': 0.8, 'field_boost': 3.2, 'lexical_boost': 0.24, 'section_boost': 0.9, 'topic_plan_boost': 0.0, 'penalty': 0.0, 'metadata_penalty': 0.0, 'final_score': 6.611466422080994}",document3.pdf,2,5.9603,"{'semantic_score': 0.5903342962265015, 'course_boost': 0.8, 'intent_boost': 0.8, 'field_boost': 3.2, 'lexical_boost': 0.12, 'section_boost': 0.45, 'topic_plan_boost': 0.0, 'penalty': 0.0, 'metadata_penalty': 0.0, 'final_score': 5.9603342962265025}",document1.pdf,2,4.1250,"{'semantic_score': 0.5549571514129639, 'course_boost': 0.0, 'intent_boost': 0.8, 'field_boost': 3.2, 'lexical_boost': 0.12, 'section_boost': 0.45, 'topic_plan_boost': 0.0, 'penalty': -1.0, 'metadata_penalty': 0.0, 'final_score': 4.124957151412964}"
Q025,What is CLO 3 of the English course?,english,clo,ENG (CSE) 101,easy,document3.pdf,2,verified,False,True,0.5,True,False,1,2,False,B_SOURCE_TOP3_PAGE_NOT_RANK1,Optimized retrieval,0.209,document3.pdf,1,6.6115,"{'semantic_score': 0.4715484380722046, 'course_boost': 1.0, 'intent_boost': 0.8, 'field_boost': 3.2, 'lexical_boost': 0.24, 'section_boost': 0.9, 'topic_plan_boost': 0.0, 'penalty': 0.0, 'metadata_penalty': 0.0, 'final_score': 6.611548438072205}",document3.pdf,2,5.9843,"{'semantic_score': 0.6142899394035339, 'course_boost': 0.8, 'intent_boost': 0.8, 'field_boost': 3.2, 'lexical_boost': 0.12, 'section_boost': 0.45, 'topic_plan_boost': 0.0, 'penalty': 0.0, 'metadata_penalty': 0.0, 'final_score': 5.984289939403535}",document1.pdf,3,4.1403,"{'semantic_score': 0.5702590346336365, 'course_boost': 0.0, 'intent_boost': 0.8, 'field_boost': 3.2, 'lexical_boost': 0.12, 'section_boost': 0.45, 'topic_plan_boost': 0.0, 'penalty': -1.0, 'metadata_penalty': 0.0, 'final_score': 4.140259034633637}"
Q025,English কোর্সের CLO 3 কী?,bangla,clo,ENG (CSE) 101,easy,document3.pdf,2,verified,False,True,0.5,True,False,1,2,False,B_SOURCE_TOP3_PAGE_NOT_RANK1,Optimized retrieval,0.172,document3.pdf,1,6.6038,"{'semantic_score': 0.46382802724838257, 'course_boost': 1.0, 'intent_boost': 0.8, 'field_boost': 3.2, 'lexical_boost': 0.24, 'section_boost': 0.9, 'topic_plan_boost': 0.0, 'penalty': 0.0, 'metadata_penalty': 0.0, 'final_score': 6.603828027248383}",document3.pdf,2,5.9877,"{'semantic_score': 0.6177160739898682, 'course_boost': 0.8, 'intent_boost': 0.8, 'field_boost': 3.2, 'lexical_boost': 0.12, 'section_boost': 0.45, 'topic_plan_boost': 0.0, 'penalty': 0.0, 'metadata_penalty': 0.0, 'final_score': 5.987716073989869}",document1.pdf,3,4.1458,"{'semantic_score': 0.5757519602775574, 'course_boost': 0.0, 'intent_boost': 0.8, 'field_boost': 3.2, 'lexical_boost': 0.12, 'section_boost': 0.45, 'topic_plan_boost': 0.0, 'penalty': -1.0, 'metadata_penalty': 0.0, 'final_score': 4.145751960277558}"
Q025,English course-er CLO 3 ki?,banglish,clo,ENG (CSE) 101,easy,document3.pdf,2,verified,False,True,0.5,True,False,1,2,False,B_SOURCE_TOP3_PAGE_NOT_RANK1,Optimized retrieval,0.200,document3.pdf,1,6.6112,"{'semantic_score': 0.47119617462158203, 'course_boost': 1.0, 'intent_boost': 0.8, 'field_boost': 3.2, 'lexical_boost': 0.24, 'section_boost': 0.9, 'topic_plan_boost': 0.0, 'penalty': 0.0, 'metadata_penalty': 0.0, 'final_score': 6.611196174621583}",document3.pdf,2,5.9493,"{'semantic_score': 0.5792648792266846, 'course_boost': 0.8, 'intent_boost': 0.8, 'field_boost': 3.2, 'lexical_boost': 0.12, 'section_boost': 0.45, 'topic_plan_boost': 0.0, 'penalty': 0.0, 'metadata_penalty': 0.0, 'final_score': 5.949264879226686}",document3.pdf,3,6.0147,"{'semantic_score': 0.5246956944465637, 'course_boost': 0.8, 'intent_boost': 0.8, 'field_boost': 3.2, 'lexical_boost': 0.24, 'section_boost': 0.45, 'topic_plan_boost': 0.0, 'penalty': 0.0, 'metadata_penalty': 0.0, 'final_score': 6.014695694446565}"
Q026,What is CLO 4 of the English course?,english,clo,ENG (CSE) 101,easy,document3.pdf,2,verified,False,True,0.5,True,False,1,2,False,B_SOURCE_TOP3_PAGE_NOT_RANK1,Optimized retrieval,0.207,document3.pdf,1,6.6199,"{'semantic_score': 0.47992151975631714, 'course_boost': 1.0, 'intent_boost': 0.8, 'field_boost': 3.2, 'lexical_boost': 0.24, 'section_boost': 0.9, 'topic_plan_boost': 0.0, 'penalty': 0.0, 'metadata_penalty': 0.0, 'final_score': 6.619921519756318}",document3.pdf,2,5.9710,"{'semantic_score': 0.601006805896759, 'course_boost': 0.8, 'intent_boost': 0.8, 'field_boost': 3.2, 'lexical_boost': 0.12, 'section_boost': 0.45, 'topic_plan_boost': 0.0, 'penalty': 0.0, 'metadata_penalty': 0.0, 'final_score': 5.97100680589676}",document1.pdf,3,4.1408,"{'semantic_score': 0.5708478093147278, 'course_boost': 0.0, 'intent_boost': 0.8, 'field_boost': 3.2, 'lexical_boost': 0.12, 'section_boost': 0.45, 'topic_plan_boost': 0.0, 'penalty': -1.0, 'metadata_penalty': 0.0, 'final_score': 4.140847809314728}"
Q026,English কোর্সের CLO 4 কী?,bangla,clo,ENG (CSE) 101,easy,document3.pdf,2,verified,False,True,0.5,True,False,1,2,False,B_SOURCE_TOP3_PAGE_NOT_RANK1,Optimized retrieval,0.188,document3.pdf,1,6.6106,"{'semantic_score': 0.47061097621917725, 'course_boost': 1.0, 'intent_boost': 0.8, 'field_boost': 3.2, 'lexical_boost': 0.24, 'section_boost': 0.9, 'topic_plan_boost': 0.0, 'penalty': 0.0, 'metadata_penalty': 0.0, 'final_score': 6.610610976219178}",document3.pdf,2,5.9738,"{'semantic_score': 0.603795051574707, 'course_boost': 0.8, 'intent_boost': 0.8, 'field_boost': 3.2, 'lexical_boost': 0.12, 'section_boost': 0.45, 'topic_plan_boost': 0.0, 'penalty': 0.0, 'metadata_penalty': 0.0, 'final_score': 5.973795051574708}",document1.pdf,3,4.1480,"{'semantic_score': 0.5780084729194641, 'course_boost': 0.0, 'intent_boost': 0.8, 'field_boost': 3.2, 'lexical_boost': 0.12, 'section_boost': 0.45, 'topic_plan_boost': 0.0, 'penalty': -1.0, 'metadata_penalty': 0.0, 'final_score': 4.148008472919464}"
Q026,English course-er CLO 4 ki?,banglish,clo,ENG (CSE) 101,easy,document3.pdf,2,verified,False,True,0.5,True,False,1,2,False,B_SOURCE_TOP3_PAGE_NOT_RANK1,Optimized retrieval,0.187,document3.pdf,1,6.6318,"{'semantic_score': 0.49181467294692993, 'course_boost': 1.0, 'intent_boost': 0.8, 'field_boost': 3.2, 'lexical_boost': 0.24, 'section_boost': 0.9, 'topic_plan_boost': 0.0, 'penalty': 0.0, 'metadata_penalty': 0.0, 'final_score': 6.6318146729469305}",document3.pdf,2,5.9577,"{'semantic_score': 0.5877078771591187, 'course_boost': 0.8, 'intent_boost': 0.8, 'field_boost': 3.2, 'lexical_boost': 0.12, 'section_boost': 0.45, 'topic_plan_boost': 0.0, 'penalty': 0.0, 'metadata_penalty': 0.0, 'final_score': 5.95770787715912}",document1.pdf,3,4.1162,"{'semantic_score': 0.5461515188217163, 'course_boost': 0.0, 'intent_boost': 0.8, 'field_boost': 3.2, 'lexical_boost': 0.12, 'section_boost': 0.45, 'topic_plan_boost': 0.0, 'penalty': -1.0, 'metadata_penalty': 0.0, 'final_score': 4.116151518821717}"
Q027,What grammar topic is introduced in Week 1?,english,weekly_content,ENG (CSE) 101,medium,document3.pdf,3;4,verified,True,True,1.0,True,True,1,1,True,A_SOURCE_AND_PAGE_RANK1,Optimized retrieval,0.179,document3.pdf,3,9.7086,"{'semantic_score': 0.5885597467422485, 'course_boost': 0.8, 'intent_boost': 0.8, 'field_boost': 3.2, 'lexical_boost': 0.12, 'section_boost': 0.9, 'topic_plan_boost': 3.3000000000000003, 'penalty': 0.0, 'metadata_penalty': 0.0, 'final_score': 9.70855974674225}",document3.pdf,4,4.9314,"{'semantic_score': 0.5613798499107361, 'course_boost': 0.8, 'intent_boost': 0.8, 'field_boost': 0.0, 'lexical_boost': 0.12, 'section_boost': 0.45, 'topic_plan_boost': 2.2, 'penalty': 0.0, 'metadata_penalty': 0.0, 'final_score': 4.931379849910737}",document1.pdf,3,7.8380,"{'semantic_score': 0.5179920196533203, 'course_boost': 0.0, 'intent_boost': 0.8, 'field_boost': 3.2, 'lexical_boost': 0.12, 'section_boost': 0.9, 'topic_plan_boost': 3.3000000000000003, 'penalty': -1.0, 'metadata_penalty': 0.0, 'final_score': 7.837992019653321}"
Q027,Week 1-এ কোন Grammar Topic পড়ানো হয়?,bangla,weekly_content,ENG (CSE) 101,medium,document3.pdf,3;4,verified,True,True,1.0,True,True,1,1,True,A_SOURCE_AND_PAGE_RANK1,Optimized retrieval,0.171,document3.pdf,3,9.7456,"{'semantic_score': 0.6255564093589783, 'course_boost': 0.8, 'intent_boost': 0.8, 'field_boost': 3.2, 'lexical_boost': 0.12, 'section_boost': 0.9, 'topic_plan_boost': 3.3000000000000003, 'penalty': 0.0, 'metadata_penalty': 0.0, 'final_score': 9.74555640935898}",document3.pdf,4,4.9743,"{'semantic_score': 0.6042916178703308, 'course_boost': 0.8, 'intent_boost': 0.8, 'field_boost': 0.0, 'lexical_boost': 0.12, 'section_boost': 0.45, 'topic_plan_boost': 2.2, 'penalty': 0.0, 'metadata_penalty': 0.0, 'final_score': 4.974291617870332}",document1.pdf,3,7.8958,"{'semantic_score': 0.5758295655250549, 'course_boost': 0.0, 'intent_boost': 0.8, 'field_boost': 3.2, 'lexical_boost': 0.12, 'section_boost': 0.9, 'topic_plan_boost': 3.3000000000000003, 'penalty': -1.0, 'metadata_penalty': 0.0, 'final_score': 7.895829565525055}"
Q027,Week 1-e kon Grammar Topic porano hoy?,banglish,weekly_content,ENG (CSE) 101,medium,document3.pdf,3;4,verified,True,True,1.0,True,True,1,1,True,A_SOURCE_AND_PAGE_RANK1,Optimized retrieval,0.173,document3.pdf,3,9.6692,"{'semantic_score': 0.5492286682128906, 'course_boost': 0.8, 'intent_boost': 0.8, 'field_boost': 3.2, 'lexical_boost': 0.12, 'section_boost': 0.9, 'topic_plan_boost': 3.3000000000000003, 'penalty': 0.0, 'metadata_penalty': 0.0, 'final_score': 9.669228668212892}",document3.pdf,4,4.9096,"{'semantic_score': 0.5395517349243164, 'course_boost': 0.8, 'intent_boost': 0.8, 'field_boost': 0.0, 'lexical_boost': 0.12, 'section_boost': 0.45, 'topic_plan_boost': 2.2, 'penalty': 0.0, 'metadata_penalty': 0.0, 'final_score': 4.909551734924317}",document1.pdf,3,7.8354,"{'semantic_score': 0.515396237373352, 'course_boost': 0.0, 'intent_boost': 0.8, 'field_boost': 3.2, 'lexical_boost': 0.12, 'section_boost': 0.9, 'topic_plan_boost': 3.3000000000000003, 'penalty': -1.0, 'metadata_penalty': 0.0, 'final_score': 7.835396237373352}"
Q028,What topics are covered in Week 2?,english,weekly_content,ENG (CSE) 101,medium,document3.pdf,3;4,verified,False,True,0.5,False,False,2,2,True,B_SOURCE_TOP3_PAGE_NOT_RANK1,Optimized retrieval,0.178,document1.pdf,3,5.7327,"{'semantic_score': 0.49268054962158203, 'course_boost': 0.0, 'intent_boost': 0.8, 'field_boost': 0.0, 'lexical_boost': 0.24, 'section_boost': 0.9, 'topic_plan_boost': 3.3000000000000003, 'penalty': 0.0, 'metadata_penalty': 0.0, 'final_score': 5.732680549621582}",document3.pdf,4,4.0982,"{'semantic_score': 0.5281897783279419, 'course_boost': 0.0, 'intent_boost': 0.8, 'field_boost': 0.0, 'lexical_boost': 0.12, 'section_boost': 0.45, 'topic_plan_boost': 2.2, 'penalty': 0.0, 'metadata_penalty': 0.0, 'final_score': 4.098189778327942}",document2.pdf,5,4.0797,"{'semantic_score': 0.5096616148948669, 'course_boost': 0.0, 'intent_boost': 0.8, 'field_boost': 0.0, 'lexical_boost': 0.12, 'section_boost': 0.45, 'topic_plan_boost': 2.2, 'penalty': 0.0, 'metadata_penalty': 0.0, 'final_score': 4.079661614894867}"
Q028,Week 2-এ কোন কোন বিষয় পড়ানো হয়?,bangla,weekly_content,ENG (CSE) 101,medium,document3.pdf,3;4,verified,True,True,1.0,True,True,1,1,True,A_SOURCE_AND_PAGE_RANK1,Optimized retrieval,0.167,document3.pdf,3,5.6967,"{'semantic_score': 0.5767076015472412, 'course_boost': 0.0, 'intent_boost': 0.8, 'field_boost': 0.0, 'lexical_boost': 0.12, 'section_boost': 0.9, 'topic_plan_boost': 3.3000000000000003, 'penalty': 0.0, 'metadata_penalty': 0.0, 'final_score': 5.696707601547241}",document3.pdf,4,4.1651,"{'semantic_score': 0.5950981378555298, 'course_boost': 0.0, 'intent_boost': 0.8, 'field_boost': 0.0, 'lexical_boost': 0.12, 'section_boost': 0.45, 'topic_plan_boost': 2.2, 'penalty': 0.0, 'metadata_penalty': 0.0, 'final_score': 4.16509813785553}",document2.pdf,5,4.1478,"{'semantic_score': 0.5778311491012573, 'course_boost': 0.0, 'intent_boost': 0.8, 'field_boost': 0.0, 'lexical_boost': 0.12, 'section_boost': 0.45, 'topic_plan_boost': 2.2, 'penalty': 0.0, 'metadata_penalty': 0.0, 'final_score': 4.147831149101258}"
Q028,Week 2-e kon kon topic porano hoy?,banglish,weekly_content,ENG (CSE) 101,medium,document3.pdf,3;4,verified,True,True,1.0,True,True,1,1,True,A_SOURCE_AND_PAGE_RANK1,Optimized retrieval,0.163,document3.pdf,3,5.5296,"{'semantic_score': 0.40963202714920044, 'course_boost': 0.0, 'intent_boost': 0.8, 'field_boost': 0.0, 'lexical_boost': 0.12, 'section_boost': 0.9, 'topic_plan_boost': 3.3000000000000003, 'penalty': 0.0, 'metadata_penalty': 0.0, 'final_score': 5.5296320271492005}",document3.pdf,4,4.0100,"{'semantic_score': 0.4399689733982086, 'course_boost': 0.0, 'intent_boost': 0.8, 'field_boost': 0.0, 'lexical_boost': 0.12, 'section_boost': 0.45, 'topic_plan_boost': 2.2, 'penalty': 0.0, 'metadata_penalty': 0.0, 'final_score': 4.009968973398209}",document2.pdf,5,4.0054,"{'semantic_score': 0.4353550672531128, 'course_boost': 0.0, 'intent_boost': 0.8, 'field_boost': 0.0, 'lexical_boost': 0.12, 'section_boost': 0.45, 'topic_plan_boost': 2.2, 'penalty': 0.0, 'metadata_penalty': 0.0, 'final_score': 4.005355067253113}"
Q029,What reading techniques are included in the course?,english,topics,ENG (CSE) 101,medium,document3.pdf,3;4,verified,False,False,0.0,True,False,1,,True,C_SOURCE_TOP3_PAGE_ABSENT,Optimized retrieval,0.162,document3.pdf,2,5.4103,"{'semantic_score': 0.5903480648994446, 'course_boost': 0.8, 'intent_boost': 0.8, 'field_boost': 0.0, 'lexical_boost': 0.12, 'section_boost': 0.9, 'topic_plan_boost': 2.2, 'penalty': 0.0, 'metadata_penalty': 0.0, 'final_score': 5.410348064899445}",document3.pdf,5,1.5334,"{'semantic_score': 0.593407392501831, 'course_boost': 0.8, 'intent_boost': 0.8, 'field_boost': 0.0, 'lexical_boost': 0.24, 'section_boost': 0.9, 'topic_plan_boost': -1.8, 'penalty': 0.0, 'metadata_penalty': 0.0, 'final_score': 1.5334073925018308}",document2.pdf,2,1.2748,"{'semantic_score': 0.5747767686843872, 'course_boost': 0.0, 'intent_boost': 0.8, 'field_boost': 0.0, 'lexical_boost': 0.0, 'section_boost': 0.9, 'topic_plan_boost': 0.0, 'penalty': -1.0, 'metadata_penalty': 0.0, 'final_score': 1.2747767686843874}"
Q029,কোর্সে কোন কোন Reading Technique অন্তর্ভুক্ত রয়েছে?,bangla,topics,ENG (CSE) 101,medium,document3.pdf,3;4,verified,False,False,0.0,True,False,1,,True,C_SOURCE_TOP3_PAGE_ABSENT,Optimized retrieval,0.174,document3.pdf,2,5.3651,"{'semantic_score': 0.5451261401176453, 'course_boost': 0.8, 'intent_boost': 0.8, 'field_boost': 0.0, 'lexical_boost': 0.12, 'section_boost': 0.9, 'topic_plan_boost': 2.2, 'penalty': 0.0, 'metadata_penalty': 0.0, 'final_score': 5.3651261401176455}",document3.pdf,5,1.5050,"{'semantic_score': 0.5649832487106323, 'course_boost': 0.8, 'intent_boost': 0.8, 'field_boost': 0.0, 'lexical_boost': 0.24, 'section_boost': 0.9, 'topic_plan_boost': -1.8, 'penalty': 0.0, 'metadata_penalty': 0.0, 'final_score': 1.504983248710632}",document1.pdf,4,0.1039,"{'semantic_score': 0.5538711547851562, 'course_boost': 0.0, 'intent_boost': 0.8, 'field_boost': 0.0, 'lexical_boost': 0.0, 'section_boost': 0.45, 'topic_plan_boost': -0.7, 'penalty': -1.0, 'metadata_penalty': 0.0, 'final_score': 0.1038711547851563}"
Q029,Course-e kon kon Reading Technique include kora hoyeche?,banglish,topics,ENG (CSE) 101,medium,document3.pdf,3;4,verified,False,False,0.0,True,False,1,,True,C_SOURCE_TOP3_PAGE_ABSENT,Optimized retrieval,0.174,document3.pdf,2,5.2675,"{'semantic_score': 0.44751521944999695, 'course_boost': 0.8, 'intent_boost': 0.8, 'field_boost': 0.0, 'lexical_boost': 0.12, 'section_boost': 0.9, 'topic_plan_boost': 2.2, 'penalty': 0.0, 'metadata_penalty': 0.0, 'final_score': 5.267515219449997}",document1.pdf,4,0.0274,"{'semantic_score': 0.47735315561294556, 'course_boost': 0.0, 'intent_boost': 0.8, 'field_boost': 0.0, 'lexical_boost': 0.0, 'section_boost': 0.45, 'topic_plan_boost': -0.7, 'penalty': -1.0, 'metadata_penalty': 0.0, 'final_score': 0.0273531556129456}",document1.pdf,3,3.3527,"{'semantic_score': 0.4527052044868469, 'course_boost': 0.0, 'intent_boost': 0.8, 'field_boost': 0.0, 'lexical_boost': 0.0, 'section_boost': 0.9, 'topic_plan_boost': 2.2, 'penalty': -1.0, 'metadata_penalty': 0.0, 'final_score': 3.3527052044868473}"
Q030,What types of formal letters are included in the course?,english,topics,ENG (CSE) 101,medium,document3.pdf,3;4,verified,False,False,0.0,True,False,1,,True,C_SOURCE_TOP3_PAGE_ABSENT,Optimized retrieval,0.192,document3.pdf,2,5.3855,"{'semantic_score': 0.5655364990234375, 'course_boost': 0.8, 'intent_boost': 0.8, 'field_boost': 0.0, 'lexical_boost': 0.12, 'section_boost': 0.9, 'topic_plan_boost': 2.2, 'penalty': 0.0, 'metadata_penalty': 0.0, 'final_score': 5.385536499023438}",document3.pdf,5,1.5578,"{'semantic_score': 0.6178351640701294, 'course_boost': 0.8, 'intent_boost': 0.8, 'field_boost': 0.0, 'lexical_boost': 0.24, 'section_boost': 0.9, 'topic_plan_boost': -1.8, 'penalty': 0.0, 'metadata_penalty': 0.0, 'final_score': 1.5578351640701291}",document3.pdf,1,1.4499,"{'semantic_score': 0.5599257946014404, 'course_boost': 1.0, 'intent_boost': 0.8, 'field_boost': 0.0, 'lexical_boost': 0.24, 'section_boost': 0.45, 'topic_plan_boost': 0.0, 'penalty': 0.0, 'metadata_penalty': -1.6, 'final_score': 1.4499257946014406}"
Q030,কোর্সে কোন কোন ধরনের Formal Letter অন্তর্ভুক্ত রয়েছে?,bangla,topics,ENG (CSE) 101,medium,document3.pdf,3;4,verified,False,False,0.0,True,False,1,,True,C_SOURCE_TOP3_PAGE_ABSENT,Optimized retrieval,0.182,document3.pdf,1,5.9851,"{'semantic_score': 0.5350542068481445, 'course_boost': 1.0, 'intent_boost': 0.8, 'field_boost': 3.2, 'lexical_boost': 0.0, 'section_boost': 0.45, 'topic_plan_boost': 0.0, 'penalty': 0.0, 'metadata_penalty': 0.0, 'final_score': 5.985054206848145}",document3.pdf,5,1.6403,"{'semantic_score': 0.6002838611602783, 'course_boost': 0.8, 'intent_boost': 0.0, 'field_boost': 0.0, 'lexical_boost': 0.24, 'section_boost': 0.0, 'topic_plan_boost': 0.0, 'penalty': 0.0, 'metadata_penalty': 0.0, 'final_score': 1.6402838611602784}",document3.pdf,2,1.4845,"{'semantic_score': 0.56454998254776, 'course_boost': 0.8, 'intent_boost': 0.0, 'field_boost': 0.0, 'lexical_boost': 0.12, 'section_boost': 0.0, 'topic_plan_boost': 0.0, 'penalty': 0.0, 'metadata_penalty': 0.0, 'final_score': 1.48454998254776}"
Q030,Course-e kon kon dhoroner Formal Letter include kora hoyeche?,banglish,topics,ENG (CSE) 101,medium,document3.pdf,3;4,verified,False,False,0.0,True,False,1,,True,C_SOURCE_TOP3_PAGE_ABSENT,Optimized retrieval,0.208,document3.pdf,2,5.2265,"{'semantic_score': 0.406538724899292, 'course_boost': 0.8, 'intent_boost': 0.8, 'field_boost': 0.0, 'lexical_boost': 0.12, 'section_boost': 0.9, 'topic_plan_boost': 2.2, 'penalty': 0.0, 'metadata_penalty': 0.0, 'final_score': 5.226538724899292}",document3.pdf,5,1.3775,"{'semantic_score': 0.437546044588089, 'course_boost': 0.8, 'intent_boost': 0.8, 'field_boost': 0.0, 'lexical_boost': 0.24, 'section_boost': 0.9, 'topic_plan_boost': -1.8, 'penalty': 0.0, 'metadata_penalty': 0.0, 'final_score': 1.3775460445880887}",document2.pdf,2,1.0865,"{'semantic_score': 0.3864619731903076, 'course_boost': 0.0, 'intent_boost': 0.8, 'field_boost': 0.0, 'lexical_boost': 0.0, 'section_boost': 0.9, 'topic_plan_boost': 0.0, 'penalty': -1.0, 'metadata_penalty': 0.0, 'final_score': 1.0864619731903078}"
Q031,What is taught under the Email Writing topic?,english,topics,ENG (CSE) 101,medium,document3.pdf,3;4,verified,False,True,0.3333333333333333,True,False,1,3,True,B_SOURCE_TOP3_PAGE_NOT_RANK1,Optimized retrieval,0.201,document3.pdf,2,5.9703,"{'semantic_score': 0.510284423828125, 'course_boost': 0.8, 'intent_boost': 0.8, 'field_boost': 0.4, 'lexical_boost': 0.36, 'section_boost': 0.9, 'topic_plan_boost': 2.2, 'penalty': 0.0, 'metadata_penalty': 0.0, 'final_score': 5.970284423828125}",document3.pdf,5,2.0500,"{'semantic_score': 0.5899551510810852, 'course_boost': 0.8, 'intent_boost': 0.8, 'field_boost': 0.4, 'lexical_boost': 0.36, 'section_boost': 0.9, 'topic_plan_boost': -1.8, 'penalty': 0.0, 'metadata_penalty': 0.0, 'final_score': 2.049955151081085}",document3.pdf,3,5.4235,"{'semantic_score': 0.5335298180580139, 'course_boost': 0.8, 'intent_boost': 0.8, 'field_boost': 0.4, 'lexical_boost': 0.24, 'section_boost': 0.45, 'topic_plan_boost': 2.2, 'penalty': 0.0, 'metadata_penalty': 0.0, 'final_score': 5.4235298180580145}"
Q031,Email Writing-এর অধীনে কী শেখানো হয়?,bangla,topics,ENG (CSE) 101,medium,document3.pdf,3;4,verified,False,True,0.3333333333333333,True,False,1,3,True,B_SOURCE_TOP3_PAGE_NOT_RANK1,Optimized retrieval,0.204,document3.pdf,2,5.4268,"{'semantic_score': 0.48681116104125977, 'course_boost': 0.8, 'intent_boost': 0.8, 'field_boost': 0.0, 'lexical_boost': 0.24, 'section_boost': 0.9, 'topic_plan_boost': 2.2, 'penalty': 0.0, 'metadata_penalty': 0.0, 'final_score': 5.426811161041259}",document3.pdf,5,1.5101,"{'semantic_score': 0.5701414346694946, 'course_boost': 0.8, 'intent_boost': 0.8, 'field_boost': 0.0, 'lexical_boost': 0.24, 'section_boost': 0.9, 'topic_plan_boost': -1.8, 'penalty': 0.0, 'metadata_penalty': 0.0, 'final_score': 1.5101414346694944}",document3.pdf,3,5.0220,"{'semantic_score': 0.5320274829864502, 'course_boost': 0.8, 'intent_boost': 0.8, 'field_boost': 0.0, 'lexical_boost': 0.24, 'section_boost': 0.45, 'topic_plan_boost': 2.2, 'penalty': 0.0, 'metadata_penalty': 0.0, 'final_score': 5.02202748298645}"
Q031,Email Writing-er under-e ki shekhano hoy?,banglish,topics,ENG (CSE) 101,medium,document3.pdf,3;4,verified,False,False,0.0,True,False,1,,True,C_SOURCE_TOP3_PAGE_ABSENT,Optimized retrieval,0.206,document3.pdf,2,5.6909,"{'semantic_score': 0.35086220502853394, 'course_boost': 0.8, 'intent_boost': 0.8, 'field_boost': 0.4, 'lexical_boost': 0.24, 'section_boost': 0.9, 'topic_plan_boost': 2.2, 'penalty': 0.0, 'metadata_penalty': 0.0, 'final_score': 5.690862205028534}",document3.pdf,5,1.7298,"{'semantic_score': 0.3898499310016632, 'course_boost': 0.8, 'intent_boost': 0.8, 'field_boost': 0.4, 'lexical_boost': 0.24, 'section_boost': 0.9, 'topic_plan_boost': -1.8, 'penalty': 0.0, 'metadata_penalty': 0.0, 'final_score': 1.7298499310016633}",document3.pdf,1,1.1366,"{'semantic_score': 0.3665826618671417, 'course_boost': 1.0, 'intent_boost': 0.8, 'field_boost': 0.0, 'lexical_boost': 0.12, 'section_boost': 0.45, 'topic_plan_boost': 0.0, 'penalty': 0.0, 'metadata_penalty': -1.6, 'final_score': 1.1365826618671417}"
Q032,What topic is covered after the Mid-Term Examination?,english,weekly_content,ENG (CSE) 101,medium,document3.pdf,3;4,verified,False,True,0.5,False,False,2,2,True,B_SOURCE_TOP3_PAGE_NOT_RANK1,Optimized retrieval,0.213,document1.pdf,3,4.7623,"{'semantic_score': 0.5022781491279602, 'course_boost': 0.0, 'intent_boost': 0.8, 'field_boost': 0.0, 'lexical_boost': 0.36, 'section_boost': 0.9, 'topic_plan_boost': 2.2, 'penalty': 0.0, 'metadata_penalty': 0.0, 'final_score': 4.76227814912796}",document3.pdf,4,2.0678,"{'semantic_score': 0.6077790260314941, 'course_boost': 0.0, 'intent_boost': 0.0, 'field_boost': 0.0, 'lexical_boost': 0.36, 'section_boost': 0.0, 'topic_plan_boost': 1.1, 'penalty': 0.0, 'metadata_penalty': 0.0, 'final_score': 2.067779026031494}",document3.pdf,5,0.8404,"{'semantic_score': 0.580384373664856, 'course_boost': 0.0, 'intent_boost': 0.8, 'field_boost': 0.0, 'lexical_boost': 0.36, 'section_boost': 0.9, 'topic_plan_boost': -1.8, 'penalty': 0.0, 'metadata_penalty': 0.0, 'final_score': 0.840384373664856}"
Q032,Mid-Term Examination-এর পর কোন বিষয় পড়ানো হয়?,bangla,weekly_content,ENG (CSE) 101,medium,document3.pdf,3;4,verified,False,True,0.5,False,False,2,2,True,B_SOURCE_TOP3_PAGE_NOT_RANK1,Optimized retrieval,0.211,document1.pdf,3,4.7914,"{'semantic_score': 0.5313608646392822, 'course_boost': 0.0, 'intent_boost': 0.8, 'field_boost': 0.0, 'lexical_boost': 0.36, 'section_boost': 0.9, 'topic_plan_boost': 2.2, 'penalty': 0.0, 'metadata_penalty': 0.0, 'final_score': 4.791360864639282}",document3.pdf,4,2.0855,"{'semantic_score': 0.6255291700363159, 'course_boost': 0.0, 'intent_boost': 0.0, 'field_boost': 0.0, 'lexical_boost': 0.36, 'section_boost': 0.0, 'topic_plan_boost': 1.1, 'penalty': 0.0, 'metadata_penalty': 0.0, 'final_score': 2.085529170036316}",document3.pdf,5,0.7289,"{'semantic_score': 0.588901162147522, 'course_boost': 0.0, 'intent_boost': 0.8, 'field_boost': 0.0, 'lexical_boost': 0.24, 'section_boost': 0.9, 'topic_plan_boost': -1.8, 'penalty': 0.0, 'metadata_penalty': 0.0, 'final_score': 0.7289011621475219}"
Q032,Mid-Term Examination-er por kon topic porano hoy?,banglish,weekly_content,ENG (CSE) 101,medium,document3.pdf,3;4,verified,False,True,0.5,False,False,2,2,True,B_SOURCE_TOP3_PAGE_NOT_RANK1,Optimized retrieval,0.287,document1.pdf,3,4.7066,"{'semantic_score': 0.44662749767303467, 'course_boost': 0.0, 'intent_boost': 0.8, 'field_boost': 0.0, 'lexical_boost': 0.36, 'section_boost': 0.9, 'topic_plan_boost': 2.2, 'penalty': 0.0, 'metadata_penalty': 0.0, 'final_score': 4.7066274976730345}",document3.pdf,4,2.0050,"{'semantic_score': 0.545045018196106, 'course_boost': 0.0, 'intent_boost': 0.0, 'field_boost': 0.0, 'lexical_boost': 0.36, 'section_boost': 0.0, 'topic_plan_boost': 1.1, 'penalty': 0.0, 'metadata_penalty': 0.0, 'final_score': 2.005045018196106}",document3.pdf,5,0.7839,"{'semantic_score': 0.5239309668540955, 'course_boost': 0.0, 'intent_boost': 0.8, 'field_boost': 0.0, 'lexical_boost': 0.36, 'section_boost': 0.9, 'topic_plan_boost': -1.8, 'penalty': 0.0, 'metadata_penalty': 0.0, 'final_score': 0.7839309668540955}"
Q033,What is the focus of the Modals Verbs topic?,english,topics,ENG (CSE) 101,medium,document3.pdf,3;4,needs_review,False,True,0.5,True,False,1,2,True,B_SOURCE_TOP3_PAGE_NOT_RANK1,Optimized retrieval,0.201,document3.pdf,2,5.5017,"{'semantic_score': 0.4416958689689636, 'course_boost': 0.8, 'intent_boost': 0.8, 'field_boost': 0.0, 'lexical_boost': 0.36, 'section_boost': 0.9, 'topic_plan_boost': 2.2, 'penalty': 0.0, 'metadata_penalty': 0.0, 'final_score': 5.501695868968964}",document3.pdf,4,2.6631,"{'semantic_score': 0.523082435131073, 'course_boost': 0.8, 'intent_boost': 0.0, 'field_boost': 0.0, 'lexical_boost': 0.24, 'section_boost': 0.0, 'topic_plan_boost': 1.1, 'penalty': 0.0, 'metadata_penalty': 0.0, 'final_score': 2.663082435131073}",document3.pdf,3,4.6825,"{'semantic_score': 0.43254324793815613, 'course_boost': 0.8, 'intent_boost': 0.8, 'field_boost': 0.0, 'lexical_boost': 0.0, 'section_boost': 0.45, 'topic_plan_boost': 2.2, 'penalty': 0.0, 'metadata_penalty': 0.0, 'final_score': 4.682543247938156}"
Q033,Modals Verbs বিষয়টির মূল লক্ষ্য কী?,bangla,topics,ENG (CSE) 101,medium,document3.pdf,3;4,needs_review,False,True,0.5,True,False,1,2,True,B_SOURCE_TOP3_PAGE_NOT_RANK1,Optimized retrieval,0.183,document3.pdf,2,5.4040,"{'semantic_score': 0.4639546871185303, 'course_boost': 0.8, 'intent_boost': 0.8, 'field_boost': 0.0, 'lexical_boost': 0.24, 'section_boost': 0.9, 'topic_plan_boost': 2.2, 'penalty': 0.0, 'metadata_penalty': 0.0, 'final_score': 5.40395468711853}",document3.pdf,4,2.6687,"{'semantic_score': 0.5287137627601624, 'course_boost': 0.8, 'intent_boost': 0.0, 'field_boost': 0.0, 'lexical_boost': 0.24, 'section_boost': 0.0, 'topic_plan_boost': 1.1, 'penalty': 0.0, 'metadata_penalty': 0.0, 'final_score': 2.6687137627601625}",document3.pdf,3,4.7228,"{'semantic_score': 0.4727637767791748, 'course_boost': 0.8, 'intent_boost': 0.8, 'field_boost': 0.0, 'lexical_boost': 0.0, 'section_boost': 0.45, 'topic_plan_boost': 2.2, 'penalty': 0.0, 'metadata_penalty': 0.0, 'final_score': 4.722763776779175}"
Q033,Modals Verbs topic-er main focus ki?,banglish,topics,ENG (CSE) 101,medium,document3.pdf,3;4,needs_review,False,True,0.5,True,False,1,2,True,B_SOURCE_TOP3_PAGE_NOT_RANK1,Optimized retrieval,0.279,document3.pdf,2,5.5249,"{'semantic_score': 0.4649096131324768, 'course_boost': 0.8, 'intent_boost': 0.8, 'field_boost': 0.0, 'lexical_boost': 0.36, 'section_boost': 0.9, 'topic_plan_boost': 2.2, 'penalty': 0.0, 'metadata_penalty': 0.0, 'final_score': 5.524909613132477}",document3.pdf,4,2.6581,"{'semantic_score': 0.5181062817573547, 'course_boost': 0.8, 'intent_boost': 0.0, 'field_boost': 0.0, 'lexical_boost': 0.24, 'section_boost': 0.0, 'topic_plan_boost': 1.1, 'penalty': 0.0, 'metadata_penalty': 0.0, 'final_score': 2.658106281757355}",document3.pdf,3,4.7090,"{'semantic_score': 0.45902127027511597, 'course_boost': 0.8, 'intent_boost': 0.8, 'field_boost': 0.0, 'lexical_boost': 0.0, 'section_boost': 0.45, 'topic_plan_boost': 2.2, 'penalty': 0.0, 'metadata_penalty': 0.0, 'final_score': 4.709021270275116}"
Q034,What are commonly confusing words according to the course outline?,english,topics,ENG (CSE) 101,hard,document3.pdf,3;4,needs_review,False,False,0.0,True,False,1,,True,C_SOURCE_TOP3_PAGE_ABSENT,Optimized retrieval,0.178,document3.pdf,2,0.9378,"{'semantic_score': 0.5778352618217468, 'course_boost': 0.0, 'intent_boost': 0.0, 'field_boost': 0.0, 'lexical_boost': 0.36, 'section_boost': 0.0, 'topic_plan_boost': 0.0, 'penalty': 0.0, 'metadata_penalty': 0.0, 'final_score': 0.9378352618217468}",document3.pdf,1,0.6718,"{'semantic_score': 0.5517913103103638, 'course_boost': 0.0, 'intent_boost': 0.0, 'field_boost': 0.0, 'lexical_boost': 0.12, 'section_boost': 0.0, 'topic_plan_boost': 0.0, 'penalty': 0.0, 'metadata_penalty': 0.0, 'final_score': 0.6717913103103638}",document2.pdf,2,0.5509,"{'semantic_score': 0.5508893728256226, 'course_boost': 0.0, 'intent_boost': 0.0, 'field_boost': 0.0, 'lexical_boost': 0.0, 'section_boost': 0.0, 'topic_plan_boost': 0.0, 'penalty': 0.0, 'metadata_penalty': 0.0, 'final_score': 0.5508893728256226}"
Q034,কোর্সের Outline অনুযায়ী Commonly Confusing Words বলতে কী বোঝানো হয়েছে?,bangla,topics,ENG (CSE) 101,hard,document3.pdf,3;4,needs_review,False,True,0.5,True,False,1,2,True,B_SOURCE_TOP3_PAGE_NOT_RANK1,Optimized retrieval,0.187,document3.pdf,2,0.9199,"{'semantic_score': 0.5598832964897156, 'course_boost': 0.0, 'intent_boost': 0.0, 'field_boost': 0.0, 'lexical_boost': 0.36, 'section_boost': 0.0, 'topic_plan_boost': 0.0, 'penalty': 0.0, 'metadata_penalty': 0.0, 'final_score': 0.9198832964897156}",document3.pdf,4,0.9167,"{'semantic_score': 0.5567001700401306, 'course_boost': 0.0, 'intent_boost': 0.0, 'field_boost': 0.0, 'lexical_boost': 0.36, 'section_boost': 0.0, 'topic_plan_boost': 0.0, 'penalty': 0.0, 'metadata_penalty': 0.0, 'final_score': 0.9167001700401306}",document2.pdf,2,0.5416,"{'semantic_score': 0.5416016578674316, 'course_boost': 0.0, 'intent_boost': 0.0, 'field_boost': 0.0, 'lexical_boost': 0.0, 'section_boost': 0.0, 'topic_plan_boost': 0.0, 'penalty': 0.0, 'metadata_penalty': 0.0, 'final_score': 0.5416016578674316}"
Q034,Course Outline onujayi Commonly Confusing Words bolte ki bojhano hoyeche?,banglish,topics,ENG (CSE) 101,hard,document3.pdf,3;4,needs_review,False,False,0.0,True,False,1,,True,C_SOURCE_TOP3_PAGE_ABSENT,Optimized retrieval,0.202,document3.pdf,2,0.8931,"{'semantic_score': 0.5331259965896606, 'course_boost': 0.0, 'intent_boost': 0.0, 'field_boost': 0.0, 'lexical_boost': 0.36, 'section_boost': 0.0, 'topic_plan_boost': 0.0, 'penalty': 0.0, 'metadata_penalty': 0.0, 'final_score': 0.8931259965896606}",document2.pdf,2,0.5188,"{'semantic_score': 0.5188371539115906, 'course_boost': 0.0, 'intent_boost': 0.0, 'field_boost': 0.0, 'lexical_boost': 0.0, 'section_boost': 0.0, 'topic_plan_boost': 0.0, 'penalty': 0.0, 'metadata_penalty': 0.0, 'final_score': 0.5188371539115906}",document3.pdf,1,0.6319,"{'semantic_score': 0.5118645429611206, 'course_boost': 0.0, 'intent_boost': 0.0, 'field_boost': 0.0, 'lexical_boost': 0.12, 'section_boost': 0.0, 'topic_plan_boost': 0.0, 'penalty': 0.0, 'metadata_penalty': 0.0, 'final_score': 0.6318645429611206}"
Q035,What areas are covered under Error Correction?,english,topics,ENG (CSE) 101,medium,document3.pdf,3;4,needs_review,False,False,0.0,True,False,1,,True,C_SOURCE_TOP3_PAGE_ABSENT,Optimized retrieval,0.196,document3.pdf,2,4.9301,"{'semantic_score': 0.39012446999549866, 'course_boost': 0.0, 'intent_boost': 0.8, 'field_boost': 0.4, 'lexical_boost': 0.24, 'section_boost': 0.9, 'topic_plan_boost': 2.2, 'penalty': 0.0, 'metadata_penalty': 0.0, 'final_score': 4.9301244699955}",document1.pdf,2,2.0917,"{'semantic_score': 0.3917168378829956, 'course_boost': 0.0, 'intent_boost': 0.8, 'field_boost': 0.0, 'lexical_boost': 0.0, 'section_boost': 0.9, 'topic_plan_boost': 0.0, 'penalty': 0.0, 'metadata_penalty': 0.0, 'final_score': 2.091716837882996}",document2.pdf,7,2.4821,"{'semantic_score': 0.3821168541908264, 'course_boost': 0.0, 'intent_boost': 0.8, 'field_boost': 0.0, 'lexical_boost': 0.0, 'section_boost': 0.9, 'topic_plan_boost': 0.40000000000000013, 'penalty': 0.0, 'metadata_penalty': 0.0, 'final_score': 2.482116854190827}"
Q035,Error Correction-এর অধীনে কোন কোন বিষয় অন্তর্ভুক্ত রয়েছে?,bangla,topics,ENG (CSE) 101,medium,document3.pdf,3;4,needs_review,False,False,0.0,True,False,1,,True,C_SOURCE_TOP3_PAGE_ABSENT,Optimized retrieval,0.185,document3.pdf,2,5.4172,"{'semantic_score': 0.4771789014339447, 'course_boost': 0.8, 'intent_boost': 0.8, 'field_boost': 0.0, 'lexical_boost': 0.24, 'section_boost': 0.9, 'topic_plan_boost': 2.2, 'penalty': 0.0, 'metadata_penalty': 0.0, 'final_score': 5.417178901433944}",document2.pdf,7,1.5761,"{'semantic_score': 0.47611111402511597, 'course_boost': 0.0, 'intent_boost': 0.8, 'field_boost': 0.0, 'lexical_boost': 0.0, 'section_boost': 0.9, 'topic_plan_boost': 0.40000000000000013, 'penalty': -1.0, 'metadata_penalty': 0.0, 'final_score': 1.5761111140251165}",document2.pdf,2,1.1674,"{'semantic_score': 0.46737709641456604, 'course_boost': 0.0, 'intent_boost': 0.8, 'field_boost': 0.0, 'lexical_boost': 0.0, 'section_boost': 0.9, 'topic_plan_boost': 0.0, 'penalty': -1.0, 'metadata_penalty': 0.0, 'final_score': 1.1673770964145662}"
Q035,Error Correction-er under-e kon kon topic include kora hoyeche?,banglish,topics,ENG (CSE) 101,medium,document3.pdf,3;4,needs_review,False,False,0.0,True,False,1,,True,C_SOURCE_TOP3_PAGE_ABSENT,Optimized retrieval,0.180,document3.pdf,2,5.8778,"{'semantic_score': 0.41784077882766724, 'course_boost': 0.8, 'intent_boost': 0.8, 'field_boost': 0.4, 'lexical_boost': 0.36, 'section_boost': 0.9, 'topic_plan_boost': 2.2, 'penalty': 0.0, 'metadata_penalty': 0.0, 'final_score': 5.877840778827667}",document1.pdf,4,0.0800,"{'semantic_score': 0.409969687461853, 'course_boost': 0.0, 'intent_boost': 0.8, 'field_boost': 0.0, 'lexical_boost': 0.12, 'section_boost': 0.45, 'topic_plan_boost': -0.7, 'penalty': -1.0, 'metadata_penalty': 0.0, 'final_score': 0.07996968746185296}",document2.pdf,7,1.6199,"{'semantic_score': 0.399908185005188, 'course_boost': 0.0, 'intent_boost': 0.8, 'field_boost': 0.0, 'lexical_boost': 0.12, 'section_boost': 0.9, 'topic_plan_boost': 0.40000000000000013, 'penalty': -1.0, 'metadata_penalty': 0.0, 'final_score': 1.6199081850051877}"
Q036,What activities are included under the Film and Book Review topic?,english,topics,ENG (CSE) 101,medium,document3.pdf,3;4,needs_review,False,True,0.3333333333333333,True,False,1,3,True,B_SOURCE_TOP3_PAGE_NOT_RANK1,Optimized retrieval,0.172,document3.pdf,2,6.1565,"{'semantic_score': 0.4564523994922638, 'course_boost': 0.8, 'intent_boost': 0.8, 'field_boost': 0.4, 'lexical_boost': 0.6, 'section_boost': 0.9, 'topic_plan_boost': 2.2, 'penalty': 0.0, 'metadata_penalty': 0.0, 'final_score': 6.156452399492264}",document2.pdf,4,0.5697,"{'semantic_score': 0.46967434883117676, 'course_boost': 0.0, 'intent_boost': 0.0, 'field_boost': 0.0, 'lexical_boost': 0.0, 'section_boost': 0.0, 'topic_plan_boost': 1.1, 'penalty': -1.0, 'metadata_penalty': 0.0, 'final_score': 0.5696743488311768}",document3.pdf,4,3.1233,"{'semantic_score': 0.46329057216644287, 'course_boost': 0.8, 'intent_boost': 0.0, 'field_boost': 0.4, 'lexical_boost': 0.36, 'section_boost': 0.0, 'topic_plan_boost': 1.1, 'penalty': 0.0, 'metadata_penalty': 0.0, 'final_score': 3.123290572166443}"
Q036,Film and Book Review বিষয়ের অধীনে কোন কোন কার্যক্রম অন্তর্ভুক্ত রয়েছে?,bangla,topics,ENG (CSE) 101,medium,document3.pdf,3;4,needs_review,False,True,0.3333333333333333,True,False,1,3,True,B_SOURCE_TOP3_PAGE_NOT_RANK1,Optimized retrieval,0.170,document3.pdf,2,5.5278,"{'semantic_score': 0.4678395986557007, 'course_boost': 0.8, 'intent_boost': 0.8, 'field_boost': 0.0, 'lexical_boost': 0.36, 'section_boost': 0.9, 'topic_plan_boost': 2.2, 'penalty': 0.0, 'metadata_penalty': 0.0, 'final_score': 5.527839598655701}",document2.pdf,4,0.5703,"{'semantic_score': 0.4702518582344055, 'course_boost': 0.0, 'intent_boost': 0.0, 'field_boost': 0.0, 'lexical_boost': 0.0, 'section_boost': 0.0, 'topic_plan_boost': 1.1, 'penalty': -1.0, 'metadata_penalty': 0.0, 'final_score': 0.5702518582344056}",document3.pdf,4,2.7228,"{'semantic_score': 0.46276479959487915, 'course_boost': 0.8, 'intent_boost': 0.0, 'field_boost': 0.0, 'lexical_boost': 0.36, 'section_boost': 0.0, 'topic_plan_boost': 1.1, 'penalty': 0.0, 'metadata_penalty': 0.0, 'final_score': 2.7227647995948794}"
Q036,Film and Book Review topic-er under-e kon kon activity include kora hoyeche?,banglish,topics,ENG (CSE) 101,medium,document3.pdf,3;4,needs_review,False,False,0.0,True,False,1,,True,C_SOURCE_TOP3_PAGE_ABSENT,Optimized retrieval,0.181,document3.pdf,2,5.5334,"{'semantic_score': 0.35337865352630615, 'course_boost': 0.8, 'intent_boost': 0.8, 'field_boost': 0.0, 'lexical_boost': 0.48, 'section_boost': 0.9, 'topic_plan_boost': 2.2, 'penalty': 0.0, 'metadata_penalty': 0.0, 'final_score': 5.533378653526306}",document2.pdf,4,0.4786,"{'semantic_score': 0.3786255717277527, 'course_boost': 0.0, 'intent_boost': 0.0, 'field_boost': 0.0, 'lexical_boost': 0.0, 'section_boost': 0.0, 'topic_plan_boost': 1.1, 'penalty': -1.0, 'metadata_penalty': 0.0, 'final_score': 0.4786255717277528}",document1.pdf,4,0.0375,"{'semantic_score': 0.367498517036438, 'course_boost': 0.0, 'intent_boost': 0.8, 'field_boost': 0.0, 'lexical_boost': 0.12, 'section_boost': 0.45, 'topic_plan_boost': -0.7, 'penalty': -1.0, 'metadata_penalty': 0.0, 'final_score': 0.03749851703643792}"
Q037,What is the purpose of paragraph writing in the course?,english,topics,ENG (CSE) 101,medium,document3.pdf,3;4,needs_review,False,True,0.3333333333333333,True,False,1,3,True,B_SOURCE_TOP3_PAGE_NOT_RANK1,Optimized retrieval,0.169,document3.pdf,1,3.3959,"{'semantic_score': 0.5758640766143799, 'course_boost': 1.0, 'intent_boost': 0.8, 'field_boost': 0.0, 'lexical_boost': 0.12, 'section_boost': 0.9, 'topic_plan_boost': 0.0, 'penalty': 0.0, 'metadata_penalty': 0.0, 'final_score': 3.3958640766143797}",document3.pdf,5,1.6422,"{'semantic_score': 0.6021889448165894, 'course_boost': 0.8, 'intent_boost': 0.0, 'field_boost': 0.0, 'lexical_boost': 0.24, 'section_boost': 0.0, 'topic_plan_boost': 0.0, 'penalty': 0.0, 'metadata_penalty': 0.0, 'final_score': 1.6421889448165894}",document3.pdf,3,1.5143,"{'semantic_score': 0.5942665338516235, 'course_boost': 0.8, 'intent_boost': 0.0, 'field_boost': 0.0, 'lexical_boost': 0.12, 'section_boost': 0.0, 'topic_plan_boost': 0.0, 'penalty': 0.0, 'metadata_penalty': 0.0, 'final_score': 1.5142665338516235}"
Q037,কোর্সে Paragraph Writing-এর উদ্দেশ্য কী?,bangla,topics,ENG (CSE) 101,medium,document3.pdf,3;4,needs_review,False,True,0.5,True,False,1,2,True,B_SOURCE_TOP3_PAGE_NOT_RANK1,Optimized retrieval,0.165,document3.pdf,1,3.3512,"{'semantic_score': 0.5312017202377319, 'course_boost': 1.0, 'intent_boost': 0.8, 'field_boost': 0.0, 'lexical_boost': 0.12, 'section_boost': 0.9, 'topic_plan_boost': 0.0, 'penalty': 0.0, 'metadata_penalty': 0.0, 'final_score': 3.3512017202377318}",document3.pdf,3,1.4640,"{'semantic_score': 0.5439509153366089, 'course_boost': 0.8, 'intent_boost': 0.0, 'field_boost': 0.0, 'lexical_boost': 0.12, 'section_boost': 0.0, 'topic_plan_boost': 0.0, 'penalty': 0.0, 'metadata_penalty': 0.0, 'final_score': 1.4639509153366088}",document3.pdf,5,1.5748,"{'semantic_score': 0.5347773432731628, 'course_boost': 0.8, 'intent_boost': 0.0, 'field_boost': 0.0, 'lexical_boost': 0.24, 'section_boost': 0.0, 'topic_plan_boost': 0.0, 'penalty': 0.0, 'metadata_penalty': 0.0, 'final_score': 1.5747773432731629}"
Q037,Course-e Paragraph Writing-er uddeshyo ki?,banglish,topics,ENG (CSE) 101,medium,document3.pdf,3;4,needs_review,False,True,0.5,True,False,1,2,True,B_SOURCE_TOP3_PAGE_NOT_RANK1,Optimized retrieval,0.182,document3.pdf,1,3.2697,"{'semantic_score': 0.4497443735599518, 'course_boost': 1.0, 'intent_boost': 0.8, 'field_boost': 0.0, 'lexical_boost': 0.12, 'section_boost': 0.9, 'topic_plan_boost': 0.0, 'penalty': 0.0, 'metadata_penalty': 0.0, 'final_score': 3.2697443735599516}",document3.pdf,3,1.3326,"{'semantic_score': 0.4126124382019043, 'course_boost': 0.8, 'intent_boost': 0.0, 'field_boost': 0.0, 'lexical_boost': 0.12, 'section_boost': 0.0, 'topic_plan_boost': 0.0, 'penalty': 0.0, 'metadata_penalty': 0.0, 'final_score': 1.3326124382019042}",document2.pdf,1,1.2182,"{'semantic_score': 0.3982419967651367, 'course_boost': 0.0, 'intent_boost': 0.8, 'field_boost': 0.0, 'lexical_boost': 0.12, 'section_boost': 0.9, 'topic_plan_boost': 0.0, 'penalty': -1.0, 'metadata_penalty': 0.0, 'final_score': 1.2182419967651366}"
Q038,What teaching-learning strategies are used in the English course?,english,topics,ENG (CSE) 101,medium,document3.pdf,3;4,verified,False,True,0.3333333333333333,True,False,1,3,True,B_SOURCE_TOP3_PAGE_NOT_RANK1,Optimized retrieval,0.219,document3.pdf,1,3.5231,"{'semantic_score': 0.5831301808357239, 'course_boost': 1.0, 'intent_boost': 0.8, 'field_boost': 0.0, 'lexical_boost': 0.24, 'section_boost': 0.9, 'topic_plan_boost': 0.0, 'penalty': 0.0, 'metadata_penalty': 0.0, 'final_score': 3.523130180835724}",document3.pdf,5,1.9191,"{'semantic_score': 0.6391421556472778, 'course_boost': 0.8, 'intent_boost': 0.0, 'field_boost': 0.0, 'lexical_boost': 0.48, 'section_boost': 0.0, 'topic_plan_boost': 0.0, 'penalty': 0.0, 'metadata_penalty': 0.0, 'final_score': 1.9191421556472779}",document3.pdf,3,1.7824,"{'semantic_score': 0.6224112510681152, 'course_boost': 0.8, 'intent_boost': 0.0, 'field_boost': 0.0, 'lexical_boost': 0.36, 'section_boost': 0.0, 'topic_plan_boost': 0.0, 'penalty': 0.0, 'metadata_penalty': 0.0, 'final_score': 1.7824112510681154}"
Q038,English কোর্সে কোন কোন Teaching-Learning Strategy ব্যবহার করা হয়?,bangla,topics,ENG (CSE) 101,medium,document3.pdf,3;4,verified,False,True,0.3333333333333333,True,False,1,3,True,B_SOURCE_TOP3_PAGE_NOT_RANK1,Optimized retrieval,0.202,document3.pdf,1,3.4720,"{'semantic_score': 0.5319986939430237, 'course_boost': 1.0, 'intent_boost': 0.8, 'field_boost': 0.0, 'lexical_boost': 0.24, 'section_boost': 0.9, 'topic_plan_boost': 0.0, 'penalty': 0.0, 'metadata_penalty': 0.0, 'final_score': 3.4719986939430236}",document3.pdf,5,1.8842,"{'semantic_score': 0.6042017936706543, 'course_boost': 0.8, 'intent_boost': 0.0, 'field_boost': 0.0, 'lexical_boost': 0.48, 'section_boost': 0.0, 'topic_plan_boost': 0.0, 'penalty': 0.0, 'metadata_penalty': 0.0, 'final_score': 1.8842017936706543}",document3.pdf,3,1.8830,"{'semantic_score': 0.6029819846153259, 'course_boost': 0.8, 'intent_boost': 0.0, 'field_boost': 0.0, 'lexical_boost': 0.48, 'section_boost': 0.0, 'topic_plan_boost': 0.0, 'penalty': 0.0, 'metadata_penalty': 0.0, 'final_score': 1.882981984615326}"
Q038,English course-e kon kon Teaching-Learning Strategy use kora hoy?,banglish,topics,ENG (CSE) 101,medium,document3.pdf,3;4,verified,False,True,0.5,True,False,1,2,True,B_SOURCE_TOP3_PAGE_NOT_RANK1,Optimized retrieval,0.194,document3.pdf,1,3.5688,"{'semantic_score': 0.5088276863098145, 'course_boost': 1.0, 'intent_boost': 0.8, 'field_boost': 0.0, 'lexical_boost': 0.36, 'section_boost': 0.9, 'topic_plan_boost': 0.0, 'penalty': 0.0, 'metadata_penalty': 0.0, 'final_score': 3.568827686309814}",document3.pdf,3,1.9459,"{'semantic_score': 0.5459212064743042, 'course_boost': 0.8, 'intent_boost': 0.0, 'field_boost': 0.0, 'lexical_boost': 0.6, 'section_boost': 0.0, 'topic_plan_boost': 0.0, 'penalty': 0.0, 'metadata_penalty': 0.0, 'final_score': 1.945921206474304}",document3.pdf,5,1.8204,"{'semantic_score': 0.5404049158096313, 'course_boost': 0.8, 'intent_boost': 0.0, 'field_boost': 0.0, 'lexical_boost': 0.48, 'section_boost': 0.0, 'topic_plan_boost': 0.0, 'penalty': 0.0, 'metadata_penalty': 0.0, 'final_score': 1.8204049158096314}"
Q039,How many class tests and quizzes may be taken during the semester?,english,assessment,ENG (CSE) 101,medium,document3.pdf,4;5,verified,False,True,0.3333333333333333,False,False,3,3,True,B_SOURCE_TOP3_PAGE_NOT_RANK1,Optimized retrieval,0.198,document1.pdf,4,3.1575,"{'semantic_score': 0.6174982786178589, 'course_boost': 0.0, 'intent_boost': 0.8, 'field_boost': 0.0, 'lexical_boost': 0.84, 'section_boost': 0.9, 'topic_plan_boost': 0.0, 'penalty': 0.0, 'metadata_penalty': 0.0, 'final_score': 3.157498278617859}",document2.pdf,8,3.1018,"{'semantic_score': 0.6818171143531799, 'course_boost': 0.0, 'intent_boost': 0.8, 'field_boost': 0.0, 'lexical_boost': 0.72, 'section_boost': 0.9, 'topic_plan_boost': 0.0, 'penalty': 0.0, 'metadata_penalty': 0.0, 'final_score': 3.10181711435318}",document3.pdf,5,3.1484,"{'semantic_score': 0.6083850860595703, 'course_boost': 0.0, 'intent_boost': 0.8, 'field_boost': 0.0, 'lexical_boost': 0.84, 'section_boost': 0.9, 'topic_plan_boost': 0.0, 'penalty': 0.0, 'metadata_penalty': 0.0, 'final_score': 3.1483850860595703}"
Q039,একটি Semester-এ কতটি Class Test এবং Quiz নেওয়া হতে পারে?,bangla,assessment,ENG (CSE) 101,medium,document3.pdf,4;5,verified,True,True,1.0,True,True,1,1,True,A_SOURCE_AND_PAGE_RANK1,Optimized retrieval,0.185,document3.pdf,5,2.7677,"{'semantic_score': 0.587735116481781, 'course_boost': 0.0, 'intent_boost': 0.8, 'field_boost': 0.0, 'lexical_boost': 0.48, 'section_boost': 0.9, 'topic_plan_boost': 0.0, 'penalty': 0.0, 'metadata_penalty': 0.0, 'final_score': 2.767735116481781}",document2.pdf,8,2.7407,"{'semantic_score': 0.6806793808937073, 'course_boost': 0.0, 'intent_boost': 0.8, 'field_boost': 0.0, 'lexical_boost': 0.36, 'section_boost': 0.9, 'topic_plan_boost': 0.0, 'penalty': 0.0, 'metadata_penalty': 0.0, 'final_score': 2.7406793808937073}",document1.pdf,4,2.6802,"{'semantic_score': 0.6201792359352112, 'course_boost': 0.0, 'intent_boost': 0.8, 'field_boost': 0.0, 'lexical_boost': 0.36, 'section_boost': 0.9, 'topic_plan_boost': 0.0, 'penalty': 0.0, 'metadata_penalty': 0.0, 'final_score': 2.6801792359352112}"
Q039,Ekta Semester-e koyti Class Test ebong Quiz neya hote pare?,banglish,assessment,ENG (CSE) 101,medium,document3.pdf,4;5,verified,True,True,1.0,True,True,1,1,True,A_SOURCE_AND_PAGE_RANK1,Optimized retrieval,0.192,document3.pdf,5,2.6896,"{'semantic_score': 0.5095739364624023, 'course_boost': 0.0, 'intent_boost': 0.8, 'field_boost': 0.0, 'lexical_boost': 0.48, 'section_boost': 0.9, 'topic_plan_boost': 0.0, 'penalty': 0.0, 'metadata_penalty': 0.0, 'final_score': 2.6895739364624025}",document2.pdf,8,2.6289,"{'semantic_score': 0.5689341425895691, 'course_boost': 0.0, 'intent_boost': 0.8, 'field_boost': 0.0, 'lexical_boost': 0.36, 'section_boost': 0.9, 'topic_plan_boost': 0.0, 'penalty': 0.0, 'metadata_penalty': 0.0, 'final_score': 2.628934142589569}",document1.pdf,4,2.5999,"{'semantic_score': 0.5398949980735779, 'course_boost': 0.0, 'intent_boost': 0.8, 'field_boost': 0.0, 'lexical_boost': 0.36, 'section_boost': 0.9, 'topic_plan_boost': 0.0, 'penalty': 0.0, 'metadata_penalty': 0.0, 'final_score': 2.599894998073578}"
Q040,What percentage of the total evaluation is allocated to the Term Examination?,english,final_exam_marks,ENG (CSE) 101,easy,document3.pdf,4;5,verified,False,False,0.0,False,False,,,True,D_SOURCE_ABSENT_TOP3,Optimized retrieval,0.174,document2.pdf,9,5.9556,"{'semantic_score': 0.5756011009216309, 'course_boost': 0.0, 'intent_boost': 0.8, 'field_boost': 3.2, 'lexical_boost': 0.48, 'section_boost': 0.9, 'topic_plan_boost': 0.0, 'penalty': 0.0, 'metadata_penalty': 0.0, 'final_score': 5.955601100921632}",document2.pdf,8,0.9760,"{'semantic_score': 0.6159987449645996, 'course_boost': 0.0, 'intent_boost': 0.0, 'field_boost': 0.0, 'lexical_boost': 0.36, 'section_boost': 0.0, 'topic_plan_boost': 0.0, 'penalty': 0.0, 'metadata_penalty': 0.0, 'final_score': 0.9759987449645996}",document1.pdf,5,5.8616,"{'semantic_score': 0.6016438603401184, 'course_boost': 0.0, 'intent_boost': 0.8, 'field_boost': 3.2, 'lexical_boost': 0.36, 'section_boost': 0.9, 'topic_plan_boost': 0.0, 'penalty': 0.0, 'metadata_penalty': 0.0, 'final_score': 5.861643860340119}"
Q040,মোট Evaluation-এর কত শতাংশ Term Examination-এর জন্য বরাদ্দ করা হয়েছে?,bangla,final_exam_marks,ENG (CSE) 101,easy,document3.pdf,4;5,verified,False,False,0.0,False,False,3,,True,C_SOURCE_TOP3_PAGE_ABSENT,Optimized retrieval,0.174,document1.pdf,5,5.8636,"{'semantic_score': 0.6036341786384583, 'course_boost': 0.0, 'intent_boost': 0.8, 'field_boost': 3.2, 'lexical_boost': 0.36, 'section_boost': 0.9, 'topic_plan_boost': 0.0, 'penalty': 0.0, 'metadata_penalty': 0.0, 'final_score': 5.863634178638459}",document2.pdf,8,0.9792,"{'semantic_score': 0.6191868782043457, 'course_boost': 0.0, 'intent_boost': 0.0, 'field_boost': 0.0, 'lexical_boost': 0.36, 'section_boost': 0.0, 'topic_plan_boost': 0.0, 'penalty': 0.0, 'metadata_penalty': 0.0, 'final_score': 0.9791868782043457}",document3.pdf,6,5.8580,"{'semantic_score': 0.5979563593864441, 'course_boost': 0.0, 'intent_boost': 0.8, 'field_boost': 3.2, 'lexical_boost': 0.36, 'section_boost': 0.9, 'topic_plan_boost': 0.0, 'penalty': 0.0, 'metadata_penalty': 0.0, 'final_score': 5.857956359386445}"
Q040,Total Evaluation-er koto percent Term Examination-er jonno boraddo kora hoyeche?,banglish,final_exam_marks,ENG (CSE) 101,easy,document3.pdf,4;5,verified,False,False,0.0,False,False,3,,True,C_SOURCE_TOP3_PAGE_ABSENT,Optimized retrieval,0.178,document2.pdf,9,5.9014,"{'semantic_score': 0.5213536024093628, 'course_boost': 0.0, 'intent_boost': 0.8, 'field_boost': 3.2, 'lexical_boost': 0.48, 'section_boost': 0.9, 'topic_plan_boost': 0.0, 'penalty': 0.0, 'metadata_penalty': 0.0, 'final_score': 5.901353602409364}",document1.pdf,5,5.7753,"{'semantic_score': 0.515283465385437, 'course_boost': 0.0, 'intent_boost': 0.8, 'field_boost': 3.2, 'lexical_boost': 0.36, 'section_boost': 0.9, 'topic_plan_boost': 0.0, 'penalty': 0.0, 'metadata_penalty': 0.0, 'final_score': 5.775283465385438}",document3.pdf,6,5.7651,"{'semantic_score': 0.5051476955413818, 'course_boost': 0.0, 'intent_boost': 0.8, 'field_boost': 3.2, 'lexical_boost': 0.36, 'section_boost': 0.9, 'topic_plan_boost': 0.0, 'penalty': 0.0, 'metadata_penalty': 0.0, 'final_score': 5.7651476955413825}"
Q041,What is the course code and title of MTH 101?,english,course_metadata,MTH 101,easy,document1.pdf,1,verified,True,True,1.0,True,True,1,1,False,A_SOURCE_AND_PAGE_RANK1,Optimized retrieval,0.176,document1.pdf,1,3.7178,"{'semantic_score': 0.5378464460372925, 'course_boost': 1.0, 'intent_boost': 0.8, 'field_boost': 0.0, 'lexical_boost': 0.48, 'section_boost': 0.9, 'topic_plan_boost': 0.0, 'penalty': 0.0, 'metadata_penalty': 0.0, 'final_score': 3.717846446037292}",document2.pdf,1,1.5349,"{'semantic_score': 0.474941611289978, 'course_boost': 0.0, 'intent_boost': 0.8, 'field_boost': 0.0, 'lexical_boost': 0.36, 'section_boost': 0.9, 'topic_plan_boost': 0.0, 'penalty': -1.0, 'metadata_penalty': 0.0, 'final_score': 1.534941611289978}",document3.pdf,1,1.5321,"{'semantic_score': 0.4721478223800659, 'course_boost': 0.0, 'intent_boost': 0.8, 'field_boost': 0.0, 'lexical_boost': 0.36, 'section_boost': 0.9, 'topic_plan_boost': 0.0, 'penalty': -1.0, 'metadata_penalty': 0.0, 'final_score': 1.532147822380066}"
Q041,MTH 101 কোর্সের কোর্স কোড এবং শিরোনাম কী?,bangla,course_metadata,MTH 101,easy,document1.pdf,1,verified,True,True,1.0,True,True,1,1,False,A_SOURCE_AND_PAGE_RANK1,Optimized retrieval,0.179,document1.pdf,1,3.4927,"{'semantic_score': 0.552665114402771, 'course_boost': 1.0, 'intent_boost': 0.8, 'field_boost': 0.0, 'lexical_boost': 0.24, 'section_boost': 0.9, 'topic_plan_boost': 0.0, 'penalty': 0.0, 'metadata_penalty': 0.0, 'final_score': 3.492665114402771}",document2.pdf,1,1.3181,"{'semantic_score': 0.4980736970901489, 'course_boost': 0.0, 'intent_boost': 0.8, 'field_boost': 0.0, 'lexical_boost': 0.12, 'section_boost': 0.9, 'topic_plan_boost': 0.0, 'penalty': -1.0, 'metadata_penalty': 0.0, 'final_score': 1.3180736970901488}",document3.pdf,1,1.3171,"{'semantic_score': 0.49714896082878113, 'course_boost': 0.0, 'intent_boost': 0.8, 'field_boost': 0.0, 'lexical_boost': 0.12, 'section_boost': 0.9, 'topic_plan_boost': 0.0, 'penalty': -1.0, 'metadata_penalty': 0.0, 'final_score': 1.317148960828781}"
Q041,MTH 101 course-er course code ebong title ki?,banglish,course_metadata,MTH 101,easy,document1.pdf,1,verified,True,True,1.0,True,True,1,1,False,A_SOURCE_AND_PAGE_RANK1,Optimized retrieval,0.178,document1.pdf,1,3.6924,"{'semantic_score': 0.512427806854248, 'course_boost': 1.0, 'intent_boost': 0.8, 'field_boost': 0.0, 'lexical_boost': 0.48, 'section_boost': 0.9, 'topic_plan_boost': 0.0, 'penalty': 0.0, 'metadata_penalty': 0.0, 'final_score': 3.6924278068542478}",document3.pdf,1,1.5576,"{'semantic_score': 0.4975796639919281, 'course_boost': 0.0, 'intent_boost': 0.8, 'field_boost': 0.0, 'lexical_boost': 0.36, 'section_boost': 0.9, 'topic_plan_boost': 0.0, 'penalty': -1.0, 'metadata_penalty': 0.0, 'final_score': 1.5575796639919282}",document2.pdf,1,1.5532,"{'semantic_score': 0.4932408630847931, 'course_boost': 0.0, 'intent_boost': 0.8, 'field_boost': 0.0, 'lexical_boost': 0.36, 'section_boost': 0.9, 'topic_plan_boost': 0.0, 'penalty': -1.0, 'metadata_penalty': 0.0, 'final_score': 1.5532408630847931}"
Q042,What are the main objectives of Calculus I?,english,course_objective,MTH 101,medium,document1.pdf,1,verified,True,True,1.0,True,True,1,1,False,A_SOURCE_AND_PAGE_RANK1,Optimized retrieval,0.170,document1.pdf,1,3.5232,"{'semantic_score': 0.583154559135437, 'course_boost': 1.0, 'intent_boost': 0.8, 'field_boost': 0.0, 'lexical_boost': 0.24, 'section_boost': 0.9, 'topic_plan_boost': 0.0, 'penalty': 0.0, 'metadata_penalty': 0.0, 'final_score': 3.523154559135437}",document1.pdf,2,1.4318,"{'semantic_score': 0.5117814540863037, 'course_boost': 0.8, 'intent_boost': 0.0, 'field_boost': 0.0, 'lexical_boost': 0.12, 'section_boost': 0.0, 'topic_plan_boost': 0.0, 'penalty': 0.0, 'metadata_penalty': 0.0, 'final_score': 1.4317814540863036}",document1.pdf,3,1.2953,"{'semantic_score': 0.49533140659332275, 'course_boost': 0.8, 'intent_boost': 0.0, 'field_boost': 0.0, 'lexical_boost': 0.0, 'section_boost': 0.0, 'topic_plan_boost': 0.0, 'penalty': 0.0, 'metadata_penalty': 0.0, 'final_score': 1.2953314065933228}"
Q042,Calculus I কোর্সের প্রধান উদ্দেশ্যগুলো কী?,bangla,course_objective,MTH 101,medium,document1.pdf,1,verified,True,True,1.0,True,True,1,1,False,A_SOURCE_AND_PAGE_RANK1,Optimized retrieval,0.168,document1.pdf,1,3.4771,"{'semantic_score': 0.6571025848388672, 'course_boost': 1.0, 'intent_boost': 0.8, 'field_boost': 0.0, 'lexical_boost': 0.12, 'section_boost': 0.9, 'topic_plan_boost': 0.0, 'penalty': 0.0, 'metadata_penalty': 0.0, 'final_score': 3.477102584838867}",document1.pdf,2,1.4823,"{'semantic_score': 0.5623316764831543, 'course_boost': 0.8, 'intent_boost': 0.0, 'field_boost': 0.0, 'lexical_boost': 0.12, 'section_boost': 0.0, 'topic_plan_boost': 0.0, 'penalty': 0.0, 'metadata_penalty': 0.0, 'final_score': 1.4823316764831542}",document1.pdf,3,1.3594,"{'semantic_score': 0.559443473815918, 'course_boost': 0.8, 'intent_boost': 0.0, 'field_boost': 0.0, 'lexical_boost': 0.0, 'section_boost': 0.0, 'topic_plan_boost': 0.0, 'penalty': 0.0, 'metadata_penalty': 0.0, 'final_score': 1.359443473815918}"
Q042,Calculus I course-er main objectives-gulo ki?,banglish,course_objective,MTH 101,medium,document1.pdf,1,verified,True,True,1.0,True,True,1,1,False,A_SOURCE_AND_PAGE_RANK1,Optimized retrieval,0.176,document1.pdf,1,3.5640,"{'semantic_score': 0.624008297920227, 'course_boost': 1.0, 'intent_boost': 0.8, 'field_boost': 0.0, 'lexical_boost': 0.24, 'section_boost': 0.9, 'topic_plan_boost': 0.0, 'penalty': 0.0, 'metadata_penalty': 0.0, 'final_score': 3.564008297920227}",document2.pdf,3,-0.4337,"{'semantic_score': 0.5662763118743896, 'course_boost': 0.0, 'intent_boost': 0.0, 'field_boost': 0.0, 'lexical_boost': 0.0, 'section_boost': 0.0, 'topic_plan_boost': 0.0, 'penalty': -1.0, 'metadata_penalty': 0.0, 'final_score': -0.43372368812561035}",document1.pdf,3,1.3628,"{'semantic_score': 0.562757134437561, 'course_boost': 0.8, 'intent_boost': 0.0, 'field_boost': 0.0, 'lexical_boost': 0.0, 'section_boost': 0.0, 'topic_plan_boost': 0.0, 'penalty': 0.0, 'metadata_penalty': 0.0, 'final_score': 1.362757134437561}"
Q043,What is CLO 1 of MTH 101?,english,clo,MTH 101,easy,document1.pdf,2,verified,False,False,0.0,True,False,1,,False,C_SOURCE_TOP3_PAGE_ABSENT,Optimized retrieval,0.205,document1.pdf,1,6.6754,"{'semantic_score': 0.4154132008552551, 'course_boost': 1.0, 'intent_boost': 0.8, 'field_boost': 3.2, 'lexical_boost': 0.36, 'section_boost': 0.9, 'topic_plan_boost': 0.0, 'penalty': 0.0, 'metadata_penalty': 0.0, 'final_score': 6.675413200855256}",document1.pdf,3,5.8597,"{'semantic_score': 0.4897003769874573, 'course_boost': 0.8, 'intent_boost': 0.8, 'field_boost': 3.2, 'lexical_boost': 0.12, 'section_boost': 0.45, 'topic_plan_boost': 0.0, 'penalty': 0.0, 'metadata_penalty': 0.0, 'final_score': 5.859700376987458}",document2.pdf,3,4.0437,"{'semantic_score': 0.4736970067024231, 'course_boost': 0.0, 'intent_boost': 0.8, 'field_boost': 3.2, 'lexical_boost': 0.12, 'section_boost': 0.45, 'topic_plan_boost': 0.0, 'penalty': -1.0, 'metadata_penalty': 0.0, 'final_score': 4.043697006702423}"
Q043,MTH 101-এর CLO 1 কী?,bangla,clo,MTH 101,easy,document1.pdf,2,verified,False,True,0.3333333333333333,True,False,1,3,False,B_SOURCE_TOP3_PAGE_NOT_RANK1,Optimized retrieval,0.174,document1.pdf,1,6.7003,"{'semantic_score': 0.44032302498817444, 'course_boost': 1.0, 'intent_boost': 0.8, 'field_boost': 3.2, 'lexical_boost': 0.36, 'section_boost': 0.9, 'topic_plan_boost': 0.0, 'penalty': 0.0, 'metadata_penalty': 0.0, 'final_score': 6.700323024988175}",document1.pdf,3,5.8827,"{'semantic_score': 0.5126975178718567, 'course_boost': 0.8, 'intent_boost': 0.8, 'field_boost': 3.2, 'lexical_boost': 0.12, 'section_boost': 0.45, 'topic_plan_boost': 0.0, 'penalty': 0.0, 'metadata_penalty': 0.0, 'final_score': 5.882697517871858}",document1.pdf,2,5.8710,"{'semantic_score': 0.5010287165641785, 'course_boost': 0.8, 'intent_boost': 0.8, 'field_boost': 3.2, 'lexical_boost': 0.12, 'section_boost': 0.45, 'topic_plan_boost': 0.0, 'penalty': 0.0, 'metadata_penalty': 0.0, 'final_score': 5.8710287165641795}"
Q043,MTH 101-er CLO 1 ki?,banglish,clo,MTH 101,easy,document1.pdf,2,verified,False,False,0.0,True,False,1,,False,C_SOURCE_TOP3_PAGE_ABSENT,Optimized retrieval,0.172,document1.pdf,1,6.6579,"{'semantic_score': 0.3979267477989197, 'course_boost': 1.0, 'intent_boost': 0.8, 'field_boost': 3.2, 'lexical_boost': 0.36, 'section_boost': 0.9, 'topic_plan_boost': 0.0, 'penalty': 0.0, 'metadata_penalty': 0.0, 'final_score': 6.65792674779892}",document1.pdf,3,5.8205,"{'semantic_score': 0.45051708817481995, 'course_boost': 0.8, 'intent_boost': 0.8, 'field_boost': 3.2, 'lexical_boost': 0.12, 'section_boost': 0.45, 'topic_plan_boost': 0.0, 'penalty': 0.0, 'metadata_penalty': 0.0, 'final_score': 5.820517088174821}",document2.pdf,3,4.0156,"{'semantic_score': 0.4456155300140381, 'course_boost': 0.0, 'intent_boost': 0.8, 'field_boost': 3.2, 'lexical_boost': 0.12, 'section_boost': 0.45, 'topic_plan_boost': 0.0, 'penalty': -1.0, 'metadata_penalty': 0.0, 'final_score': 4.015615530014038}"
Q044,What is CLO 2 of MTH 101?,english,clo,MTH 101,easy,document1.pdf,2,verified,True,True,1.0,True,True,1,1,False,A_SOURCE_AND_PAGE_RANK1,Optimized retrieval,0.164,document1.pdf,2,5.8669,"{'semantic_score': 0.49694201350212097, 'course_boost': 0.8, 'intent_boost': 0.8, 'field_boost': 3.2, 'lexical_boost': 0.12, 'section_boost': 0.45, 'topic_plan_boost': 0.0, 'penalty': 0.0, 'metadata_penalty': 0.0, 'final_score': 5.866942013502122}",document1.pdf,3,5.8413,"{'semantic_score': 0.4712640047073364, 'course_boost': 0.8, 'intent_boost': 0.8, 'field_boost': 3.2, 'lexical_boost': 0.12, 'section_boost': 0.45, 'topic_plan_boost': 0.0, 'penalty': 0.0, 'metadata_penalty': 0.0, 'final_score': 5.841264004707337}",document2.pdf,3,4.0241,"{'semantic_score': 0.45405179262161255, 'course_boost': 0.0, 'intent_boost': 0.8, 'field_boost': 3.2, 'lexical_boost': 0.12, 'section_boost': 0.45, 'topic_plan_boost': 0.0, 'penalty': -1.0, 'metadata_penalty': 0.0, 'final_score': 4.024051792621613}"
Q044,MTH 101-এর CLO 2 কী?,bangla,clo,MTH 101,easy,document1.pdf,2,verified,True,True,1.0,True,True,1,1,False,A_SOURCE_AND_PAGE_RANK1,Optimized retrieval,0.159,document1.pdf,2,5.8949,"{'semantic_score': 0.5248965620994568, 'course_boost': 0.8, 'intent_boost': 0.8, 'field_boost': 3.2, 'lexical_boost': 0.12, 'section_boost': 0.45, 'topic_plan_boost': 0.0, 'penalty': 0.0, 'metadata_penalty': 0.0, 'final_score': 5.894896562099458}",document1.pdf,3,5.8628,"{'semantic_score': 0.49281251430511475, 'course_boost': 0.8, 'intent_boost': 0.8, 'field_boost': 3.2, 'lexical_boost': 0.12, 'section_boost': 0.45, 'topic_plan_boost': 0.0, 'penalty': 0.0, 'metadata_penalty': 0.0, 'final_score': 5.862812514305116}",document2.pdf,3,4.0423,"{'semantic_score': 0.47227251529693604, 'course_boost': 0.0, 'intent_boost': 0.8, 'field_boost': 3.2, 'lexical_boost': 0.12, 'section_boost': 0.45, 'topic_plan_boost': 0.0, 'penalty': -1.0, 'metadata_penalty': 0.0, 'final_score': 4.042272515296936}"
Q044,MTH 101-er CLO 2 ki?,banglish,clo,MTH 101,easy,document1.pdf,2,verified,True,True,1.0,True,True,1,1,False,A_SOURCE_AND_PAGE_RANK1,Optimized retrieval,0.162,document1.pdf,2,5.8230,"{'semantic_score': 0.4529842734336853, 'course_boost': 0.8, 'intent_boost': 0.8, 'field_boost': 3.2, 'lexical_boost': 0.12, 'section_boost': 0.45, 'topic_plan_boost': 0.0, 'penalty': 0.0, 'metadata_penalty': 0.0, 'final_score': 5.822984273433686}",document1.pdf,3,5.7853,"{'semantic_score': 0.4153014123439789, 'course_boost': 0.8, 'intent_boost': 0.8, 'field_boost': 3.2, 'lexical_boost': 0.12, 'section_boost': 0.45, 'topic_plan_boost': 0.0, 'penalty': 0.0, 'metadata_penalty': 0.0, 'final_score': 5.78530141234398}",document2.pdf,3,3.9783,"{'semantic_score': 0.40831029415130615, 'course_boost': 0.0, 'intent_boost': 0.8, 'field_boost': 3.2, 'lexical_boost': 0.12, 'section_boost': 0.45, 'topic_plan_boost': 0.0, 'penalty': -1.0, 'metadata_penalty': 0.0, 'final_score': 3.9783102941513064}"
Q045,What is CLO 3 of MTH 101?,english,clo,MTH 101,easy,document1.pdf,2,verified,True,True,1.0,True,True,1,1,False,A_SOURCE_AND_PAGE_RANK1,Optimized retrieval,0.157,document1.pdf,2,5.8382,"{'semantic_score': 0.46823176741600037, 'course_boost': 0.8, 'intent_boost': 0.8, 'field_boost': 3.2, 'lexical_boost': 0.12, 'section_boost': 0.45, 'topic_plan_boost': 0.0, 'penalty': 0.0, 'metadata_penalty': 0.0, 'final_score': 5.838231767416001}",document1.pdf,3,5.8165,"{'semantic_score': 0.44652390480041504, 'course_boost': 0.8, 'intent_boost': 0.8, 'field_boost': 3.2, 'lexical_boost': 0.12, 'section_boost': 0.45, 'topic_plan_boost': 0.0, 'penalty': 0.0, 'metadata_penalty': 0.0, 'final_score': 5.816523904800416}",document3.pdf,2,4.0122,"{'semantic_score': 0.44215062260627747, 'course_boost': 0.0, 'intent_boost': 0.8, 'field_boost': 3.2, 'lexical_boost': 0.12, 'section_boost': 0.45, 'topic_plan_boost': 0.0, 'penalty': -1.0, 'metadata_penalty': 0.0, 'final_score': 4.012150622606278}"
Q045,MTH 101-এর CLO 3 কী?,bangla,clo,MTH 101,easy,document1.pdf,2,verified,True,True,1.0,True,True,1,1,False,A_SOURCE_AND_PAGE_RANK1,Optimized retrieval,0.159,document1.pdf,2,5.8634,"{'semantic_score': 0.49337905645370483, 'course_boost': 0.8, 'intent_boost': 0.8, 'field_boost': 3.2, 'lexical_boost': 0.12, 'section_boost': 0.45, 'topic_plan_boost': 0.0, 'penalty': 0.0, 'metadata_penalty': 0.0, 'final_score': 5.863379056453706}",document1.pdf,3,5.8376,"{'semantic_score': 0.4676220715045929, 'course_boost': 0.8, 'intent_boost': 0.8, 'field_boost': 3.2, 'lexical_boost': 0.12, 'section_boost': 0.45, 'topic_plan_boost': 0.0, 'penalty': 0.0, 'metadata_penalty': 0.0, 'final_score': 5.837622071504594}",document3.pdf,2,4.0326,"{'semantic_score': 0.4625864028930664, 'course_boost': 0.0, 'intent_boost': 0.8, 'field_boost': 3.2, 'lexical_boost': 0.12, 'section_boost': 0.45, 'topic_plan_boost': 0.0, 'penalty': -1.0, 'metadata_penalty': 0.0, 'final_score': 4.032586402893067}"
Q045,MTH 101-er CLO 3 ki?,banglish,clo,MTH 101,easy,document1.pdf,2,verified,True,True,1.0,True,True,1,1,False,A_SOURCE_AND_PAGE_RANK1,Optimized retrieval,0.155,document1.pdf,2,5.7919,"{'semantic_score': 0.42188316583633423, 'course_boost': 0.8, 'intent_boost': 0.8, 'field_boost': 3.2, 'lexical_boost': 0.12, 'section_boost': 0.45, 'topic_plan_boost': 0.0, 'penalty': 0.0, 'metadata_penalty': 0.0, 'final_score': 5.791883165836335}",document3.pdf,2,3.9694,"{'semantic_score': 0.3994417190551758, 'course_boost': 0.0, 'intent_boost': 0.8, 'field_boost': 3.2, 'lexical_boost': 0.12, 'section_boost': 0.45, 'topic_plan_boost': 0.0, 'penalty': -1.0, 'metadata_penalty': 0.0, 'final_score': 3.969441719055176}",document1.pdf,3,5.7636,"{'semantic_score': 0.3935745358467102, 'course_boost': 0.8, 'intent_boost': 0.8, 'field_boost': 3.2, 'lexical_boost': 0.12, 'section_boost': 0.45, 'topic_plan_boost': 0.0, 'penalty': 0.0, 'metadata_penalty': 0.0, 'final_score': 5.763574535846711}"
Q046,What is CLO 4 of MTH 101?,english,clo,MTH 101,easy,document1.pdf,2,verified,True,True,1.0,True,True,1,1,False,A_SOURCE_AND_PAGE_RANK1,Optimized retrieval,0.155,document1.pdf,2,5.8338,"{'semantic_score': 0.4637947678565979, 'course_boost': 0.8, 'intent_boost': 0.8, 'field_boost': 3.2, 'lexical_boost': 0.12, 'section_boost': 0.45, 'topic_plan_boost': 0.0, 'penalty': 0.0, 'metadata_penalty': 0.0, 'final_score': 5.833794767856599}",document1.pdf,3,5.8178,"{'semantic_score': 0.44782352447509766, 'course_boost': 0.8, 'intent_boost': 0.8, 'field_boost': 3.2, 'lexical_boost': 0.12, 'section_boost': 0.45, 'topic_plan_boost': 0.0, 'penalty': 0.0, 'metadata_penalty': 0.0, 'final_score': 5.817823524475099}",document3.pdf,2,3.9994,"{'semantic_score': 0.429372638463974, 'course_boost': 0.0, 'intent_boost': 0.8, 'field_boost': 3.2, 'lexical_boost': 0.12, 'section_boost': 0.45, 'topic_plan_boost': 0.0, 'penalty': -1.0, 'metadata_penalty': 0.0, 'final_score': 3.9993726384639743}"
Q046,MTH 101-এর CLO 4 কী?,bangla,clo,MTH 101,easy,document1.pdf,2,verified,True,True,1.0,True,True,1,1,False,A_SOURCE_AND_PAGE_RANK1,Optimized retrieval,0.160,document1.pdf,2,5.8628,"{'semantic_score': 0.49284353852272034, 'course_boost': 0.8, 'intent_boost': 0.8, 'field_boost': 3.2, 'lexical_boost': 0.12, 'section_boost': 0.45, 'topic_plan_boost': 0.0, 'penalty': 0.0, 'metadata_penalty': 0.0, 'final_score': 5.862843538522721}",document1.pdf,3,5.8445,"{'semantic_score': 0.47445183992385864, 'course_boost': 0.8, 'intent_boost': 0.8, 'field_boost': 3.2, 'lexical_boost': 0.12, 'section_boost': 0.45, 'topic_plan_boost': 0.0, 'penalty': 0.0, 'metadata_penalty': 0.0, 'final_score': 5.84445183992386}",document3.pdf,2,4.0235,"{'semantic_score': 0.45352163910865784, 'course_boost': 0.0, 'intent_boost': 0.8, 'field_boost': 3.2, 'lexical_boost': 0.12, 'section_boost': 0.45, 'topic_plan_boost': 0.0, 'penalty': -1.0, 'metadata_penalty': 0.0, 'final_score': 4.023521639108658}"
Q046,MTH 101-er CLO 4 ki?,banglish,clo,MTH 101,easy,document1.pdf,2,verified,True,True,1.0,True,True,1,1,False,A_SOURCE_AND_PAGE_RANK1,Optimized retrieval,0.178,document1.pdf,2,5.7959,"{'semantic_score': 0.42593276500701904, 'course_boost': 0.8, 'intent_boost': 0.8, 'field_boost': 3.2, 'lexical_boost': 0.12, 'section_boost': 0.45, 'topic_plan_boost': 0.0, 'penalty': 0.0, 'metadata_penalty': 0.0, 'final_score': 5.79593276500702}",document1.pdf,3,5.7749,"{'semantic_score': 0.4048875570297241, 'course_boost': 0.8, 'intent_boost': 0.8, 'field_boost': 3.2, 'lexical_boost': 0.12, 'section_boost': 0.45, 'topic_plan_boost': 0.0, 'penalty': 0.0, 'metadata_penalty': 0.0, 'final_score': 5.774887557029725}",document2.pdf,4,0.7676,"{'semantic_score': 0.397617369890213, 'course_boost': 0.0, 'intent_boost': 0.8, 'field_boost': 0.0, 'lexical_boost': 0.12, 'section_boost': 0.45, 'topic_plan_boost': 0.0, 'penalty': -1.0, 'metadata_penalty': 0.0, 'final_score': 0.7676173698902129}"
Q047,What is CLO 5 of MTH 101?,english,clo,MTH 101,easy,document1.pdf,2,verified,True,True,1.0,True,True,1,1,False,A_SOURCE_AND_PAGE_RANK1,Optimized retrieval,0.173,document1.pdf,2,5.8416,"{'semantic_score': 0.4715511202812195, 'course_boost': 0.8, 'intent_boost': 0.8, 'field_boost': 3.2, 'lexical_boost': 0.12, 'section_boost': 0.45, 'topic_plan_boost': 0.0, 'penalty': 0.0, 'metadata_penalty': 0.0, 'final_score': 5.8415511202812205}",document1.pdf,3,2.6439,"{'semantic_score': 0.4739447236061096, 'course_boost': 0.8, 'intent_boost': 0.8, 'field_boost': 0.0, 'lexical_boost': 0.12, 'section_boost': 0.45, 'topic_plan_boost': 0.0, 'penalty': 0.0, 'metadata_penalty': 0.0, 'final_score': 2.64394472360611}",document2.pdf,3,0.8368,"{'semantic_score': 0.46678632497787476, 'course_boost': 0.0, 'intent_boost': 0.8, 'field_boost': 0.0, 'lexical_boost': 0.12, 'section_boost': 0.45, 'topic_plan_boost': 0.0, 'penalty': -1.0, 'metadata_penalty': 0.0, 'final_score': 0.8367863249778746}"
Q047,MTH 101-এর CLO 5 কী?,bangla,clo,MTH 101,easy,document1.pdf,2,verified,True,True,1.0,True,True,1,1,False,A_SOURCE_AND_PAGE_RANK1,Optimized retrieval,0.157,document1.pdf,2,5.8677,"{'semantic_score': 0.4976780414581299, 'course_boost': 0.8, 'intent_boost': 0.8, 'field_boost': 3.2, 'lexical_boost': 0.12, 'section_boost': 0.45, 'topic_plan_boost': 0.0, 'penalty': 0.0, 'metadata_penalty': 0.0, 'final_score': 5.867678041458131}",document1.pdf,3,2.6659,"{'semantic_score': 0.49592337012290955, 'course_boost': 0.8, 'intent_boost': 0.8, 'field_boost': 0.0, 'lexical_boost': 0.12, 'section_boost': 0.45, 'topic_plan_boost': 0.0, 'penalty': 0.0, 'metadata_penalty': 0.0, 'final_score': 2.66592337012291}",document2.pdf,3,0.8560,"{'semantic_score': 0.4859572649002075, 'course_boost': 0.0, 'intent_boost': 0.8, 'field_boost': 0.0, 'lexical_boost': 0.12, 'section_boost': 0.45, 'topic_plan_boost': 0.0, 'penalty': -1.0, 'metadata_penalty': 0.0, 'final_score': 0.8559572649002074}"
Q047,MTH 101-er CLO 5 ki?,banglish,clo,MTH 101,easy,document1.pdf,2,verified,True,True,1.0,True,True,1,1,False,A_SOURCE_AND_PAGE_RANK1,Optimized retrieval,0.161,document1.pdf,2,5.8040,"{'semantic_score': 0.4340168237686157, 'course_boost': 0.8, 'intent_boost': 0.8, 'field_boost': 3.2, 'lexical_boost': 0.12, 'section_boost': 0.45, 'topic_plan_boost': 0.0, 'penalty': 0.0, 'metadata_penalty': 0.0, 'final_score': 5.804016823768617}",document2.pdf,3,0.8048,"{'semantic_score': 0.43481332063674927, 'course_boost': 0.0, 'intent_boost': 0.8, 'field_boost': 0.0, 'lexical_boost': 0.12, 'section_boost': 0.45, 'topic_plan_boost': 0.0, 'penalty': -1.0, 'metadata_penalty': 0.0, 'final_score': 0.8048133206367492}",document1.pdf,3,2.6040,"{'semantic_score': 0.4340149760246277, 'course_boost': 0.8, 'intent_boost': 0.8, 'field_boost': 0.0, 'lexical_boost': 0.12, 'section_boost': 0.45, 'topic_plan_boost': 0.0, 'penalty': 0.0, 'metadata_penalty': 0.0, 'final_score': 2.604014976024628}"
Q048,What topics are included under Functions?,english,topics,MTH 101,medium,document1.pdf,3;4,verified,True,True,1.0,True,True,1,1,True,A_SOURCE_AND_PAGE_RANK1,Optimized retrieval,0.169,document1.pdf,3,5.8835,"{'semantic_score': 0.5435186624526978, 'course_boost': 0.8, 'intent_boost': 0.8, 'field_boost': 0.4, 'lexical_boost': 0.24, 'section_boost': 0.9, 'topic_plan_boost': 2.2, 'penalty': 0.0, 'metadata_penalty': 0.0, 'final_score': 5.883518662452698}",document3.pdf,2,3.5432,"{'semantic_score': 0.5231680870056152, 'course_boost': 0.0, 'intent_boost': 0.8, 'field_boost': 0.0, 'lexical_boost': 0.12, 'section_boost': 0.9, 'topic_plan_boost': 2.2, 'penalty': -1.0, 'metadata_penalty': 0.0, 'final_score': 3.543168087005615}",document1.pdf,2,3.9414,"{'semantic_score': 0.5214053392410278, 'course_boost': 0.8, 'intent_boost': 0.8, 'field_boost': 0.8, 'lexical_boost': 0.12, 'section_boost': 0.9, 'topic_plan_boost': 0.0, 'penalty': 0.0, 'metadata_penalty': 0.0, 'final_score': 3.941405339241028}"
Q048,Functions-এর অধীনে কোন কোন বিষয় অন্তর্ভুক্ত রয়েছে?,bangla,topics,MTH 101,medium,document1.pdf,3;4,verified,True,True,1.0,True,True,1,1,True,A_SOURCE_AND_PAGE_RANK1,Optimized retrieval,0.182,document1.pdf,3,5.3674,"{'semantic_score': 0.5473645925521851, 'course_boost': 0.8, 'intent_boost': 0.8, 'field_boost': 0.0, 'lexical_boost': 0.12, 'section_boost': 0.9, 'topic_plan_boost': 2.2, 'penalty': 0.0, 'metadata_penalty': 0.0, 'final_score': 5.367364592552185}",document1.pdf,2,3.1851,"{'semantic_score': 0.5650641322135925, 'course_boost': 0.8, 'intent_boost': 0.8, 'field_boost': 0.0, 'lexical_boost': 0.12, 'section_boost': 0.9, 'topic_plan_boost': 0.0, 'penalty': 0.0, 'metadata_penalty': 0.0, 'final_score': 3.1850641322135926}",document3.pdf,2,3.4238,"{'semantic_score': 0.5237928032875061, 'course_boost': 0.0, 'intent_boost': 0.8, 'field_boost': 0.0, 'lexical_boost': 0.0, 'section_boost': 0.9, 'topic_plan_boost': 2.2, 'penalty': -1.0, 'metadata_penalty': 0.0, 'final_score': 3.4237928032875065}"
Q048,Functions-er under-e kon kon topic include kora hoyeche?,banglish,topics,MTH 101,medium,document1.pdf,3;4,verified,True,True,1.0,True,True,1,1,True,A_SOURCE_AND_PAGE_RANK1,Optimized retrieval,0.180,document1.pdf,3,5.6389,"{'semantic_score': 0.4188755750656128, 'course_boost': 0.8, 'intent_boost': 0.8, 'field_boost': 0.4, 'lexical_boost': 0.12, 'section_boost': 0.9, 'topic_plan_boost': 2.2, 'penalty': 0.0, 'metadata_penalty': 0.0, 'final_score': 5.638875575065613}",document1.pdf,4,1.8874,"{'semantic_score': 0.41743865609169006, 'course_boost': 0.8, 'intent_boost': 0.8, 'field_boost': 0.0, 'lexical_boost': 0.12, 'section_boost': 0.45, 'topic_plan_boost': -0.7, 'penalty': 0.0, 'metadata_penalty': 0.0, 'final_score': 1.8874386560916905}",document2.pdf,3,3.3172,"{'semantic_score': 0.41715845465660095, 'course_boost': 0.0, 'intent_boost': 0.8, 'field_boost': 0.0, 'lexical_boost': 0.0, 'section_boost': 0.9, 'topic_plan_boost': 2.2, 'penalty': -1.0, 'metadata_penalty': 0.0, 'final_score': 3.3171584546566013}"
Q049,What topics are included under Limits?,english,topics,MTH 101,medium,document1.pdf,3;4,verified,True,True,1.0,True,True,1,1,True,A_SOURCE_AND_PAGE_RANK1,Optimized retrieval,0.173,document1.pdf,3,5.3336,"{'semantic_score': 0.5135613679885864, 'course_boost': 0.8, 'intent_boost': 0.8, 'field_boost': 0.0, 'lexical_boost': 0.12, 'section_boost': 0.9, 'topic_plan_boost': 2.2, 'penalty': 0.0, 'metadata_penalty': 0.0, 'final_score': 5.333561367988587}",document2.pdf,3,3.4930,"{'semantic_score': 0.47301292419433594, 'course_boost': 0.0, 'intent_boost': 0.8, 'field_boost': 0.0, 'lexical_boost': 0.12, 'section_boost': 0.9, 'topic_plan_boost': 2.2, 'penalty': -1.0, 'metadata_penalty': 0.0, 'final_score': 3.4930129241943355}",document3.pdf,2,3.4883,"{'semantic_score': 0.4683149456977844, 'course_boost': 0.0, 'intent_boost': 0.8, 'field_boost': 0.0, 'lexical_boost': 0.12, 'section_boost': 0.9, 'topic_plan_boost': 2.2, 'penalty': -1.0, 'metadata_penalty': 0.0, 'final_score': 3.488314945697784}"
Q049,Limits-এর অধীনে কোন কোন বিষয় অন্তর্ভুক্ত রয়েছে?,bangla,topics,MTH 101,medium,document1.pdf,3;4,verified,True,True,1.0,True,True,1,1,True,A_SOURCE_AND_PAGE_RANK1,Optimized retrieval,0.163,document1.pdf,3,5.2359,"{'semantic_score': 0.5358991026878357, 'course_boost': 0.8, 'intent_boost': 0.8, 'field_boost': 0.0, 'lexical_boost': 0.0, 'section_boost': 0.9, 'topic_plan_boost': 2.2, 'penalty': 0.0, 'metadata_penalty': 0.0, 'final_score': 5.235899102687836}",document1.pdf,2,3.1395,"{'semantic_score': 0.5195310115814209, 'course_boost': 0.8, 'intent_boost': 0.8, 'field_boost': 0.0, 'lexical_boost': 0.12, 'section_boost': 0.9, 'topic_plan_boost': 0.0, 'penalty': 0.0, 'metadata_penalty': 0.0, 'final_score': 3.139531011581421}",document2.pdf,2,1.2001,"{'semantic_score': 0.5001044273376465, 'course_boost': 0.0, 'intent_boost': 0.8, 'field_boost': 0.0, 'lexical_boost': 0.0, 'section_boost': 0.9, 'topic_plan_boost': 0.0, 'penalty': -1.0, 'metadata_penalty': 0.0, 'final_score': 1.2001044273376467}"
Q049,Limits-er under-e kon kon topic include kora hoyeche?,banglish,topics,MTH 101,medium,document1.pdf,3;4,verified,True,True,1.0,True,True,1,1,True,A_SOURCE_AND_PAGE_RANK1,Optimized retrieval,0.166,document1.pdf,3,5.1121,"{'semantic_score': 0.41214609146118164, 'course_boost': 0.8, 'intent_boost': 0.8, 'field_boost': 0.0, 'lexical_boost': 0.0, 'section_boost': 0.9, 'topic_plan_boost': 2.2, 'penalty': 0.0, 'metadata_penalty': 0.0, 'final_score': 5.112146091461182}",document1.pdf,4,1.8948,"{'semantic_score': 0.42481517791748047, 'course_boost': 0.8, 'intent_boost': 0.8, 'field_boost': 0.0, 'lexical_boost': 0.12, 'section_boost': 0.45, 'topic_plan_boost': -0.7, 'penalty': 0.0, 'metadata_penalty': 0.0, 'final_score': 1.8948151779174809}",document3.pdf,2,3.4104,"{'semantic_score': 0.39040499925613403, 'course_boost': 0.0, 'intent_boost': 0.8, 'field_boost': 0.0, 'lexical_boost': 0.12, 'section_boost': 0.9, 'topic_plan_boost': 2.2, 'penalty': -1.0, 'metadata_penalty': 0.0, 'final_score': 3.4104049992561336}"
Q050,What topics are covered under Derivatives?,english,topics,MTH 101,medium,document1.pdf,3;4,verified,True,True,1.0,True,True,1,1,True,A_SOURCE_AND_PAGE_RANK1,Optimized retrieval,0.172,document1.pdf,3,4.4568,"{'semantic_score': 0.4368484616279602, 'course_boost': 0.0, 'intent_boost': 0.8, 'field_boost': 0.0, 'lexical_boost': 0.12, 'section_boost': 0.9, 'topic_plan_boost': 2.2, 'penalty': 0.0, 'metadata_penalty': 0.0, 'final_score': 4.45684846162796}",document1.pdf,2,3.1183,"{'semantic_score': 0.4983183741569519, 'course_boost': 0.0, 'intent_boost': 0.8, 'field_boost': 0.8, 'lexical_boost': 0.12, 'section_boost': 0.9, 'topic_plan_boost': 0.0, 'penalty': 0.0, 'metadata_penalty': 0.0, 'final_score': 3.118318374156952}",document3.pdf,2,4.4538,"{'semantic_score': 0.4337520897388458, 'course_boost': 0.0, 'intent_boost': 0.8, 'field_boost': 0.0, 'lexical_boost': 0.12, 'section_boost': 0.9, 'topic_plan_boost': 2.2, 'penalty': 0.0, 'metadata_penalty': 0.0, 'final_score': 4.453752089738845}"
Q050,Derivatives-এর অধীনে কোন কোন বিষয় পড়ানো হয়?,bangla,topics,MTH 101,medium,document1.pdf,3;4,verified,True,True,1.0,True,True,1,1,True,A_SOURCE_AND_PAGE_RANK1,Optimized retrieval,0.171,document1.pdf,3,4.3881,"{'semantic_score': 0.4881250560283661, 'course_boost': 0.0, 'intent_boost': 0.8, 'field_boost': 0.0, 'lexical_boost': 0.0, 'section_boost': 0.9, 'topic_plan_boost': 2.2, 'penalty': 0.0, 'metadata_penalty': 0.0, 'final_score': 4.3881250560283664}",document1.pdf,2,2.3826,"{'semantic_score': 0.5626266598701477, 'course_boost': 0.0, 'intent_boost': 0.8, 'field_boost': 0.0, 'lexical_boost': 0.12, 'section_boost': 0.9, 'topic_plan_boost': 0.0, 'penalty': 0.0, 'metadata_penalty': 0.0, 'final_score': 2.3826266598701475}",document2.pdf,2,2.2008,"{'semantic_score': 0.5007888674736023, 'course_boost': 0.0, 'intent_boost': 0.8, 'field_boost': 0.0, 'lexical_boost': 0.0, 'section_boost': 0.9, 'topic_plan_boost': 0.0, 'penalty': 0.0, 'metadata_penalty': 0.0, 'final_score': 2.2007888674736025}"
Q050,Derivatives-er under-e kon kon topic porano hoy?,banglish,topics,MTH 101,medium,document1.pdf,3;4,verified,False,True,0.3333333333333333,False,False,2,3,True,B_SOURCE_TOP3_PAGE_NOT_RANK1,Optimized retrieval,0.160,document3.pdf,2,4.3703,"{'semantic_score': 0.3503236770629883, 'course_boost': 0.0, 'intent_boost': 0.8, 'field_boost': 0.0, 'lexical_boost': 0.12, 'section_boost': 0.9, 'topic_plan_boost': 2.2, 'penalty': 0.0, 'metadata_penalty': 0.0, 'final_score': 4.370323677062988}",document1.pdf,2,3.0322,"{'semantic_score': 0.4121513366699219, 'course_boost': 0.0, 'intent_boost': 0.8, 'field_boost': 0.8, 'lexical_boost': 0.12, 'section_boost': 0.9, 'topic_plan_boost': 0.0, 'penalty': 0.0, 'metadata_penalty': 0.0, 'final_score': 3.032151336669922}",document1.pdf,3,4.2618,"{'semantic_score': 0.36178895831108093, 'course_boost': 0.0, 'intent_boost': 0.8, 'field_boost': 0.0, 'lexical_boost': 0.0, 'section_boost': 0.9, 'topic_plan_boost': 2.2, 'penalty': 0.0, 'metadata_penalty': 0.0, 'final_score': 4.261788958311081}"
Q051,What applications of differentiation are included in the course?,english,topics,MTH 101,medium,document1.pdf,3;4,verified,True,True,1.0,True,True,1,1,True,A_SOURCE_AND_PAGE_RANK1,Optimized retrieval,0.159,document1.pdf,3,4.5962,"{'semantic_score': 0.5762481093406677, 'course_boost': 0.0, 'intent_boost': 0.8, 'field_boost': 0.0, 'lexical_boost': 0.12, 'section_boost': 0.9, 'topic_plan_boost': 2.2, 'penalty': 0.0, 'metadata_penalty': 0.0, 'final_score': 4.596248109340667}",document1.pdf,2,2.5774,"{'semantic_score': 0.6373826265335083, 'course_boost': 0.0, 'intent_boost': 0.8, 'field_boost': 0.0, 'lexical_boost': 0.24, 'section_boost': 0.9, 'topic_plan_boost': 0.0, 'penalty': 0.0, 'metadata_penalty': 0.0, 'final_score': 2.5773826265335082}",document1.pdf,1,0.3540,"{'semantic_score': 0.5840388536453247, 'course_boost': 0.0, 'intent_boost': 0.8, 'field_boost': 0.0, 'lexical_boost': 0.12, 'section_boost': 0.45, 'topic_plan_boost': 0.0, 'penalty': 0.0, 'metadata_penalty': -1.6, 'final_score': 0.3540388536453245}"
Q051,Differentiation-এর কোন কোন Application কোর্সে অন্তর্ভুক্ত রয়েছে?,bangla,topics,MTH 101,medium,document1.pdf,3;4,verified,True,True,1.0,True,True,1,1,True,A_SOURCE_AND_PAGE_RANK1,Optimized retrieval,0.168,document1.pdf,3,4.5598,"{'semantic_score': 0.5397754907608032, 'course_boost': 0.0, 'intent_boost': 0.8, 'field_boost': 0.0, 'lexical_boost': 0.12, 'section_boost': 0.9, 'topic_plan_boost': 2.2, 'penalty': 0.0, 'metadata_penalty': 0.0, 'final_score': 4.559775490760803}",document1.pdf,2,2.5375,"{'semantic_score': 0.5975452065467834, 'course_boost': 0.0, 'intent_boost': 0.8, 'field_boost': 0.0, 'lexical_boost': 0.24, 'section_boost': 0.9, 'topic_plan_boost': 0.0, 'penalty': 0.0, 'metadata_penalty': 0.0, 'final_score': 2.5375452065467834}",document1.pdf,1,0.2879,"{'semantic_score': 0.517923891544342, 'course_boost': 0.0, 'intent_boost': 0.8, 'field_boost': 0.0, 'lexical_boost': 0.12, 'section_boost': 0.45, 'topic_plan_boost': 0.0, 'penalty': 0.0, 'metadata_penalty': -1.6, 'final_score': 0.28792389154434184}"
Q051,Differentiation-er kon kon Application course-e include kora hoyeche?,banglish,topics,MTH 101,medium,document1.pdf,3;4,verified,True,True,1.0,True,True,1,1,True,A_SOURCE_AND_PAGE_RANK1,Optimized retrieval,0.196,document1.pdf,3,4.5114,"{'semantic_score': 0.4914155602455139, 'course_boost': 0.0, 'intent_boost': 0.8, 'field_boost': 0.0, 'lexical_boost': 0.12, 'section_boost': 0.9, 'topic_plan_boost': 2.2, 'penalty': 0.0, 'metadata_penalty': 0.0, 'final_score': 4.5114155602455135}",document1.pdf,2,2.4517,"{'semantic_score': 0.5116790533065796, 'course_boost': 0.0, 'intent_boost': 0.8, 'field_boost': 0.0, 'lexical_boost': 0.24, 'section_boost': 0.9, 'topic_plan_boost': 0.0, 'penalty': 0.0, 'metadata_penalty': 0.0, 'final_score': 2.4516790533065795}",document3.pdf,2,4.3713,"{'semantic_score': 0.4713149070739746, 'course_boost': 0.0, 'intent_boost': 0.8, 'field_boost': 0.0, 'lexical_boost': 0.0, 'section_boost': 0.9, 'topic_plan_boost': 2.2, 'penalty': 0.0, 'metadata_penalty': 0.0, 'final_score': 4.371314907073975}"
Q052,What topics are included under Integrals?,english,topics,MTH 101,medium,document1.pdf,3;4,verified,True,True,1.0,True,True,1,1,True,A_SOURCE_AND_PAGE_RANK1,Optimized retrieval,0.190,document1.pdf,3,5.3137,"{'semantic_score': 0.49370598793029785, 'course_boost': 0.8, 'intent_boost': 0.8, 'field_boost': 0.0, 'lexical_boost': 0.12, 'section_boost': 0.9, 'topic_plan_boost': 2.2, 'penalty': 0.0, 'metadata_penalty': 0.0, 'final_score': 5.313705987930298}",document1.pdf,2,3.9566,"{'semantic_score': 0.5366147756576538, 'course_boost': 0.8, 'intent_boost': 0.8, 'field_boost': 0.8, 'lexical_boost': 0.12, 'section_boost': 0.9, 'topic_plan_boost': 0.0, 'penalty': 0.0, 'metadata_penalty': 0.0, 'final_score': 3.956614775657654}",document1.pdf,4,2.3685,"{'semantic_score': 0.4984782636165619, 'course_boost': 0.8, 'intent_boost': 0.8, 'field_boost': 0.4, 'lexical_boost': 0.12, 'section_boost': 0.45, 'topic_plan_boost': -0.7, 'penalty': 0.0, 'metadata_penalty': 0.0, 'final_score': 2.368478263616562}"
Q052,Integrals-এর অধীনে কোন কোন বিষয় অন্তর্ভুক্ত রয়েছে?,bangla,topics,MTH 101,medium,document1.pdf,3;4,verified,True,True,1.0,True,True,1,1,True,A_SOURCE_AND_PAGE_RANK1,Optimized retrieval,0.184,document1.pdf,3,5.1981,"{'semantic_score': 0.49809128046035767, 'course_boost': 0.8, 'intent_boost': 0.8, 'field_boost': 0.0, 'lexical_boost': 0.0, 'section_boost': 0.9, 'topic_plan_boost': 2.2, 'penalty': 0.0, 'metadata_penalty': 0.0, 'final_score': 5.198091280460358}",document1.pdf,2,3.1899,"{'semantic_score': 0.5699048042297363, 'course_boost': 0.8, 'intent_boost': 0.8, 'field_boost': 0.0, 'lexical_boost': 0.12, 'section_boost': 0.9, 'topic_plan_boost': 0.0, 'penalty': 0.0, 'metadata_penalty': 0.0, 'final_score': 3.1899048042297364}",document1.pdf,4,1.9476,"{'semantic_score': 0.4775678515434265, 'course_boost': 0.8, 'intent_boost': 0.8, 'field_boost': 0.0, 'lexical_boost': 0.12, 'section_boost': 0.45, 'topic_plan_boost': -0.7, 'penalty': 0.0, 'metadata_penalty': 0.0, 'final_score': 1.947567851543427}"
Q052,Integrals-er under-e kon kon topic include kora hoyeche?,banglish,topics,MTH 101,medium,document1.pdf,3;4,verified,True,True,1.0,True,True,1,1,True,A_SOURCE_AND_PAGE_RANK1,Optimized retrieval,0.179,document1.pdf,3,5.1072,"{'semantic_score': 0.40723463892936707, 'course_boost': 0.8, 'intent_boost': 0.8, 'field_boost': 0.0, 'lexical_boost': 0.0, 'section_boost': 0.9, 'topic_plan_boost': 2.2, 'penalty': 0.0, 'metadata_penalty': 0.0, 'final_score': 5.107234638929367}",document1.pdf,4,2.4304,"{'semantic_score': 0.4403744637966156, 'course_boost': 0.8, 'intent_boost': 0.8, 'field_boost': 0.4, 'lexical_boost': 0.24, 'section_boost': 0.45, 'topic_plan_boost': -0.7, 'penalty': 0.0, 'metadata_penalty': 0.0, 'final_score': 2.430374463796616}",document1.pdf,2,3.8461,"{'semantic_score': 0.4261344075202942, 'course_boost': 0.8, 'intent_boost': 0.8, 'field_boost': 0.8, 'lexical_boost': 0.12, 'section_boost': 0.9, 'topic_plan_boost': 0.0, 'penalty': 0.0, 'metadata_penalty': 0.0, 'final_score': 3.8461344075202946}"
Q053,What is the Fundamental Theorem of Calculus included with?,english,topics,MTH 101,hard,document1.pdf,3;4,needs_review,True,True,1.0,True,True,1,1,True,A_SOURCE_AND_PAGE_RANK1,Optimized retrieval,0.197,document1.pdf,3,5.4155,"{'semantic_score': 0.47551119327545166, 'course_boost': 0.8, 'intent_boost': 0.8, 'field_boost': 0.0, 'lexical_boost': 0.24, 'section_boost': 0.9, 'topic_plan_boost': 2.2, 'penalty': 0.0, 'metadata_penalty': 0.0, 'final_score': 5.415511193275451}",document1.pdf,2,3.5259,"{'semantic_score': 0.5459441542625427, 'course_boost': 0.8, 'intent_boost': 0.8, 'field_boost': 0.0, 'lexical_boost': 0.48, 'section_boost': 0.9, 'topic_plan_boost': 0.0, 'penalty': 0.0, 'metadata_penalty': 0.0, 'final_score': 3.5259441542625427}",document2.pdf,2,1.3357,"{'semantic_score': 0.5156700611114502, 'course_boost': 0.0, 'intent_boost': 0.8, 'field_boost': 0.0, 'lexical_boost': 0.12, 'section_boost': 0.9, 'topic_plan_boost': 0.0, 'penalty': -1.0, 'metadata_penalty': 0.0, 'final_score': 1.33567006111145}"
Q053,Fundamental Theorem of Calculus কোন কোন বিষয়ের সঙ্গে অন্তর্ভুক্ত করা হয়েছে?,bangla,topics,MTH 101,hard,document1.pdf,3;4,needs_review,True,True,1.0,True,True,1,1,True,A_SOURCE_AND_PAGE_RANK1,Optimized retrieval,0.187,document1.pdf,3,5.3365,"{'semantic_score': 0.5164724588394165, 'course_boost': 0.8, 'intent_boost': 0.8, 'field_boost': 0.0, 'lexical_boost': 0.12, 'section_boost': 0.9, 'topic_plan_boost': 2.2, 'penalty': 0.0, 'metadata_penalty': 0.0, 'final_score': 5.336472458839417}",document1.pdf,2,3.4296,"{'semantic_score': 0.5695768594741821, 'course_boost': 0.8, 'intent_boost': 0.8, 'field_boost': 0.0, 'lexical_boost': 0.36, 'section_boost': 0.9, 'topic_plan_boost': 0.0, 'penalty': 0.0, 'metadata_penalty': 0.0, 'final_score': 3.429576859474182}",document2.pdf,2,1.2421,"{'semantic_score': 0.5421087741851807, 'course_boost': 0.0, 'intent_boost': 0.8, 'field_boost': 0.0, 'lexical_boost': 0.0, 'section_boost': 0.9, 'topic_plan_boost': 0.0, 'penalty': -1.0, 'metadata_penalty': 0.0, 'final_score': 1.2421087741851808}"
Q053,Fundamental Theorem of Calculus kon kon topic-er shathe include kora hoyeche?,banglish,topics,MTH 101,hard,document1.pdf,3;4,needs_review,True,True,1.0,True,True,1,1,True,A_SOURCE_AND_PAGE_RANK1,Optimized retrieval,0.190,document1.pdf,3,5.2762,"{'semantic_score': 0.45620977878570557, 'course_boost': 0.8, 'intent_boost': 0.8, 'field_boost': 0.0, 'lexical_boost': 0.12, 'section_boost': 0.9, 'topic_plan_boost': 2.2, 'penalty': 0.0, 'metadata_penalty': 0.0, 'final_score': 5.276209778785706}",document1.pdf,2,3.3272,"{'semantic_score': 0.4671652019023895, 'course_boost': 0.8, 'intent_boost': 0.8, 'field_boost': 0.0, 'lexical_boost': 0.36, 'section_boost': 0.9, 'topic_plan_boost': 0.0, 'penalty': 0.0, 'metadata_penalty': 0.0, 'final_score': 3.3271652019023894}",document2.pdf,2,1.1574,"{'semantic_score': 0.45738616585731506, 'course_boost': 0.0, 'intent_boost': 0.8, 'field_boost': 0.0, 'lexical_boost': 0.0, 'section_boost': 0.9, 'topic_plan_boost': 0.0, 'penalty': -1.0, 'metadata_penalty': 0.0, 'final_score': 1.1573861658573152}"
Q054,What applications of integration are included in the course?,english,topics,MTH 101,medium,document1.pdf,3;4,verified,True,True,1.0,True,True,1,1,True,A_SOURCE_AND_PAGE_RANK1,Optimized retrieval,0.222,document1.pdf,3,5.3794,"{'semantic_score': 0.5593804121017456, 'course_boost': 0.8, 'intent_boost': 0.8, 'field_boost': 0.0, 'lexical_boost': 0.12, 'section_boost': 0.9, 'topic_plan_boost': 2.2, 'penalty': 0.0, 'metadata_penalty': 0.0, 'final_score': 5.379380412101746}",document1.pdf,2,3.3578,"{'semantic_score': 0.6177778840065002, 'course_boost': 0.8, 'intent_boost': 0.8, 'field_boost': 0.0, 'lexical_boost': 0.24, 'section_boost': 0.9, 'topic_plan_boost': 0.0, 'penalty': 0.0, 'metadata_penalty': 0.0, 'final_score': 3.3577778840065}",document1.pdf,1,1.3324,"{'semantic_score': 0.5623631477355957, 'course_boost': 1.0, 'intent_boost': 0.8, 'field_boost': 0.0, 'lexical_boost': 0.12, 'section_boost': 0.45, 'topic_plan_boost': 0.0, 'penalty': 0.0, 'metadata_penalty': -1.6, 'final_score': 1.3323631477355957}"
Q054,Integration-এর কোন কোন Application কোর্সে অন্তর্ভুক্ত রয়েছে?,bangla,topics,MTH 101,medium,document1.pdf,3;4,verified,True,True,1.0,True,True,1,1,True,A_SOURCE_AND_PAGE_RANK1,Optimized retrieval,0.193,document1.pdf,3,5.3496,"{'semantic_score': 0.5295783281326294, 'course_boost': 0.8, 'intent_boost': 0.8, 'field_boost': 0.0, 'lexical_boost': 0.12, 'section_boost': 0.9, 'topic_plan_boost': 2.2, 'penalty': 0.0, 'metadata_penalty': 0.0, 'final_score': 5.34957832813263}",document1.pdf,2,3.3170,"{'semantic_score': 0.5770283937454224, 'course_boost': 0.8, 'intent_boost': 0.8, 'field_boost': 0.0, 'lexical_boost': 0.24, 'section_boost': 0.9, 'topic_plan_boost': 0.0, 'penalty': 0.0, 'metadata_penalty': 0.0, 'final_score': 3.317028393745422}",document2.pdf,2,1.3330,"{'semantic_score': 0.5129762887954712, 'course_boost': 0.0, 'intent_boost': 0.8, 'field_boost': 0.0, 'lexical_boost': 0.12, 'section_boost': 0.9, 'topic_plan_boost': 0.0, 'penalty': -1.0, 'metadata_penalty': 0.0, 'final_score': 1.332976288795471}"
Q054,Integration-er kon kon Application course-e include kora hoyeche?,banglish,topics,MTH 101,medium,document1.pdf,3;4,verified,True,True,1.0,True,True,1,1,True,A_SOURCE_AND_PAGE_RANK1,Optimized retrieval,0.191,document1.pdf,3,5.2943,"{'semantic_score': 0.4743346869945526, 'course_boost': 0.8, 'intent_boost': 0.8, 'field_boost': 0.0, 'lexical_boost': 0.12, 'section_boost': 0.9, 'topic_plan_boost': 2.2, 'penalty': 0.0, 'metadata_penalty': 0.0, 'final_score': 5.294334686994553}",document1.pdf,2,3.2235,"{'semantic_score': 0.48353150486946106, 'course_boost': 0.8, 'intent_boost': 0.8, 'field_boost': 0.0, 'lexical_boost': 0.24, 'section_boost': 0.9, 'topic_plan_boost': 0.0, 'penalty': 0.0, 'metadata_penalty': 0.0, 'final_score': 3.223531504869461}",document3.pdf,2,3.3736,"{'semantic_score': 0.4736241400241852, 'course_boost': 0.0, 'intent_boost': 0.8, 'field_boost': 0.0, 'lexical_boost': 0.0, 'section_boost': 0.9, 'topic_plan_boost': 2.2, 'penalty': -1.0, 'metadata_penalty': 0.0, 'final_score': 3.3736241400241855}"
Q055,What is taught in Week 1 of MTH 101?,english,weekly_content,MTH 101,medium,document1.pdf,4;5,verified,False,False,0.0,True,False,1,,True,C_SOURCE_TOP3_PAGE_ABSENT,Optimized retrieval,0.203,document1.pdf,3,9.6069,"{'semantic_score': 0.48687249422073364, 'course_boost': 0.8, 'intent_boost': 0.8, 'field_boost': 3.2, 'lexical_boost': 0.12, 'section_boost': 0.9, 'topic_plan_boost': 3.3000000000000003, 'penalty': 0.0, 'metadata_penalty': 0.0, 'final_score': 9.606872494220735}",document1.pdf,1,0.1476,"{'semantic_score': 0.5076313018798828, 'course_boost': 1.0, 'intent_boost': 0.0, 'field_boost': 0.0, 'lexical_boost': 0.24, 'section_boost': 0.0, 'topic_plan_boost': 0.0, 'penalty': 0.0, 'metadata_penalty': -1.6, 'final_score': 0.14763130187988271}",document3.pdf,4,3.0617,"{'semantic_score': 0.4917094111442566, 'course_boost': 0.0, 'intent_boost': 0.8, 'field_boost': 0.0, 'lexical_boost': 0.12, 'section_boost': 0.45, 'topic_plan_boost': 2.2, 'penalty': -1.0, 'metadata_penalty': 0.0, 'final_score': 3.061709411144257}"
Q055,MTH 101-এর Week 1-এ কী পড়ানো হয়?,bangla,weekly_content,MTH 101,medium,document1.pdf,4;5,verified,False,False,0.0,True,False,1,,True,C_SOURCE_TOP3_PAGE_ABSENT,Optimized retrieval,0.176,document1.pdf,3,9.6369,"{'semantic_score': 0.5169018507003784, 'course_boost': 0.8, 'intent_boost': 0.8, 'field_boost': 3.2, 'lexical_boost': 0.12, 'section_boost': 0.9, 'topic_plan_boost': 3.3000000000000003, 'penalty': 0.0, 'metadata_penalty': 0.0, 'final_score': 9.63690185070038}",document3.pdf,4,3.1062,"{'semantic_score': 0.5361546874046326, 'course_boost': 0.0, 'intent_boost': 0.8, 'field_boost': 0.0, 'lexical_boost': 0.12, 'section_boost': 0.45, 'topic_plan_boost': 2.2, 'penalty': -1.0, 'metadata_penalty': 0.0, 'final_score': 3.106154687404633}",document1.pdf,1,0.1632,"{'semantic_score': 0.5231744647026062, 'course_boost': 1.0, 'intent_boost': 0.0, 'field_boost': 0.0, 'lexical_boost': 0.24, 'section_boost': 0.0, 'topic_plan_boost': 0.0, 'penalty': 0.0, 'metadata_penalty': -1.6, 'final_score': 0.1631744647026061}"
Q055,MTH 101-er Week 1-e ki porano hoy?,banglish,weekly_content,MTH 101,medium,document1.pdf,4;5,verified,False,False,0.0,True,False,1,,True,C_SOURCE_TOP3_PAGE_ABSENT,Optimized retrieval,0.180,document1.pdf,3,9.5212,"{'semantic_score': 0.4012402892112732, 'course_boost': 0.8, 'intent_boost': 0.8, 'field_boost': 3.2, 'lexical_boost': 0.12, 'section_boost': 0.9, 'topic_plan_boost': 3.3000000000000003, 'penalty': 0.0, 'metadata_penalty': 0.0, 'final_score': 9.521240289211274}",document3.pdf,4,2.9989,"{'semantic_score': 0.42891764640808105, 'course_boost': 0.0, 'intent_boost': 0.8, 'field_boost': 0.0, 'lexical_boost': 0.12, 'section_boost': 0.45, 'topic_plan_boost': 2.2, 'penalty': -1.0, 'metadata_penalty': 0.0, 'final_score': 2.9989176464080813}",document1.pdf,1,0.0632,"{'semantic_score': 0.42321857810020447, 'course_boost': 1.0, 'intent_boost': 0.0, 'field_boost': 0.0, 'lexical_boost': 0.24, 'section_boost': 0.0, 'topic_plan_boost': 0.0, 'penalty': 0.0, 'metadata_penalty': -1.6, 'final_score': 0.06321857810020437}"
Q056,What topics are covered in Week 2?,english,weekly_content,MTH 101,medium,document1.pdf,4;5,verified,False,False,0.0,True,False,1,,True,C_SOURCE_TOP3_PAGE_ABSENT,Optimized retrieval,0.170,document1.pdf,3,5.7327,"{'semantic_score': 0.49268054962158203, 'course_boost': 0.0, 'intent_boost': 0.8, 'field_boost': 0.0, 'lexical_boost': 0.24, 'section_boost': 0.9, 'topic_plan_boost': 3.3000000000000003, 'penalty': 0.0, 'metadata_penalty': 0.0, 'final_score': 5.732680549621582}",document3.pdf,4,4.0982,"{'semantic_score': 0.5281897783279419, 'course_boost': 0.0, 'intent_boost': 0.8, 'field_boost': 0.0, 'lexical_boost': 0.12, 'section_boost': 0.45, 'topic_plan_boost': 2.2, 'penalty': 0.0, 'metadata_penalty': 0.0, 'final_score': 4.098189778327942}",document2.pdf,5,4.0797,"{'semantic_score': 0.5096616148948669, 'course_boost': 0.0, 'intent_boost': 0.8, 'field_boost': 0.0, 'lexical_boost': 0.12, 'section_boost': 0.45, 'topic_plan_boost': 2.2, 'penalty': 0.0, 'metadata_penalty': 0.0, 'final_score': 4.079661614894867}"
Q056,Week 2-এ কোন কোন বিষয় পড়ানো হয়?,bangla,weekly_content,MTH 101,medium,document1.pdf,4;5,verified,False,False,0.0,False,False,,,True,D_SOURCE_ABSENT_TOP3,Optimized retrieval,0.166,document3.pdf,3,5.6967,"{'semantic_score': 0.5767076015472412, 'course_boost': 0.0, 'intent_boost': 0.8, 'field_boost': 0.0, 'lexical_boost': 0.12, 'section_boost': 0.9, 'topic_plan_boost': 3.3000000000000003, 'penalty': 0.0, 'metadata_penalty': 0.0, 'final_score': 5.696707601547241}",document3.pdf,4,4.1651,"{'semantic_score': 0.5950981378555298, 'course_boost': 0.0, 'intent_boost': 0.8, 'field_boost': 0.0, 'lexical_boost': 0.12, 'section_boost': 0.45, 'topic_plan_boost': 2.2, 'penalty': 0.0, 'metadata_penalty': 0.0, 'final_score': 4.16509813785553}",document2.pdf,5,4.1478,"{'semantic_score': 0.5778311491012573, 'course_boost': 0.0, 'intent_boost': 0.8, 'field_boost': 0.0, 'lexical_boost': 0.12, 'section_boost': 0.45, 'topic_plan_boost': 2.2, 'penalty': 0.0, 'metadata_penalty': 0.0, 'final_score': 4.147831149101258}"
Q056,Week 2-e kon kon topic porano hoy?,banglish,weekly_content,MTH 101,medium,document1.pdf,4;5,verified,False,False,0.0,False,False,,,True,D_SOURCE_ABSENT_TOP3,Optimized retrieval,0.166,document3.pdf,3,5.5296,"{'semantic_score': 0.40963202714920044, 'course_boost': 0.0, 'intent_boost': 0.8, 'field_boost': 0.0, 'lexical_boost': 0.12, 'section_boost': 0.9, 'topic_plan_boost': 3.3000000000000003, 'penalty': 0.0, 'metadata_penalty': 0.0, 'final_score': 5.5296320271492005}",document3.pdf,4,4.0100,"{'semantic_score': 0.4399689733982086, 'course_boost': 0.0, 'intent_boost': 0.8, 'field_boost': 0.0, 'lexical_boost': 0.12, 'section_boost': 0.45, 'topic_plan_boost': 2.2, 'penalty': 0.0, 'metadata_penalty': 0.0, 'final_score': 4.009968973398209}",document2.pdf,5,4.0054,"{'semantic_score': 0.4353550672531128, 'course_boost': 0.0, 'intent_boost': 0.8, 'field_boost': 0.0, 'lexical_boost': 0.12, 'section_boost': 0.45, 'topic_plan_boost': 2.2, 'penalty': 0.0, 'metadata_penalty': 0.0, 'final_score': 4.005355067253113}"
Q057,What topics are covered in Week 5?,english,weekly_content,MTH 101,medium,document1.pdf,4;5,verified,False,True,0.3333333333333333,True,False,1,3,True,B_SOURCE_TOP3_PAGE_NOT_RANK1,Optimized retrieval,0.167,document1.pdf,3,5.7362,"{'semantic_score': 0.49620920419692993, 'course_boost': 0.0, 'intent_boost': 0.8, 'field_boost': 0.0, 'lexical_boost': 0.24, 'section_boost': 0.9, 'topic_plan_boost': 3.3000000000000003, 'penalty': 0.0, 'metadata_penalty': 0.0, 'final_score': 5.73620920419693}",document3.pdf,4,4.0856,"{'semantic_score': 0.5155733823776245, 'course_boost': 0.0, 'intent_boost': 0.8, 'field_boost': 0.0, 'lexical_boost': 0.12, 'section_boost': 0.45, 'topic_plan_boost': 2.2, 'penalty': 0.0, 'metadata_penalty': 0.0, 'final_score': 4.085573382377625}",document1.pdf,4,4.0671,"{'semantic_score': 0.49705132842063904, 'course_boost': 0.0, 'intent_boost': 0.8, 'field_boost': 0.0, 'lexical_boost': 0.12, 'section_boost': 0.45, 'topic_plan_boost': 2.2, 'penalty': 0.0, 'metadata_penalty': 0.0, 'final_score': 4.067051328420639}"
Q057,Week 5-এ কোন বিষয় পড়ানো হয়?,bangla,weekly_content,MTH 101,medium,document1.pdf,4;5,verified,False,True,0.3333333333333333,False,False,3,3,True,B_SOURCE_TOP3_PAGE_NOT_RANK1,Optimized retrieval,0.160,document3.pdf,3,5.6913,"{'semantic_score': 0.571265697479248, 'course_boost': 0.0, 'intent_boost': 0.8, 'field_boost': 0.0, 'lexical_boost': 0.12, 'section_boost': 0.9, 'topic_plan_boost': 3.3000000000000003, 'penalty': 0.0, 'metadata_penalty': 0.0, 'final_score': 5.691265697479248}",document3.pdf,4,4.1485,"{'semantic_score': 0.5785439014434814, 'course_boost': 0.0, 'intent_boost': 0.8, 'field_boost': 0.0, 'lexical_boost': 0.12, 'section_boost': 0.45, 'topic_plan_boost': 2.2, 'penalty': 0.0, 'metadata_penalty': 0.0, 'final_score': 4.148543901443482}",document1.pdf,4,4.1405,"{'semantic_score': 0.5705224275588989, 'course_boost': 0.0, 'intent_boost': 0.8, 'field_boost': 0.0, 'lexical_boost': 0.12, 'section_boost': 0.45, 'topic_plan_boost': 2.2, 'penalty': 0.0, 'metadata_penalty': 0.0, 'final_score': 4.140522427558899}"
Q057,Week 5-e kon topic porano hoy?,banglish,weekly_content,MTH 101,medium,document1.pdf,4;5,verified,False,True,0.3333333333333333,True,False,1,3,True,B_SOURCE_TOP3_PAGE_NOT_RANK1,Optimized retrieval,0.163,document1.pdf,3,5.5392,"{'semantic_score': 0.41924530267715454, 'course_boost': 0.0, 'intent_boost': 0.8, 'field_boost': 0.0, 'lexical_boost': 0.12, 'section_boost': 0.9, 'topic_plan_boost': 3.3000000000000003, 'penalty': 0.0, 'metadata_penalty': 0.0, 'final_score': 5.539245302677155}",document3.pdf,4,4.0113,"{'semantic_score': 0.44128626585006714, 'course_boost': 0.0, 'intent_boost': 0.8, 'field_boost': 0.0, 'lexical_boost': 0.12, 'section_boost': 0.45, 'topic_plan_boost': 2.2, 'penalty': 0.0, 'metadata_penalty': 0.0, 'final_score': 4.011286265850067}",document1.pdf,4,4.1299,"{'semantic_score': 0.43985846638679504, 'course_boost': 0.0, 'intent_boost': 0.8, 'field_boost': 0.0, 'lexical_boost': 0.24, 'section_boost': 0.45, 'topic_plan_boost': 2.2, 'penalty': 0.0, 'metadata_penalty': 0.0, 'final_score': 4.129858466386795}"
Q058,When is the Mid-Term Examination held?,english,weekly_content,MTH 101,hard,document1.pdf,4;5,needs_review,False,True,0.3333333333333333,False,False,3,3,True,B_SOURCE_TOP3_PAGE_NOT_RANK1,Optimized retrieval,0.153,document2.pdf,8,0.9605,"{'semantic_score': 0.6004947423934937, 'course_boost': 0.0, 'intent_boost': 0.0, 'field_boost': 0.0, 'lexical_boost': 0.36, 'section_boost': 0.0, 'topic_plan_boost': 0.0, 'penalty': 0.0, 'metadata_penalty': 0.0, 'final_score': 0.9604947423934936}",document3.pdf,4,0.9581,"{'semantic_score': 0.59807288646698, 'course_boost': 0.0, 'intent_boost': 0.0, 'field_boost': 0.0, 'lexical_boost': 0.36, 'section_boost': 0.0, 'topic_plan_boost': 0.0, 'penalty': 0.0, 'metadata_penalty': 0.0, 'final_score': 0.95807288646698}",document1.pdf,4,0.9080,"{'semantic_score': 0.5479708909988403, 'course_boost': 0.0, 'intent_boost': 0.0, 'field_boost': 0.0, 'lexical_boost': 0.36, 'section_boost': 0.0, 'topic_plan_boost': 0.0, 'penalty': 0.0, 'metadata_penalty': 0.0, 'final_score': 0.9079708909988403}"
Q058,Mid-Term Examination কখন অনুষ্ঠিত হয়?,bangla,weekly_content,MTH 101,hard,document1.pdf,4;5,needs_review,False,True,0.3333333333333333,False,False,3,3,True,B_SOURCE_TOP3_PAGE_NOT_RANK1,Optimized retrieval,0.154,document3.pdf,4,0.9758,"{'semantic_score': 0.6157649755477905, 'course_boost': 0.0, 'intent_boost': 0.0, 'field_boost': 0.0, 'lexical_boost': 0.36, 'section_boost': 0.0, 'topic_plan_boost': 0.0, 'penalty': 0.0, 'metadata_penalty': 0.0, 'final_score': 0.9757649755477905}",document2.pdf,8,0.9746,"{'semantic_score': 0.6145743131637573, 'course_boost': 0.0, 'intent_boost': 0.0, 'field_boost': 0.0, 'lexical_boost': 0.36, 'section_boost': 0.0, 'topic_plan_boost': 0.0, 'penalty': 0.0, 'metadata_penalty': 0.0, 'final_score': 0.9745743131637573}",document1.pdf,4,0.9278,"{'semantic_score': 0.5678385496139526, 'course_boost': 0.0, 'intent_boost': 0.0, 'field_boost': 0.0, 'lexical_boost': 0.36, 'section_boost': 0.0, 'topic_plan_boost': 0.0, 'penalty': 0.0, 'metadata_penalty': 0.0, 'final_score': 0.9278385496139526}"
Q058,Mid-Term Examination kokhon onushthito hoy?,banglish,weekly_content,MTH 101,hard,document1.pdf,4;5,needs_review,False,False,0.0,False,False,,,True,D_SOURCE_ABSENT_TOP3,Optimized retrieval,0.157,document3.pdf,4,0.8929,"{'semantic_score': 0.5328878164291382, 'course_boost': 0.0, 'intent_boost': 0.0, 'field_boost': 0.0, 'lexical_boost': 0.36, 'section_boost': 0.0, 'topic_plan_boost': 0.0, 'penalty': 0.0, 'metadata_penalty': 0.0, 'final_score': 0.8928878164291382}",document2.pdf,8,0.8851,"{'semantic_score': 0.5251003503799438, 'course_boost': 0.0, 'intent_boost': 0.0, 'field_boost': 0.0, 'lexical_boost': 0.36, 'section_boost': 0.0, 'topic_plan_boost': 0.0, 'penalty': 0.0, 'metadata_penalty': 0.0, 'final_score': 0.8851003503799438}",document3.pdf,5,0.7339,"{'semantic_score': 0.49394410848617554, 'course_boost': 0.0, 'intent_boost': 0.0, 'field_boost': 0.0, 'lexical_boost': 0.24, 'section_boost': 0.0, 'topic_plan_boost': 0.0, 'penalty': 0.0, 'metadata_penalty': 0.0, 'final_score': 0.7339441084861755}"
Q059,When are Gamma and Beta functions covered?,english,weekly_content,MTH 101,medium,document1.pdf,4;5,verified,False,True,0.3333333333333333,True,False,1,3,True,B_SOURCE_TOP3_PAGE_NOT_RANK1,Optimized retrieval,0.156,document1.pdf,3,5.4609,"{'semantic_score': 0.4009406566619873, 'course_boost': 0.8, 'intent_boost': 0.8, 'field_boost': 0.0, 'lexical_boost': 0.36, 'section_boost': 0.9, 'topic_plan_boost': 2.2, 'penalty': 0.0, 'metadata_penalty': 0.0, 'final_score': 5.460940656661988}",document1.pdf,2,3.3052,"{'semantic_score': 0.4452288746833801, 'course_boost': 0.8, 'intent_boost': 0.8, 'field_boost': 0.0, 'lexical_boost': 0.36, 'section_boost': 0.9, 'topic_plan_boost': 0.0, 'penalty': 0.0, 'metadata_penalty': 0.0, 'final_score': 3.30522887468338}",document1.pdf,4,1.7550,"{'semantic_score': 0.4050428867340088, 'course_boost': 0.8, 'intent_boost': 0.8, 'field_boost': 0.0, 'lexical_boost': 0.0, 'section_boost': 0.45, 'topic_plan_boost': -0.7, 'penalty': 0.0, 'metadata_penalty': 0.0, 'final_score': 1.755042886734009}"
Q059,Gamma and Beta Functions কোন সপ্তাহে পড়ানো হয়?,bangla,weekly_content,MTH 101,medium,document1.pdf,4;5,verified,False,True,0.5,True,False,1,2,True,B_SOURCE_TOP3_PAGE_NOT_RANK1,Optimized retrieval,0.158,document1.pdf,3,5.5954,"{'semantic_score': 0.5353962182998657, 'course_boost': 0.8, 'intent_boost': 0.8, 'field_boost': 0.0, 'lexical_boost': 0.36, 'section_boost': 0.9, 'topic_plan_boost': 2.2, 'penalty': 0.0, 'metadata_penalty': 0.0, 'final_score': 5.595396218299866}",document1.pdf,4,1.9157,"{'semantic_score': 0.5656958818435669, 'course_boost': 0.8, 'intent_boost': 0.8, 'field_boost': 0.0, 'lexical_boost': 0.0, 'section_boost': 0.45, 'topic_plan_boost': -0.7, 'penalty': 0.0, 'metadata_penalty': 0.0, 'final_score': 1.9156958818435672}",document3.pdf,4,0.6356,"{'semantic_score': 0.535627007484436, 'course_boost': 0.0, 'intent_boost': 0.0, 'field_boost': 0.0, 'lexical_boost': 0.0, 'section_boost': 0.0, 'topic_plan_boost': 1.1, 'penalty': -1.0, 'metadata_penalty': 0.0, 'final_score': 0.6356270074844361}"
Q059,Gamma and Beta Functions kon week-e porano hoy?,banglish,weekly_content,MTH 101,medium,document1.pdf,4;5,verified,False,False,0.0,True,False,1,,True,C_SOURCE_TOP3_PAGE_ABSENT,Optimized retrieval,0.159,document1.pdf,3,5.6285,"{'semantic_score': 0.4484613239765167, 'course_boost': 0.8, 'intent_boost': 0.8, 'field_boost': 0.0, 'lexical_boost': 0.48, 'section_boost': 0.9, 'topic_plan_boost': 2.2, 'penalty': 0.0, 'metadata_penalty': 0.0, 'final_score': 5.628461323976516}",document1.pdf,2,3.3051,"{'semantic_score': 0.44513779878616333, 'course_boost': 0.8, 'intent_boost': 0.8, 'field_boost': 0.0, 'lexical_boost': 0.36, 'section_boost': 0.9, 'topic_plan_boost': 0.0, 'penalty': 0.0, 'metadata_penalty': 0.0, 'final_score': 3.305137798786163}",document2.pdf,5,0.6614,"{'semantic_score': 0.44142401218414307, 'course_boost': 0.0, 'intent_boost': 0.0, 'field_boost': 0.0, 'lexical_boost': 0.12, 'section_boost': 0.0, 'topic_plan_boost': 1.1, 'penalty': -1.0, 'metadata_penalty': 0.0, 'final_score': 0.6614240121841433}"
Q060,What percentage of the total evaluation is allocated to Class Tests?,english,mark_distribution,MTH 101,easy,document1.pdf,4;5,verified,False,True,0.3333333333333333,False,False,3,3,True,B_SOURCE_TOP3_PAGE_NOT_RANK1,Optimized retrieval,0.159,document2.pdf,9,2.6611,"{'semantic_score': 0.6011403799057007, 'course_boost': 0.0, 'intent_boost': 0.8, 'field_boost': 0.0, 'lexical_boost': 0.36, 'section_boost': 0.9, 'topic_plan_boost': 0.0, 'penalty': 0.0, 'metadata_penalty': 0.0, 'final_score': 2.6611403799057007}",document2.pdf,8,2.2544,"{'semantic_score': 0.6443695425987244, 'course_boost': 0.0, 'intent_boost': 0.8, 'field_boost': 0.0, 'lexical_boost': 0.36, 'section_boost': 0.45, 'topic_plan_boost': 0.0, 'penalty': 0.0, 'metadata_penalty': 0.0, 'final_score': 2.2543695425987247}",document1.pdf,5,2.6353,"{'semantic_score': 0.5753369331359863, 'course_boost': 0.0, 'intent_boost': 0.8, 'field_boost': 0.0, 'lexical_boost': 0.36, 'section_boost': 0.9, 'topic_plan_boost': 0.0, 'penalty': 0.0, 'metadata_penalty': 0.0, 'final_score': 2.6353369331359864}"
Q060,মোট Evaluation-এর কত শতাংশ Class Tests-এর জন্য বরাদ্দ করা হয়েছে?,bangla,mark_distribution,MTH 101,easy,document1.pdf,4;5,verified,False,False,0.0,False,False,,,True,D_SOURCE_ABSENT_TOP3,Optimized retrieval,0.199,document3.pdf,6,2.6402,"{'semantic_score': 0.5802098512649536, 'course_boost': 0.0, 'intent_boost': 0.8, 'field_boost': 0.0, 'lexical_boost': 0.36, 'section_boost': 0.9, 'topic_plan_boost': 0.0, 'penalty': 0.0, 'metadata_penalty': 0.0, 'final_score': 2.6402098512649537}",document2.pdf,8,2.2565,"{'semantic_score': 0.6465489268302917, 'course_boost': 0.0, 'intent_boost': 0.8, 'field_boost': 0.0, 'lexical_boost': 0.36, 'section_boost': 0.45, 'topic_plan_boost': 0.0, 'penalty': 0.0, 'metadata_penalty': 0.0, 'final_score': 2.256548926830292}",document2.pdf,9,2.5340,"{'semantic_score': 0.5940479040145874, 'course_boost': 0.0, 'intent_boost': 0.8, 'field_boost': 0.0, 'lexical_boost': 0.24, 'section_boost': 0.9, 'topic_plan_boost': 0.0, 'penalty': 0.0, 'metadata_penalty': 0.0, 'final_score': 2.5340479040145873}"
Q060,Total Evaluation-er koto percent Class Tests-er jonno boraddo kora hoyeche?,banglish,mark_distribution,MTH 101,easy,document1.pdf,4;5,verified,False,True,0.3333333333333333,False,False,3,3,True,B_SOURCE_TOP3_PAGE_NOT_RANK1,Optimized retrieval,0.193,document2.pdf,9,2.5684,"{'semantic_score': 0.5083712339401245, 'course_boost': 0.0, 'intent_boost': 0.8, 'field_boost': 0.0, 'lexical_boost': 0.36, 'section_boost': 0.9, 'topic_plan_boost': 0.0, 'penalty': 0.0, 'metadata_penalty': 0.0, 'final_score': 2.5683712339401246}",document2.pdf,8,2.1206,"{'semantic_score': 0.5105883479118347, 'course_boost': 0.0, 'intent_boost': 0.8, 'field_boost': 0.0, 'lexical_boost': 0.36, 'section_boost': 0.45, 'topic_plan_boost': 0.0, 'penalty': 0.0, 'metadata_penalty': 0.0, 'final_score': 2.120588347911835}",document1.pdf,5,2.5454,"{'semantic_score': 0.4854218363761902, 'course_boost': 0.0, 'intent_boost': 0.8, 'field_boost': 0.0, 'lexical_boost': 0.36, 'section_boost': 0.9, 'topic_plan_boost': 0.0, 'penalty': 0.0, 'metadata_penalty': 0.0, 'final_score': 2.5454218363761902}"
