run_id,evaluation_id,base_question_id,language,question,reference_answer,reference_available,expected_sources,expected_pages,expected_evidence,annotation_status,intent,difficulty,course_code,detected_language,requested_entity,requested_field,requested_relation,answerability_status,answerability_reason,evidence_level,answer_strategy,final_answer,answer_returned,source,relative_path,document_id,page,chunk_id,supporting_excerpt,supporting_evidence_count,independent_support_count,retrieval_channels,best_support_rank,cross_lingual_fallback_used,generation_used,generation_attempts,retry_used,grounding_status,semantic_status,language_status,language_consistency,answer_safety_failures,extracted_relation,extracted_values,latency_seconds,retrieval_seconds,generation_seconds,answerability_seconds,error_type,error,rss_bytes,peak_process_bytes,available_ram_bytes,pagefile_used_bytes_system
step9-development-framework-final-20260929T184525403813Z-b5d1d8,Q001:english,Q001,english,What is the title of the undergraduate prospectus?,"The title is Prospectus (Undergraduate Program) 2017-18 for the Department of Computer Science & Engineering, UAP.",True,"[""curricula_BSc-Curriculum-New.pdf""]","[""1""]",[],verified,prospectus_metadata,medium,GENERAL,english,,course_title,,GENERATION_REJECTED,GENERATION_GROUNDING_FAILURE,STRONG,generation_rejected,"Relevant information was found, but I couldn't produce a reliable answer.",False,curricula_BSc-Curriculum-New.pdf,curricula_BSc-Curriculum-New.pdf,doc-4d373684ce4879ed066003f5,51,doc-4d373684ce4879ed066003f5-p000051-b0001-c0001,"4. Summary of Undergraduate Course The undergraduate students of different years of the Department of Computer Science and Engineering have to follow the course schedule given below. The letter prefix in any course number indic ates the discipline/subject offering the course viz. HSS for Humanities and Social Science, Business, Management Studies, Language etc., PHY for Physics, CHEM for Chemistry, MTH for Mathematics , ECN for Economics, ACN for Accounting and CSE for Computer Sc ience and Engineering. The first digit in the number indicates the year/level for which the course is intended; the second digit is assigned by the department and the last digit, if odd, indicates a theory course and if even, indicates a laboratory course. Core Courses First Year First Semester Course Code Course Title Credits Pre- Requisite",1,1,[],3,False,False,0,False,False,True,True,True,[],,[],0.031795400000191876,0.02472540000007939,0.0,0.0017143999998552317,,,443117568,445124608,1141604352,575549440
step9-development-framework-final-20260929T184525403813Z-b5d1d8,Q001:bangla,Q001,bangla,আন্ডারগ্র্যাজুয়েট প্রসপেক্টাসটির শিরোনাম কী?,শিরোনামটি হলো UAP-এর Department of Computer Science & Engineering-এর Prospectus (Undergraduate Program) 2017-18।,True,"[""curricula_BSc-Curriculum-New.pdf""]","[""1""]",[],verified,prospectus_metadata,medium,GENERAL,bangla,,course_title,,INSUFFICIENT_EVIDENCE,FIELD_NOT_SUPPORTED,NONE,unsupported,বিশ্ববিদ্যালয়ের নথিতে নির্ভরযোগ্যভাবে উত্তর দেওয়ার মতো পর্যাপ্ত তথ্য পাওয়া যায়নি।,False,,,,,,,0,0,[],,False,False,0,False,True,,True,True,[],,[],0.02316430000018954,0.022155600000132836,0.0,0.0001560000000608852,,,448712704,450727936,1133010944,575549440
step9-development-framework-final-20260929T184525403813Z-b5d1d8,Q001:banglish,Q001,banglish,Undergraduate prospectus-tar title ki?,Title holo UAP-er Department of Computer Science & Engineering-er Prospectus (Undergraduate Program) 2017-18.,True,"[""curricula_BSc-Curriculum-New.pdf""]","[""1""]",[],verified,prospectus_metadata,medium,GENERAL,banglish,,course_title,,INSUFFICIENT_EVIDENCE,FIELD_NOT_SUPPORTED,NONE,unsupported,University document-e reliable answer deyar moto porjapto tothyo paoa jayni.,False,,,,,,,0,0,[],,False,False,0,False,True,,True,True,[],,[],0.02537579999989248,0.024382000000059634,0.0,0.00013159999980416615,,,448720896,450740224,1132494848,575549440
step9-development-framework-final-20260929T184525403813Z-b5d1d8,Q002:english,Q002,english,Who published the prospectus?,"The prospectus was published by the Department of Computer Science & Engineering, University of Asia Pacific.",True,"[""curricula_BSc-Curriculum-New.pdf""]","[""2""]",[],verified,publisher,medium,GENERAL,english,,document_metadata,published_by,SUPPORTED,DIRECT_RELATION_SUPPORT,STRONG,semi_structured_relation,The prospectus was published by Department of Computer Science & Engineering University of Asia Pacific.,True,curricula_BSc-Curriculum-New.pdf,curricula_BSc-Curriculum-New.pdf,doc-4d373684ce4879ed066003f5,2,doc-4d373684ce4879ed066003f5-p000002-b0001-c0001,"Published by Department of Computer Science & Engineering University of Asia Pacific 74/A, Green Road, Dhaka-1215 Edition 13th Edition, July 2017 Address of Correspondence",1,1,[],2,False,False,0,False,True,True,True,True,[],published_by,"[""Department of Computer Science & Engineering University of Asia Pacific""]",0.014687100000173814,0.013258400000268011,0.0,0.00023160000000643777,,,448720896,450740224,1132482560,575549440
step9-development-framework-final-20260929T184525403813Z-b5d1d8,Q002:bangla,Q002,bangla,প্রসপেক্টাসটি কে প্রকাশ করেছে?,প্রসপেক্টাসটি University of Asia Pacific-এর Department of Computer Science & Engineering প্রকাশ করেছে।,True,"[""curricula_BSc-Curriculum-New.pdf""]","[""2""]",[],verified,publisher,medium,GENERAL,bangla,,document_metadata,,INSUFFICIENT_EVIDENCE,FIELD_NOT_SUPPORTED,NONE,unsupported,বিশ্ববিদ্যালয়ের নথিতে নির্ভরযোগ্যভাবে উত্তর দেওয়ার মতো পর্যাপ্ত তথ্য পাওয়া যায়নি।,False,,,,,,,0,0,[],,False,False,0,False,True,,True,True,[],,[],0.021339000000352826,0.020710799999960727,0.0,0.00015729999995528487,,,448724992,450740224,1132482560,575549440
step9-development-framework-final-20260929T184525403813Z-b5d1d8,Q002:banglish,Q002,banglish,Prospectus-ta ke publish koreche?,Prospectus-ta University of Asia Pacific-er Department of Computer Science & Engineering publish koreche.,True,"[""curricula_BSc-Curriculum-New.pdf""]","[""2""]",[],verified,publisher,medium,GENERAL,banglish,,document_metadata,,INSUFFICIENT_EVIDENCE,FIELD_NOT_SUPPORTED,NONE,unsupported,University document-e reliable answer deyar moto porjapto tothyo paoa jayni.,False,,,,,,,0,0,[],,False,False,0,False,True,,True,True,[],,[],0.026249000000007072,0.02538589999994656,0.0,0.0001440000000911823,,,448741376,450756608,1132429312,575549440
step9-development-framework-final-20260929T184525403813Z-b5d1d8,Q003:english,Q003,english,What edition and date are listed for the prospectus?,"The prospectus is the 13th Edition, July 2017.",True,"[""curricula_BSc-Curriculum-New.pdf""]","[""2""]",[],verified,edition,medium,GENERAL,english,,document_metadata,edition_publication_date,SUPPORTED,DIRECT_RELATION_SUPPORT,STRONG,semi_structured_relation,The prospectus lists 13th Edition and the date July 2017.,True,curricula_BSc-Curriculum-New.pdf,curricula_BSc-Curriculum-New.pdf,doc-4d373684ce4879ed066003f5,2,doc-4d373684ce4879ed066003f5-p000002-b0001-c0001,"Published by Department of Computer Science & Engineering University of Asia Pacific 74/A, Green Road, Dhaka-1215 Edition 13th Edition, July 2017 Address of Correspondence",1,1,[],3,False,False,0,False,True,True,True,True,[],edition_publication_date,"[""13th Edition"", ""July 2017""]",0.022802299999966635,0.021143800000118063,0.0,0.0002722999997786246,,,448745472,450760704,1131646976,575549440
step9-development-framework-final-20260929T184525403813Z-b5d1d8,Q003:bangla,Q003,bangla,প্রসপেক্টাসে কোন সংস্করণ ও তারিখ দেওয়া আছে?,"প্রসপেক্টাসটি 13th Edition, July 2017।",True,"[""curricula_BSc-Curriculum-New.pdf""]","[""2""]",[],verified,edition,medium,GENERAL,bangla,,document_metadata,,INSUFFICIENT_EVIDENCE,FIELD_NOT_SUPPORTED,NONE,unsupported,বিশ্ববিদ্যালয়ের নথিতে নির্ভরযোগ্যভাবে উত্তর দেওয়ার মতো পর্যাপ্ত তথ্য পাওয়া যায়নি।,False,,,,,,,0,0,[],,False,False,0,False,True,,True,True,[],,[],0.030227900000227237,0.029371500000252126,0.0,0.00022119999994174577,,,448749568,450764800,1131716608,575549440
step9-development-framework-final-20260929T184525403813Z-b5d1d8,Q003:banglish,Q003,banglish,Prospectus-e kon edition ar date deya ache?,"Prospectus-ta 13th Edition, July 2017.",True,"[""curricula_BSc-Curriculum-New.pdf""]","[""2""]",[],verified,edition,medium,GENERAL,banglish,,document_metadata,edition_publication_date,SUPPORTED,DIRECT_RELATION_SUPPORT,STRONG,semi_structured_relation,Prospectus-e 13th Edition ar July 2017 date deya ache.,True,curricula_BSc-Curriculum-New.pdf,curricula_BSc-Curriculum-New.pdf,doc-4d373684ce4879ed066003f5,2,doc-4d373684ce4879ed066003f5-p000002-b0001-c0001,"Published by Department of Computer Science & Engineering University of Asia Pacific 74/A, Green Road, Dhaka-1215 Edition 13th Edition, July 2017 Address of Correspondence",1,1,[],3,False,False,0,False,True,True,True,True,[],edition_publication_date,"[""13th Edition"", ""July 2017""]",0.03587489999972604,0.03406819999963773,0.0,0.0002710999997361796,,,448753664,450768896,1131577344,575549440
step9-development-framework-final-20260929T184525403813Z-b5d1d8,Q004:english,Q004,english,What email address is listed for correspondence with the CSE Head?,The correspondence email for the CSE Head is headcse@uap-bd.edu.,True,"[""curricula_BSc-Curriculum-New.pdf""]","[""2""]",[],verified,general,medium,GENERAL,english,,email,,SUPPORTED,DIRECT_STRUCTURED_SUPPORT,STRONG,structured_exact,"The email address is rashed.cse@uap-bd.edu, shammi@uap-bd.edu, tushar.kawsar@uapbd.edu, tushar.kawsar@gmail.com.",True,curricula_BSc-Curriculum-New.pdf,curricula_BSc-Curriculum-New.pdf,doc-4d373684ce4879ed066003f5,37,doc-4d373684ce4879ed066003f5-p000037-b0003-c0001,"M.Sc.Engg,(CSE),UAP, Dhaka B.Sc. Engg. (CSE), UAP, Dhaka Email: shammi@uap-bd.edu Shammi Akhtar science and engineering of the University of Asia Pacific, Bangladesh. She joined UAP in 2003 as l ecturer after obtaining her B.Sc. degree in is currently working as an assistant professor at the department of computer computer Science & Engineering with Honors from the University of Asia Pacific. She completed her M.Sc. degree in computer Science & Engineering from the same university. She teaches courses on Operating system, Assembly Language, Computer",3,3,[],1,False,False,0,False,True,True,True,True,[],,[],0.0400643999996646,0.03404480000017429,0.0,0.0006509999998343119,,,448823296,450838528,1131495424,575549440
step9-development-framework-final-20260929T184525403813Z-b5d1d8,Q004:bangla,Q004,bangla,CSE Head-এর সঙ্গে যোগাযোগের জন্য কোন ইমেইল দেওয়া আছে?,CSE Head-এর যোগাযোগের ইমেইল হলো headcse@uap-bd.edu।,True,"[""curricula_BSc-Curriculum-New.pdf""]","[""2""]",[],verified,general,medium,GENERAL,bangla,,email,,CONFLICTING_EVIDENCE,CONFLICTING_VALUES,WEAK,conflicting,বিশ্ববিদ্যালয়ের নথিতে এই বিষয়ে পরস্পরবিরোধী তথ্য রয়েছে।,False,curricula_BSc-Curriculum-New.pdf,curricula_BSc-Curriculum-New.pdf,doc-4d373684ce4879ed066003f5,33,doc-4d373684ce4879ed066003f5-p000033-b0002-c0001,"Associate Professor & Head M. Sc. (CS), DU, 1996 B. Sc. (APE), DU, 1995 E-mail: aloke@uap-bd.edu URL: http://www.uap-bd.edu/cse/aloke.html Aloke Kumar Saha is Associate Professor and Head of Computer Science and Engineering D epartment of University of Asia Pacific (UAP), Dhaka, Bangladesh. He joined UAP on March 1999 as a Lecturer. Before, he was a Lecturer at Queens University from June 1997 to March 1999. He compl…",2,2,[],2,False,False,0,False,True,,True,True,[],,[],0.046518399999968096,0.04579509999985021,0.0,0.00023770000007061753,,,448823296,450838528,1131319296,575549440
step9-development-framework-final-20260929T184525403813Z-b5d1d8,Q004:banglish,Q004,banglish,CSE Head-er sathe correspondence-er jonno kon email deya ache?,CSE Head-er correspondence email holo headcse@uap-bd.edu.,True,"[""curricula_BSc-Curriculum-New.pdf""]","[""2""]",[],verified,general,medium,GENERAL,banglish,,email,,CONFLICTING_EVIDENCE,CONFLICTING_VALUES,WEAK,conflicting,University document-gulote ei bishoye conflicting tothyo ache.,False,curricula_BSc-Curriculum-New.pdf,curricula_BSc-Curriculum-New.pdf,doc-4d373684ce4879ed066003f5,33,doc-4d373684ce4879ed066003f5-p000033-b0002-c0001,"Associate Professor & Head M. Sc. (CS), DU, 1996 B. Sc. (APE), DU, 1995 E-mail: aloke@uap-bd.edu URL: http://www.uap-bd.edu/cse/aloke.html Aloke Kumar Saha is Associate Professor and Head of Computer Science and Engineering D epartment of University of Asia Pacific (UAP), Dhaka, Bangladesh. He joined UAP on March 1999 as a Lecturer. Before, he was a Lecturer at Queens University from June 1997 to March 1999. He compl…",2,2,[],1,False,False,0,False,True,,True,True,[],,[],0.050985900000341644,0.04999789999965287,0.0,0.00020919999997204286,,,448823296,450838528,1130123264,575549440
step9-development-framework-final-20260929T184525403813Z-b5d1d8,Q005:english,Q005,english,What does the disclaimer say about the prospectus information?,"The information in the prospectus is subject to change at the discretion of the Department of CSE, UAP.",True,"[""curricula_BSc-Curriculum-New.pdf""]","[""3""]",[],verified,general,medium,GENERAL,english,,document_metadata,publication_disclaimer,SUPPORTED,DIRECT_RELATION_SUPPORT,STRONG,semi_structured_relation,"The disclaimer says the prospectus information may change at the discretion of the Department of Computer Science & Engineering, UAP.",True,curricula_BSc-Curriculum-New.pdf,curricula_BSc-Curriculum-New.pdf,doc-4d373684ce4879ed066003f5,3,doc-4d373684ce4879ed066003f5-p000003-b0001-c0001,"Disclaimer The information contained in this prospectus is subject to change at the discretion of the Department of Computer Science & Engineering, UAP.",1,1,[],1,False,False,0,False,True,True,True,True,[],publication_disclaimer,"[""the Department of Computer Science & Engineering, UAP""]",0.0273125999997319,0.02555320000010397,0.0,0.0005881000001863868,,,448827392,450842624,1130188800,575549440
step9-development-framework-final-20260929T184525403813Z-b5d1d8,Q005:bangla,Q005,bangla,প্রসপেক্টাসের তথ্য সম্পর্কে ডিসক্লেইমারে কী বলা হয়েছে?,"প্রসপেক্টাসের তথ্য Department of CSE, UAP-এর বিবেচনায় পরিবর্তনযোগ্য।",True,"[""curricula_BSc-Curriculum-New.pdf""]","[""3""]",[],verified,general,medium,GENERAL,bangla,,document_metadata,,INSUFFICIENT_EVIDENCE,FIELD_NOT_SUPPORTED,NONE,unsupported,বিশ্ববিদ্যালয়ের নথিতে নির্ভরযোগ্যভাবে উত্তর দেওয়ার মতো পর্যাপ্ত তথ্য পাওয়া যায়নি।,False,,,,,,,0,0,[],,False,False,0,False,True,,True,True,[],,[],0.03392020000001139,0.03325350000022809,0.0,0.00020560000029945513,,,448827392,450842624,1130057728,575549440
step9-development-framework-final-20260929T184525403813Z-b5d1d8,Q005:banglish,Q005,banglish,Prospectus-er information niye disclaimer-e ki bola hoyeche?,"Prospectus-er information Department of CSE, UAP-er discretion-e change hote pare.",True,"[""curricula_BSc-Curriculum-New.pdf""]","[""3""]",[],verified,general,medium,GENERAL,banglish,,document_metadata,publication_disclaimer,SUPPORTED,DIRECT_RELATION_SUPPORT,STRONG,semi_structured_relation,"Disclaimer onujayi, the Department of Computer Science & Engineering, UAP-er discretion-e prospectus-er information change hote pare.",True,curricula_BSc-Curriculum-New.pdf,curricula_BSc-Curriculum-New.pdf,doc-4d373684ce4879ed066003f5,3,doc-4d373684ce4879ed066003f5-p000003-b0001-c0001,"Disclaimer The information contained in this prospectus is subject to change at the discretion of the Department of Computer Science & Engineering, UAP.",1,1,[],1,False,False,0,False,True,True,True,True,[],publication_disclaimer,"[""the Department of Computer Science & Engineering, UAP""]",0.03936889999977211,0.03777619999982562,0.0,0.0002887999999074964,,,448827392,450842624,1129525248,575549440
step9-development-framework-final-20260929T184525403813Z-b5d1d8,Q006:english,Q006,english,When was UAP established?,UAP was established in 1996.,True,"[""curricula_BSc-Curriculum-New.pdf""]","[""4""]",[],verified,general,medium,GENERAL,english,,date,,SUPPORTED,DIRECT_STRUCTURED_SUPPORT,STRONG,structured_exact,The relevant date is 1996.,True,curricula_BSc-Curriculum-New.pdf,curricula_BSc-Curriculum-New.pdf,doc-4d373684ce4879ed066003f5,4,doc-4d373684ce4879ed066003f5-p000004-b0001-c0001,"University of Asia Pacific (UAP) was established in 1996 under the Private University Act 1992 as a private university with the vision of providing quality education and fulf illing the needs of our motherland, Bangladesh. This university started its journ ey in 1996 and offered four years bachelor degree programs in Computer Science & Engineering and Business Administration only, thus the very step of publishing the thirteenth edition of the prospectus for Undergraduate Studies of the Department of Computer Science & Engineering makes us proud. This department established in 1996, with the full support of the Administration and the UAP Foundation Members, is thriving forward in disseminating knowledge in this emerging field. Such endeavor is not only helpin g in developing the human resources of this country but also in earning foreign exchange by exporting skilled manpower abroad. Till to date, B.Sc.Engg. Degree has been conferred on 2200 graduates and these graduates are making positive contributions in the field of Computer Science and Engineering. To enhance the quality of education even further, the Department is planning to take some crush programs, some of which are mentioned below:  Faculty Search Team has been formed to attract Senior Faculty Members in the CSE Department of UAP.  All the Programmin g Lab PCs are regularly updated with the latest computer configuration.  A project lab has already been established for project/research work.  Mobile Games and App Development Lab has been approved to be buil t in CSE, UAP by government fund. CSE Department has several clubs namely UAP Software and",1,1,[],1,False,False,0,False,True,True,True,True,[],,[],0.020816600000216567,0.0183815999998842,0.0,0.0002632999999150343,,,448827392,450842624,1129447424,575549440
step9-development-framework-final-20260929T184525403813Z-b5d1d8,Q006:bangla,Q006,bangla,UAP কখন প্রতিষ্ঠিত হয়?,UAP 1996 সালে প্রতিষ্ঠিত হয়।,True,"[""curricula_BSc-Curriculum-New.pdf""]","[""4""]",[],verified,general,medium,GENERAL,bangla,,general,,INSUFFICIENT_EVIDENCE,FIELD_NOT_SUPPORTED,NONE,unsupported,বিশ্ববিদ্যালয়ের নথিতে নির্ভরযোগ্যভাবে উত্তর দেওয়ার মতো পর্যাপ্ত তথ্য পাওয়া যায়নি।,False,,,,,,,0,0,[],,False,False,0,False,True,,True,True,[],,[],0.02129769999964992,0.02040309999983947,0.0,0.00011820000008810894,,,448827392,450842624,1129082880,575549440
step9-development-framework-final-20260929T184525403813Z-b5d1d8,Q006:banglish,Q006,banglish,UAP kobe established hoy?,UAP 1996 shale established hoy.,True,"[""curricula_BSc-Curriculum-New.pdf""]","[""4""]",[],verified,general,medium,GENERAL,banglish,,general,,GENERATION_REJECTED,GENERATION_GROUNDING_FAILURE,STRONG,generation_rejected,"Relevant tothyo paoa geche, kintu reliable uttor toiri kora jayni.",False,curricula_BSc-Curriculum-New.pdf,curricula_BSc-Curriculum-New.pdf,doc-4d373684ce4879ed066003f5,5,doc-4d373684ce4879ed066003f5-p000005-b0001-c0001,"Cultural and Debating Club arranges cultural week in every semester to hunt talents in different cultural fields. In every semester there is a grand cultural show participated by the students and teachers. Sports Club arranges sports week in every semester to arrange competitions in different events like Cricket, Bad Minton, Table Tennis, Football, etc. Robotics Club arranges interesting sessions on modern robotics and reveals a new world of electronics and computer programming. Film and Photography Club aims to organize events on artistic work of film industry of home and abroad as well as photography of contemporary materials. The Research & Publication Unit arranges Seminar at least once in every mon th on various important topics on Science & Technology. Also, Research & Publication unit publishes International Journal of Computer and Information Technology (IJCIT). The first issue was published in August, 2010. Department has also Master‘s Program ‗Master in Computer Science & Engineering (MCSE )‘. Currently 50 students are continuing in our MCSE program. The Department also offers two other Masters Programs: Master in Computer Applications (MCA) and Master in Computer Science (MCS). Besides, every student enjoys the right to join any club activity organized through any other department of UAP. They enjoy a range of central club activities such as Career Club. Formation of IEERD (The Institute for Energy, Environment, Research and Development) The Institute for Energy, Environment, Research and Development (IEERD) is established at University of Asia Pacific as a constituent research and academic institute or center with a separate administrative structure. The purpose of the ―Institute‖ is to Research and Development) The Institute for Energy, Environment, Research and Development (IEERD) is established at University of Asia Pacific as a constituent research and academic institute or center with a separate administrative structure. The purpose of the ―Institute‖ is to keep pace with regional and global research of development and education in energy including clean energy, increasing energy efficiency of equipment and appliances, work on quality of materials, environment, water resources and water management and other relat ed fields at the University. The aims and objectives of the‖ Institute‖ are to undertake and promote research and teaching in the fields of energy with emphasis on new and renewable energy development, energy conservation and energy management, assessing quality of materials, environment, water resources, water management, development and to develop human resources in the relevant fields. The head of the ―Institute‖ is the Director designated who is appointed by the Vice Chancellor. Director is appointed on a two-year term from among the Professors/Research Professors of UAP. CISP (Center for IT Security and Privacy) CISP is the first ever center of its kind in Bangladesh. The mission of CISP is to enhance and extend the university's existing technologic al strength in IT, with demonstrated potential for Bangladesh. In pursuing this mission the center will conduct interdisciplinary research on IT security, data privacy, and trusted systems; on software for fault tolerant and dependable systems; and on prod uct",3,2,[],1,False,False,0,False,False,True,True,True,[],,[],0.030222299999877578,0.02539600000000064,0.0,0.0004577999998218729,,,448860160,450875392,1129500672,575549440
step9-development-framework-final-20260929T184525403813Z-b5d1d8,Q007:english,Q007,english,Which two bachelor degree programs did UAP initially offer?,UAP initially offered four-year bachelor degree programs in Computer Science & Engineering and Business Administration.,True,"[""curricula_BSc-Curriculum-New.pdf""]","[""4""]",[],verified,general,medium,GENERAL,english,,general,initially_offered,SUPPORTED,DIRECT_RELATION_SUPPORT,STRONG,semi_structured_relation,UAP initially offered the bachelor degree programs Computer Science & Engineering and Business Administration.,True,curricula_BSc-Curriculum-New.pdf,curricula_BSc-Curriculum-New.pdf,doc-4d373684ce4879ed066003f5,4,doc-4d373684ce4879ed066003f5-p000004-b0001-c0001,"University of Asia Pacific (UAP) was established in 1996 under the Private University Act 1992 as a private university with the vision of providing quality education and fulf illing the needs of our motherland, Bangladesh. This university started its journ ey in 1996 and offered four years bachelor degree programs in Computer Science & Engineering and Business Administration only, thus the very step of publishing the thirteenth edition of the prospectus for Undergraduate Studies of the Department of Computer Science & Engineering makes us proud. This department established in 1996, with the full support of the Administration and the UAP Foundation Members, is thriving forward in disseminating knowledge in this emerging field. Such endeavor is not only helpin g in developing the human resources of this country but also in earning foreign exchange by exporting skilled manpower abroad. Till to date, B.Sc.Engg. Degree has been conferred on 2200 graduates and these graduates are making positive contributions in the field of Computer Science and Engineering. To enhance the quality of education even further, the Department is planning to take some crush programs, some of which are mentioned below:  Faculty Search Team has been formed to attract Senior Faculty Members in the CSE Department of UAP.  All the Programmin g Lab PCs are regularly updated with the latest computer configuration.  A project lab has already been established for project/research work.  Mobile Games and App Development Lab has been approved to be buil t in CSE, UAP by government fund. CSE Department has several clubs namely UAP Software and",3,3,[],1,False,False,0,False,True,True,True,True,[],initially_offered,"[""Computer Science & Engineering"", ""Business Administration""]",0.04521599999998216,0.040688800000225456,0.0,0.0016878000001270266,,,448860160,450875392,1141788672,575549440
step9-development-framework-final-20260929T184525403813Z-b5d1d8,Q007:bangla,Q007,bangla,UAP শুরুতে কোন দুইটি ব্যাচেলর ডিগ্রি প্রোগ্রাম অফার করেছিল?,UAP শুরুতে Computer Science & Engineering এবং Business Administration-এ চার বছরের ব্যাচেলর ডিগ্রি প্রোগ্রাম অফার করেছিল।,True,"[""curricula_BSc-Curriculum-New.pdf""]","[""4""]",[],verified,general,medium,GENERAL,bangla,,general,,INSUFFICIENT_EVIDENCE,FIELD_NOT_SUPPORTED,NONE,unsupported,বিশ্ববিদ্যালয়ের নথিতে নির্ভরযোগ্যভাবে উত্তর দেওয়ার মতো পর্যাপ্ত তথ্য পাওয়া যায়নি।,False,,,,,,,0,0,[],,False,False,0,False,True,,True,True,[],,[],0.04305729999987307,0.04204970000000685,0.0,0.00018619999991642544,,,448860160,450875392,1139671040,575549440
step9-development-framework-final-20260929T184525403813Z-b5d1d8,Q007:banglish,Q007,banglish,UAP shurute kon duita bachelor degree program offer korechilo?,UAP shurute Computer Science & Engineering ebong Business Administration-e four-year bachelor degree program offer korechilo.,True,"[""curricula_BSc-Curriculum-New.pdf""]","[""4""]",[],verified,general,medium,GENERAL,banglish,,general,initially_offered,SUPPORTED,DIRECT_RELATION_SUPPORT,STRONG,semi_structured_relation,UAP shurute Computer Science & Engineering ar Business Administration—ei duita bachelor degree program offer korechilo.,True,curricula_BSc-Curriculum-New.pdf,curricula_BSc-Curriculum-New.pdf,doc-4d373684ce4879ed066003f5,4,doc-4d373684ce4879ed066003f5-p000004-b0001-c0001,"University of Asia Pacific (UAP) was established in 1996 under the Private University Act 1992 as a private university with the vision of providing quality education and fulf illing the needs of our motherland, Bangladesh. This university started its journ ey in 1996 and offered four years bachelor degree programs in Computer Science & Engineering and Business Administration only, thus the very step of publishing the thirteenth edition of the prospectus for Undergraduate Studies of the Department of Computer Science & Engineering makes us proud. This department established in 1996, with the full support of the Administration and the UAP Foundation Members, is thriving forward in disseminating knowledge in this emerging field. Such endeavor is not only helpin g in developing the human resources of this country but also in earning foreign exchange by exporting skilled manpower abroad. Till to date, B.Sc.Engg. Degree has been conferred on 2200 graduates and these graduates are making positive contributions in the field of Computer Science and Engineering. To enhance the quality of education even further, the Department is planning to take some crush programs, some of which are mentioned below:  Faculty Search Team has been formed to attract Senior Faculty Members in the CSE Department of UAP.  All the Programmin g Lab PCs are regularly updated with the latest computer configuration.  A project lab has already been established for project/research work.  Mobile Games and App Development Lab has been approved to be buil t in CSE, UAP by government fund. CSE Department has several clubs namely UAP Software and",3,3,[],1,False,False,0,False,True,True,True,True,[],initially_offered,"[""Computer Science & Engineering"", ""Business Administration""]",0.049854899999900226,0.04654609999988679,0.0,0.00036240000008547213,,,448880640,450895872,1138724864,575549440
step9-development-framework-final-20260929T184525403813Z-b5d1d8,Q008:english,Q008,english,How many B.Sc.Engg. graduates had received degrees according to the prospectus?,"According to the prospectus, B.Sc.Engg. degrees had been conferred on 2200 graduates.",True,"[""curricula_BSc-Curriculum-New.pdf""]","[""4""]",[],verified,general,medium,GENERAL,english,,general,,GENERATION_REJECTED,GENERATION_SEMANTIC_FAILURE,STRONG,generation_rejected,"Relevant information was found, but I couldn't produce a reliable answer.",False,curricula_BSc-Curriculum-New.pdf,curricula_BSc-Curriculum-New.pdf,doc-4d373684ce4879ed066003f5,4,doc-4d373684ce4879ed066003f5-p000004-b0001-c0001,"University of Asia Pacific (UAP) was established in 1996 under the Private University Act 1992 as a private university with the vision of providing quality education and fulf illing the needs of our motherland, Bangladesh. This university started its journ ey in 1996 and offered four years bachelor degree programs in Computer Science & Engineering and Business Administration only, thus the very step of publishing the thirteenth edition of the prospectus for Undergraduate Studies of the Department of Computer Science & Engineering makes us proud. This department established in 1996, with the full support of the Administration and the UAP Foundation Members, is thriving forward in disseminating knowledge in this emerging field. Such endeavor is not only helpin g in developing the human resources of this country but also in earning foreign exchange by exporting skilled manpower abroad. Till to date, B.Sc.Engg. Degree has been conferred on 2200 graduates and these graduates are making positive contributions in the field of Computer Science and Engineering. To enhance the quality of education even further, the Department is planning to take some crush programs, some of which are mentioned below:  Faculty Search Team has been formed to attract Senior Faculty Members in the CSE Department of UAP.  All the Programmin g Lab PCs are regularly updated with the latest computer configuration.  A project lab has already been established for project/research work.  Mobile Games and App Development Lab has been approved to be buil t in CSE, UAP by government fund. CSE Department has several clubs namely UAP Software and",2,2,[],1,False,False,0,False,False,True,True,True,[],,[],0.05356740000024729,0.05004860000008193,0.0,0.000712900000053196,,,448880640,450895872,1138507776,575549440
step9-development-framework-final-20260929T184525403813Z-b5d1d8,Q008:bangla,Q008,bangla,প্রসপেক্টাস অনুযায়ী কতজন B.Sc.Engg. গ্র্যাজুয়েট ডিগ্রি পেয়েছে?,প্রসপেক্টাস অনুযায়ী 2200 জন গ্র্যাজুয়েটকে B.Sc.Engg. ডিগ্রি দেওয়া হয়েছে।,True,"[""curricula_BSc-Curriculum-New.pdf""]","[""4""]",[],verified,general,medium,GENERAL,bangla,,general,,INSUFFICIENT_EVIDENCE,FIELD_NOT_SUPPORTED,NONE,unsupported,বিশ্ববিদ্যালয়ের নথিতে নির্ভরযোগ্যভাবে উত্তর দেওয়ার মতো পর্যাপ্ত তথ্য পাওয়া যায়নি।,False,,,,,,,0,0,[],,False,False,0,False,True,,True,True,[],,[],0.04110990000026504,0.04016830000000482,0.0,0.00019259999999121646,,,448880640,450895872,1137451008,575549440
step9-development-framework-final-20260929T184525403813Z-b5d1d8,Q008:banglish,Q008,banglish,Prospectus onujayi kotojon B.Sc.Engg. graduate degree peyechilo?,Prospectus onujayi 2200 graduate-ke B.Sc.Engg. degree deya hoyeche.,True,"[""curricula_BSc-Curriculum-New.pdf""]","[""4""]",[],verified,general,medium,GENERAL,banglish,,general,,GENERATION_REJECTED,GENERATION_GROUNDING_FAILURE,STRONG,generation_rejected,"Relevant tothyo paoa geche, kintu reliable uttor toiri kora jayni.",False,curricula_BSc-Curriculum-New.pdf,curricula_BSc-Curriculum-New.pdf,doc-4d373684ce4879ed066003f5,4,doc-4d373684ce4879ed066003f5-p000004-b0001-c0001,"University of Asia Pacific (UAP) was established in 1996 under the Private University Act 1992 as a private university with the vision of providing quality education and fulf illing the needs of our motherland, Bangladesh. This university started its journ ey in 1996 and offered four years bachelor degree programs in Computer Science & Engineering and Business Administration only, thus the very step of publishing the thirteenth edition of the prospectus for Undergraduate Studies of the Department of Computer Science & Engineering makes us proud. This department established in 1996, with the full support of the Administration and the UAP Foundation Members, is thriving forward in disseminating knowledge in this emerging field. Such endeavor is not only helpin g in developing the human resources of this country but also in earning foreign exchange by exporting skilled manpower abroad. Till to date, B.Sc.Engg. Degree has been conferred on 2200 graduates and these graduates are making positive contributions in the field of Computer Science and Engineering. To enhance the quality of education even further, the Department is planning to take some crush programs, some of which are mentioned below:  Faculty Search Team has been formed to attract Senior Faculty Members in the CSE Department of UAP.  All the Programmin g Lab PCs are regularly updated with the latest computer configuration.  A project lab has already been established for project/research work.  Mobile Games and App Development Lab has been approved to be buil t in CSE, UAP by government fund. CSE Department has several clubs namely UAP Software and",3,3,[],1,False,False,0,False,False,True,True,True,[],,[],0.053744800000004034,0.04862749999983862,0.0,0.0010778000000755128,,,448880640,450895872,1136222208,575549440
step9-development-framework-final-20260929T184525403813Z-b5d1d8,Q009:english,Q009,english,What accreditation did the CSE Department receive from IEB?,The CSE Department received IEB accreditation for the BSc in CSE program starting from August 2014.,True,"[""curricula_BSc-Curriculum-New.pdf""]","[""6""]",[],verified,general,medium,GENERAL,english,,general,,GENERATION_REJECTED,GENERATION_SEMANTIC_FAILURE,STRONG,generation_rejected,"Relevant information was found, but I couldn't produce a reliable answer.",False,curricula_BSc-Curriculum-New.pdf,curricula_BSc-Curriculum-New.pdf,doc-4d373684ce4879ed066003f5,38,doc-4d373684ce4879ed066003f5-p000038-b0001-c0001,"Dr. Muhammad Firoz Mridha Assistant Professor PhD, JU, Bangladesh M.Sc. in CSE, UIU, 2010 B. Sc. (Hons) in CSE, KUET, 2004 E-mail: firoz@uap-bd.edu URL: www.uapbd.edu/cse/firoz.html Dr. Muhammad Firoz Mridha is currently working as an assistant professor in the department of Computer Science and Engineering of the University of Asia Pacific. He is also working as a co-ordinator of Master of Science in Computer Science and Engineering Program (MCSE) program, UAP. He completed B.Sc. (Hons.) in Computer Science and Engineering from the Khulna University of Engineering and Technology (KUET), in 2004. He received his M.Sc . in Computer Science and Engineering in 2010 and Ph.D. in Computer Engineering , Jahangirnagar University on May 2017 . He joined as a Lecturer at the department of Computer Science and Engineering, Stamford University Bangladesh in June 2007. He was promot ed as a Senior Lecturer at the same department in October, 2010 and also promoted as an assistant professor at the same department in October, 2011. Then he joined UAP on May, 2012 as an Assistant Professor. He has Twenty (20) Journal publications and Twen ty two (22) Conference publications. His research interests include Artificial Intelligence (AI), Machine learning, Natural Language Processing (NLP) and Universal Networking Language (UNL). He is currently working on Machine Translation (MT), Bangla Lan guage Processing (BLP), Solving Ambiguity of Bangla words, WordNet and supervised and unsupervised learning. For more than 10 (Ten) years, he is working with the master‘s and undergraduate students as a supervisor of their thesis works. He has served as a reviewer of various IEEE conferences Bangla words, WordNet and supervised and unsupervised learning. For more than 10 (Ten) years, he is working with the master‘s and undergraduate students as a supervisor of their thesis works. He has served as a reviewer of various IEEE conferences like ICCAIE, ICSIPA, SCORED, ISIEA, APACE, ICOS, ISCAIE, BEIAC, ISWTA, IC3e, ISWTA, CoAST, icIVPR etc.",3,3,[],1,False,False,0,False,False,True,True,True,[],,[],0.05630270000028759,0.04857979999997042,0.0,0.0010030999997070467,,,448880640,450895872,1135521792,575549440
step9-development-framework-final-20260929T184525403813Z-b5d1d8,Q009:bangla,Q009,bangla,CSE Department IEB থেকে কী স্বীকৃতি পেয়েছে?,CSE Department August 2014 থেকে BSc in CSE প্রোগ্রামের জন্য IEB accreditation পেয়েছে।,True,"[""curricula_BSc-Curriculum-New.pdf""]","[""6""]",[],verified,general,medium,GENERAL,bangla,,general,,GENERATION_REJECTED,GENERATION_SEMANTIC_FAILURE,STRONG,generation_rejected,"প্রাসঙ্গিক তথ্য পাওয়া গেছে, কিন্তু নির্ভরযোগ্য উত্তর তৈরি করা যায়নি।",False,curricula_BSc-Curriculum-New.pdf,curricula_BSc-Curriculum-New.pdf,doc-4d373684ce4879ed066003f5,6,doc-4d373684ce4879ed066003f5-p000006-b0002-c0001,IEB Affiliation Department of CSE has received the Certificate of Accreditation from the Engineers Institution Bangladesh (IEB) for the BSc in CSE program starting from August 2014. This will enable the CSE students to enjoy the privileges offered by Engineers Institution Bangladesh (IEB) including membership.,3,2,[],1,False,False,0,False,False,True,True,True,[],,[],0.045043099999929836,0.041336499999943044,0.0,0.0005961000001661887,,,448880640,450895872,1135362048,575549440
step9-development-framework-final-20260929T184525403813Z-b5d1d8,Q009:banglish,Q009,banglish,CSE Department IEB theke ki accreditation peyechhe?,CSE Department August 2014 theke BSc in CSE program-er jonno IEB accreditation peyechhe.,True,"[""curricula_BSc-Curriculum-New.pdf""]","[""6""]",[],verified,general,medium,GENERAL,banglish,,general,,GENERATION_REJECTED,GENERATION_SEMANTIC_FAILURE,STRONG,generation_rejected,"Relevant tothyo paoa geche, kintu reliable uttor toiri kora jayni.",False,curricula_BSc-Curriculum-New.pdf,curricula_BSc-Curriculum-New.pdf,doc-4d373684ce4879ed066003f5,6,doc-4d373684ce4879ed066003f5-p000006-b0002-c0001,IEB Affiliation Department of CSE has received the Certificate of Accreditation from the Engineers Institution Bangladesh (IEB) for the BSc in CSE program starting from August 2014. This will enable the CSE students to enjoy the privileges offered by Engineers Institution Bangladesh (IEB) including membership.,3,2,[],1,False,False,0,False,False,True,True,True,[],,[],0.03818339999997988,0.03515719999995781,0.0,0.0005458000000544416,,,448880640,450895872,1135624192,575549440
step9-development-framework-final-20260929T184525403813Z-b5d1d8,Q010:english,Q010,english,Under which act did UAP start its operation?,UAP started its operation under the Private University Act 1992.,True,"[""curricula_BSc-Curriculum-New.pdf""]","[""8""]",[],verified,topics,medium,GENERAL,english,,general,started_under,SUPPORTED,DIRECT_RELATION_SUPPORT,STRONG,semi_structured_relation,UAP started its operation under Private University Act 1992.,True,curricula_BSc-Curriculum-New.pdf,curricula_BSc-Curriculum-New.pdf,doc-4d373684ce4879ed066003f5,8,doc-4d373684ce4879ed066003f5-p000008-b0001-c0001,"1. Introduction University of Asia Pacific (UAP) was established in 1996 with a vision to enhance the opportunities for higher education in Bangladesh. The University, under the Private University Act 1992, started its operation in 1996 by offering four -year Bachelor Degree Programs in Computer Science & Technology and Business Administration only. Now UAP offers undergraduate programs in nine disciplines and post-graduate programs in eight disciplines. Its curriculum has been approved by the University Grants Commission of the Government of the People's Republic of Bangladesh. UAP is sponsored by University of Asia Pacific Foundation, a non -profitable, non-commercial organization based in Dhaka, Bangladesh. The Foundation has been established in 1995 by a group of eminent educationalists, Industrialists and administrators who share the same vision and social commitments to promote improve and innovative educational opportunities to the society. UAP is the pr oject of such noble goals. Mr. Qayum Reza Chowdhury is the current Chairperson of this foundation.",3,3,[],1,False,False,0,False,True,True,True,True,[],started_under,"[""Private University Act 1992""]",0.0478173000001334,0.04396919999999227,0.0,0.0013469000000441156,,,448888832,450904064,1135714304,575549440
step9-development-framework-final-20260929T184525403813Z-b5d1d8,Q010:bangla,Q010,bangla,UAP কোন আইনের অধীনে কার্যক্রম শুরু করেছিল?,UAP Private University Act 1992-এর অধীনে কার্যক্রম শুরু করেছিল।,True,"[""curricula_BSc-Curriculum-New.pdf""]","[""8""]",[],verified,topics,medium,GENERAL,bangla,,general,,INSUFFICIENT_EVIDENCE,FIELD_NOT_SUPPORTED,NONE,unsupported,বিশ্ববিদ্যালয়ের নথিতে নির্ভরযোগ্যভাবে উত্তর দেওয়ার মতো পর্যাপ্ত তথ্য পাওয়া যায়নি।,False,,,,,,,0,0,[],,False,False,0,False,True,,True,True,[],,[],0.03387750000001688,0.03286870000010822,0.0,0.00015660000008210773,,,448888832,450904064,1135525888,575549440
step9-development-framework-final-20260929T184525403813Z-b5d1d8,Q010:banglish,Q010,banglish,UAP kon act-er odhine operation start korechilo?,UAP Private University Act 1992-er odhine operation start korechilo.,True,"[""curricula_BSc-Curriculum-New.pdf""]","[""8""]",[],verified,topics,medium,GENERAL,banglish,,general,started_under,SUPPORTED,DIRECT_RELATION_SUPPORT,STRONG,semi_structured_relation,UAP Private University Act 1992-er odhine operation start korechilo.,True,curricula_BSc-Curriculum-New.pdf,curricula_BSc-Curriculum-New.pdf,doc-4d373684ce4879ed066003f5,8,doc-4d373684ce4879ed066003f5-p000008-b0001-c0001,"1. Introduction University of Asia Pacific (UAP) was established in 1996 with a vision to enhance the opportunities for higher education in Bangladesh. The University, under the Private University Act 1992, started its operation in 1996 by offering four -year Bachelor Degree Programs in Computer Science & Technology and Business Administration only. Now UAP offers undergraduate programs in nine disciplines and post-graduate programs in eight disciplines. Its curriculum has been approved by the University Grants Commission of the Government of the People's Republic of Bangladesh. UAP is sponsored by University of Asia Pacific Foundation, a non -profitable, non-commercial organization based in Dhaka, Bangladesh. The Foundation has been established in 1995 by a group of eminent educationalists, Industrialists and administrators who share the same vision and social commitments to promote improve and innovative educational opportunities to the society. UAP is the pr oject of such noble goals. Mr. Qayum Reza Chowdhury is the current Chairperson of this foundation.",3,3,[],1,False,False,0,False,True,True,True,True,[],started_under,"[""Private University Act 1992""]",0.04460640000024796,0.04083249999985128,0.0,0.00044200000002092565,,,448897024,450912256,1135706112,575549440
step9-development-framework-final-20260929T184525403813Z-b5d1d8,Q011:english,Q011,english,How many undergraduate and postgraduate disciplines does UAP offer according to the introduction?,The introduction says UAP offers undergraduate programs in nine disciplines and post-graduate programs in eight disciplines.,True,"[""curricula_BSc-Curriculum-New.pdf""]","[""8""]",[],verified,topics,medium,GENERAL,english,,general,program_discipline_counts,SUPPORTED,DIRECT_RELATION_SUPPORT,STRONG,semi_structured_relation,UAP offers undergraduate programs in 9 disciplines and postgraduate programs in 8 disciplines.,True,curricula_BSc-Curriculum-New.pdf,curricula_BSc-Curriculum-New.pdf,doc-4d373684ce4879ed066003f5,8,doc-4d373684ce4879ed066003f5-p000008-b0001-c0001,"1. Introduction University of Asia Pacific (UAP) was established in 1996 with a vision to enhance the opportunities for higher education in Bangladesh. The University, under the Private University Act 1992, started its operation in 1996 by offering four -year Bachelor Degree Programs in Computer Science & Technology and Business Administration only. Now UAP offers undergraduate programs in nine disciplines and post-graduate programs in eight disciplines. Its curriculum has been approved by the University Grants Commission of the Government of the People's Republic of Bangladesh. UAP is sponsored by University of Asia Pacific Foundation, a non -profitable, non-commercial organization based in Dhaka, Bangladesh. The Foundation has been established in 1995 by a group of eminent educationalists, Industrialists and administrators who share the same vision and social commitments to promote improve and innovative educational opportunities to the society. UAP is the pr oject of such noble goals. Mr. Qayum Reza Chowdhury is the current Chairperson of this foundation.",3,3,[],1,False,False,0,False,True,True,True,True,[],program_discipline_counts,"[""nine"", ""eight""]",0.042909599999802595,0.039320500000030734,0.0,0.0009586999999555701,,,448897024,450912256,1135747072,575549440
step9-development-framework-final-20260929T184525403813Z-b5d1d8,Q011:bangla,Q011,bangla,ভূমিকায় UAP কয়টি আন্ডারগ্র্যাজুয়েট ও পোস্টগ্র্যাজুয়েট ডিসিপ্লিন অফার করে বলা হয়েছে?,ভূমিকায় বলা হয়েছে UAP নয়টি ডিসিপ্লিনে আন্ডারগ্র্যাজুয়েট এবং আটটি ডিসিপ্লিনে পোস্টগ্র্যাজুয়েট প্রোগ্রাম অফার করে।,True,"[""curricula_BSc-Curriculum-New.pdf""]","[""8""]",[],verified,topics,medium,GENERAL,bangla,,general,,INSUFFICIENT_EVIDENCE,FIELD_NOT_SUPPORTED,NONE,unsupported,বিশ্ববিদ্যালয়ের নথিতে নির্ভরযোগ্যভাবে উত্তর দেওয়ার মতো পর্যাপ্ত তথ্য পাওয়া যায়নি।,False,,,,,,,0,0,[],,False,False,0,False,True,,True,True,[],,[],0.04699380000010933,0.045933899999909045,0.0,0.00023599999985890463,,,448897024,450912256,1135501312,575549440
step9-development-framework-final-20260929T184525403813Z-b5d1d8,Q011:banglish,Q011,banglish,Introduction-e UAP koyta undergraduate ar postgraduate discipline offer kore bola hoyeche?,Introduction-e bola hoyeche UAP nine discipline-e undergraduate ar eight discipline-e post-graduate program offer kore.,True,"[""curricula_BSc-Curriculum-New.pdf""]","[""8""]",[],verified,topics,medium,GENERAL,banglish,,general,program_discipline_counts,SUPPORTED,DIRECT_RELATION_SUPPORT,STRONG,semi_structured_relation,UAP 9ta undergraduate ar 8ta postgraduate discipline-e program offer kore.,True,curricula_BSc-Curriculum-New.pdf,curricula_BSc-Curriculum-New.pdf,doc-4d373684ce4879ed066003f5,8,doc-4d373684ce4879ed066003f5-p000008-b0001-c0001,"1. Introduction University of Asia Pacific (UAP) was established in 1996 with a vision to enhance the opportunities for higher education in Bangladesh. The University, under the Private University Act 1992, started its operation in 1996 by offering four -year Bachelor Degree Programs in Computer Science & Technology and Business Administration only. Now UAP offers undergraduate programs in nine disciplines and post-graduate programs in eight disciplines. Its curriculum has been approved by the University Grants Commission of the Government of the People's Republic of Bangladesh. UAP is sponsored by University of Asia Pacific Foundation, a non -profitable, non-commercial organization based in Dhaka, Bangladesh. The Foundation has been established in 1995 by a group of eminent educationalists, Industrialists and administrators who share the same vision and social commitments to promote improve and innovative educational opportunities to the society. UAP is the pr oject of such noble goals. Mr. Qayum Reza Chowdhury is the current Chairperson of this foundation.",1,1,[],3,False,False,0,False,True,True,True,True,[],program_discipline_counts,"[""nine"", ""eight""]",0.054043399999955,0.052138900000045396,0.0,0.00032710000004954054,,,448905216,450920448,1135206400,575549440
step9-development-framework-final-20260929T184525403813Z-b5d1d8,Q012:english,Q012,english,Who is named as the Vice-Chancellor in the prospectus?,Prof. Dr. Jamilur Reza Choudhury is named as the Vice-Chancellor.,True,"[""curricula_BSc-Curriculum-New.pdf""]","[""8""]",[],verified,general,medium,GENERAL,english,,publication,,INSUFFICIENT_EVIDENCE,FIELD_NOT_SUPPORTED,NONE,unsupported,I couldn't find enough information in the university documents to answer reliably.,False,,,,,,,0,0,[],,False,False,0,False,True,,True,True,[],,[],0.024845199999617762,0.02430640000011408,0.0,0.00015029999985927134,,,448905216,450920448,1135333376,575549440
step9-development-framework-final-20260929T184525403813Z-b5d1d8,Q012:bangla,Q012,bangla,প্রসপেক্টাসে Vice-Chancellor হিসেবে কার নাম দেওয়া আছে?,Prof. Dr. Jamilur Reza Choudhury-কে Vice-Chancellor হিসেবে উল্লেখ করা হয়েছে।,True,"[""curricula_BSc-Curriculum-New.pdf""]","[""8""]",[],verified,general,medium,GENERAL,bangla,,course_title,,INSUFFICIENT_EVIDENCE,FIELD_NOT_SUPPORTED,NONE,unsupported,বিশ্ববিদ্যালয়ের নথিতে নির্ভরযোগ্যভাবে উত্তর দেওয়ার মতো পর্যাপ্ত তথ্য পাওয়া যায়নি।,False,,,,,,,0,0,[],,False,False,0,False,True,,True,True,[],,[],0.039019899999857444,0.037906500000190135,0.0,0.00017789999992601224,,,448905216,450920448,1130508288,575549440
step9-development-framework-final-20260929T184525403813Z-b5d1d8,Q012:banglish,Q012,banglish,Prospectus-e Vice-Chancellor hisebe kar naam deya ache?,Prof. Dr. Jamilur Reza Choudhury-ke Vice-Chancellor hisebe mention kora hoyeche.,True,"[""curricula_BSc-Curriculum-New.pdf""]","[""8""]",[],verified,general,medium,GENERAL,banglish,,general,,GENERATION_REJECTED,GENERATION_SEMANTIC_FAILURE,STRONG,generation_rejected,"Relevant tothyo paoa geche, kintu reliable uttor toiri kora jayni.",False,curricula_BSc-Curriculum-New.pdf,curricula_BSc-Curriculum-New.pdf,doc-4d373684ce4879ed066003f5,5,doc-4d373684ce4879ed066003f5-p000005-b0001-c0002,"Cultural and Debating Club arranges cultural week in every semester to hunt talents in different cultural fields. In every semester there is a grand cultural show participated by the students and teachers. Sports Club arranges sports week in every semester to arrange competitions in different events like Cricket, Bad Minton, Table Tennis, Football, etc. Robotics Club arranges interesting sessions on modern robotics and reveals a new world of electronics and computer programming. Film and Photography Club aims to organize events on artistic work of film industry of home and abroad as well as photography of contemporary materials. The Research & Publication Unit arranges Seminar at least once in every mon th on various important topics on Science & Technology. Also, Research & Publication unit publishes International Journal of Computer and Information Technology (IJCIT). The first issue was published in August, 2010. Department has also Master‘s Program ‗Master in Computer Science & Engineering (MCSE )‘. Currently 50 students are continuing in our MCSE program. The Department also offers two other Masters Programs: Master in Computer Applications (MCA) and Master in Computer Science (MCS). Besides, every student enjoys the right to join any club activity organized through any other department of UAP. They enjoy a range of central club activities such as Career Club. Formation of IEERD (The Institute for Energy, Environment, Research and Development) The Institute for Energy, Environment, Research and Development (IEERD) is established at University of Asia Pacific as a constituent research and academic institute or center with a separate administrative structure. The purpose of the ―Institute‖ is to Research and Development) The Institute for Energy, Environment, Research and Development (IEERD) is established at University of Asia Pacific as a constituent research and academic institute or center with a separate administrative structure. The purpose of the ―Institute‖ is to keep pace with regional and global research of development and education in energy including clean energy, increasing energy efficiency of equipment and appliances, work on quality of materials, environment, water resources and water management and other relat ed fields at the University. The aims and objectives of the‖ Institute‖ are to undertake and promote research and teaching in the fields of energy with emphasis on new and renewable energy development, energy conservation and energy management, assessing quality of materials, environment, water resources, water management, development and to develop human resources in the relevant fields. The head of the ―Institute‖ is the Director designated who is appointed by the Vice Chancellor. Director is appointed on a two-year term from among the Professors/Research Professors of UAP. CISP (Center for IT Security and Privacy) CISP is the first ever center of its kind in Bangladesh. The mission of CISP is to enhance and extend the university's existing technologic al strength in IT, with demonstrated potential for Bangladesh. In pursuing this mission the center will conduct interdisciplinary research on IT security, data privacy, and trusted systems; on software for fault tolerant and dependable systems; and on prod uct",3,3,[],1,False,False,0,False,False,True,True,True,[],,[],0.04456660000005286,0.04054820000010295,0.0,0.0005959000000075321,,,448917504,450932736,1130573824,575549440
step9-development-framework-final-20260929T184525403813Z-b5d1d8,Q013:english,Q013,english,Where is the UAP Administration located?,"UAP Administration is located at 74/A, Green Road, Farmgate, Dhaka-1215, Bangladesh.",True,"[""curricula_BSc-Curriculum-New.pdf""]","[""11""]",[],verified,general,medium,GENERAL,english,,general,,SUPPORTED,MULTIPLE_AGREEING_PASSAGES,STRONG,gguf_generation,"Relevant information from the available university documents:

University of Asia Pacific (UAP) was established in 1996 under the Private University Act 1992 as a private university with the vision of providing quality education and fulf illing the needs of our motherland, Bangladesh. This university started its journ ey in 1996 and offered four years bachelor degree programs in Computer Science & Engineering and Business Administration only, thus the very step of publishing the thirteenth edition of the prospectus for Undergraduate Studies of the Department of Computer Science & Engineering makes us proud. This department established in 1996, with the full support of the Administration and the UAP Foundation Members, is thriving forward in disseminating knowledge in this emerging field.",True,curricula_BSc-Curriculum-New.pdf,curricula_BSc-Curriculum-New.pdf,doc-4d373684ce4879ed066003f5,4,doc-4d373684ce4879ed066003f5-p000004-b0001-c0001,"University of Asia Pacific (UAP) was established in 1996 under the Private University Act 1992 as a private university with the vision of providing quality education and fulf illing the needs of our motherland, Bangladesh. This university started its journ ey in 1996 and offered four years bachelor degree programs in Computer Science & Engineering and Business Administration only, thus the very step of publishing the thirteenth edition of the prospectus for Undergraduate Studies of the Department of Computer Science & Engineering makes us proud. This department established in 1996, with the full support of the Administration and the UAP Foundation Members, is thriving forward in disseminating knowledge in this emerging field. Such endeavor is not only helpin g in developing the human resources of this country but also in earning foreign exchange by exporting skilled manpower abroad. Till to date, B.Sc.Engg. Degree has been conferred on 2200 graduates and these graduates are making positive contributions in the field of Computer Science and Engineering. To enhance the quality of education even further, the Department is planning to take some crush programs, some of which are mentioned below:  Faculty Search Team has been formed to attract Senior Faculty Members in the CSE Department of UAP.  All the Programmin g Lab PCs are regularly updated with the latest computer configuration.  A project lab has already been established for project/research work.  Mobile Games and App Development Lab has been approved to be buil t in CSE, UAP by government fund. CSE Department has several clubs namely UAP Software and",3,3,[],1,False,False,0,False,True,True,True,True,[],,[],0.025653499999862106,0.021083200000248326,0.0,0.0005287000003590947,,,448925696,450940928,1128468480,575549440
step9-development-framework-final-20260929T184525403813Z-b5d1d8,Q013:bangla,Q013,bangla,UAP Administration কোথায় অবস্থিত?,"UAP Administration 74/A, Green Road, Farmgate, Dhaka-1215, Bangladesh-এ অবস্থিত।",True,"[""curricula_BSc-Curriculum-New.pdf""]","[""11""]",[],verified,general,medium,GENERAL,bangla,,general,,SUPPORTED,MULTIPLE_AGREEING_PASSAGES,STRONG,gguf_generation,প্রাসঙ্গিক তথ্যটি supporting evidence-এ রয়েছে; বিস্তারিত অংশটি নিচে citation-এ দেখুন।,True,curricula_BSc-Curriculum-New.pdf,curricula_BSc-Curriculum-New.pdf,doc-4d373684ce4879ed066003f5,4,doc-4d373684ce4879ed066003f5-p000004-b0001-c0001,"University of Asia Pacific (UAP) was established in 1996 under the Private University Act 1992 as a private university with the vision of providing quality education and fulf illing the needs of our motherland, Bangladesh. This university started its journ ey in 1996 and offered four years bachelor degree programs in Computer Science & Engineering and Business Administration only, thus the very step of publishing the thirteenth edition of the prospectus for Undergraduate Studies of the Department of Computer Science & Engineering makes us proud. This department established in 1996, with the full support of the Administration and the UAP Foundation Members, is thriving forward in disseminating knowledge in this emerging field. Such endeavor is not only helpin g in developing the human resources of this country but also in earning foreign exchange by exporting skilled manpower abroad. Till to date, B.Sc.Engg. Degree has been conferred on 2200 graduates and these graduates are making positive contributions in the field of Computer Science and Engineering. To enhance the quality of education even further, the Department is planning to take some crush programs, some of which are mentioned below:  Faculty Search Team has been formed to attract Senior Faculty Members in the CSE Department of UAP.  All the Programmin g Lab PCs are regularly updated with the latest computer configuration.  A project lab has already been established for project/research work.  Mobile Games and App Development Lab has been approved to be buil t in CSE, UAP by government fund. CSE Department has several clubs namely UAP Software and",3,3,[],1,False,False,0,False,True,True,True,True,[],,[],0.027843400000165275,0.023794700000053126,0.0,0.0005336000003808294,,,448929792,450945024,1128751104,575549440
step9-development-framework-final-20260929T184525403813Z-b5d1d8,Q013:banglish,Q013,banglish,UAP Administration kothay located?,"UAP Administration 74/A, Green Road, Farmgate, Dhaka-1215, Bangladesh-e located.",True,"[""curricula_BSc-Curriculum-New.pdf""]","[""11""]",[],verified,general,medium,GENERAL,banglish,,general,,SUPPORTED,MULTIPLE_AGREEING_PASSAGES,STRONG,gguf_generation,Relevant information supporting evidence-e ache; details citation-e dekhun.,True,curricula_BSc-Curriculum-New.pdf,curricula_BSc-Curriculum-New.pdf,doc-4d373684ce4879ed066003f5,4,doc-4d373684ce4879ed066003f5-p000004-b0001-c0001,"University of Asia Pacific (UAP) was established in 1996 under the Private University Act 1992 as a private university with the vision of providing quality education and fulf illing the needs of our motherland, Bangladesh. This university started its journ ey in 1996 and offered four years bachelor degree programs in Computer Science & Engineering and Business Administration only, thus the very step of publishing the thirteenth edition of the prospectus for Undergraduate Studies of the Department of Computer Science & Engineering makes us proud. This department established in 1996, with the full support of the Administration and the UAP Foundation Members, is thriving forward in disseminating knowledge in this emerging field. Such endeavor is not only helpin g in developing the human resources of this country but also in earning foreign exchange by exporting skilled manpower abroad. Till to date, B.Sc.Engg. Degree has been conferred on 2200 graduates and these graduates are making positive contributions in the field of Computer Science and Engineering. To enhance the quality of education even further, the Department is planning to take some crush programs, some of which are mentioned below:  Faculty Search Team has been formed to attract Senior Faculty Members in the CSE Department of UAP.  All the Programmin g Lab PCs are regularly updated with the latest computer configuration.  A project lab has already been established for project/research work.  Mobile Games and App Development Lab has been approved to be buil t in CSE, UAP by government fund. CSE Department has several clubs namely UAP Software and",3,3,[],1,False,False,0,False,True,True,True,True,[],,[],0.02718639999966399,0.023359599999821512,0.0,0.0004994999999325955,,,449003520,451018752,1128189952,575549440
step9-development-framework-final-20260929T184525403813Z-b5d1d8,Q014:english,Q014,english,What is the admission office email address?,The admission office email addresses are admission@uap-bd.edu and registrar@uap-bd.edu.,True,"[""curricula_BSc-Curriculum-New.pdf""]","[""11""]",[],verified,general,medium,GENERAL,english,,email,,SUPPORTED,DIRECT_STRUCTURED_SUPPORT,STRONG,structured_exact,"The email address is admission@uap-bd.edu, registrar@uap-bd.edu.",True,curricula_BSc-Curriculum-New.pdf,curricula_BSc-Curriculum-New.pdf,doc-4d373684ce4879ed066003f5,13,doc-4d373684ce4879ed066003f5-p000013-b0004-c0001,"Laboratory UAP provide laboratory facilities for the students of respective departments. The laboratories are self -sufficient and r ich in instruments and other facilities to carry out sessional / practical classes for different courses. Unlike many other private Universities, UAP does not depend on any other institutions for its laboratory classes. Other than sessional / practical cla sses, the faculties of UAP do their research work in these laboratories also. Website and Internet Faci lity University of Asia Pacific (UAP) provides twenty -four hour high -speed Internet facilities to its students. All the computers of lab and other place s of each department of UAP are connected under a LAN and high -speed Internet line. There is a web site of UAP that contains important information about faculty members, ongoing research, admission, faculty search, exam of UAP etc., which is updated each week and URL is www.uap-bd.edu. Each student of UAP is given an individual email account at uap-bd.edu domain that recognizes the UAP students. Student can submit their assignments through Internet.",2,2,[],1,False,False,0,False,True,True,True,True,[],,[],0.02533629999970799,0.02235130000008212,0.0,0.0004028000003017951,,,449003520,451018752,1124577280,575549440
step9-development-framework-final-20260929T184525403813Z-b5d1d8,Q014:bangla,Q014,bangla,Admission Office-এর ইমেইল ঠিকানা কী?,Admission Office-এর ইমেইল ঠিকানা হলো admission@uap-bd.edu এবং registrar@uap-bd.edu।,True,"[""curricula_BSc-Curriculum-New.pdf""]","[""11""]",[],verified,general,medium,GENERAL,bangla,,email,,SUPPORTED,DIRECT_STRUCTURED_SUPPORT,STRONG,structured_exact,"প্রাসঙ্গিক email address হলো admission@uap-bd.edu, registrar@uap-bd.edu।",True,curricula_BSc-Curriculum-New.pdf,curricula_BSc-Curriculum-New.pdf,doc-4d373684ce4879ed066003f5,11,doc-4d373684ce4879ed066003f5-p000011-b0004-c0001,"Admission Office 74/A , Green Road , Farmgate, Dhaka - 1215, Bangladesh Telephone: +8802-9126812 PABX: +8802-58157091-4, +8802-58157096 (Ext - 0, 120) FAX:+8802-58157097 Email: admission@uap-bd.edu,, registrar@uap-bd.edu Department of Architecture 74/A , Green Road, Farmgate,Dhaka - 1215, Bangladesh PABX:+8802-58157091-4, +8802-58157096 FAX:+8802-58157097 Email: headarch@uap-bd.edu Department of Business Administration R H Center , House # 74/B/1 ,Green Road , Dhaka, Bangladesh Telephone: 9128716 PABX: +8802-58157091-4, +8802-58157096 (Ext - 121) Email: headba@uap-bd.edu Department of Civil Engineering 74/A , Green Road, Farmgate, Dhaka - 1215, Bangladesh PABX: +8802-58157091-4 FAX:+8802-58157097 Email: headce@uap-bd.edu Department of Computer S cience and Engineering 74/A , Green Road, Farmgate, Dhaka - 1215, Bangladesh PABX:+8802-58157091-4, +8802-58157096 FAX:+8802-58157097 Email: headcse@uap-bd.edu",2,2,[],1,False,False,0,False,True,True,True,True,[],,[],0.03306909999992058,0.029966999999942345,0.0,0.00043420000019978033,,,449003520,451018752,1124347904,575549440
step9-development-framework-final-20260929T184525403813Z-b5d1d8,Q014:banglish,Q014,banglish,Admission Office-er email address ki?,Admission Office-er email address holo admission@uap-bd.edu ebong registrar@uap-bd.edu.,True,"[""curricula_BSc-Curriculum-New.pdf""]","[""11""]",[],verified,general,medium,GENERAL,banglish,,email,,SUPPORTED,DIRECT_STRUCTURED_SUPPORT,STRONG,structured_exact,"Relevant email address holo admission@uap-bd.edu, registrar@uap-bd.edu.",True,curricula_BSc-Curriculum-New.pdf,curricula_BSc-Curriculum-New.pdf,doc-4d373684ce4879ed066003f5,11,doc-4d373684ce4879ed066003f5-p000011-b0004-c0001,"Admission Office 74/A , Green Road , Farmgate, Dhaka - 1215, Bangladesh Telephone: +8802-9126812 PABX: +8802-58157091-4, +8802-58157096 (Ext - 0, 120) FAX:+8802-58157097 Email: admission@uap-bd.edu,, registrar@uap-bd.edu Department of Architecture 74/A , Green Road, Farmgate,Dhaka - 1215, Bangladesh PABX:+8802-58157091-4, +8802-58157096 FAX:+8802-58157097 Email: headarch@uap-bd.edu Department of Business Administration R H Center , House # 74/B/1 ,Green Road , Dhaka, Bangladesh Telephone: 9128716 PABX: +8802-58157091-4, +8802-58157096 (Ext - 121) Email: headba@uap-bd.edu Department of Civil Engineering 74/A , Green Road, Farmgate, Dhaka - 1215, Bangladesh PABX: +8802-58157091-4 FAX:+8802-58157097 Email: headce@uap-bd.edu Department of Computer S cience and Engineering 74/A , Green Road, Farmgate, Dhaka - 1215, Bangladesh PABX:+8802-58157091-4, +8802-58157096 FAX:+8802-58157097 Email: headcse@uap-bd.edu",3,3,[],1,False,False,0,False,True,True,True,True,[],,[],0.036491599999862956,0.031753000000207976,0.0,0.0005083999999442312,,,449003520,451018752,1126375424,575549440
step9-development-framework-final-20260929T184525403813Z-b5d1d8,Q015:english,Q015,english,How many regular semesters are there in an academic year?,There are two regular semesters in an academic year: Fall and Spring.,True,"[""curricula_BSc-Curriculum-New.pdf""]","[""17""]",[],verified,semester_plan,medium,GENERAL,english,,semester,regular_semester_count,SUPPORTED,DIRECT_RELATION_SUPPORT,STRONG,semi_structured_relation,An academic year has 2 regular semesters: Fall and Spring.,True,curricula_BSc-Curriculum-New.pdf,curricula_BSc-Curriculum-New.pdf,doc-4d373684ce4879ed066003f5,10,doc-4d373684ce4879ed066003f5-p000010-b0001-c0001,"1.4 Academic Programs Undergraduate Studies Currently UAP is offering undergraduate programs in the following seven disciplines Architecture Business Administration Civil Engineering Computer Science and Engineering Electrical and Electronic Engineering Law and Human Rights Pharmacy English Basic Science and Humanities Other than Architecture, all the courses are four -year programs. Architecture is a five-year course. Academic programs are conducted on semester basis. There are two semesters of 18 weeks each - Fall and Spring in each year. At present the University has roughly 5,500 students, with sufficient number of faculty members on full time basis. Besides, a good number of renowned educationists of different disciplines are involved in teaching on part time basis. The faculty is a blend of senior teachers with wide experience both at home and abroad and Young teachers with fresh and innovative ideas. Postg raduate Studies The Department of Business Administration is presently offering an Executive MBA program in conjunction with US / Australian Universities. It is full time program of 60 credit hours spread over two years. The Department of Pharmacy is now offering Master‘s Program in Pharmaceutical Technology (MS in Pharm. Tech.). It is a full time program of 24 credits having one - year duration. The Department of Computer Science and Engineering is offering Masters in Computer Science, Masters in Computer Science and Engineering.",2,2,[],1,False,False,0,False,True,True,True,True,[],regular_semester_count,"[""two"", ""Fall"", ""Spring""]",0.03389419999984966,0.030334200000197598,0.0,0.0015562999997200677,,,449003520,451018752,1126920192,575549440
step9-development-framework-final-20260929T184525403813Z-b5d1d8,Q015:bangla,Q015,bangla,একটি শিক্ষাবর্ষে কয়টি নিয়মিত সেমিস্টার থাকে?,একটি শিক্ষাবর্ষে দুটি নিয়মিত সেমিস্টার থাকে: Fall এবং Spring।,True,"[""curricula_BSc-Curriculum-New.pdf""]","[""17""]",[],verified,semester_plan,medium,GENERAL,bangla,,semester,regular_semester_count,INSUFFICIENT_EVIDENCE,FIELD_NOT_SUPPORTED,NONE,unsupported,বিশ্ববিদ্যালয়ের নথিতে নির্ভরযোগ্যভাবে উত্তর দেওয়ার মতো পর্যাপ্ত তথ্য পাওয়া যায়নি।,False,,,,,,,0,0,[],,False,False,0,False,True,,True,True,[],,[],0.030782900000303925,0.02996290000010049,0.0,0.00018409999984214664,,,449003520,451018752,1127038976,575549440
step9-development-framework-final-20260929T184525403813Z-b5d1d8,Q015:banglish,Q015,banglish,Ek academic year-e koyta regular semester thake?,Ek academic year-e duita regular semester thake: Fall ar Spring.,True,"[""curricula_BSc-Curriculum-New.pdf""]","[""17""]",[],verified,semester_plan,medium,GENERAL,banglish,,semester,regular_semester_count,SUPPORTED,DIRECT_RELATION_SUPPORT,STRONG,semi_structured_relation,Ek academic year-e 2ta regular semester ache: Fall ar Spring.,True,curricula_BSc-Curriculum-New.pdf,curricula_BSc-Curriculum-New.pdf,doc-4d373684ce4879ed066003f5,17,doc-4d373684ce4879ed066003f5-p000017-b0002-c0001,"Semester System There will be two semesters- Fall and Spring Semester in an academic year. In addition to these two regular semesters, there may be a short semester (Summer) in the intervening period between the e nd of Spring Semester and commencement of Fall Semester. Regular Semester",2,2,[],1,False,False,0,False,True,True,True,True,[],regular_semester_count,"[""two"", ""Fall"", ""Spring""]",0.0364079999999376,0.03368819999968764,0.0,0.0003629999996519473,,,449003520,451018752,1127616512,575549440
step9-development-framework-final-20260929T184525403813Z-b5d1d8,Q016:english,Q016,english,How long is a regular semester?,A regular semester totals 18 weeks.,True,"[""curricula_BSc-Curriculum-New.pdf""]","[""17""]",[],verified,semester_plan,medium,GENERAL,english,,semester,regular_semester_duration,GENERATION_REJECTED,GENERATION_GROUNDING_FAILURE,STRONG,generation_rejected,"Relevant information was found, but I couldn't produce a reliable answer.",False,curricula_BSc-Curriculum-New.pdf,curricula_BSc-Curriculum-New.pdf,doc-4d373684ce4879ed066003f5,17,doc-4d373684ce4879ed066003f5-p000017-b0002-c0001,"Semester System There will be two semesters- Fall and Spring Semester in an academic year. In addition to these two regular semesters, there may be a short semester (Summer) in the intervening period between the e nd of Spring Semester and commencement of Fall Semester. Regular Semester",3,3,[],1,False,False,0,False,False,True,True,True,[],,[],0.01934769999979835,0.017226099999788858,0.0,0.0004804999998668791,,,449003520,451018752,1127260160,575549440
step9-development-framework-final-20260929T184525403813Z-b5d1d8,Q016:bangla,Q016,bangla,একটি নিয়মিত সেমিস্টারের মোট মেয়াদ কত?,একটি নিয়মিত সেমিস্টারের মোট মেয়াদ 18 সপ্তাহ।,True,"[""curricula_BSc-Curriculum-New.pdf""]","[""17""]",[],verified,semester_plan,medium,GENERAL,bangla,,semester,regular_semester_duration,INSUFFICIENT_EVIDENCE,FIELD_NOT_SUPPORTED,NONE,unsupported,বিশ্ববিদ্যালয়ের নথিতে নির্ভরযোগ্যভাবে উত্তর দেওয়ার মতো পর্যাপ্ত তথ্য পাওয়া যায়নি।,False,,,,,,,0,0,[],,False,False,0,False,True,,True,True,[],,[],0.0299195000002328,0.029208099999777914,0.0,0.00016140000025188783,,,449003520,451018752,1126809600,575549440
step9-development-framework-final-20260929T184525403813Z-b5d1d8,Q016:banglish,Q016,banglish,Ekta regular semester-er total duration koto?,Ekta regular semester total 18 weeks.,True,"[""curricula_BSc-Curriculum-New.pdf""]","[""17""]",[],verified,semester_plan,medium,GENERAL,banglish,,semester,regular_semester_duration,GENERATION_REJECTED,GENERATION_SEMANTIC_FAILURE,STRONG,generation_rejected,"Relevant tothyo paoa geche, kintu reliable uttor toiri kora jayni.",False,curricula_BSc-Curriculum-New.pdf,curricula_BSc-Curriculum-New.pdf,doc-4d373684ce4879ed066003f5,18,doc-4d373684ce4879ed066003f5-p000018-b0005-c0001,"Grading System The total performance of a student in a given course is based on a scheme of continuous assessments. For theoretical courses this continuous assessment is made through homework, assignments, attendance, quizzes etc., a mid semester and a semester final examina tion of three/two hours duration. The distribution of marks for a given course is as follows: Assessment 30% Mid Semester 20% Final Exam 50%",3,3,[],1,False,False,0,False,False,True,True,True,[],,[],0.037133600000288425,0.0344332999998187,0.0,0.0005753999998887593,,,449003520,451018752,1126383616,575549440
step9-development-framework-final-20260929T184525403813Z-b5d1d8,Q017:english,Q017,english,How many weeks of classes are in a regular semester?,A regular semester has 15 weeks of classes.,True,"[""curricula_BSc-Curriculum-New.pdf""]","[""17""]",[],verified,semester_plan,medium,GENERAL,english,,semester,class_duration_weeks,GENERATION_REJECTED,GENERATION_GROUNDING_FAILURE,STRONG,generation_rejected,"Relevant information was found, but I couldn't produce a reliable answer.",False,curricula_BSc-Curriculum-New.pdf,curricula_BSc-Curriculum-New.pdf,doc-4d373684ce4879ed066003f5,17,doc-4d373684ce4879ed066003f5-p000017-b0003-c0001,Classes 15 Weeks Recess before examination 1 Week Semester final examination 2 Weeks,2,2,[],1,False,False,0,False,False,True,True,True,[],,[],0.028147799999715062,0.02559659999997166,0.0,0.0006215999997039034,,,449003520,451018752,1126481920,575549440
step9-development-framework-final-20260929T184525403813Z-b5d1d8,Q017:bangla,Q017,bangla,নিয়মিত সেমিস্টারে ক্লাস কত সপ্তাহ হয়?,নিয়মিত সেমিস্টারে 15 সপ্তাহ ক্লাস হয়।,True,"[""curricula_BSc-Curriculum-New.pdf""]","[""17""]",[],verified,semester_plan,medium,GENERAL,bangla,,semester,class_duration_weeks,INSUFFICIENT_EVIDENCE,FIELD_NOT_SUPPORTED,NONE,unsupported,বিশ্ববিদ্যালয়ের নথিতে নির্ভরযোগ্যভাবে উত্তর দেওয়ার মতো পর্যাপ্ত তথ্য পাওয়া যায়নি।,False,,,,,,,0,0,[],,False,False,0,False,True,,True,True,[],,[],0.030638299999736773,0.030013900000085414,0.0,0.0001511999998911051,,,449003520,451018752,1126146048,575549440
step9-development-framework-final-20260929T184525403813Z-b5d1d8,Q017:banglish,Q017,banglish,Regular semester-e class koy shoptaho hoy?,Regular semester-e 15 weeks class hoy.,True,"[""curricula_BSc-Curriculum-New.pdf""]","[""17""]",[],verified,semester_plan,medium,GENERAL,banglish,,semester,,GENERATION_REJECTED,GENERATION_GROUNDING_FAILURE,STRONG,generation_rejected,"Relevant tothyo paoa geche, kintu reliable uttor toiri kora jayni.",False,curricula_BSc-Curriculum-New.pdf,curricula_BSc-Curriculum-New.pdf,doc-4d373684ce4879ed066003f5,17,doc-4d373684ce4879ed066003f5-p000017-b0002-c0001,"Semester System There will be two semesters- Fall and Spring Semester in an academic year. In addition to these two regular semesters, there may be a short semester (Summer) in the intervening period between the e nd of Spring Semester and commencement of Fall Semester. Regular Semester",3,3,[],1,False,False,0,False,False,True,True,True,[],,[],0.032544899999720656,0.029920700000275247,0.0,0.000563600000077713,,,449003520,451018752,1126563840,575549440
step9-development-framework-final-20260929T184525403813Z-b5d1d8,Q018:english,Q018,english,How is one credit assigned for theoretical courses?,"For theoretical courses, one lecture per week per semester is equivalent to one credit.",True,"[""curricula_BSc-Curriculum-New.pdf""]","[""17""]",[],verified,course_credit,medium,GENERAL,english,,credits,,GENERATION_REJECTED,GENERATION_SEMANTIC_FAILURE,STRONG,generation_rejected,"Relevant information was found, but I couldn't produce a reliable answer.",False,curricula_BSc-Curriculum-New.pdf,curricula_BSc-Curriculum-New.pdf,doc-4d373684ce4879ed066003f5,17,doc-4d373684ce4879ed066003f5-p000017-b0004-c0001,"Total 18 Weeks Course Pattern and Credit Structure The entire undergraduate program is c overed through a set of theoretical and laboratory courses, fieldwork, design and project/thesis work. Assignment of Credits: Theoretical Courses: One lecture per week per semester will be equivalent to one credit. Thus, a three (3) credit hour course wi ll have three (3) lectures per week throughout the semester. Laboratory/Field/Design/Project/Thesis Work: Credits for laboratory/field work or design work usually will be half of the class hours per week per semester. Credits are also assigned to project a nd thesis work taken by the students. The amount of credits assigned to each of these may vary from discipline to discipline. Type of Courses: Core Courses: In each discipline, a number of compulsory courses will be identified as core courses, which form the nucleus of the bachelor degree program. Optional Courses : Apart form the core courses, students will have to complete a number of courses, which are optional in nature. Hence students may have some choices in selecting courses from a specific group o r a number of courses.",1,1,[],1,False,False,0,False,False,True,True,True,[],,[],0.02955309999970268,0.027307099999688944,0.0,0.00030569999989893404,,,449003520,451018752,1126563840,575549440
step9-development-framework-final-20260929T184525403813Z-b5d1d8,Q018:bangla,Q018,bangla,থিওরেটিক্যাল কোর্সে এক ক্রেডিট কীভাবে নির্ধারিত হয়?,থিওরেটিক্যাল কোর্সে প্রতি সেমিস্টারে প্রতি সপ্তাহে এক লেকচার এক ক্রেডিটের সমান।,True,"[""curricula_BSc-Curriculum-New.pdf""]","[""17""]",[],verified,course_credit,medium,GENERAL,bangla,,credits,,INSUFFICIENT_EVIDENCE,FIELD_NOT_SUPPORTED,NONE,unsupported,বিশ্ববিদ্যালয়ের নথিতে নির্ভরযোগ্যভাবে উত্তর দেওয়ার মতো পর্যাপ্ত তথ্য পাওয়া যায়নি।,False,,,,,,,0,0,[],,False,False,0,False,True,,True,True,[],,[],0.03421440000010989,0.03355919999967227,0.0,0.00016820000018924475,,,449003520,451018752,1126584320,575549440
step9-development-framework-final-20260929T184525403813Z-b5d1d8,Q018:banglish,Q018,banglish,Theoretical course-e one credit kivabe assigned hoy?,Theoretical course-e per week per semester one lecture one credit-er equivalent.,True,"[""curricula_BSc-Curriculum-New.pdf""]","[""17""]",[],verified,course_credit,medium,GENERAL,banglish,,credits,,GENERATION_REJECTED,GENERATION_SEMANTIC_FAILURE,STRONG,generation_rejected,"Relevant tothyo paoa geche, kintu reliable uttor toiri kora jayni.",False,curricula_BSc-Curriculum-New.pdf,curricula_BSc-Curriculum-New.pdf,doc-4d373684ce4879ed066003f5,17,doc-4d373684ce4879ed066003f5-p000017-b0004-c0001,"Total 18 Weeks Course Pattern and Credit Structure The entire undergraduate program is c overed through a set of theoretical and laboratory courses, fieldwork, design and project/thesis work. Assignment of Credits: Theoretical Courses: One lecture per week per semester will be equivalent to one credit. Thus, a three (3) credit hour course wi ll have three (3) lectures per week throughout the semester. Laboratory/Field/Design/Project/Thesis Work: Credits for laboratory/field work or design work usually will be half of the class hours per week per semester. Credits are also assigned to project a nd thesis work taken by the students. The amount of credits assigned to each of these may vary from discipline to discipline. Type of Courses: Core Courses: In each discipline, a number of compulsory courses will be identified as core courses, which form the nucleus of the bachelor degree program. Optional Courses : Apart form the core courses, students will have to complete a number of courses, which are optional in nature. Hence students may have some choices in selecting courses from a specific group o r a number of courses.",1,1,[],1,False,False,0,False,False,True,True,True,[],,[],0.03162960000008752,0.0296582999999373,0.0,0.0003127999998469022,,,449003520,451018752,1126604800,575549440
step9-development-framework-final-20260929T184525403813Z-b5d1d8,Q019:english,Q019,english,What is Category 1 in the registration process?,Category 1 is for students who passed all prescribed semester courses and have no backlog.,True,"[""curricula_BSc-Curriculum-New.pdf""]","[""18""]",[],verified,general,medium,GENERAL,english,,general,category_definition,SUPPORTED,DIRECT_RELATION_SUPPORT,STRONG,semi_structured_relation,"Category 1: Students, who have passed all the courses prescribed for the semester and have no backlog of courses. A student of Category -1 is eligible for registration in all courses prescribed for the next or following semesters.",True,curricula_BSc-Curriculum-New.pdf,curricula_BSc-Curriculum-New.pdf,doc-4d373684ce4879ed066003f5,18,doc-4d373684ce4879ed066003f5-p000018-b0002-c0001,"Category 1: Students, who have passed all the courses prescribed for the semester and have no backlog of courses. A student of Category -1 is eligible for registration in all courses prescribed for the next or following semesters.",3,3,[],1,False,False,0,False,True,True,True,True,[],category_definition,"[""Students, who have passed all the courses prescribed for the semester and have no backlog of courses"", ""A student of Category -1 is eligible for registration in all courses prescribed for the next or following semesters""]",0.021343599999909202,0.01870889999963765,0.0,0.0010046000002148503,,,449003520,451018752,1129115648,575549440
step9-development-framework-final-20260929T184525403813Z-b5d1d8,Q019:bangla,Q019,bangla,রেজিস্ট্রেশন প্রক্রিয়ায় Category 1 কী?,Category 1 হলো যারা সেমিস্টারের সব নির্ধারিত কোর্সে পাস করেছে এবং কোনো backlog নেই।,True,"[""curricula_BSc-Curriculum-New.pdf""]","[""18""]",[],verified,general,medium,GENERAL,bangla,,general,,INSUFFICIENT_EVIDENCE,FIELD_NOT_SUPPORTED,NONE,unsupported,বিশ্ববিদ্যালয়ের নথিতে নির্ভরযোগ্যভাবে উত্তর দেওয়ার মতো পর্যাপ্ত তথ্য পাওয়া যায়নি।,False,,,,,,,0,0,[],,False,False,0,False,True,,True,True,[],,[],0.022708500000135246,0.02217339999970136,0.0,0.00014970000029279618,,,449003520,451018752,1127763968,575549440
step9-development-framework-final-20260929T184525403813Z-b5d1d8,Q019:banglish,Q019,banglish,Registration process-e Category 1 ki?,Category 1 holo students jara semester-er shob prescribed course pass koreche ebong kono backlog nei.,True,"[""curricula_BSc-Curriculum-New.pdf""]","[""18""]",[],verified,general,medium,GENERAL,banglish,,general,category_definition,SUPPORTED,DIRECT_RELATION_SUPPORT,STRONG,semi_structured_relation,"Category 1-te oi semester-er shob prescribed course pass kora, kono backlog na thaka students-ra pore. Tara next semester-er shob prescribed course-e registration korte pare.",True,curricula_BSc-Curriculum-New.pdf,curricula_BSc-Curriculum-New.pdf,doc-4d373684ce4879ed066003f5,18,doc-4d373684ce4879ed066003f5-p000018-b0002-c0001,"Category 1: Students, who have passed all the courses prescribed for the semester and have no backlog of courses. A student of Category -1 is eligible for registration in all courses prescribed for the next or following semesters.",3,3,[],1,False,False,0,False,True,True,True,True,[],category_definition,"[""Students, who have passed all the courses prescribed for the semester and have no backlog of courses"", ""A student of Category -1 is eligible for registration in all courses prescribed for the next or following semesters""]",0.023696400000062567,0.021733099999892147,0.0,0.0003955000001951703,,,449003520,451018752,1126719488,575549440
step9-development-framework-final-20260929T184525403813Z-b5d1d8,Q020:english,Q020,english,What is the mark distribution for a theoretical course?,"The distribution is Assessment 30%, Mid Semester 20%, and Final Exam 50%.",True,"[""curricula_BSc-Curriculum-New.pdf""]","[""18""]",[],verified,mark_distribution,medium,GENERAL,english,,assessment,mark_distribution,SUPPORTED,DIRECT_RELATION_SUPPORT,STRONG,semi_structured_relation,"The mark distribution is Assessment 30%, Mid Semester 20%, Final Exam 50%.",True,curricula_BSc-Curriculum-New.pdf,curricula_BSc-Curriculum-New.pdf,doc-4d373684ce4879ed066003f5,18,doc-4d373684ce4879ed066003f5-p000018-b0005-c0001,"Grading System The total performance of a student in a given course is based on a scheme of continuous assessments. For theoretical courses this continuous assessment is made through homework, assignments, attendance, quizzes etc., a mid semester and a semester final examina tion of three/two hours duration. The distribution of marks for a given course is as follows: Assessment 30% Mid Semester 20% Final Exam 50%",3,3,[],1,False,False,0,False,True,True,True,True,[],mark_distribution,"[""30%"", ""20%"", ""50%""]",0.026115499999832537,0.022883999999976368,0.0,0.0006342000001495762,,,449003520,451018752,1126723584,575549440
step9-development-framework-final-20260929T184525403813Z-b5d1d8,Q020:bangla,Q020,bangla,থিওরেটিক্যাল কোর্সে মার্কস বণ্টন কী?,"বণ্টন হলো Assessment 30%, Mid Semester 20%, এবং Final Exam 50%।",True,"[""curricula_BSc-Curriculum-New.pdf""]","[""18""]",[],verified,mark_distribution,medium,GENERAL,bangla,,assessment,mark_distribution,SUPPORTED,DIRECT_RELATION_SUPPORT,STRONG,semi_structured_relation,"নম্বর বণ্টন হলো: মূল্যায়ন 30%, মধ্য সেমিস্টার 20%, চূড়ান্ত পরীক্ষা 50%।",True,curricula_BSc-Curriculum-New.pdf,curricula_BSc-Curriculum-New.pdf,doc-4d373684ce4879ed066003f5,18,doc-4d373684ce4879ed066003f5-p000018-b0005-c0001,"Grading System The total performance of a student in a given course is based on a scheme of continuous assessments. For theoretical courses this continuous assessment is made through homework, assignments, attendance, quizzes etc., a mid semester and a semester final examina tion of three/two hours duration. The distribution of marks for a given course is as follows: Assessment 30% Mid Semester 20% Final Exam 50%",3,3,[],1,False,False,0,False,True,True,True,True,[],mark_distribution,"[""30%"", ""20%"", ""50%""]",0.03264690000014525,0.030671699999857083,0.0,0.0003074999999626016,,,449003520,451018752,1126723584,575549440
step9-development-framework-final-20260929T184525403813Z-b5d1d8,Q020:banglish,Q020,banglish,Theoretical course-e marks distribution ki?,"Distribution holo Assessment 30%, Mid Semester 20%, ar Final Exam 50%.",True,"[""curricula_BSc-Curriculum-New.pdf""]","[""18""]",[],verified,mark_distribution,medium,GENERAL,banglish,,assessment,mark_distribution,SUPPORTED,DIRECT_RELATION_SUPPORT,STRONG,semi_structured_relation,"Marks distribution holo: assessment 30%, mid semester 20%, final exam 50%.",True,curricula_BSc-Curriculum-New.pdf,curricula_BSc-Curriculum-New.pdf,doc-4d373684ce4879ed066003f5,18,doc-4d373684ce4879ed066003f5-p000018-b0005-c0001,"Grading System The total performance of a student in a given course is based on a scheme of continuous assessments. For theoretical courses this continuous assessment is made through homework, assignments, attendance, quizzes etc., a mid semester and a semester final examina tion of three/two hours duration. The distribution of marks for a given course is as follows: Assessment 30% Mid Semester 20% Final Exam 50%",3,3,[],1,False,False,0,False,True,True,True,True,[],mark_distribution,"[""30%"", ""20%"", ""50%""]",0.029613500000323256,0.02680340000006254,0.0,0.0002949000004264235,,,449003520,451018752,1126723584,575549440
step9-development-framework-final-20260929T184525403813Z-b5d1d8,Q021:english,Q021,english,What numeric mark earns an A+ grade?,A numeric grade of 80% and above earns A+ with grade point 4.00.,True,"[""curricula_BSc-Curriculum-New.pdf""]","[""19""]",[],verified,assessment,medium,GENERAL,english,,grade,,GENERATION_REJECTED,GENERATION_GROUNDING_FAILURE,ADEQUATE,generation_rejected,"Relevant information was found, but I couldn't produce a reliable answer.",False,curricula_BSc-Curriculum-New.pdf,curricula_BSc-Curriculum-New.pdf,doc-4d373684ce4879ed066003f5,21,doc-4d373684ce4879ed066003f5-p000021-b0001-c0001,Examination concerned. The respective departments would arrange such Repeat Examinations. Candidates willing to appear at such Repeat Examinations must apply to the respective heads of departments through the advisors stating their willingness to appear at the said examination with the receipt of payment @ Taka3000/ - per course. Repeat examination would be held before next semester would start. Repeat Examinations on theory courses would be held on 50 percent of marks for each course and the marks for Class Assessment and Mid Semester Examination would be carried. There shall be no repeat examinations for sessional courses. The maximum grade to be obtained by a student in a repeat examination would be ‗B‘ (equivalent to 60%). The following grading system would be followed in the repeat examinations:,1,1,[],1,False,False,0,False,False,True,True,True,[],,[],0.023520999999618653,0.021802799999932176,0.0,0.0002805999997690378,,,449003520,451018752,1126793216,575549440
step9-development-framework-final-20260929T184525403813Z-b5d1d8,Q021:bangla,Q021,bangla,কত নম্বর পেলে A+ গ্রেড হয়?,80% বা তার বেশি নম্বরে A+ গ্রেড এবং grade point 4.00 হয়।,True,"[""curricula_BSc-Curriculum-New.pdf""]","[""19""]",[],verified,assessment,medium,GENERAL,bangla,,grade,,GENERATION_REJECTED,GENERATION_GROUNDING_FAILURE,ADEQUATE,generation_rejected,"প্রাসঙ্গিক তথ্য পাওয়া গেছে, কিন্তু নির্ভরযোগ্য উত্তর তৈরি করা যায়নি।",False,curricula_BSc-Curriculum-New.pdf,curricula_BSc-Curriculum-New.pdf,doc-4d373684ce4879ed066003f5,21,doc-4d373684ce4879ed066003f5-p000021-b0001-c0001,Examination concerned. The respective departments would arrange such Repeat Examinations. Candidates willing to appear at such Repeat Examinations must apply to the respective heads of departments through the advisors stating their willingness to appear at the said examination with the receipt of payment @ Taka3000/ - per course. Repeat examination would be held before next semester would start. Repeat Examinations on theory courses would be held on 50 percent of marks for each course and the marks for Class Assessment and Mid Semester Examination would be carried. There shall be no repeat examinations for sessional courses. The maximum grade to be obtained by a student in a repeat examination would be ‗B‘ (equivalent to 60%). The following grading system would be followed in the repeat examinations:,1,1,[],3,False,False,0,False,False,True,True,True,[],,[],0.0263147000000572,0.024886900000183232,0.0,0.00026879999995799153,,,449003520,451018752,1126793216,575549440
step9-development-framework-final-20260929T184525403813Z-b5d1d8,Q021:banglish,Q021,banglish,Koto marks pele A+ grade hoy?,80% and above marks-e A+ grade ar grade point 4.00 hoy.,True,"[""curricula_BSc-Curriculum-New.pdf""]","[""19""]",[],verified,assessment,medium,GENERAL,banglish,,grade,,GENERATION_REJECTED,GENERATION_GROUNDING_FAILURE,ADEQUATE,generation_rejected,"Relevant tothyo paoa geche, kintu reliable uttor toiri kora jayni.",False,curricula_BSc-Curriculum-New.pdf,curricula_BSc-Curriculum-New.pdf,doc-4d373684ce4879ed066003f5,21,doc-4d373684ce4879ed066003f5-p000021-b0001-c0001,Examination concerned. The respective departments would arrange such Repeat Examinations. Candidates willing to appear at such Repeat Examinations must apply to the respective heads of departments through the advisors stating their willingness to appear at the said examination with the receipt of payment @ Taka3000/ - per course. Repeat examination would be held before next semester would start. Repeat Examinations on theory courses would be held on 50 percent of marks for each course and the marks for Class Assessment and Mid Semester Examination would be carried. There shall be no repeat examinations for sessional courses. The maximum grade to be obtained by a student in a repeat examination would be ‗B‘ (equivalent to 60%). The following grading system would be followed in the repeat examinations:,1,1,[],1,False,False,0,False,False,True,True,True,[],,[],0.026417799999762792,0.025001099999826693,0.0,0.0002578000003268244,,,449003520,451018752,1126793216,575549440
step9-development-framework-final-20260929T184525403813Z-b5d1d8,Q022:english,Q022,english,What happens if a student gets less than 40% in a course?,Less than 40% results in an F grade with grade point 0.00.,True,"[""curricula_BSc-Curriculum-New.pdf""]","[""19""]",[],verified,general,medium,GENERAL,english,than 40,percentage,,RETRIEVAL_UNCERTAIN,ENTITY_OWNERSHIP_UNCERTAIN,WEAK,unsupported,"I found related information, but couldn't verify that it answers this specific question.",False,,,,,,,0,0,[],,False,False,0,False,True,,True,True,[],,[],0.03722410000000309,0.03655669999989186,0.0,0.00020319999975981773,,,449003520,451018752,1126903808,575549440
step9-development-framework-final-20260929T184525403813Z-b5d1d8,Q022:bangla,Q022,bangla,কোনো কোর্সে 40%-এর কম পেলে কী হয়?,40%-এর কম নম্বরে F গ্রেড এবং grade point 0.00 হয়।,True,"[""curricula_BSc-Curriculum-New.pdf""]","[""19""]",[],verified,general,medium,GENERAL,bangla,40%,percentage,,GENERATION_REJECTED,GENERATION_GROUNDING_FAILURE,STRONG,generation_rejected,"প্রাসঙ্গিক তথ্য পাওয়া গেছে, কিন্তু নির্ভরযোগ্য উত্তর তৈরি করা যায়নি।",False,curricula_BSc-Curriculum-New.pdf,curricula_BSc-Curriculum-New.pdf,doc-4d373684ce4879ed066003f5,19,doc-4d373684ce4879ed066003f5-p000019-b0002-c0001,Numeric Grade Letter Grade Grade Point 80% and above A+ 4.00 75% to less than 80% A 3.75 70% to less than 75% A- 3.50 65% to less than 70% B+ 3.25 60% to less than 65% B 3.00 55% to less than 60% B- 2.75 50% to less than 55% C+ 2.50 45% to less than 50% C 2.25 40% to less than 45% D 2.00 Less than 40% F 0.00,3,3,[],1,False,False,0,False,False,True,True,True,[],,[],0.04192379999994955,0.039606999999705295,0.0,0.0005286000000523927,,,449003520,451018752,1126899712,575549440
step9-development-framework-final-20260929T184525403813Z-b5d1d8,Q022:banglish,Q022,banglish,Kono course-e 40%-er kom pele ki hoy?,40%-er kom marks-e F grade ar grade point 0.00 hoy.,True,"[""curricula_BSc-Curriculum-New.pdf""]","[""19""]",[],verified,general,medium,GENERAL,banglish,40%,percentage,,GENERATION_REJECTED,GENERATION_GROUNDING_FAILURE,STRONG,generation_rejected,"Relevant tothyo paoa geche, kintu reliable uttor toiri kora jayni.",False,curricula_BSc-Curriculum-New.pdf,curricula_BSc-Curriculum-New.pdf,doc-4d373684ce4879ed066003f5,19,doc-4d373684ce4879ed066003f5-p000019-b0002-c0001,Numeric Grade Letter Grade Grade Point 80% and above A+ 4.00 75% to less than 80% A 3.75 70% to less than 75% A- 3.50 65% to less than 70% B+ 3.25 60% to less than 65% B 3.00 55% to less than 60% B- 2.75 50% to less than 55% C+ 2.50 45% to less than 50% C 2.25 40% to less than 45% D 2.00 Less than 40% F 0.00,2,2,[],2,False,False,0,False,False,True,True,True,[],,[],0.03761690000010276,0.035862299999735114,0.0,0.00040620000027047354,,,449003520,451018752,1126912000,575549440
step9-development-framework-final-20260929T184525403813Z-b5d1d8,Q023:english,Q023,english,What attendance is required to sit for the final examination?,A student must attend at least 70% of all classes held in every course to sit for the final examination.,True,"[""curricula_BSc-Curriculum-New.pdf""]","[""20""]",[],verified,general,medium,GENERAL,english,,attendance,attendance_exam_requirement,SUPPORTED,DIRECT_RELATION_SUPPORT,STRONG,semi_structured_relation,A student must attend at least 70% of classes in every course to sit for the final examination.,True,curricula_BSc-Curriculum-New.pdf,curricula_BSc-Curriculum-New.pdf,doc-4d373684ce4879ed066003f5,20,doc-4d373684ce4879ed066003f5-p000020-b0001-c0001,Attendance All students are expected to attend classes regularly. The University of Asia Pacific believes that regular attendance is essential for effective learning. A student is required to attend at least 70% of all the classes held in every course in order to sit for the final examination.,1,1,[],1,False,False,0,False,True,True,True,True,[],attendance_exam_requirement,"[""70%""]",0.02799700000014127,0.025634699999955046,0.0,0.0007402000001093256,,,449003520,451018752,1126912000,575549440
step9-development-framework-final-20260929T184525403813Z-b5d1d8,Q023:bangla,Q023,bangla,ফাইনাল পরীক্ষায় বসতে কত উপস্থিতি দরকার?,ফাইনাল পরীক্ষায় বসতে প্রত্যেক কোর্সে অনুষ্ঠিত ক্লাসের অন্তত 70% উপস্থিতি দরকার।,True,"[""curricula_BSc-Curriculum-New.pdf""]","[""20""]",[],verified,general,medium,GENERAL,bangla,,attendance,,INSUFFICIENT_EVIDENCE,FIELD_NOT_SUPPORTED,NONE,unsupported,বিশ্ববিদ্যালয়ের নথিতে নির্ভরযোগ্যভাবে উত্তর দেওয়ার মতো পর্যাপ্ত তথ্য পাওয়া যায়নি।,False,,,,,,,0,0,[],,False,False,0,False,True,,True,True,[],,[],0.030146099999910803,0.02926579999984824,0.0,0.00015150000035646372,,,449003520,451018752,1126912000,575549440
step9-development-framework-final-20260929T184525403813Z-b5d1d8,Q023:banglish,Q023,banglish,Final exam-e boshte koto attendance dorkar?,Final exam-e boshte prottek course-e held classes-er at least 70% attendance dorkar.,True,"[""curricula_BSc-Curriculum-New.pdf""]","[""20""]",[],verified,general,medium,GENERAL,banglish,,attendance,attendance_exam_requirement,SUPPORTED,DIRECT_RELATION_SUPPORT,STRONG,semi_structured_relation,Final exam-e boshte protiti course-e kompakhe 70% class-e attend korte hobe.,True,curricula_BSc-Curriculum-New.pdf,curricula_BSc-Curriculum-New.pdf,doc-4d373684ce4879ed066003f5,20,doc-4d373684ce4879ed066003f5-p000020-b0001-c0001,Attendance All students are expected to attend classes regularly. The University of Asia Pacific believes that regular attendance is essential for effective learning. A student is required to attend at least 70% of all the classes held in every course in order to sit for the final examination.,2,2,[],1,False,False,0,False,True,True,True,True,[],attendance_exam_requirement,"[""70%""]",0.034409599999889906,0.03034109999998691,0.0,0.000471699999707198,,,449003520,451018752,1126912000,575549440
step9-development-framework-final-20260929T184525403813Z-b5d1d8,Q024:english,Q024,english,What CGPA is required for a degree with honors?,A candidate is awarded a degree with honors if the CGPA is 3.75 or above.,True,"[""curricula_BSc-Curriculum-New.pdf""]","[""20""]",[],verified,general,medium,GENERAL,english,,grade,honors_cgpa,SUPPORTED,DIRECT_RELATION_SUPPORT,STRONG,semi_structured_relation,A degree with honors requires a CGPA of 3.75 or above.,True,curricula_BSc-Curriculum-New.pdf,curricula_BSc-Curriculum-New.pdf,doc-4d373684ce4879ed066003f5,20,doc-4d373684ce4879ed066003f5-p000020-b0003-c0001,"Performance Evaluation The performance of a student will be evaluated in terms of semester GPA and cumulative grade point average (CGPA), which is the grade point average for the semesters under consideration. A candidate will be awarded a degree with honors if his/her CGPA is 3.75 or above. A student will be considered to be making normal progress towards a degree if his/her CGPA for all work attempted is 2.25 or better and is in good standing with the university. Students who fail to maintain this minimum rate of progress will fail to be in good standing. Such circumstances may prevail under one or more of the following conditions:  Semester GPA falls below 2.25,  Cumulative GPA falls below 2.25.  Earned credits fall below 15 times the number of semesters studied.",2,2,[],1,False,False,0,False,True,True,True,True,[],honors_cgpa,"[""3.75""]",0.034485399999994115,0.031380299999909766,0.0,0.0012813999996978964,,,449003520,451018752,1126940672,575549440
step9-development-framework-final-20260929T184525403813Z-b5d1d8,Q024:bangla,Q024,bangla,ডিগ্রি উইথ অনার্সের জন্য কত CGPA দরকার?,CGPA 3.75 বা তার বেশি হলে degree with honors দেওয়া হয়।,True,"[""curricula_BSc-Curriculum-New.pdf""]","[""20""]",[],verified,general,medium,GENERAL,bangla,,grade,,GENERATION_REJECTED,GENERATION_GROUNDING_FAILURE,STRONG,generation_rejected,"প্রাসঙ্গিক তথ্য পাওয়া গেছে, কিন্তু নির্ভরযোগ্য উত্তর তৈরি করা যায়নি।",False,curricula_BSc-Curriculum-New.pdf,curricula_BSc-Curriculum-New.pdf,doc-4d373684ce4879ed066003f5,20,doc-4d373684ce4879ed066003f5-p000020-b0003-c0001,"Performance Evaluation The performance of a student will be evaluated in terms of semester GPA and cumulative grade point average (CGPA), which is the grade point average for the semesters under consideration. A candidate will be awarded a degree with honors if his/her CGPA is 3.75 or above. A student will be considered to be making normal progress towards a degree if his/her CGPA for all work attempted is 2.25 or better and is in good standing with the university. Students who fail to maintain this minimum rate of progress will fail to be in good standing. Such circumstances may prevail under one or more of the following conditions:  Semester GPA falls below 2.25,  Cumulative GPA falls below 2.25.  Earned credits fall below 15 times the number of semesters studied.",3,3,[],1,False,False,0,False,False,True,True,True,[],,[],0.03771850000021004,0.03329299999995783,0.0,0.0012331000002632209,,,449003520,451018752,1121107968,575549440
step9-development-framework-final-20260929T184525403813Z-b5d1d8,Q024:banglish,Q024,banglish,Degree with honors-er jonno koto CGPA dorkar?,CGPA 3.75 or above hole degree with honors deya hoy.,True,"[""curricula_BSc-Curriculum-New.pdf""]","[""20""]",[],verified,general,medium,GENERAL,banglish,,grade,honors_cgpa,SUPPORTED,DIRECT_RELATION_SUPPORT,STRONG,semi_structured_relation,Honors degree-r jonno CGPA kompakhe 3.75 lagbe.,True,curricula_BSc-Curriculum-New.pdf,curricula_BSc-Curriculum-New.pdf,doc-4d373684ce4879ed066003f5,20,doc-4d373684ce4879ed066003f5-p000020-b0003-c0001,"Performance Evaluation The performance of a student will be evaluated in terms of semester GPA and cumulative grade point average (CGPA), which is the grade point average for the semesters under consideration. A candidate will be awarded a degree with honors if his/her CGPA is 3.75 or above. A student will be considered to be making normal progress towards a degree if his/her CGPA for all work attempted is 2.25 or better and is in good standing with the university. Students who fail to maintain this minimum rate of progress will fail to be in good standing. Such circumstances may prevail under one or more of the following conditions:  Semester GPA falls below 2.25,  Cumulative GPA falls below 2.25.  Earned credits fall below 15 times the number of semesters studied.",1,1,[],1,False,False,0,False,True,True,True,True,[],honors_cgpa,"[""3.75""]",0.04165980000016134,0.03937899999982619,0.0,0.0003925000000890577,,,449003520,451018752,1118695424,575549440
step9-development-framework-final-20260929T184525403813Z-b5d1d8,Q025:english,Q025,english,What CGPA is considered normal progress toward a degree?,A CGPA of 2.25 or better is considered normal progress toward a degree.,True,"[""curricula_BSc-Curriculum-New.pdf""]","[""20""]",[],verified,general,medium,GENERAL,english,,grade,normal_progress_cgpa,SUPPORTED,DIRECT_RELATION_SUPPORT,STRONG,semi_structured_relation,Normal progress toward a degree requires a CGPA of 2.25 or above.,True,curricula_BSc-Curriculum-New.pdf,curricula_BSc-Curriculum-New.pdf,doc-4d373684ce4879ed066003f5,20,doc-4d373684ce4879ed066003f5-p000020-b0003-c0001,"Performance Evaluation The performance of a student will be evaluated in terms of semester GPA and cumulative grade point average (CGPA), which is the grade point average for the semesters under consideration. A candidate will be awarded a degree with honors if his/her CGPA is 3.75 or above. A student will be considered to be making normal progress towards a degree if his/her CGPA for all work attempted is 2.25 or better and is in good standing with the university. Students who fail to maintain this minimum rate of progress will fail to be in good standing. Such circumstances may prevail under one or more of the following conditions:  Semester GPA falls below 2.25,  Cumulative GPA falls below 2.25.  Earned credits fall below 15 times the number of semesters studied.",1,1,[],1,False,False,0,False,True,True,True,True,[],normal_progress_cgpa,"[""2.25""]",0.032849800000349205,0.03059290000010151,0.0,0.000610199999755423,,,449003520,451018752,1117585408,575549440
step9-development-framework-final-20260929T184525403813Z-b5d1d8,Q025:bangla,Q025,bangla,ডিগ্রির দিকে normal progress হিসেবে কত CGPA ধরা হয়?,CGPA 2.25 বা তার বেশি হলে ডিগ্রির দিকে normal progress ধরা হয়।,True,"[""curricula_BSc-Curriculum-New.pdf""]","[""20""]",[],verified,general,medium,GENERAL,bangla,,grade,normal_progress_cgpa,SUPPORTED,DIRECT_RELATION_SUPPORT,STRONG,semi_structured_relation,ডিগ্রির পথে স্বাভাবিক অগ্রগতির জন্য CGPA অন্তত 2.25 হতে হবে।,True,curricula_BSc-Curriculum-New.pdf,curricula_BSc-Curriculum-New.pdf,doc-4d373684ce4879ed066003f5,20,doc-4d373684ce4879ed066003f5-p000020-b0003-c0001,"Performance Evaluation The performance of a student will be evaluated in terms of semester GPA and cumulative grade point average (CGPA), which is the grade point average for the semesters under consideration. A candidate will be awarded a degree with honors if his/her CGPA is 3.75 or above. A student will be considered to be making normal progress towards a degree if his/her CGPA for all work attempted is 2.25 or better and is in good standing with the university. Students who fail to maintain this minimum rate of progress will fail to be in good standing. Such circumstances may prevail under one or more of the following conditions:  Semester GPA falls below 2.25,  Cumulative GPA falls below 2.25.  Earned credits fall below 15 times the number of semesters studied.",3,3,[],1,False,False,0,False,True,True,True,True,[],normal_progress_cgpa,"[""2.25""]",0.04758859999992637,0.043275899999571266,0.0,0.0005866999999852851,,,449003520,451018752,1118199808,575549440
step9-development-framework-final-20260929T184525403813Z-b5d1d8,Q025:banglish,Q025,banglish,Degree-r dike normal progress hisebe koto CGPA dhora hoy?,CGPA 2.25 or better hole degree-r dike normal progress dhora hoy.,True,"[""curricula_BSc-Curriculum-New.pdf""]","[""20""]",[],verified,general,medium,GENERAL,banglish,,grade,normal_progress_cgpa,SUPPORTED,DIRECT_RELATION_SUPPORT,STRONG,semi_structured_relation,Degree-r normal progress-er jonno CGPA kompakhe 2.25 lagbe.,True,curricula_BSc-Curriculum-New.pdf,curricula_BSc-Curriculum-New.pdf,doc-4d373684ce4879ed066003f5,20,doc-4d373684ce4879ed066003f5-p000020-b0003-c0001,"Performance Evaluation The performance of a student will be evaluated in terms of semester GPA and cumulative grade point average (CGPA), which is the grade point average for the semesters under consideration. A candidate will be awarded a degree with honors if his/her CGPA is 3.75 or above. A student will be considered to be making normal progress towards a degree if his/her CGPA for all work attempted is 2.25 or better and is in good standing with the university. Students who fail to maintain this minimum rate of progress will fail to be in good standing. Such circumstances may prevail under one or more of the following conditions:  Semester GPA falls below 2.25,  Cumulative GPA falls below 2.25.  Earned credits fall below 15 times the number of semesters studied.",1,1,[],1,False,False,0,False,True,True,True,True,[],normal_progress_cgpa,"[""2.25""]",0.048020700000051875,0.04505430000017441,0.0,0.00046340000017153216,,,449003520,451018752,1119985664,575549440
step9-development-framework-final-20260929T184525403813Z-b5d1d8,Q026:english,Q026,english,What is the fee for re-examination of a final answer script?,The re-examination fee is Taka 200 per script.,True,"[""curricula_BSc-Curriculum-New.pdf""]","[""20""]",[],verified,general,medium,GENERAL,english,,assessment,,GENERATION_REJECTED,GENERATION_SEMANTIC_FAILURE,STRONG,generation_rejected,"Relevant information was found, but I couldn't produce a reliable answer.",False,curricula_BSc-Curriculum-New.pdf,curricula_BSc-Curriculum-New.pdf,doc-4d373684ce4879ed066003f5,20,doc-4d373684ce4879ed066003f5-p000020-b0005-c0001,"Examination Rules Re -examination or Re -scrutiny of Answer Scripts Re-examination of final examination answer scripts may be permissible. A candidate can apply for re -examination of any answer script of final examination to the Controller of Examinati ons through their advisor and the head of the department on payment of Taka 200/ - (Tk. Two Hundred) only per script within 7 (seven) working days from the publication of final results. No such application shall be entertained after the mentioned time. No such re- examination is allowed for practical/sessional courses. While re-examining such answer scripts the examiner shall re- examine the scripts thoroughly and shall award a grade, which shall be treated as final.",2,2,[],1,False,False,0,False,False,True,True,True,[],,[],0.03620109999974375,0.03365450000001147,0.0,0.0006285000004027097,,,449003520,451018752,1120120832,575549440
step9-development-framework-final-20260929T184525403813Z-b5d1d8,Q026:bangla,Q026,bangla,ফাইনাল answer script re-examination-এর ফি কত?,প্রতি script re-examination-এর ফি Taka 200।,True,"[""curricula_BSc-Curriculum-New.pdf""]","[""20""]",[],verified,general,medium,GENERAL,bangla,,assessment,,GENERATION_REJECTED,GENERATION_GROUNDING_FAILURE,STRONG,generation_rejected,"প্রাসঙ্গিক তথ্য পাওয়া গেছে, কিন্তু নির্ভরযোগ্য উত্তর তৈরি করা যায়নি।",False,curricula_BSc-Curriculum-New.pdf,curricula_BSc-Curriculum-New.pdf,doc-4d373684ce4879ed066003f5,20,doc-4d373684ce4879ed066003f5-p000020-b0005-c0001,"Examination Rules Re -examination or Re -scrutiny of Answer Scripts Re-examination of final examination answer scripts may be permissible. A candidate can apply for re -examination of any answer script of final examination to the Controller of Examinati ons through their advisor and the head of the department on payment of Taka 200/ - (Tk. Two Hundred) only per script within 7 (seven) working days from the publication of final results. No such application shall be entertained after the mentioned time. No such re- examination is allowed for practical/sessional courses. While re-examining such answer scripts the examiner shall re- examine the scripts thoroughly and shall award a grade, which shall be treated as final.",3,3,[],1,False,False,0,False,False,True,True,True,[],,[],0.042325500000060856,0.03961570000001302,0.0,0.0007114000000001397,,,449069056,451084288,1119981568,575549440
step9-development-framework-final-20260929T184525403813Z-b5d1d8,Q026:banglish,Q026,banglish,Final answer script re-examination-er fee koto?,Per script re-examination fee Taka 200.,True,"[""curricula_BSc-Curriculum-New.pdf""]","[""20""]",[],verified,general,medium,GENERAL,banglish,,assessment,,GENERATION_REJECTED,GENERATION_GROUNDING_FAILURE,STRONG,generation_rejected,"Relevant tothyo paoa geche, kintu reliable uttor toiri kora jayni.",False,curricula_BSc-Curriculum-New.pdf,curricula_BSc-Curriculum-New.pdf,doc-4d373684ce4879ed066003f5,20,doc-4d373684ce4879ed066003f5-p000020-b0005-c0001,"Examination Rules Re -examination or Re -scrutiny of Answer Scripts Re-examination of final examination answer scripts may be permissible. A candidate can apply for re -examination of any answer script of final examination to the Controller of Examinati ons through their advisor and the head of the department on payment of Taka 200/ - (Tk. Two Hundred) only per script within 7 (seven) working days from the publication of final results. No such application shall be entertained after the mentioned time. No such re- examination is allowed for practical/sessional courses. While re-examining such answer scripts the examiner shall re- examine the scripts thoroughly and shall award a grade, which shall be treated as final.",2,2,[],1,False,False,0,False,False,True,True,True,[],,[],0.04199830000015936,0.039902900000015507,0.0,0.00043409999989307835,,,449069056,451084288,1119744000,575549440
step9-development-framework-final-20260929T184525403813Z-b5d1d8,Q027:english,Q027,english,Within how many working days must a re-examination application be submitted?,The application must be submitted within 7 working days from publication of final results.,True,"[""curricula_BSc-Curriculum-New.pdf""]","[""20""]",[],verified,general,medium,GENERAL,english,,duration,reexamination_deadline,SUPPORTED,DIRECT_RELATION_SUPPORT,STRONG,semi_structured_relation,The re-examination application must be submitted within 7 working days after publication of final results.,True,curricula_BSc-Curriculum-New.pdf,curricula_BSc-Curriculum-New.pdf,doc-4d373684ce4879ed066003f5,20,doc-4d373684ce4879ed066003f5-p000020-b0005-c0001,"Examination Rules Re -examination or Re -scrutiny of Answer Scripts Re-examination of final examination answer scripts may be permissible. A candidate can apply for re -examination of any answer script of final examination to the Controller of Examinati ons through their advisor and the head of the department on payment of Taka 200/ - (Tk. Two Hundred) only per script within 7 (seven) working days from the publication of final results. No such application shall be entertained after the mentioned time. No such re- examination is allowed for practical/sessional courses. While re-examining such answer scripts the examiner shall re- examine the scripts thoroughly and shall award a grade, which shall be treated as final.",3,3,[],1,False,False,0,False,True,True,True,True,[],reexamination_deadline,"[""7""]",0.046951799999988,0.04381409999996322,0.0,0.0006783999997423962,,,449069056,451084288,1119563776,575549440
step9-development-framework-final-20260929T184525403813Z-b5d1d8,Q027:bangla,Q027,bangla,Re-examination application কত working day-এর মধ্যে জমা দিতে হয়?,ফাইনাল ফল প্রকাশের 7 working day-এর মধ্যে application জমা দিতে হয়।,True,"[""curricula_BSc-Curriculum-New.pdf""]","[""20""]",[],verified,general,medium,GENERAL,bangla,,duration,reexamination_deadline,SUPPORTED,DIRECT_RELATION_SUPPORT,STRONG,semi_structured_relation,চূড়ান্ত ফল প্রকাশের 7 কর্মদিবসের মধ্যে পুনঃপরীক্ষার আবেদন জমা দিতে হবে।,True,curricula_BSc-Curriculum-New.pdf,curricula_BSc-Curriculum-New.pdf,doc-4d373684ce4879ed066003f5,20,doc-4d373684ce4879ed066003f5-p000020-b0005-c0001,"Examination Rules Re -examination or Re -scrutiny of Answer Scripts Re-examination of final examination answer scripts may be permissible. A candidate can apply for re -examination of any answer script of final examination to the Controller of Examinati ons through their advisor and the head of the department on payment of Taka 200/ - (Tk. Two Hundred) only per script within 7 (seven) working days from the publication of final results. No such application shall be entertained after the mentioned time. No such re- examination is allowed for practical/sessional courses. While re-examining such answer scripts the examiner shall re- examine the scripts thoroughly and shall award a grade, which shall be treated as final.",3,3,[],1,False,False,0,False,True,True,True,True,[],reexamination_deadline,"[""7""]",0.05466999999998734,0.05196440000008806,0.0,0.00047459999996135593,,,449069056,451084288,1119559680,575549440
step9-development-framework-final-20260929T184525403813Z-b5d1d8,Q027:banglish,Q027,banglish,Re-examination application koto working day-er moddhe submit korte hoy?,Final result publish howar 7 working day-er moddhe application submit korte hoy.,True,"[""curricula_BSc-Curriculum-New.pdf""]","[""20""]",[],verified,general,medium,GENERAL,banglish,,duration,reexamination_deadline,SUPPORTED,DIRECT_RELATION_SUPPORT,STRONG,semi_structured_relation,Final result publish howar 7 working day-er moddhe re-examination application submit korte hobe.,True,curricula_BSc-Curriculum-New.pdf,curricula_BSc-Curriculum-New.pdf,doc-4d373684ce4879ed066003f5,20,doc-4d373684ce4879ed066003f5-p000020-b0005-c0001,"Examination Rules Re -examination or Re -scrutiny of Answer Scripts Re-examination of final examination answer scripts may be permissible. A candidate can apply for re -examination of any answer script of final examination to the Controller of Examinati ons through their advisor and the head of the department on payment of Taka 200/ - (Tk. Two Hundred) only per script within 7 (seven) working days from the publication of final results. No such application shall be entertained after the mentioned time. No such re- examination is allowed for practical/sessional courses. While re-examining such answer scripts the examiner shall re- examine the scripts thoroughly and shall award a grade, which shall be treated as final.",3,3,[],1,False,False,0,False,True,True,True,True,[],reexamination_deadline,"[""7""]",0.05762959999992745,0.05489289999968605,0.0,0.000447100000201317,,,449069056,451084288,1119473664,575549440
step9-development-framework-final-20260929T184525403813Z-b5d1d8,Q028:english,Q028,english,When is a student allowed to appear at a repeat examination?,"A student may appear at a repeat examination if they fail in three theory courses or less, not exceeding 10 credit hours.",True,"[""curricula_BSc-Curriculum-New.pdf""]","[""20""]",[],verified,general,medium,GENERAL,english,,date,,GENERATION_REJECTED,GENERATION_GROUNDING_FAILURE,ADEQUATE,generation_rejected,"Relevant information was found, but I couldn't produce a reliable answer.",False,curricula_BSc-Curriculum-New.pdf,curricula_BSc-Curriculum-New.pdf,doc-4d373684ce4879ed066003f5,20,doc-4d373684ce4879ed066003f5-p000020-b0006-c0001,Rules for Repeat Examination A student wo uld be allowed to appear at the Repeat Examination in case s/he fails in three theory courses or less but not exceeding 10 credit hours. The results of Repeat Examinations would be published within three weeks from the date of publication of the results of the Semester Final,1,1,[],1,False,False,0,False,False,True,True,True,[],,[],0.033093100000314735,0.03154759999961243,0.0,0.00036999999974796083,,,449069056,451084288,1119399936,575549440
step9-development-framework-final-20260929T184525403813Z-b5d1d8,Q028:bangla,Q028,bangla,কখন একজন শিক্ষার্থী repeat examination দিতে পারে?,তিনটি বা তার কম theory course-এ ফেল করলে এবং তা 10 credit hour-এর বেশি না হলে repeat examination দেওয়া যায়।,True,"[""curricula_BSc-Curriculum-New.pdf""]","[""20""]",[],verified,general,medium,GENERAL,bangla,,assessment,,GENERATION_REJECTED,GENERATION_SEMANTIC_FAILURE,STRONG,generation_rejected,"প্রাসঙ্গিক তথ্য পাওয়া গেছে, কিন্তু নির্ভরযোগ্য উত্তর তৈরি করা যায়নি।",False,curricula_BSc-Curriculum-New.pdf,curricula_BSc-Curriculum-New.pdf,doc-4d373684ce4879ed066003f5,20,doc-4d373684ce4879ed066003f5-p000020-b0006-c0001,Rules for Repeat Examination A student wo uld be allowed to appear at the Repeat Examination in case s/he fails in three theory courses or less but not exceeding 10 credit hours. The results of Repeat Examinations would be published within three weeks from the date of publication of the results of the Semester Final,3,3,[],1,False,False,0,False,False,True,True,True,[],,[],0.037781600000016624,0.035032199999932345,0.0,0.0006579999999303254,,,449073152,451088384,1120403456,575549440
step9-development-framework-final-20260929T184525403813Z-b5d1d8,Q028:banglish,Q028,banglish,Kokhon ekjon student repeat examination dite pare?,"Tin ta ba tar kom theory course-e fail korle, 10 credit hour exceed na korle, repeat examination deya jay.",True,"[""curricula_BSc-Curriculum-New.pdf""]","[""20""]",[],verified,general,medium,GENERAL,banglish,,assessment,,GENERATION_REJECTED,GENERATION_SEMANTIC_FAILURE,STRONG,generation_rejected,"Relevant tothyo paoa geche, kintu reliable uttor toiri kora jayni.",False,curricula_BSc-Curriculum-New.pdf,curricula_BSc-Curriculum-New.pdf,doc-4d373684ce4879ed066003f5,20,doc-4d373684ce4879ed066003f5-p000020-b0006-c0001,Rules for Repeat Examination A student wo uld be allowed to appear at the Repeat Examination in case s/he fails in three theory courses or less but not exceeding 10 credit hours. The results of Repeat Examinations would be published within three weeks from the date of publication of the results of the Semester Final,2,2,[],1,False,False,0,False,False,True,True,True,[],,[],0.03709660000004078,0.0344161000002714,0.0,0.00042800000028364593,,,449073152,451088384,1119318016,575549440
step9-development-framework-final-20260929T184525403813Z-b5d1d8,Q029:english,Q029,english,What is the fee for a repeat examination course?,The repeat examination fee is Taka 3000 per course.,True,"[""curricula_BSc-Curriculum-New.pdf""]","[""21""]",[],verified,general,medium,GENERAL,english,,assessment,,GENERATION_REJECTED,GENERATION_SEMANTIC_FAILURE,STRONG,generation_rejected,"Relevant information was found, but I couldn't produce a reliable answer.",False,curricula_BSc-Curriculum-New.pdf,curricula_BSc-Curriculum-New.pdf,doc-4d373684ce4879ed066003f5,20,doc-4d373684ce4879ed066003f5-p000020-b0006-c0001,Rules for Repeat Examination A student wo uld be allowed to appear at the Repeat Examination in case s/he fails in three theory courses or less but not exceeding 10 credit hours. The results of Repeat Examinations would be published within three weeks from the date of publication of the results of the Semester Final,2,2,[],2,False,False,0,False,False,True,True,True,[],,[],0.02040080000006128,0.017932700000073964,0.0,0.0004450000001270382,,,449073152,451088384,1120333824,575549440
step9-development-framework-final-20260929T184525403813Z-b5d1d8,Q029:bangla,Q029,bangla,Repeat examination-এর প্রতি কোর্সের ফি কত?,Repeat examination-এর ফি প্রতি course Taka 3000।,True,"[""curricula_BSc-Curriculum-New.pdf""]","[""21""]",[],verified,general,medium,GENERAL,bangla,,assessment,,GENERATION_REJECTED,GENERATION_GROUNDING_FAILURE,STRONG,generation_rejected,"প্রাসঙ্গিক তথ্য পাওয়া গেছে, কিন্তু নির্ভরযোগ্য উত্তর তৈরি করা যায়নি।",False,curricula_BSc-Curriculum-New.pdf,curricula_BSc-Curriculum-New.pdf,doc-4d373684ce4879ed066003f5,20,doc-4d373684ce4879ed066003f5-p000020-b0006-c0001,Rules for Repeat Examination A student wo uld be allowed to appear at the Repeat Examination in case s/he fails in three theory courses or less but not exceeding 10 credit hours. The results of Repeat Examinations would be published within three weeks from the date of publication of the results of the Semester Final,3,3,[],1,False,False,0,False,False,True,True,True,[],,[],0.035776500000338274,0.03295990000015081,0.0,0.0009715999999571068,,,449073152,451088384,1120333824,575549440
step9-development-framework-final-20260929T184525403813Z-b5d1d8,Q029:banglish,Q029,banglish,Repeat examination-er per course fee koto?,Repeat examination-er fee per course Taka 3000.,True,"[""curricula_BSc-Curriculum-New.pdf""]","[""21""]",[],verified,general,medium,GENERAL,banglish,,assessment,,GENERATION_REJECTED,GENERATION_SEMANTIC_FAILURE,ADEQUATE,generation_rejected,"Relevant tothyo paoa geche, kintu reliable uttor toiri kora jayni.",False,curricula_BSc-Curriculum-New.pdf,curricula_BSc-Curriculum-New.pdf,doc-4d373684ce4879ed066003f5,21,doc-4d373684ce4879ed066003f5-p000021-b0001-c0001,Examination concerned. The respective departments would arrange such Repeat Examinations. Candidates willing to appear at such Repeat Examinations must apply to the respective heads of departments through the advisors stating their willingness to appear at the said examination with the receipt of payment @ Taka3000/ - per course. Repeat examination would be held before next semester would start. Repeat Examinations on theory courses would be held on 50 percent of marks for each course and the marks for Class Assessment and Mid Semester Examination would be carried. There shall be no repeat examinations for sessional courses. The maximum grade to be obtained by a student in a repeat examination would be ‗B‘ (equivalent to 60%). The following grading system would be followed in the repeat examinations:,1,1,[],2,False,False,0,False,False,True,True,True,[],,[],0.03095949999988079,0.028968000000077154,0.0,0.0003009000001839013,,,449073152,451088384,1120333824,575549440
step9-development-framework-final-20260929T184525403813Z-b5d1d8,Q030:english,Q030,english,How many courses can a student repeat for grade improvement?,"For grade improvement, a student may repeat a maximum of four courses.",True,"[""curricula_BSc-Curriculum-New.pdf""]","[""21""]",[],verified,assessment,medium,GENERAL,english,,grade,,GENERATION_REJECTED,GENERATION_GROUNDING_FAILURE,ADEQUATE,generation_rejected,"Relevant information was found, but I couldn't produce a reliable answer.",False,curricula_BSc-Curriculum-New.pdf,curricula_BSc-Curriculum-New.pdf,doc-4d373684ce4879ed066003f5,21,doc-4d373684ce4879ed066003f5-p000021-b0001-c0001,Examination concerned. The respective departments would arrange such Repeat Examinations. Candidates willing to appear at such Repeat Examinations must apply to the respective heads of departments through the advisors stating their willingness to appear at the said examination with the receipt of payment @ Taka3000/ - per course. Repeat examination would be held before next semester would start. Repeat Examinations on theory courses would be held on 50 percent of marks for each course and the marks for Class Assessment and Mid Semester Examination would be carried. There shall be no repeat examinations for sessional courses. The maximum grade to be obtained by a student in a repeat examination would be ‗B‘ (equivalent to 60%). The following grading system would be followed in the repeat examinations:,1,1,[],1,False,False,0,False,False,True,True,True,[],,[],0.031480200000260083,0.029558000000179163,0.0,0.0003584999999475258,,,449073152,451088384,1120333824,575549440
step9-development-framework-final-20260929T184525403813Z-b5d1d8,Q030:bangla,Q030,bangla,Grade improvement-এর জন্য একজন শিক্ষার্থী সর্বোচ্চ কয়টি কোর্স repeat করতে পারে?,Grade improvement-এর জন্য একজন শিক্ষার্থী সর্বোচ্চ চারটি course repeat করতে পারে।,True,"[""curricula_BSc-Curriculum-New.pdf""]","[""21""]",[],verified,assessment,medium,GENERAL,bangla,,grade,,GENERATION_REJECTED,GENERATION_GROUNDING_FAILURE,ADEQUATE,generation_rejected,"প্রাসঙ্গিক তথ্য পাওয়া গেছে, কিন্তু নির্ভরযোগ্য উত্তর তৈরি করা যায়নি।",False,curricula_BSc-Curriculum-New.pdf,curricula_BSc-Curriculum-New.pdf,doc-4d373684ce4879ed066003f5,21,doc-4d373684ce4879ed066003f5-p000021-b0001-c0001,Examination concerned. The respective departments would arrange such Repeat Examinations. Candidates willing to appear at such Repeat Examinations must apply to the respective heads of departments through the advisors stating their willingness to appear at the said examination with the receipt of payment @ Taka3000/ - per course. Repeat examination would be held before next semester would start. Repeat Examinations on theory courses would be held on 50 percent of marks for each course and the marks for Class Assessment and Mid Semester Examination would be carried. There shall be no repeat examinations for sessional courses. The maximum grade to be obtained by a student in a repeat examination would be ‗B‘ (equivalent to 60%). The following grading system would be followed in the repeat examinations:,1,1,[],1,False,False,0,False,False,True,True,True,[],,[],0.056279099999756,0.05445179999969696,0.0,0.0004994999999325955,,,449073152,451088384,1120460800,575549440
step9-development-framework-final-20260929T184525403813Z-b5d1d8,Q030:banglish,Q030,banglish,Grade improvement-er jonno ekjon student maximum koyta course repeat korte pare?,Grade improvement-er jonno ekjon student maximum four courses repeat korte pare.,True,"[""curricula_BSc-Curriculum-New.pdf""]","[""21""]",[],verified,assessment,medium,GENERAL,banglish,,grade,,GENERATION_REJECTED,GENERATION_GROUNDING_FAILURE,ADEQUATE,generation_rejected,"Relevant tothyo paoa geche, kintu reliable uttor toiri kora jayni.",False,curricula_BSc-Curriculum-New.pdf,curricula_BSc-Curriculum-New.pdf,doc-4d373684ce4879ed066003f5,21,doc-4d373684ce4879ed066003f5-p000021-b0001-c0001,Examination concerned. The respective departments would arrange such Repeat Examinations. Candidates willing to appear at such Repeat Examinations must apply to the respective heads of departments through the advisors stating their willingness to appear at the said examination with the receipt of payment @ Taka3000/ - per course. Repeat examination would be held before next semester would start. Repeat Examinations on theory courses would be held on 50 percent of marks for each course and the marks for Class Assessment and Mid Semester Examination would be carried. There shall be no repeat examinations for sessional courses. The maximum grade to be obtained by a student in a repeat examination would be ‗B‘ (equivalent to 60%). The following grading system would be followed in the repeat examinations:,1,1,[],1,False,False,0,False,False,True,True,True,[],,[],0.05249649999996109,0.05058969999981855,0.0,0.0004083999997419596,,,449073152,451088384,1120620544,575549440
step9-development-framework-final-20260929T184525403813Z-b5d1d8,Q031:english,Q031,english,What percentage of total seats is reserved for children of Freedom Fighters?,3% of total seats are reserved for the children of Freedom Fighters.,True,"[""curricula_BSc-Curriculum-New.pdf""]","[""22""]",[],verified,mark_distribution,medium,GENERAL,english,,percentage,,GENERATION_REJECTED,GENERATION_GROUNDING_FAILURE,STRONG,generation_rejected,"Relevant information was found, but I couldn't produce a reliable answer.",False,curricula_BSc-Curriculum-New.pdf,curricula_BSc-Curriculum-New.pdf,doc-4d373684ce4879ed066003f5,18,doc-4d373684ce4879ed066003f5-p000018-b0005-c0001,"Grading System The total performance of a student in a given course is based on a scheme of continuous assessments. For theoretical courses this continuous assessment is made through homework, assignments, attendance, quizzes etc., a mid semester and a semester final examina tion of three/two hours duration. The distribution of marks for a given course is as follows: Assessment 30% Mid Semester 20% Final Exam 50%",3,3,[],1,False,False,0,False,False,True,True,True,[],,[],0.04366549999986091,0.03968399999985195,0.0,0.0006991000000198255,,,449073152,451088384,1123192832,575549440
step9-development-framework-final-20260929T184525403813Z-b5d1d8,Q031:bangla,Q031,bangla,Freedom Fighters-এর সন্তানদের জন্য মোট আসনের কত শতাংশ সংরক্ষিত?,Freedom Fighters-এর সন্তানদের জন্য মোট আসনের 3% সংরক্ষিত।,True,"[""curricula_BSc-Curriculum-New.pdf""]","[""22""]",[],verified,mark_distribution,medium,GENERAL,bangla,,percentage,,GENERATION_REJECTED,GENERATION_GROUNDING_FAILURE,STRONG,generation_rejected,"প্রাসঙ্গিক তথ্য পাওয়া গেছে, কিন্তু নির্ভরযোগ্য উত্তর তৈরি করা যায়নি।",False,curricula_BSc-Curriculum-New.pdf,curricula_BSc-Curriculum-New.pdf,doc-4d373684ce4879ed066003f5,18,doc-4d373684ce4879ed066003f5-p000018-b0005-c0001,"Grading System The total performance of a student in a given course is based on a scheme of continuous assessments. For theoretical courses this continuous assessment is made through homework, assignments, attendance, quizzes etc., a mid semester and a semester final examina tion of three/two hours duration. The distribution of marks for a given course is as follows: Assessment 30% Mid Semester 20% Final Exam 50%",3,3,[],1,False,False,0,False,False,True,True,True,[],,[],0.054633300000205054,0.05215020000014192,0.0,0.0007795999999871128,,,449073152,451088384,1121816576,575549440
step9-development-framework-final-20260929T184525403813Z-b5d1d8,Q031:banglish,Q031,banglish,Freedom Fighters-er children-der jonno total seats-er koto percent reserved?,Freedom Fighters-er children-der jonno total seats-er 3% reserved.,True,"[""curricula_BSc-Curriculum-New.pdf""]","[""22""]",[],verified,mark_distribution,medium,GENERAL,banglish,,percentage,,GENERATION_REJECTED,GENERATION_GROUNDING_FAILURE,STRONG,generation_rejected,"Relevant tothyo paoa geche, kintu reliable uttor toiri kora jayni.",False,curricula_BSc-Curriculum-New.pdf,curricula_BSc-Curriculum-New.pdf,doc-4d373684ce4879ed066003f5,18,doc-4d373684ce4879ed066003f5-p000018-b0005-c0001,"Grading System The total performance of a student in a given course is based on a scheme of continuous assessments. For theoretical courses this continuous assessment is made through homework, assignments, attendance, quizzes etc., a mid semester and a semester final examina tion of three/two hours duration. The distribution of marks for a given course is as follows: Assessment 30% Mid Semester 20% Final Exam 50%",3,3,[],1,False,False,0,False,False,True,True,True,[],,[],0.062491099999988364,0.060167399999954796,0.0,0.0006895000001350127,,,449073152,451088384,1120829440,575549440
step9-development-framework-final-20260929T184525403813Z-b5d1d8,Q032:english,Q032,english,How many credits is CSE 101 Introduction to Computer Science & Programming Methodology?,CSE 101 Introduction to Computer Science & Programming Methodology is a 3.00-credit course.,True,"[""curricula_BSc-Curriculum-New.pdf""]","[""51""]",[],verified,course_credit,medium,CSE 101,english,cse 101,credits,course_credits,SUPPORTED,DIRECT_RELATION_SUPPORT,STRONG,semi_structured_relation,CSE 101 carries 3.00 credits.,True,curricula_BSc-Curriculum-New.pdf,curricula_BSc-Curriculum-New.pdf,doc-4d373684ce4879ed066003f5,60,doc-4d373684ce4879ed066003f5-p000060-b0002-c0001,"Course Code: CSE 101 Course Title: Introduction to Computer Science & Programming Methodology Credits: 3.00 Prerequisite: None Introduction to computer science, what is computer, Fundamental parts of a computer, sto rage and memory management (RAM, ROM, Hard disk) system overview of a computer, I/O devices, software and hardware, basic knowledge of computer, Files and folders, Command prompt, Microsoft office, Shortcut command keys, web ideas, Number System: Binary, Decimal, Octal, Hexadecimal number system and their conversion. Introduction to structured programming, Flowchart: what is flowchart, expressions of flowchart, importance of flow chart. Pseudo code: pseudo code and expression of pseudo code. Algorithm: Algorithm writing, relationship among algorithm, pseudo code and flow chart, code to flowchart and vice versa conversion. Introduction to C program, Skeleton of C program, Compiler: overview of compiler, importance and functionality, output standard libr ary function as printf(), input standard library function as scanf(), Data types and Variable: different data types, variable types and their sizes, conversion among them, scope: global variable, local variable, static variable, auto variable . Operators: Types of operator in C, functionality of operators, increment – decrement operators, precedence of operators. Header files, library files, object files and their importance. Conditional Operators: if-else structure, switchcase structure, selection structure, statement and expression. Control Flow: for loop structure, while loop structure, do -while structure, sum of the series, co-ordinate geometry, design pattern using loop. Debugging: debug a sample program using compiler. Function: argument and parameter of a function, return types, inline declaration, forward declaration of a function. Macro: types of macro, sample macro program, macro as preprocessor, Course Code: CSE 101 Course Title: Introduction to Computer Science & Programming Credits: 3.00 Prerequisite: None series, co-ordinate geometry, design pattern using loop. Debugging: debug a sample program using compiler. Function: argument and parameter of a function, return types, inline declaration, forward declaration of a function. Macro: types of macro, sample macro program, macro as preprocessor, difference between macro and function, advantages and disadvantages of macro. Bitwise operator: introduction to bitwise operators, their functionality and truth table of basic and, or, xor, nor algebraic functions . Arrays: introduction to array, declaration and definition of an array, types of array, multidimensional array, size calculation of di fferent types of array, scanning array, programs using array, matrix multiplication using array, insertion, deletion, replacement, search from an array, advantages of array over variable. Scientific calculator using C program. References: 1. Teach yourself C by Herbert Schildt. Publisher: Osborne McGraw-Hill 2. C programming Language by Brian W. Kernighan, Dennis M. Ritchie Publisher: Prentice Hall",3,2,[],1,False,False,0,False,True,True,True,True,[],course_credits,"[""3.00""]",0.05053529999986495,0.04585690000021714,0.0,0.001586200000019744,,,449093632,451108864,1116184576,575549440
step9-development-framework-final-20260929T184525403813Z-b5d1d8,Q032:bangla,Q032,bangla,CSE 101 Introduction to Computer Science & Programming Methodology কোর্সটির ক্রেডিট কত?,CSE 101 Introduction to Computer Science & Programming Methodology 3.00 ক্রেডিটের কোর্স।,True,"[""curricula_BSc-Curriculum-New.pdf""]","[""51""]",[],verified,course_credit,medium,CSE 101,bangla,cse 101,credits,course_credits,SUPPORTED,DIRECT_RELATION_SUPPORT,STRONG,semi_structured_relation,CSE 101 কোর্সের ক্রেডিট 3.00।,True,curricula_BSc-Curriculum-New.pdf,curricula_BSc-Curriculum-New.pdf,doc-4d373684ce4879ed066003f5,51,doc-4d373684ce4879ed066003f5-p000051-b0002-c0001,CSE 101 Introduction to Computer Science & Programming Methodology 3.00 Nil,3,2,[],1,False,False,0,False,True,True,True,True,[],course_credits,"[""3.00""]",0.05063419999987673,0.04708540000001449,0.0,0.0004086999997525709,,,449093632,451108864,1117241344,575549440
step9-development-framework-final-20260929T184525403813Z-b5d1d8,Q032:banglish,Q032,banglish,CSE 101 Introduction to Computer Science & Programming Methodology course-er credit koto?,CSE 101 Introduction to Computer Science & Programming Methodology 3.00-credit course.,True,"[""curricula_BSc-Curriculum-New.pdf""]","[""51""]",[],verified,course_credit,medium,CSE 101,banglish,cse 101,credits,course_credits,SUPPORTED,DIRECT_RELATION_SUPPORT,STRONG,semi_structured_relation,CSE 101 course-er credit 3.00.,True,curricula_BSc-Curriculum-New.pdf,curricula_BSc-Curriculum-New.pdf,doc-4d373684ce4879ed066003f5,60,doc-4d373684ce4879ed066003f5-p000060-b0002-c0001,"Course Code: CSE 101 Course Title: Introduction to Computer Science & Programming Methodology Credits: 3.00 Prerequisite: None Introduction to computer science, what is computer, Fundamental parts of a computer, sto rage and memory management (RAM, ROM, Hard disk) system overview of a computer, I/O devices, software and hardware, basic knowledge of computer, Files and folders, Command prompt, Microsoft office, Shortcut command keys, web ideas, Number System: Binary, Decimal, Octal, Hexadecimal number system and their conversion. Introduction to structured programming, Flowchart: what is flowchart, expressions of flowchart, importance of flow chart. Pseudo code: pseudo code and expression of pseudo code. Algorithm: Algorithm writing, relationship among algorithm, pseudo code and flow chart, code to flowchart and vice versa conversion. Introduction to C program, Skeleton of C program, Compiler: overview of compiler, importance and functionality, output standard libr ary function as printf(), input standard library function as scanf(), Data types and Variable: different data types, variable types and their sizes, conversion among them, scope: global variable, local variable, static variable, auto variable . Operators: Types of operator in C, functionality of operators, increment – decrement operators, precedence of operators. Header files, library files, object files and their importance. Conditional Operators: if-else structure, switchcase structure, selection structure, statement and expression. Control Flow: for loop structure, while loop structure, do -while structure, sum of the series, co-ordinate geometry, design pattern using loop. Debugging: debug a sample program using compiler. Function: argument and parameter of a function, return types, inline declaration, forward declaration of a function. Macro: types of macro, sample macro program, macro as preprocessor, Course Code: CSE 101 Course Title: Introduction to Computer Science & Programming Credits: 3.00 Prerequisite: None series, co-ordinate geometry, design pattern using loop. Debugging: debug a sample program using compiler. Function: argument and parameter of a function, return types, inline declaration, forward declaration of a function. Macro: types of macro, sample macro program, macro as preprocessor, difference between macro and function, advantages and disadvantages of macro. Bitwise operator: introduction to bitwise operators, their functionality and truth table of basic and, or, xor, nor algebraic functions . Arrays: introduction to array, declaration and definition of an array, types of array, multidimensional array, size calculation of di fferent types of array, scanning array, programs using array, matrix multiplication using array, insertion, deletion, replacement, search from an array, advantages of array over variable. Scientific calculator using C program. References: 1. Teach yourself C by Herbert Schildt. Publisher: Osborne McGraw-Hill 2. C programming Language by Brian W. Kernighan, Dennis M. Ritchie Publisher: Prentice Hall",3,2,[],1,False,False,0,False,True,True,True,True,[],course_credits,"[""3.00""]",0.05112700000017867,0.04731270000002041,0.0,0.0005433000001175969,,,449093632,451108864,1117880320,575549440
step9-development-framework-final-20260929T184525403813Z-b5d1d8,Q033:english,Q033,english,How many credits is CSE 102 Introduction to Computer Sc. & Programming Methodology Lab?,CSE 102 Introduction to Computer Sc. & Programming Methodology Lab is a 1.50-credit course.,True,"[""curricula_BSc-Curriculum-New.pdf""]","[""51""]",[],verified,course_credit,medium,CSE 102,english,cse 102,credits,,SUPPORTED,DIRECT_STRUCTURED_SUPPORT,STRONG,structured_exact,CSE 102 carries 1.50 credits.,True,curricula_BSc-Curriculum-New.pdf,curricula_BSc-Curriculum-New.pdf,doc-4d373684ce4879ed066003f5,61,doc-4d373684ce4879ed066003f5-p000061-b0004-c0001,Course Code: CSE 102 Course Title: Introduction to Computer Science & Programming Methodology Lab Credits: 1.50 Prerequisite: None Objective: Laboratory works and assignments will be based on CSE-101,2,2,[],1,False,False,0,False,True,True,True,True,[],,[],0.04797939999980372,0.045383099999980914,0.0,0.0006184999997458362,,,449122304,451137536,1119031296,575549440
step9-development-framework-final-20260929T184525403813Z-b5d1d8,Q033:bangla,Q033,bangla,CSE 102 Introduction to Computer Sc. & Programming Methodology Lab কোর্সটির ক্রেডিট কত?,CSE 102 Introduction to Computer Sc. & Programming Methodology Lab 1.50 ক্রেডিটের কোর্স।,True,"[""curricula_BSc-Curriculum-New.pdf""]","[""51""]",[],verified,course_credit,medium,CSE 102,bangla,cse 102,credits,,SUPPORTED,DIRECT_STRUCTURED_SUPPORT,STRONG,structured_exact,CSE 102 কোর্সটির ক্রেডিট 1.50।,True,curricula_BSc-Curriculum-New.pdf,curricula_BSc-Curriculum-New.pdf,doc-4d373684ce4879ed066003f5,51,doc-4d373684ce4879ed066003f5-p000051-b0003-c0001,CSE 102 Introduction to Computer Sc. & Programming Methodology Lab 1.50 Nil,2,2,[],1,False,False,0,False,True,True,True,True,[],,[],0.053691600000092876,0.05105390000016996,0.0,0.0007740999999441556,,,449126400,451141632,1119420416,575549440
step9-development-framework-final-20260929T184525403813Z-b5d1d8,Q033:banglish,Q033,banglish,CSE 102 Introduction to Computer Sc. & Programming Methodology Lab course-er credit koto?,CSE 102 Introduction to Computer Sc. & Programming Methodology Lab 1.50-credit course.,True,"[""curricula_BSc-Curriculum-New.pdf""]","[""51""]",[],verified,course_credit,medium,CSE 102,banglish,cse 102,credits,,SUPPORTED,DIRECT_STRUCTURED_SUPPORT,STRONG,structured_exact,CSE 102 course-er credit 1.50.,True,curricula_BSc-Curriculum-New.pdf,curricula_BSc-Curriculum-New.pdf,doc-4d373684ce4879ed066003f5,51,doc-4d373684ce4879ed066003f5-p000051-b0003-c0001,CSE 102 Introduction to Computer Sc. & Programming Methodology Lab 1.50 Nil,2,2,[],1,False,False,0,False,True,True,True,True,[],,[],0.051204300000335934,0.04885439999998198,0.0,0.0006318999999166408,,,449126400,451141632,1119723520,575549440
step9-development-framework-final-20260929T184525403813Z-b5d1d8,Q034:english,Q034,english,How many credits is HSS 101 English I: Written and Spoken English?,HSS 101 English I: Written and Spoken English is a 3.00-credit course.,True,"[""curricula_BSc-Curriculum-New.pdf""]","[""51""]",[],verified,course_credit,medium,HSS 101,english,hss 101,credits,,CONFLICTING_EVIDENCE,CONFLICTING_VALUES,WEAK,conflicting,The university documents contain conflicting information about this.,False,curricula_BSc-Curriculum-New.pdf,curricula_BSc-Curriculum-New.pdf,doc-4d373684ce4879ed066003f5,61,doc-4d373684ce4879ed066003f5-p000061-b0005-c0001,"Course Code: HSS 101 Course Title: English I: Written and Spoken English Credits: 1.50 A. Written English: Writing Mechanics & Grammar: Spelling, Capitalization, Punctuation, Vocabulary Writing skills for formal and i nformal communications: Paragraph/ Essay/ Story Writing, Opinion Writing, Letter Writing – Formal and Informal, Memo Writing, Report Writing, E-mail Writing, Web Content Writing. Editing & Proofreading:…",2,2,[],1,False,False,0,False,True,,True,True,[],,[],0.04000270000005912,0.03917330000012953,0.0,0.0002282000000377593,,,449126400,451141632,1119846400,575549440
step9-development-framework-final-20260929T184525403813Z-b5d1d8,Q034:bangla,Q034,bangla,HSS 101 English I: Written and Spoken English কোর্সটির ক্রেডিট কত?,HSS 101 English I: Written and Spoken English 3.00 ক্রেডিটের কোর্স।,True,"[""curricula_BSc-Curriculum-New.pdf""]","[""51""]",[],verified,course_credit,medium,HSS 101,bangla,hss 101,credits,,CONFLICTING_EVIDENCE,CONFLICTING_VALUES,WEAK,conflicting,বিশ্ববিদ্যালয়ের নথিতে এই বিষয়ে পরস্পরবিরোধী তথ্য রয়েছে।,False,curricula_BSc-Curriculum-New.pdf,curricula_BSc-Curriculum-New.pdf,doc-4d373684ce4879ed066003f5,51,doc-4d373684ce4879ed066003f5-p000051-b0004-c0001,HSS 101 English I: Written and Spoken English 3.00 Nil,2,2,[],1,False,False,0,False,True,,True,True,[],,[],0.04566030000023602,0.04483239999990474,0.0,0.00025149999964924064,,,449126400,451141632,1120157696,575549440
step9-development-framework-final-20260929T184525403813Z-b5d1d8,Q034:banglish,Q034,banglish,HSS 101 English I: Written and Spoken English course-er credit koto?,HSS 101 English I: Written and Spoken English 3.00-credit course.,True,"[""curricula_BSc-Curriculum-New.pdf""]","[""51""]",[],verified,course_credit,medium,HSS 101,banglish,hss 101,credits,,CONFLICTING_EVIDENCE,CONFLICTING_VALUES,WEAK,conflicting,University document-gulote ei bishoye conflicting tothyo ache.,False,curricula_BSc-Curriculum-New.pdf,curricula_BSc-Curriculum-New.pdf,doc-4d373684ce4879ed066003f5,61,doc-4d373684ce4879ed066003f5-p000061-b0005-c0001,"Course Code: HSS 101 Course Title: English I: Written and Spoken English Credits: 1.50 A. Written English: Writing Mechanics & Grammar: Spelling, Capitalization, Punctuation, Vocabulary Writing skills for formal and i nformal communications: Paragraph/ Essay/ Story Writing, Opinion Writing, Letter Writing – Formal and Informal, Memo Writing, Report Writing, E-mail Writing, Web Content Writing. Editing & Proofreading:…",2,2,[],1,False,False,0,False,True,,True,True,[],,[],0.0461419999996906,0.04529220000040368,0.0,0.00023679999958403641,,,449126400,451141632,1120198656,575549440
step9-development-framework-final-20260929T184525403813Z-b5d1d8,Q035:english,Q035,english,How many credits is HSS 111(A) Bangladesh Studies: Society and Culture?,HSS 111(A) Bangladesh Studies: Society and Culture is a 2.00-credit course.,True,"[""curricula_BSc-Curriculum-New.pdf""]","[""51""]",[],verified,course_credit,medium,HSS 111,english,hss 111(a),credits,course_credits,SUPPORTED,DIRECT_RELATION_SUPPORT,STRONG,semi_structured_relation,HSS 111(A) carries 2.00 credits.,True,curricula_BSc-Curriculum-New.pdf,curricula_BSc-Curriculum-New.pdf,doc-4d373684ce4879ed066003f5,51,doc-4d373684ce4879ed066003f5-p000051-b0005-c0001,HSS 111(A) Bangladesh Studies: Society and Culture 2.00 Nil,1,1,[],1,False,False,0,False,True,True,True,True,[],course_credits,"[""2.00""]",0.04237249999960113,0.04066190000003189,0.0,0.00033199999961652793,,,449126400,451141632,1119191040,575549440
step9-development-framework-final-20260929T184525403813Z-b5d1d8,Q035:bangla,Q035,bangla,HSS 111(A) Bangladesh Studies: Society and Culture কোর্সটির ক্রেডিট কত?,HSS 111(A) Bangladesh Studies: Society and Culture 2.00 ক্রেডিটের কোর্স।,True,"[""curricula_BSc-Curriculum-New.pdf""]","[""51""]",[],verified,course_credit,medium,HSS 111,bangla,hss 111(a),credits,course_credits,SUPPORTED,DIRECT_RELATION_SUPPORT,STRONG,semi_structured_relation,HSS 111(A) কোর্সের ক্রেডিট 2.00।,True,curricula_BSc-Curriculum-New.pdf,curricula_BSc-Curriculum-New.pdf,doc-4d373684ce4879ed066003f5,51,doc-4d373684ce4879ed066003f5-p000051-b0005-c0001,HSS 111(A) Bangladesh Studies: Society and Culture 2.00 Nil,1,1,[],1,False,False,0,False,True,True,True,True,[],course_credits,"[""2.00""]",0.048023299999840674,0.04601390000016181,0.0,0.0003566000000319036,,,449126400,451141632,1118633984,575549440
step9-development-framework-final-20260929T184525403813Z-b5d1d8,Q035:banglish,Q035,banglish,HSS 111(A) Bangladesh Studies: Society and Culture course-er credit koto?,HSS 111(A) Bangladesh Studies: Society and Culture 2.00-credit course.,True,"[""curricula_BSc-Curriculum-New.pdf""]","[""51""]",[],verified,course_credit,medium,HSS 111,banglish,hss 111(a),credits,course_credits,SUPPORTED,DIRECT_RELATION_SUPPORT,STRONG,semi_structured_relation,HSS 111(A) course-er credit 2.00.,True,curricula_BSc-Curriculum-New.pdf,curricula_BSc-Curriculum-New.pdf,doc-4d373684ce4879ed066003f5,51,doc-4d373684ce4879ed066003f5-p000051-b0005-c0001,HSS 111(A) Bangladesh Studies: Society and Culture 2.00 Nil,1,1,[],1,False,False,0,False,True,True,True,True,[],course_credits,"[""2.00""]",0.04542620000029274,0.0438187999998263,0.0,0.0003057000003536814,,,449126400,451141632,1119907840,575549440
step9-development-framework-final-20260929T184525403813Z-b5d1d8,Q036:english,Q036,english,How many credits is HSS 111(B) Bangladesh Studies: Bangladesh History?,HSS 111(B) Bangladesh Studies: Bangladesh History is a 2.00-credit course.,True,"[""curricula_BSc-Curriculum-New.pdf""]","[""51""]",[],verified,course_credit,medium,HSS 111,english,hss 111(b),credits,course_credits,SUPPORTED,DIRECT_RELATION_SUPPORT,STRONG,semi_structured_relation,HSS 111(B) carries 2.00 credits.,True,curricula_BSc-Curriculum-New.pdf,curricula_BSc-Curriculum-New.pdf,doc-4d373684ce4879ed066003f5,51,doc-4d373684ce4879ed066003f5-p000051-b0006-c0001,HSS 111(B) Bangladesh Studies: Bangladesh History 2.00 Nil,1,1,[],1,False,False,0,False,True,True,True,True,[],course_credits,"[""2.00""]",0.04261819999965155,0.041019799999958195,0.0,0.00030340000012074597,,,449126400,451141632,1119870976,575549440
step9-development-framework-final-20260929T184525403813Z-b5d1d8,Q036:bangla,Q036,bangla,HSS 111(B) Bangladesh Studies: Bangladesh History কোর্সটির ক্রেডিট কত?,HSS 111(B) Bangladesh Studies: Bangladesh History 2.00 ক্রেডিটের কোর্স।,True,"[""curricula_BSc-Curriculum-New.pdf""]","[""51""]",[],verified,course_credit,medium,HSS 111,bangla,hss 111(b),credits,course_credits,SUPPORTED,DIRECT_RELATION_SUPPORT,STRONG,semi_structured_relation,HSS 111(B) কোর্সের ক্রেডিট 2.00।,True,curricula_BSc-Curriculum-New.pdf,curricula_BSc-Curriculum-New.pdf,doc-4d373684ce4879ed066003f5,51,doc-4d373684ce4879ed066003f5-p000051-b0006-c0001,HSS 111(B) Bangladesh Studies: Bangladesh History 2.00 Nil,1,1,[],1,False,False,0,False,True,True,True,True,[],course_credits,"[""2.00""]",0.0478648999996949,0.04584019999992961,0.0,0.0004257000000507105,,,449126400,451141632,1119076352,575549440
step9-development-framework-final-20260929T184525403813Z-b5d1d8,Q036:banglish,Q036,banglish,HSS 111(B) Bangladesh Studies: Bangladesh History course-er credit koto?,HSS 111(B) Bangladesh Studies: Bangladesh History 2.00-credit course.,True,"[""curricula_BSc-Curriculum-New.pdf""]","[""51""]",[],verified,course_credit,medium,HSS 111,banglish,hss 111(b),credits,course_credits,SUPPORTED,DIRECT_RELATION_SUPPORT,STRONG,semi_structured_relation,HSS 111(B) course-er credit 2.00.,True,curricula_BSc-Curriculum-New.pdf,curricula_BSc-Curriculum-New.pdf,doc-4d373684ce4879ed066003f5,51,doc-4d373684ce4879ed066003f5-p000051-b0006-c0001,HSS 111(B) Bangladesh Studies: Bangladesh History 2.00 Nil,1,1,[],1,False,False,0,False,True,True,True,True,[],course_credits,"[""2.00""]",0.0462745999998333,0.0442734999996901,0.0,0.00036240000008547213,,,449126400,451141632,1119076352,575549440
step9-development-framework-final-20260929T184525403813Z-b5d1d8,Q037:english,Q037,english,How many credits is PHY 101 Physics?,PHY 101 Physics is a 3.00-credit course.,True,"[""curricula_BSc-Curriculum-New.pdf""]","[""51""]",[],verified,course_credit,medium,PHY 101,english,phy 101,credits,course_credits,SUPPORTED,DIRECT_RELATION_SUPPORT,STRONG,semi_structured_relation,PHY 101 carries 3.00 credits.,True,curricula_BSc-Curriculum-New.pdf,curricula_BSc-Curriculum-New.pdf,doc-4d373684ce4879ed066003f5,62,doc-4d373684ce4879ed066003f5-p000062-b0007-c0001,"Course Code: PHY 101 Course Title: Physics Credits: 3.00 Prerequisite: None Heat and Thermodynamics: Principle of temperature measurements: platinum resistance thermometer, thermo -electric thermometer, pyrometer; Kinetic theory of gases: Maxwell's distribution of molecular speeds, mean free path, equipartition of energy, Brownian motion, Van der Waal's equation of state, review of the First Law of thermodynamics and its application, reversible and irreversible processes, Second Law of thermodynamics, Carnot cycle; Efficiency of heat engines, Carnot's Theorem, entropy and disorder, thermodynamic functions, Maxw ell relations, Clausius -Clapeyron Equation, Gibbs Phase Rule, Third Law of thermodynamics. Structure of Matter: Crystalline and non -crystalline solids, single crystal and polycrystal solids, unit cell, crystal systems, coordinations number, crystal planes and directions, sodium chloride and CsCl structure, packing factor, Miller indices, relation between interplanar spacing and Miller indices, Bragg's Law, methods of determination of interplanar spacing from diffraction patterns; Defects in solids: point defects, line defects; Bonds in solids, inter -atomic distances, calculation of cohesive and bonding energy; Introduction to band theory: distinction",2,2,[],1,False,False,0,False,True,True,True,True,[],course_credits,"[""3.00""]",0.03096430000005057,0.027068299999882584,0.0,0.00039060000017343555,,,449126400,451141632,1119154176,575549440
step9-development-framework-final-20260929T184525403813Z-b5d1d8,Q037:bangla,Q037,bangla,PHY 101 Physics কোর্সটির ক্রেডিট কত?,PHY 101 Physics 3.00 ক্রেডিটের কোর্স।,True,"[""curricula_BSc-Curriculum-New.pdf""]","[""51""]",[],verified,course_credit,medium,PHY 101,bangla,phy 101,credits,course_credits,SUPPORTED,DIRECT_RELATION_SUPPORT,STRONG,semi_structured_relation,PHY 101 কোর্সের ক্রেডিট 3.00।,True,curricula_BSc-Curriculum-New.pdf,curricula_BSc-Curriculum-New.pdf,doc-4d373684ce4879ed066003f5,51,doc-4d373684ce4879ed066003f5-p000051-b0007-c0001,PHY 101 Physics 3.00 Nil,2,2,[],1,False,False,0,False,True,True,True,True,[],course_credits,"[""3.00""]",0.03617369999983566,0.03314079999972819,0.0,0.0003397999998924206,,,449126400,451141632,1118441472,575549440
step9-development-framework-final-20260929T184525403813Z-b5d1d8,Q037:banglish,Q037,banglish,PHY 101 Physics course-er credit koto?,PHY 101 Physics 3.00-credit course.,True,"[""curricula_BSc-Curriculum-New.pdf""]","[""51""]",[],verified,course_credit,medium,PHY 101,banglish,phy 101,credits,course_credits,SUPPORTED,DIRECT_RELATION_SUPPORT,STRONG,semi_structured_relation,PHY 101 course-er credit 3.00.,True,curricula_BSc-Curriculum-New.pdf,curricula_BSc-Curriculum-New.pdf,doc-4d373684ce4879ed066003f5,62,doc-4d373684ce4879ed066003f5-p000062-b0007-c0001,"Course Code: PHY 101 Course Title: Physics Credits: 3.00 Prerequisite: None Heat and Thermodynamics: Principle of temperature measurements: platinum resistance thermometer, thermo -electric thermometer, pyrometer; Kinetic theory of gases: Maxwell's distribution of molecular speeds, mean free path, equipartition of energy, Brownian motion, Van der Waal's equation of state, review of the First Law of thermodynamics and its application, reversible and irreversible processes, Second Law of thermodynamics, Carnot cycle; Efficiency of heat engines, Carnot's Theorem, entropy and disorder, thermodynamic functions, Maxw ell relations, Clausius -Clapeyron Equation, Gibbs Phase Rule, Third Law of thermodynamics. Structure of Matter: Crystalline and non -crystalline solids, single crystal and polycrystal solids, unit cell, crystal systems, coordinations number, crystal planes and directions, sodium chloride and CsCl structure, packing factor, Miller indices, relation between interplanar spacing and Miller indices, Bragg's Law, methods of determination of interplanar spacing from diffraction patterns; Defects in solids: point defects, line defects; Bonds in solids, inter -atomic distances, calculation of cohesive and bonding energy; Introduction to band theory: distinction",2,2,[],1,False,False,0,False,True,True,True,True,[],course_credits,"[""3.00""]",0.03642700000000332,0.033896699999786506,0.0,0.0003974999999627471,,,449126400,451141632,1118609408,575549440
step9-development-framework-final-20260929T184525403813Z-b5d1d8,Q038:english,Q038,english,How many credits is PHY 102 Physics Lab?,PHY 102 Physics Lab is a 1.50-credit course.,True,"[""curricula_BSc-Curriculum-New.pdf""]","[""51""]",[],verified,course_credit,medium,PHY 102,english,phy 102,credits,course_credits,SUPPORTED,DIRECT_RELATION_SUPPORT,STRONG,semi_structured_relation,PHY 102 carries 1.50 credits.,True,curricula_BSc-Curriculum-New.pdf,curricula_BSc-Curriculum-New.pdf,doc-4d373684ce4879ed066003f5,51,doc-4d373684ce4879ed066003f5-p000051-b0008-c0001,PHY 102 Physics Lab 1.50 Nil,2,2,[],1,False,False,0,False,True,True,True,True,[],course_credits,"[""1.50""]",0.03453499999977794,0.032752900000105,0.0,0.0004054000000905944,,,449126400,451141632,1118867456,575549440
step9-development-framework-final-20260929T184525403813Z-b5d1d8,Q038:bangla,Q038,bangla,PHY 102 Physics Lab কোর্সটির ক্রেডিট কত?,PHY 102 Physics Lab 1.50 ক্রেডিটের কোর্স।,True,"[""curricula_BSc-Curriculum-New.pdf""]","[""51""]",[],verified,course_credit,medium,PHY 102,bangla,phy 102,credits,course_credits,SUPPORTED,DIRECT_RELATION_SUPPORT,STRONG,semi_structured_relation,PHY 102 কোর্সের ক্রেডিট 1.50।,True,curricula_BSc-Curriculum-New.pdf,curricula_BSc-Curriculum-New.pdf,doc-4d373684ce4879ed066003f5,51,doc-4d373684ce4879ed066003f5-p000051-b0008-c0001,PHY 102 Physics Lab 1.50 Nil,2,2,[],1,False,False,0,False,True,True,True,True,[],course_credits,"[""1.50""]",0.039696400000138965,0.03765400000020236,0.0,0.0002958000000035099,,,449126400,451141632,1118740480,575549440
step9-development-framework-final-20260929T184525403813Z-b5d1d8,Q038:banglish,Q038,banglish,PHY 102 Physics Lab course-er credit koto?,PHY 102 Physics Lab 1.50-credit course.,True,"[""curricula_BSc-Curriculum-New.pdf""]","[""51""]",[],verified,course_credit,medium,PHY 102,banglish,phy 102,credits,course_credits,SUPPORTED,DIRECT_RELATION_SUPPORT,STRONG,semi_structured_relation,PHY 102 course-er credit 1.50.,True,curricula_BSc-Curriculum-New.pdf,curricula_BSc-Curriculum-New.pdf,doc-4d373684ce4879ed066003f5,63,doc-4d373684ce4879ed066003f5-p000063-b0004-c0001,"Course Code: PHY 102 Course Title: Physics Lab Credits: 1.5 Prerequisite: None Lab work based on theory, assigned by the course teacher.",2,2,[],1,False,False,0,False,True,True,True,True,[],course_credits,"[""1.50""]",0.03956259999995382,0.03754529999969236,0.0,0.00042500000017753337,,,449126400,451141632,1117638656,575549440
step9-development-framework-final-20260929T184525403813Z-b5d1d8,Q039:english,Q039,english,"How many credits is MTH 101 Math I: Basic Calculus, Co-ordinate Geometry?","MTH 101 Math I: Basic Calculus, Co-ordinate Geometry is a 3.00-credit course.",True,"[""curricula_BSc-Curriculum-New.pdf""]","[""51""]",[],verified,course_credit,medium,MTH 101,english,mth 101,credits,,SUPPORTED,DIRECT_STRUCTURED_SUPPORT,STRONG,structured_exact,MTH 101 carries 3.00 credits.,True,curricula_BSc-Curriculum-New.pdf,curricula_BSc-Curriculum-New.pdf,doc-4d373684ce4879ed066003f5,63,doc-4d373684ce4879ed066003f5-p000063-b0005-c0001,"Course Code: MTH 101 Course Title: Math I Credits: 3.00 Prerequisite: N/A Three dimensional geometry: Co-ordinates in three dimensions, direction cosines and direction ratios, planes, sphere, straight line and conicoids (basic definition and properties only). Concept of functions : Function, domain and range of a function, graphs of simple functions (exponential, logarithmic and trigonometric), inverse function, function of several variables. Limit and continuity for single and several variables : Existence of limits, limits at infinity, properties and computational techniques of limits, properties of continuous functions, L‘ Hospital‘s rule. Differentiation and its applications : Tangent lines and rates of change, differentiability, techniques of differentiation, successive differentiation, Leibnitz‘s theorem, Rolle‘s theorem and mean value theorem, Taylor and",2,2,[],1,False,False,0,False,True,True,True,True,[],,[],0.05521379999981946,0.05156570000008287,0.0,0.000630999999884807,,,449126400,451141632,1117319168,575549440
step9-development-framework-final-20260929T184525403813Z-b5d1d8,Q039:bangla,Q039,bangla,"MTH 101 Math I: Basic Calculus, Co-ordinate Geometry কোর্সটির ক্রেডিট কত?","MTH 101 Math I: Basic Calculus, Co-ordinate Geometry 3.00 ক্রেডিটের কোর্স।",True,"[""curricula_BSc-Curriculum-New.pdf""]","[""51""]",[],verified,course_credit,medium,MTH 101,bangla,mth 101,credits,,SUPPORTED,DIRECT_STRUCTURED_SUPPORT,STRONG,structured_exact,MTH 101 কোর্সটির ক্রেডিট 3.00।,True,curricula_BSc-Curriculum-New.pdf,curricula_BSc-Curriculum-New.pdf,doc-4d373684ce4879ed066003f5,63,doc-4d373684ce4879ed066003f5-p000063-b0005-c0001,"Course Code: MTH 101 Course Title: Math I Credits: 3.00 Prerequisite: N/A Three dimensional geometry: Co-ordinates in three dimensions, direction cosines and direction ratios, planes, sphere, straight line and conicoids (basic definition and properties only). Concept of functions : Function, domain and range of a function, graphs of simple functions (exponential, logarithmic and trigonometric), inverse function, function of several variables. Limit and continuity for single and several variables : Existence of limits, limits at infinity, properties and computational techniques of limits, properties of continuous functions, L‘ Hospital‘s rule. Differentiation and its applications : Tangent lines and rates of change, differentiability, techniques of differentiation, successive differentiation, Leibnitz‘s theorem, Rolle‘s theorem and mean value theorem, Taylor and",2,2,[],1,False,False,0,False,True,True,True,True,[],,[],0.05975349999971513,0.05679359999976441,0.0,0.0006556000003001827,,,449126400,451141632,1119367168,575549440
step9-development-framework-final-20260929T184525403813Z-b5d1d8,Q039:banglish,Q039,banglish,"MTH 101 Math I: Basic Calculus, Co-ordinate Geometry course-er credit koto?","MTH 101 Math I: Basic Calculus, Co-ordinate Geometry 3.00-credit course.",True,"[""curricula_BSc-Curriculum-New.pdf""]","[""51""]",[],verified,course_credit,medium,MTH 101,banglish,mth 101,credits,,SUPPORTED,DIRECT_STRUCTURED_SUPPORT,STRONG,structured_exact,MTH 101 course-er credit 3.00.,True,curricula_BSc-Curriculum-New.pdf,curricula_BSc-Curriculum-New.pdf,doc-4d373684ce4879ed066003f5,63,doc-4d373684ce4879ed066003f5-p000063-b0005-c0001,"Course Code: MTH 101 Course Title: Math I Credits: 3.00 Prerequisite: N/A Three dimensional geometry: Co-ordinates in three dimensions, direction cosines and direction ratios, planes, sphere, straight line and conicoids (basic definition and properties only). Concept of functions : Function, domain and range of a function, graphs of simple functions (exponential, logarithmic and trigonometric), inverse function, function of several variables. Limit and continuity for single and several variables : Existence of limits, limits at infinity, properties and computational techniques of limits, properties of continuous functions, L‘ Hospital‘s rule. Differentiation and its applications : Tangent lines and rates of change, differentiability, techniques of differentiation, successive differentiation, Leibnitz‘s theorem, Rolle‘s theorem and mean value theorem, Taylor and",2,2,[],1,False,False,0,False,True,True,True,True,[],,[],0.05542830000013055,0.05220710000003237,0.0,0.000607899999977235,,,449126400,451141632,1123672064,575549440
step9-development-framework-final-20260929T184525403813Z-b5d1d8,Q040:english,Q040,english,How many credits is CSE 103 Structured Programming?,CSE 103 Structured Programming is a 3.00-credit course.,True,"[""curricula_BSc-Curriculum-New.pdf""]","[""52""]",[],verified,course_credit,medium,CSE 103,english,cse 103,credits,course_credits,SUPPORTED,DIRECT_RELATION_SUPPORT,STRONG,semi_structured_relation,CSE 103 carries 3.00 credits.,True,curricula_BSc-Curriculum-New.pdf,curricula_BSc-Curriculum-New.pdf,doc-4d373684ce4879ed066003f5,66,doc-4d373684ce4879ed066003f5-p000066-b0001-c0001,"Course Code: CSE 103 Course Title: Structured Programming Credits: 3.00 Prerequisite: CSE 101 Character Strings: Variable length character strings, String manipulat ion, Dynamic memory allocation. Recursive functions: Defining and working procedure, base condition. Structures: Concepts, Accessing members, Arrays of structures. Pointers: Fundamentals, declarations, Pointers and structures/arrays, Operations on Pointers, Pointers to function, Pointer and memory address, Arrays of Pointers. File Operations: opening and closing a file, Operation on a file, Binary I/O, Random access. Additional features: Low level programming, Bitwise operations, The preprocessor, Compiler d irectives, command line arguments. C++: Introduction to C++ and Object Oriented Programming, I/O system in C++, file system in C++, Array, Pointers, References and Dynamic memory allocation in C++. Text Books: 1. C++ The Complete Reference (5 th Edition) – Herbert Schildt – McGraw-Hill Education 2. Programming in ANSI C (3 rd Edition) – E. Balagurusamy - Tata McGraw-Hill Education Reference Books: 1. Teach yourself C+ + (3 rd Edition) - Herbert Schildt - McGraw-Hill Education 2. C++ - How to Program – Deitel & Deitel - Prentice Hall",2,2,[],1,False,False,0,False,True,True,True,True,[],course_credits,"[""3.00""]",0.03266480000002048,0.029718900000261783,0.0,0.0004595000000335858,,,449126400,451141632,1124405248,575549440
step9-development-framework-final-20260929T184525403813Z-b5d1d8,Q040:bangla,Q040,bangla,CSE 103 Structured Programming কোর্সটির ক্রেডিট কত?,CSE 103 Structured Programming 3.00 ক্রেডিটের কোর্স।,True,"[""curricula_BSc-Curriculum-New.pdf""]","[""52""]",[],verified,course_credit,medium,CSE 103,bangla,cse 103,credits,course_credits,SUPPORTED,DIRECT_RELATION_SUPPORT,STRONG,semi_structured_relation,CSE 103 কোর্সের ক্রেডিট 3.00।,True,curricula_BSc-Curriculum-New.pdf,curricula_BSc-Curriculum-New.pdf,doc-4d373684ce4879ed066003f5,52,doc-4d373684ce4879ed066003f5-p000052-b0002-c0001,CSE 103 Structured Programming 3.00 CSE 101,2,2,[],1,False,False,0,False,True,True,True,True,[],course_credits,"[""3.00""]",0.036950200000319455,0.03450729999985924,0.0,0.00031149999995250255,,,449126400,451141632,1124585472,575549440
step9-development-framework-final-20260929T184525403813Z-b5d1d8,Q040:banglish,Q040,banglish,CSE 103 Structured Programming course-er credit koto?,CSE 103 Structured Programming 3.00-credit course.,True,"[""curricula_BSc-Curriculum-New.pdf""]","[""52""]",[],verified,course_credit,medium,CSE 103,banglish,cse 103,credits,course_credits,SUPPORTED,DIRECT_RELATION_SUPPORT,STRONG,semi_structured_relation,CSE 103 course-er credit 3.00.,True,curricula_BSc-Curriculum-New.pdf,curricula_BSc-Curriculum-New.pdf,doc-4d373684ce4879ed066003f5,66,doc-4d373684ce4879ed066003f5-p000066-b0001-c0001,"Course Code: CSE 103 Course Title: Structured Programming Credits: 3.00 Prerequisite: CSE 101 Character Strings: Variable length character strings, String manipulat ion, Dynamic memory allocation. Recursive functions: Defining and working procedure, base condition. Structures: Concepts, Accessing members, Arrays of structures. Pointers: Fundamentals, declarations, Pointers and structures/arrays, Operations on Pointers, Pointers to function, Pointer and memory address, Arrays of Pointers. File Operations: opening and closing a file, Operation on a file, Binary I/O, Random access. Additional features: Low level programming, Bitwise operations, The preprocessor, Compiler d irectives, command line arguments. C++: Introduction to C++ and Object Oriented Programming, I/O system in C++, file system in C++, Array, Pointers, References and Dynamic memory allocation in C++. Text Books: 1. C++ The Complete Reference (5 th Edition) – Herbert Schildt – McGraw-Hill Education 2. Programming in ANSI C (3 rd Edition) – E. Balagurusamy - Tata McGraw-Hill Education Reference Books: 1. Teach yourself C+ + (3 rd Edition) - Herbert Schildt - McGraw-Hill Education 2. C++ - How to Program – Deitel & Deitel - Prentice Hall",2,2,[],1,False,False,0,False,True,True,True,True,[],course_credits,"[""3.00""]",0.03726890000007188,0.03485510000018621,0.0,0.00042269999994459795,,,449126400,451141632,1125691392,575549440
step9-development-framework-final-20260929T184525403813Z-b5d1d8,Q041:english,Q041,english,How many credits is CSE 104 Structured Programming Lab?,CSE 104 Structured Programming Lab is a 1.50-credit course.,True,"[""curricula_BSc-Curriculum-New.pdf""]","[""52""]",[],verified,course_credit,medium,CSE 104,english,cse 104,credits,course_credits,SUPPORTED,DIRECT_RELATION_SUPPORT,STRONG,semi_structured_relation,CSE 104 carries 1.50 credits.,True,curricula_BSc-Curriculum-New.pdf,curricula_BSc-Curriculum-New.pdf,doc-4d373684ce4879ed066003f5,66,doc-4d373684ce4879ed066003f5-p000066-b0002-c0001,Course Code: CSE 104 Course Title: Structured Programming Lab Credits: 1.50 Prerequisite: None Objectives: Laboratory works and assignments will be based on CSE – 103,2,2,[],1,False,False,0,False,True,True,True,True,[],course_credits,"[""1.50""]",0.03645550000010189,0.033786200000122335,0.0,0.000754400000005262,,,449130496,451145728,1128374272,575549440
step9-development-framework-final-20260929T184525403813Z-b5d1d8,Q041:bangla,Q041,bangla,CSE 104 Structured Programming Lab কোর্সটির ক্রেডিট কত?,CSE 104 Structured Programming Lab 1.50 ক্রেডিটের কোর্স।,True,"[""curricula_BSc-Curriculum-New.pdf""]","[""52""]",[],verified,course_credit,medium,CSE 104,bangla,cse 104,credits,course_credits,SUPPORTED,DIRECT_RELATION_SUPPORT,STRONG,semi_structured_relation,CSE 104 কোর্সের ক্রেডিট 1.50।,True,curricula_BSc-Curriculum-New.pdf,curricula_BSc-Curriculum-New.pdf,doc-4d373684ce4879ed066003f5,52,doc-4d373684ce4879ed066003f5-p000052-b0003-c0001,CSE 104 Structured Programming Lab 1.50 Nil,2,2,[],1,False,False,0,False,True,True,True,True,[],course_credits,"[""1.50""]",0.03976959999999963,0.03803630000038538,0.0,0.0003225999998903717,,,449130496,451145728,1127559168,575549440
step9-development-framework-final-20260929T184525403813Z-b5d1d8,Q041:banglish,Q041,banglish,CSE 104 Structured Programming Lab course-er credit koto?,CSE 104 Structured Programming Lab 1.50-credit course.,True,"[""curricula_BSc-Curriculum-New.pdf""]","[""52""]",[],verified,course_credit,medium,CSE 104,banglish,cse 104,credits,course_credits,SUPPORTED,DIRECT_RELATION_SUPPORT,STRONG,semi_structured_relation,CSE 104 course-er credit 1.50.,True,curricula_BSc-Curriculum-New.pdf,curricula_BSc-Curriculum-New.pdf,doc-4d373684ce4879ed066003f5,66,doc-4d373684ce4879ed066003f5-p000066-b0002-c0001,Course Code: CSE 104 Course Title: Structured Programming Lab Credits: 1.50 Prerequisite: None Objectives: Laboratory works and assignments will be based on CSE – 103,2,2,[],1,False,False,0,False,True,True,True,True,[],course_credits,"[""1.50""]",0.04017799999974159,0.037950500000079046,0.0,0.000434199999745033,,,449130496,451145728,1126715392,575549440
step9-development-framework-final-20260929T184525403813Z-b5d1d8,Q042:english,Q042,english,How many credits is CSE 105 Discrete Mathematics?,CSE 105 Discrete Mathematics is a 3.00-credit course.,True,"[""curricula_BSc-Curriculum-New.pdf""]","[""52""]",[],verified,course_credit,medium,CSE 105,english,cse 105,credits,course_credits,SUPPORTED,DIRECT_RELATION_SUPPORT,STRONG,semi_structured_relation,CSE 105 carries 3.00 credits.,True,curricula_BSc-Curriculum-New.pdf,curricula_BSc-Curriculum-New.pdf,doc-4d373684ce4879ed066003f5,66,doc-4d373684ce4879ed066003f5-p000066-b0003-c0001,"Course Code: CSE 105 Course Title: Discrete Mathematics Credits: 3.00 Prerequisite: None Mathematical Models & Foundations: Logic, Proposition, Propositional Equivalence, Propositional and Predicate Calculus: Predicates, predicate formulas, Quantifiers, Statements and Compound statements, tautologies and contradictions, logic al equivalence, algebra of propositions and conditionals, arguments and theory of inference of prepositional calculus. Methods of proof: Mathematical Induction. Sets: Set theory --Basic concepts of sets and elements, Venn diagram and membership table, set operations, algebra of sets duality classes of sets, power set. Relations between sets, Operations on sets. Functions: Basic properties. Classifications of functions. Counting: The basics of Counting, The Pigeonhole principle, Permutations and Combinations , Discrete Probability, Probability Theory. Advanced Counting Techniques: Recurrence Relations, Solving Recurrence Relations, Generating Functions. Functions and counting, inclusion -exclusion principle. Number Theory: Division Algorithms -GCD, LCM, Prime n umbers and prime factorization, modular arithmetic and congruence, modular exponentiation, Eucledian algorithm. Introduction to groups, rings and fields.",2,2,[],1,False,False,0,False,True,True,True,True,[],course_credits,"[""3.00""]",0.032639100000324106,0.029815200000030018,0.0,0.00040649999982633744,,,449134592,451149824,1126764544,575549440
step9-development-framework-final-20260929T184525403813Z-b5d1d8,Q042:bangla,Q042,bangla,CSE 105 Discrete Mathematics কোর্সটির ক্রেডিট কত?,CSE 105 Discrete Mathematics 3.00 ক্রেডিটের কোর্স।,True,"[""curricula_BSc-Curriculum-New.pdf""]","[""52""]",[],verified,course_credit,medium,CSE 105,bangla,cse 105,credits,course_credits,SUPPORTED,DIRECT_RELATION_SUPPORT,STRONG,semi_structured_relation,CSE 105 কোর্সের ক্রেডিট 3.00।,True,curricula_BSc-Curriculum-New.pdf,curricula_BSc-Curriculum-New.pdf,doc-4d373684ce4879ed066003f5,52,doc-4d373684ce4879ed066003f5-p000052-b0004-c0001,CSE 105 Discrete Mathematics 3.00 Nil,2,2,[],1,False,False,0,False,True,True,True,True,[],course_credits,"[""3.00""]",0.03753030000007129,0.03529519999983677,0.0,0.0003050000000257569,,,449134592,451149824,1126715392,575549440
step9-development-framework-final-20260929T184525403813Z-b5d1d8,Q042:banglish,Q042,banglish,CSE 105 Discrete Mathematics course-er credit koto?,CSE 105 Discrete Mathematics 3.00-credit course.,True,"[""curricula_BSc-Curriculum-New.pdf""]","[""52""]",[],verified,course_credit,medium,CSE 105,banglish,cse 105,credits,course_credits,SUPPORTED,DIRECT_RELATION_SUPPORT,STRONG,semi_structured_relation,CSE 105 course-er credit 3.00.,True,curricula_BSc-Curriculum-New.pdf,curricula_BSc-Curriculum-New.pdf,doc-4d373684ce4879ed066003f5,66,doc-4d373684ce4879ed066003f5-p000066-b0003-c0001,"Course Code: CSE 105 Course Title: Discrete Mathematics Credits: 3.00 Prerequisite: None Mathematical Models & Foundations: Logic, Proposition, Propositional Equivalence, Propositional and Predicate Calculus: Predicates, predicate formulas, Quantifiers, Statements and Compound statements, tautologies and contradictions, logic al equivalence, algebra of propositions and conditionals, arguments and theory of inference of prepositional calculus. Methods of proof: Mathematical Induction. Sets: Set theory --Basic concepts of sets and elements, Venn diagram and membership table, set operations, algebra of sets duality classes of sets, power set. Relations between sets, Operations on sets. Functions: Basic properties. Classifications of functions. Counting: The basics of Counting, The Pigeonhole principle, Permutations and Combinations , Discrete Probability, Probability Theory. Advanced Counting Techniques: Recurrence Relations, Solving Recurrence Relations, Generating Functions. Functions and counting, inclusion -exclusion principle. Number Theory: Division Algorithms -GCD, LCM, Prime n umbers and prime factorization, modular arithmetic and congruence, modular exponentiation, Eucledian algorithm. Introduction to groups, rings and fields.",2,2,[],1,False,False,0,False,True,True,True,True,[],course_credits,"[""3.00""]",0.03704300000026706,0.034819900000002235,0.0,0.00041590000000724103,,,449134592,451149824,1126756352,575549440
step9-development-framework-final-20260929T184525403813Z-b5d1d8,Q043:english,Q043,english,How many credits is EEE 121 Electrical & Electronic Engineering I?,EEE 121 Electrical & Electronic Engineering I is a 3.00-credit course.,True,"[""curricula_BSc-Curriculum-New.pdf""]","[""52""]",[],verified,course_credit,medium,EEE 121,english,eee 121,credits,course_credits,SUPPORTED,DIRECT_RELATION_SUPPORT,STRONG,semi_structured_relation,EEE 121 carries 3.00 credits.,True,curricula_BSc-Curriculum-New.pdf,curricula_BSc-Curriculum-New.pdf,doc-4d373684ce4879ed066003f5,65,doc-4d373684ce4879ed066003f5-p000065-b0009-c0001,"Course Code: EEE 121 Course Title: Electrical & Electronic Engineering I Credits: 3.00 Prerequisite: None Basic concepts: current, voltage, emf, Ohm‘s law, Kirchoff‘s Current and Voltage Laws, Current and voltage divider rules, types of sources, source conversion methods, equivalent resistance, star -delta conversion; Network analysis and theorems : loop and nodal analysis, Superposition, Thevenin‘s, Norton‘s and Maximum Power transfer theorems; Introduction to Faraday‘s Law, Lenz‘s Law, Fleming‘s Left Hand and Right Hand Rules, Inductor and Capacitor; AC fundamentals: Amplitude, frequency, phase, power, Form factor, Crest factor, power factor, average value and effective value; AC analysis using phasor algebra; DC Transient analysis in RL and RC circuits; Introduction to semiconductors : Diode: characteristics, rectification; Zener diode: characteristics and applications; Bipolar Junction Transistor: characteristics, biasing, introduction to hybrid model, ac analysis; Field Effect Transistor: Characteristics. Books: 1. Electrical Technology – B L Thereja, Chand (S) & Co Ltd, India. 2. Introductory Circuit Analysis – R L Boylestad, Prentice Hall. 3. Circuits, Devices and Systems: A First Course in Electrical Engineering, Ralph J Smith & Richard C Dorf, Wiley. 4. Electronic Devices and Circuit Theory, R L Boylestad & Louis Nashelsky, Prentice Hall. 5. Schaum's Outline of Basic Circuit Analysis, John O‘Malley, McGraw- Hill.",2,2,[],1,False,False,0,False,True,True,True,True,[],course_credits,"[""3.00""]",0.037904100000105245,0.03497190000007322,0.0,0.0006057999999029562,,,449134592,451149824,1126797312,575549440
step9-development-framework-final-20260929T184525403813Z-b5d1d8,Q043:bangla,Q043,bangla,EEE 121 Electrical & Electronic Engineering I কোর্সটির ক্রেডিট কত?,EEE 121 Electrical & Electronic Engineering I 3.00 ক্রেডিটের কোর্স।,True,"[""curricula_BSc-Curriculum-New.pdf""]","[""52""]",[],verified,course_credit,medium,EEE 121,bangla,eee 121,credits,course_credits,SUPPORTED,DIRECT_RELATION_SUPPORT,STRONG,semi_structured_relation,EEE 121 কোর্সের ক্রেডিট 3.00।,True,curricula_BSc-Curriculum-New.pdf,curricula_BSc-Curriculum-New.pdf,doc-4d373684ce4879ed066003f5,52,doc-4d373684ce4879ed066003f5-p000052-b0005-c0001,EEE 121 Electrical & Electronic Engineering I 3.00 Nil,2,2,[],1,False,False,0,False,True,True,True,True,[],course_credits,"[""3.00""]",0.04386290000002191,0.04103369999984352,0.0,0.0003430000001571898,,,449134592,451149824,1126830080,575549440
step9-development-framework-final-20260929T184525403813Z-b5d1d8,Q043:banglish,Q043,banglish,EEE 121 Electrical & Electronic Engineering I course-er credit koto?,EEE 121 Electrical & Electronic Engineering I 3.00-credit course.,True,"[""curricula_BSc-Curriculum-New.pdf""]","[""52""]",[],verified,course_credit,medium,EEE 121,banglish,eee 121,credits,course_credits,SUPPORTED,DIRECT_RELATION_SUPPORT,STRONG,semi_structured_relation,EEE 121 course-er credit 3.00.,True,curricula_BSc-Curriculum-New.pdf,curricula_BSc-Curriculum-New.pdf,doc-4d373684ce4879ed066003f5,65,doc-4d373684ce4879ed066003f5-p000065-b0009-c0001,"Course Code: EEE 121 Course Title: Electrical & Electronic Engineering I Credits: 3.00 Prerequisite: None Basic concepts: current, voltage, emf, Ohm‘s law, Kirchoff‘s Current and Voltage Laws, Current and voltage divider rules, types of sources, source conversion methods, equivalent resistance, star -delta conversion; Network analysis and theorems : loop and nodal analysis, Superposition, Thevenin‘s, Norton‘s and Maximum Power transfer theorems; Introduction to Faraday‘s Law, Lenz‘s Law, Fleming‘s Left Hand and Right Hand Rules, Inductor and Capacitor; AC fundamentals: Amplitude, frequency, phase, power, Form factor, Crest factor, power factor, average value and effective value; AC analysis using phasor algebra; DC Transient analysis in RL and RC circuits; Introduction to semiconductors : Diode: characteristics, rectification; Zener diode: characteristics and applications; Bipolar Junction Transistor: characteristics, biasing, introduction to hybrid model, ac analysis; Field Effect Transistor: Characteristics. Books: 1. Electrical Technology – B L Thereja, Chand (S) & Co Ltd, India. 2. Introductory Circuit Analysis – R L Boylestad, Prentice Hall. 3. Circuits, Devices and Systems: A First Course in Electrical Engineering, Ralph J Smith & Richard C Dorf, Wiley. 4. Electronic Devices and Circuit Theory, R L Boylestad & Louis Nashelsky, Prentice Hall. 5. Schaum's Outline of Basic Circuit Analysis, John O‘Malley, McGraw- Hill.",2,2,[],1,False,False,0,False,True,True,True,True,[],course_credits,"[""3.00""]",0.042967099999714264,0.04005199999983233,0.0,0.0004735000002256129,,,449134592,451149824,1127014400,575549440
step9-development-framework-final-20260929T184525403813Z-b5d1d8,Q044:english,Q044,english,How many credits is EEE 122 Electrical & Electronic Engineering I Lab?,EEE 122 Electrical & Electronic Engineering I Lab is a 1.50-credit course.,True,"[""curricula_BSc-Curriculum-New.pdf""]","[""52""]",[],verified,course_credit,medium,EEE 122,english,eee 122,credits,course_credits,SUPPORTED,DIRECT_RELATION_SUPPORT,STRONG,semi_structured_relation,EEE 122 carries 1.50 credits.,True,curricula_BSc-Curriculum-New.pdf,curricula_BSc-Curriculum-New.pdf,doc-4d373684ce4879ed066003f5,67,doc-4d373684ce4879ed066003f5-p000067-b0008-c0001,Course Code: EEE 122 Course Title: Electrical & Electronic Engineering I Lab Credits: 1.50 Prerequisite: None Laboratory work based on EEE 121 5.3 Second Year First Semester,2,2,[],1,False,False,0,False,True,True,True,True,[],course_credits,"[""1.50""]",0.04034990000036487,0.03812969999989946,0.0,0.00046910000037314603,,,449134592,451149824,1127022592,575549440
step9-development-framework-final-20260929T184525403813Z-b5d1d8,Q044:bangla,Q044,bangla,EEE 122 Electrical & Electronic Engineering I Lab কোর্সটির ক্রেডিট কত?,EEE 122 Electrical & Electronic Engineering I Lab 1.50 ক্রেডিটের কোর্স।,True,"[""curricula_BSc-Curriculum-New.pdf""]","[""52""]",[],verified,course_credit,medium,EEE 122,bangla,eee 122,credits,course_credits,SUPPORTED,DIRECT_RELATION_SUPPORT,STRONG,semi_structured_relation,EEE 122 কোর্সের ক্রেডিট 1.50।,True,curricula_BSc-Curriculum-New.pdf,curricula_BSc-Curriculum-New.pdf,doc-4d373684ce4879ed066003f5,52,doc-4d373684ce4879ed066003f5-p000052-b0006-c0001,EEE 122 Electrical & Electronic Engineering I Lab 1.50 Nil,2,2,[],1,False,False,0,False,True,True,True,True,[],course_credits,"[""1.50""]",0.04874840000002223,0.04650779999974475,0.0,0.00035410000009505893,,,449138688,451153920,1127100416,575549440
step9-development-framework-final-20260929T184525403813Z-b5d1d8,Q044:banglish,Q044,banglish,EEE 122 Electrical & Electronic Engineering I Lab course-er credit koto?,EEE 122 Electrical & Electronic Engineering I Lab 1.50-credit course.,True,"[""curricula_BSc-Curriculum-New.pdf""]","[""52""]",[],verified,course_credit,medium,EEE 122,banglish,eee 122,credits,course_credits,SUPPORTED,DIRECT_RELATION_SUPPORT,STRONG,semi_structured_relation,EEE 122 course-er credit 1.50.,True,curricula_BSc-Curriculum-New.pdf,curricula_BSc-Curriculum-New.pdf,doc-4d373684ce4879ed066003f5,67,doc-4d373684ce4879ed066003f5-p000067-b0008-c0001,Course Code: EEE 122 Course Title: Electrical & Electronic Engineering I Lab Credits: 1.50 Prerequisite: None Laboratory work based on EEE 121 5.3 Second Year First Semester,2,2,[],1,False,False,0,False,True,True,True,True,[],course_credits,"[""1.50""]",0.048064399999930174,0.04614740000033635,0.0,0.0004954000000907399,,,449138688,451153920,1127104512,575549440
step9-development-framework-final-20260929T184525403813Z-b5d1d8,Q045:english,Q045,english,How many credits is MTH 103 Math II: Linear Algebra?,MTH 103 Math II: Linear Algebra is a 3.00-credit course.,True,"[""curricula_BSc-Curriculum-New.pdf""]","[""52""]",[],verified,course_credit,medium,MTH 103,english,mth 103,credits,course_credits,SUPPORTED,DIRECT_RELATION_SUPPORT,STRONG,semi_structured_relation,MTH 103 carries 3.00 credits.,True,curricula_BSc-Curriculum-New.pdf,curricula_BSc-Curriculum-New.pdf,doc-4d373684ce4879ed066003f5,64,doc-4d373684ce4879ed066003f5-p000064-b0012-c0001,Course Code: MTH 103 Course Title: Math II: Linear Algebra Credits: 3.00 Prerequisite: None,2,2,[],1,False,False,0,False,True,True,True,True,[],course_credits,"[""3.00""]",0.04183770000008735,0.04006470000012996,0.0,0.0004293000001780456,,,449138688,451153920,1127108608,575549440
step9-development-framework-final-20260929T184525403813Z-b5d1d8,Q045:bangla,Q045,bangla,MTH 103 Math II: Linear Algebra কোর্সটির ক্রেডিট কত?,MTH 103 Math II: Linear Algebra 3.00 ক্রেডিটের কোর্স।,True,"[""curricula_BSc-Curriculum-New.pdf""]","[""52""]",[],verified,course_credit,medium,MTH 103,bangla,mth 103,credits,course_credits,SUPPORTED,DIRECT_RELATION_SUPPORT,STRONG,semi_structured_relation,MTH 103 কোর্সের ক্রেডিট 3.00।,True,curricula_BSc-Curriculum-New.pdf,curricula_BSc-Curriculum-New.pdf,doc-4d373684ce4879ed066003f5,52,doc-4d373684ce4879ed066003f5-p000052-b0007-c0001,MTH 103 Math II: Linear Algebra 3.00 Nil,2,2,[],1,False,False,0,False,True,True,True,True,[],course_credits,"[""3.00""]",0.04859410000017306,0.04682119999961287,0.0,0.0003308999998807849,,,449138688,451153920,1127088128,575549440
step9-development-framework-final-20260929T184525403813Z-b5d1d8,Q045:banglish,Q045,banglish,MTH 103 Math II: Linear Algebra course-er credit koto?,MTH 103 Math II: Linear Algebra 3.00-credit course.,True,"[""curricula_BSc-Curriculum-New.pdf""]","[""52""]",[],verified,course_credit,medium,MTH 103,banglish,mth 103,credits,course_credits,SUPPORTED,DIRECT_RELATION_SUPPORT,STRONG,semi_structured_relation,MTH 103 course-er credit 3.00.,True,curricula_BSc-Curriculum-New.pdf,curricula_BSc-Curriculum-New.pdf,doc-4d373684ce4879ed066003f5,64,doc-4d373684ce4879ed066003f5-p000064-b0012-c0001,Course Code: MTH 103 Course Title: Math II: Linear Algebra Credits: 3.00 Prerequisite: None,2,2,[],1,False,False,0,False,True,True,True,True,[],course_credits,"[""3.00""]",0.049212899999929505,0.047407700000348996,0.0,0.0004388000002109038,,,449138688,451153920,1127088128,575549440
step9-development-framework-final-20260929T184525403813Z-b5d1d8,Q046:english,Q046,english,How many credits is CHEM 111 Chemistry?,CHEM 111 Chemistry is a 3.00-credit course.,True,"[""curricula_BSc-Curriculum-New.pdf""]","[""52""]",[],verified,course_credit,medium,CHEM 111,english,chem 111,credits,course_credits,SUPPORTED,DIRECT_RELATION_SUPPORT,STRONG,semi_structured_relation,CHEM 111 carries 3.00 credits.,True,curricula_BSc-Curriculum-New.pdf,curricula_BSc-Curriculum-New.pdf,doc-4d373684ce4879ed066003f5,64,doc-4d373684ce4879ed066003f5-p000064-b0010-c0001,"Course Code: CHEM 111 Course Title: Credits: 3.00 Prerequisite: N/A Atomic structure, quantum numbers, electroni c conﬁguration, periodic table; Properties and uses of noble gases; Different types of chemical bonds and their properties; Molecular structure of compounds; Selective organic reactions; Different types of solutions and their compositions; Phase rule, phase diagram of monocomponent system; Properties of dilute solutions; Thermochemistry, chemical kinetics, chemical equilibria; Ionization of water and pH concept; Electrical properties of Solution. Text Books: 1. Physical Chemistry, Author: Bhall and Tully 2. Inorganic Chemistry, Author: Haider",2,2,[],1,False,False,0,False,True,True,True,True,[],course_credits,"[""3.00""]",0.03123360000017783,0.02904900000021371,0.0,0.00039839999999458087,,,449138688,451153920,1127112704,575549440
step9-development-framework-final-20260929T184525403813Z-b5d1d8,Q046:bangla,Q046,bangla,CHEM 111 Chemistry কোর্সটির ক্রেডিট কত?,CHEM 111 Chemistry 3.00 ক্রেডিটের কোর্স।,True,"[""curricula_BSc-Curriculum-New.pdf""]","[""52""]",[],verified,course_credit,medium,CHEM 111,bangla,chem 111,credits,course_credits,SUPPORTED,DIRECT_RELATION_SUPPORT,STRONG,semi_structured_relation,CHEM 111 কোর্সের ক্রেডিট 3.00।,True,curricula_BSc-Curriculum-New.pdf,curricula_BSc-Curriculum-New.pdf,doc-4d373684ce4879ed066003f5,52,doc-4d373684ce4879ed066003f5-p000052-b0008-c0001,CHEM 111 Chemistry 3.00 Nil,2,2,[],1,False,False,0,False,True,True,True,True,[],course_credits,"[""3.00""]",0.03538479999997435,0.03313040000011824,0.0,0.0003093000000262691,,,449138688,451153920,1127104512,575549440
step9-development-framework-final-20260929T184525403813Z-b5d1d8,Q046:banglish,Q046,banglish,CHEM 111 Chemistry course-er credit koto?,CHEM 111 Chemistry 3.00-credit course.,True,"[""curricula_BSc-Curriculum-New.pdf""]","[""52""]",[],verified,course_credit,medium,CHEM 111,banglish,chem 111,credits,course_credits,SUPPORTED,DIRECT_RELATION_SUPPORT,STRONG,semi_structured_relation,CHEM 111 course-er credit 3.00.,True,curricula_BSc-Curriculum-New.pdf,curricula_BSc-Curriculum-New.pdf,doc-4d373684ce4879ed066003f5,64,doc-4d373684ce4879ed066003f5-p000064-b0010-c0001,"Course Code: CHEM 111 Course Title: Credits: 3.00 Prerequisite: N/A Atomic structure, quantum numbers, electroni c conﬁguration, periodic table; Properties and uses of noble gases; Different types of chemical bonds and their properties; Molecular structure of compounds; Selective organic reactions; Different types of solutions and their compositions; Phase rule, phase diagram of monocomponent system; Properties of dilute solutions; Thermochemistry, chemical kinetics, chemical equilibria; Ionization of water and pH concept; Electrical properties of Solution. Text Books: 1. Physical Chemistry, Author: Bhall and Tully 2. Inorganic Chemistry, Author: Haider",2,2,[],1,False,False,0,False,True,True,True,True,[],course_credits,"[""3.00""]",0.03567049999992378,0.033479799999895477,0.0,0.0003969999997934792,,,449138688,451153920,1127104512,575549440
step9-development-framework-final-20260929T184525403813Z-b5d1d8,Q047:english,Q047,english,How many credits is CHEM 112 Chemistry Lab?,CHEM 112 Chemistry Lab is a 1.50-credit course.,True,"[""curricula_BSc-Curriculum-New.pdf""]","[""52""]",[],verified,course_credit,medium,CHEM 112,english,chem 112,credits,,SUPPORTED,DIRECT_STRUCTURED_SUPPORT,STRONG,structured_exact,CHEM 112 carries 1.50 credits.,True,curricula_BSc-Curriculum-New.pdf,curricula_BSc-Curriculum-New.pdf,doc-4d373684ce4879ed066003f5,52,doc-4d373684ce4879ed066003f5-p000052-b0009-c0001,CHEM 112 Chemistry Lab 1.50 Nil Total 19.50 Second Year First Semester Course Code Course Title Credits Pre- Requisite,2,2,[],1,False,False,0,False,True,True,True,True,[],,[],0.03517180000017106,0.03272820000029242,0.0,0.0005045000002610323,,,449138688,451153920,1127501824,575549440
step9-development-framework-final-20260929T184525403813Z-b5d1d8,Q047:bangla,Q047,bangla,CHEM 112 Chemistry Lab কোর্সটির ক্রেডিট কত?,CHEM 112 Chemistry Lab 1.50 ক্রেডিটের কোর্স।,True,"[""curricula_BSc-Curriculum-New.pdf""]","[""52""]",[],verified,course_credit,medium,CHEM 112,bangla,chem 112,credits,,SUPPORTED,DIRECT_STRUCTURED_SUPPORT,STRONG,structured_exact,CHEM 112 কোর্সটির ক্রেডিট 1.50।,True,curricula_BSc-Curriculum-New.pdf,curricula_BSc-Curriculum-New.pdf,doc-4d373684ce4879ed066003f5,52,doc-4d373684ce4879ed066003f5-p000052-b0009-c0001,CHEM 112 Chemistry Lab 1.50 Nil Total 19.50 Second Year First Semester Course Code Course Title Credits Pre- Requisite,2,2,[],1,False,False,0,False,True,True,True,True,[],,[],0.044051999999737745,0.04164119999995819,0.0,0.000514500000008411,,,449138688,451153920,1118740480,575549440
step9-development-framework-final-20260929T184525403813Z-b5d1d8,Q047:banglish,Q047,banglish,CHEM 112 Chemistry Lab course-er credit koto?,CHEM 112 Chemistry Lab 1.50-credit course.,True,"[""curricula_BSc-Curriculum-New.pdf""]","[""52""]",[],verified,course_credit,medium,CHEM 112,banglish,chem 112,credits,,SUPPORTED,DIRECT_STRUCTURED_SUPPORT,STRONG,structured_exact,CHEM 112 course-er credit 1.50.,True,curricula_BSc-Curriculum-New.pdf,curricula_BSc-Curriculum-New.pdf,doc-4d373684ce4879ed066003f5,52,doc-4d373684ce4879ed066003f5-p000052-b0009-c0001,CHEM 112 Chemistry Lab 1.50 Nil Total 19.50 Second Year First Semester Course Code Course Title Credits Pre- Requisite,2,2,[],1,False,False,0,False,True,True,True,True,[],,[],0.04090150000001813,0.03860789999998815,0.0,0.0005023000003347988,,,449138688,451153920,1118900224,575549440
step9-development-framework-final-20260929T184525403813Z-b5d1d8,Q048:english,Q048,english,How many credits is CSE 203 Object Oriented Programming I: Java?,CSE 203 Object Oriented Programming I: Java is a 3.00-credit course.,True,"[""curricula_BSc-Curriculum-New.pdf""]","[""52""]",[],verified,course_credit,medium,CSE 203,english,cse 203,credits,course_credits,SUPPORTED,DIRECT_RELATION_SUPPORT,STRONG,semi_structured_relation,CSE 203 carries 3.00 credits.,True,curricula_BSc-Curriculum-New.pdf,curricula_BSc-Curriculum-New.pdf,doc-4d373684ce4879ed066003f5,70,doc-4d373684ce4879ed066003f5-p000070-b0006-c0001,"Course Code: CSE 203 Course Title: Object Oriented Programming I: Java Credits: 3.00 Prerequisite: CSE 103 Course Contents: Object-Oriented Fundamentals, Encapsulation, Polymorphism, Inheritance, Class, Object, Java Language Introduction, Variabl e Types and operators, Casting, Arrays, Introducing classes, Adding methods to class, constructor, String Handling, Garbage collection, Inheritance, Inner Class, Abstract Classes, Interfaces and Packages, Exception Handling, Java Input / Output, Multithreaded Programming and Synchronization, Applet, Event Handling, Networking with Java, Introducing the Swing, Utility Classes, Java Generics, Introduction to Android. Books: 1. Java The Complete Reference, 8th Edition by Herbert Schildt; McGraw-Hill Osborne 2. Effective Java (2nd Edition) by Joshua Bloch; Addison-Wesley",2,2,[],1,False,False,0,False,True,True,True,True,[],course_credits,"[""3.00""]",0.040854399999716406,0.03856790000008914,0.0,0.00045600000021295273,,,449138688,451153920,1120272384,575549440
step9-development-framework-final-20260929T184525403813Z-b5d1d8,Q048:bangla,Q048,bangla,CSE 203 Object Oriented Programming I: Java কোর্সটির ক্রেডিট কত?,CSE 203 Object Oriented Programming I: Java 3.00 ক্রেডিটের কোর্স।,True,"[""curricula_BSc-Curriculum-New.pdf""]","[""52""]",[],verified,course_credit,medium,CSE 203,bangla,cse 203,credits,course_credits,SUPPORTED,DIRECT_RELATION_SUPPORT,STRONG,semi_structured_relation,CSE 203 কোর্সের ক্রেডিট 3.00।,True,curricula_BSc-Curriculum-New.pdf,curricula_BSc-Curriculum-New.pdf,doc-4d373684ce4879ed066003f5,52,doc-4d373684ce4879ed066003f5-p000052-b0010-c0001,CSE 203 Object Oriented Programming I: Java 3.00 CSE 103,2,2,[],1,False,False,0,False,True,True,True,True,[],course_credits,"[""3.00""]",0.04689440000038303,0.04464610000013636,0.0,0.0003432999997130537,,,449138688,451153920,1121460224,575549440
step9-development-framework-final-20260929T184525403813Z-b5d1d8,Q048:banglish,Q048,banglish,CSE 203 Object Oriented Programming I: Java course-er credit koto?,CSE 203 Object Oriented Programming I: Java 3.00-credit course.,True,"[""curricula_BSc-Curriculum-New.pdf""]","[""52""]",[],verified,course_credit,medium,CSE 203,banglish,cse 203,credits,course_credits,SUPPORTED,DIRECT_RELATION_SUPPORT,STRONG,semi_structured_relation,CSE 203 course-er credit 3.00.,True,curricula_BSc-Curriculum-New.pdf,curricula_BSc-Curriculum-New.pdf,doc-4d373684ce4879ed066003f5,70,doc-4d373684ce4879ed066003f5-p000070-b0006-c0001,"Course Code: CSE 203 Course Title: Object Oriented Programming I: Java Credits: 3.00 Prerequisite: CSE 103 Course Contents: Object-Oriented Fundamentals, Encapsulation, Polymorphism, Inheritance, Class, Object, Java Language Introduction, Variabl e Types and operators, Casting, Arrays, Introducing classes, Adding methods to class, constructor, String Handling, Garbage collection, Inheritance, Inner Class, Abstract Classes, Interfaces and Packages, Exception Handling, Java Input / Output, Multithreaded Programming and Synchronization, Applet, Event Handling, Networking with Java, Introducing the Swing, Utility Classes, Java Generics, Introduction to Android. Books: 1. Java The Complete Reference, 8th Edition by Herbert Schildt; McGraw-Hill Osborne 2. Effective Java (2nd Edition) by Joshua Bloch; Addison-Wesley",2,2,[],1,False,False,0,False,True,True,True,True,[],course_credits,"[""3.00""]",0.04650519999995595,0.044112999999924796,0.0,0.00047110000014072284,,,449138688,451153920,1121726464,575549440
step9-development-framework-final-20260929T184525403813Z-b5d1d8,Q049:english,Q049,english,How many credits is CSE 204 Object Oriented Programming I Lab: Java Lab?,CSE 204 Object Oriented Programming I Lab: Java Lab is a 1.50-credit course.,True,"[""curricula_BSc-Curriculum-New.pdf""]","[""52""]",[],verified,course_credit,medium,CSE 204,english,cse 204,credits,course_credits,SUPPORTED,DIRECT_RELATION_SUPPORT,STRONG,semi_structured_relation,CSE 204 carries 1.50 credits.,True,curricula_BSc-Curriculum-New.pdf,curricula_BSc-Curriculum-New.pdf,doc-4d373684ce4879ed066003f5,70,doc-4d373684ce4879ed066003f5-p000070-b0007-c0001,Course Code: CSE 204 Course Title: Object Oriented Programming I: Java Lab Credits: 1.50 Prerequisite: None Laboratory work based on Object Oriented Programming: JA VA(CSE 203),2,2,[],1,False,False,0,False,True,True,True,True,[],course_credits,"[""1.50""]",0.04921909999984564,0.04713270000002012,0.0,0.0004985999999007618,,,449138688,451153920,1122766848,575549440
step9-development-framework-final-20260929T184525403813Z-b5d1d8,Q049:bangla,Q049,bangla,CSE 204 Object Oriented Programming I Lab: Java Lab কোর্সটির ক্রেডিট কত?,CSE 204 Object Oriented Programming I Lab: Java Lab 1.50 ক্রেডিটের কোর্স।,True,"[""curricula_BSc-Curriculum-New.pdf""]","[""52""]",[],verified,course_credit,medium,CSE 204,bangla,cse 204,credits,course_credits,SUPPORTED,DIRECT_RELATION_SUPPORT,STRONG,semi_structured_relation,CSE 204 কোর্সের ক্রেডিট 1.50।,True,curricula_BSc-Curriculum-New.pdf,curricula_BSc-Curriculum-New.pdf,doc-4d373684ce4879ed066003f5,52,doc-4d373684ce4879ed066003f5-p000052-b0011-c0001,CSE 204 Object Oriented Programming I Lab: Java Lab 1.50 Nil,2,2,[],1,False,False,0,False,True,True,True,True,[],course_credits,"[""1.50""]",0.05312340000000404,0.05121430000008331,0.0,0.00036339999996926053,,,449138688,451153920,1121529856,575549440
step9-development-framework-final-20260929T184525403813Z-b5d1d8,Q049:banglish,Q049,banglish,CSE 204 Object Oriented Programming I Lab: Java Lab course-er credit koto?,CSE 204 Object Oriented Programming I Lab: Java Lab 1.50-credit course.,True,"[""curricula_BSc-Curriculum-New.pdf""]","[""52""]",[],verified,course_credit,medium,CSE 204,banglish,cse 204,credits,course_credits,SUPPORTED,DIRECT_RELATION_SUPPORT,STRONG,semi_structured_relation,CSE 204 course-er credit 1.50.,True,curricula_BSc-Curriculum-New.pdf,curricula_BSc-Curriculum-New.pdf,doc-4d373684ce4879ed066003f5,70,doc-4d373684ce4879ed066003f5-p000070-b0007-c0001,Course Code: CSE 204 Course Title: Object Oriented Programming I: Java Lab Credits: 1.50 Prerequisite: None Laboratory work based on Object Oriented Programming: JA VA(CSE 203),2,2,[],1,False,False,0,False,True,True,True,True,[],course_credits,"[""1.50""]",0.0521972999999889,0.05028050000009898,0.0,0.0004944000002069515,,,449142784,451158016,1122779136,575549440
step9-development-framework-final-20260929T184525403813Z-b5d1d8,Q050:english,Q050,english,How many credits is CSE 205 Data Structures?,CSE 205 Data Structures is a 3.00-credit course.,True,"[""curricula_BSc-Curriculum-New.pdf""]","[""52""]",[],verified,course_credit,medium,CSE 205,english,cse 205,credits,,SUPPORTED,DIRECT_STRUCTURED_SUPPORT,STRONG,structured_exact,CSE 205 carries 3.00 credits.,True,curricula_BSc-Curriculum-New.pdf,curricula_BSc-Curriculum-New.pdf,doc-4d373684ce4879ed066003f5,68,doc-4d373684ce4879ed066003f5-p000068-b0002-c0001,"Course Code: CSE 205 Course Title: Data Structures Credits: 3.00 Prerequisite: CSE 101, CSE 103, CSE 105 Introduction to Data Structures, Purposes of data stru cture, operations. Complexity of Algorithms: Asymptotic Notation and Runtime Analysis of Algorithms, Array: Insertion, Deletion, Matrix representation of arrays, Multidimensional arrays, Pointers arrays, Record structures, Representation of records in memory; parallel arrays. Sparse matrices. Usefulness of sparse matrices. Strings: implementations and developing algorithms using strings. Linked List: Singly Linked Lists, Doubly Linked Lists and Circular Linked Lists. Basic Operations on Linked List (Insertion, Deletion, Searching, Sorting and Traverse). Stack: Basic Stack Operations (Push and Pop Operations), Infix, Postfix and Prefix Notation of Arithmetic Expressions, Conversions and Evaluations of Arithmetic Expressions Using Stack, Recursion: Direct and indirect recursion, Simulation of recursion, Depth of recursion, Removal of recursion. Towers of Hanoi using recursion. Queue: Basic Queue Operations (Insertion and Deletion), types of Queue, Linear Queue, Priority Queue, Circular Queue and Double-ended Queue, Searching – Sequential Searching, Binary Searching, Basic Sorting: Quick Sort, Merge Sort, Selection Sort, Inserting Sort, Radix Sort, Counting Sort, External Sort, Trees: Basic terminology, Binary Tree: Binary tree representation, Traversal of Binary Tree (Inorder, Preorder and Postorder), Application of Binary Trees. Set Representation, Counting Binary Trees, Binary Search Tree: BST representation, Basic",2,2,[],1,False,False,0,False,True,True,True,True,[],,[],0.034565000000384316,0.031112299999676907,0.0,0.00047230000018316787,,,449146880,451162112,1122779136,575549440
step9-development-framework-final-20260929T184525403813Z-b5d1d8,Q050:bangla,Q050,bangla,CSE 205 Data Structures কোর্সটির ক্রেডিট কত?,CSE 205 Data Structures 3.00 ক্রেডিটের কোর্স।,True,"[""curricula_BSc-Curriculum-New.pdf""]","[""52""]",[],verified,course_credit,medium,CSE 205,bangla,cse 205,credits,,SUPPORTED,DIRECT_STRUCTURED_SUPPORT,STRONG,structured_exact,CSE 205 কোর্সটির ক্রেডিট 3.00।,True,curricula_BSc-Curriculum-New.pdf,curricula_BSc-Curriculum-New.pdf,doc-4d373684ce4879ed066003f5,52,doc-4d373684ce4879ed066003f5-p000052-b0012-c0001,"CSE 205 Data Structures 3.00 CSE 101, CSE103, CSE 105",2,2,[],1,False,False,0,False,True,True,True,True,[],,[],0.03865219999988767,0.034907299999758834,0.0,0.0005203000000619795,,,449146880,451162112,1122713600,575549440
step9-development-framework-final-20260929T184525403813Z-b5d1d8,Q050:banglish,Q050,banglish,CSE 205 Data Structures course-er credit koto?,CSE 205 Data Structures 3.00-credit course.,True,"[""curricula_BSc-Curriculum-New.pdf""]","[""52""]",[],verified,course_credit,medium,CSE 205,banglish,cse 205,credits,,SUPPORTED,DIRECT_STRUCTURED_SUPPORT,STRONG,structured_exact,CSE 205 course-er credit 3.00.,True,curricula_BSc-Curriculum-New.pdf,curricula_BSc-Curriculum-New.pdf,doc-4d373684ce4879ed066003f5,68,doc-4d373684ce4879ed066003f5-p000068-b0002-c0001,"Course Code: CSE 205 Course Title: Data Structures Credits: 3.00 Prerequisite: CSE 101, CSE 103, CSE 105 Introduction to Data Structures, Purposes of data stru cture, operations. Complexity of Algorithms: Asymptotic Notation and Runtime Analysis of Algorithms, Array: Insertion, Deletion, Matrix representation of arrays, Multidimensional arrays, Pointers arrays, Record structures, Representation of records in memory; parallel arrays. Sparse matrices. Usefulness of sparse matrices. Strings: implementations and developing algorithms using strings. Linked List: Singly Linked Lists, Doubly Linked Lists and Circular Linked Lists. Basic Operations on Linked List (Insertion, Deletion, Searching, Sorting and Traverse). Stack: Basic Stack Operations (Push and Pop Operations), Infix, Postfix and Prefix Notation of Arithmetic Expressions, Conversions and Evaluations of Arithmetic Expressions Using Stack, Recursion: Direct and indirect recursion, Simulation of recursion, Depth of recursion, Removal of recursion. Towers of Hanoi using recursion. Queue: Basic Queue Operations (Insertion and Deletion), types of Queue, Linear Queue, Priority Queue, Circular Queue and Double-ended Queue, Searching – Sequential Searching, Binary Searching, Basic Sorting: Quick Sort, Merge Sort, Selection Sort, Inserting Sort, Radix Sort, Counting Sort, External Sort, Trees: Basic terminology, Binary Tree: Binary tree representation, Traversal of Binary Tree (Inorder, Preorder and Postorder), Application of Binary Trees. Set Representation, Counting Binary Trees, Binary Search Tree: BST representation, Basic",2,2,[],1,False,False,0,False,True,True,True,True,[],,[],0.03807439999991402,0.034720199999810575,0.0,0.00048210000022663735,,,449150976,451166208,1122648064,575549440
step9-development-framework-final-20260929T184525403813Z-b5d1d8,Q051:english,Q051,english,How many credits is CSE 206 Data Structures Lab?,CSE 206 Data Structures Lab is a 1.50-credit course.,True,"[""curricula_BSc-Curriculum-New.pdf""]","[""52""]",[],verified,course_credit,medium,CSE 206,english,cse 206,credits,course_credits,SUPPORTED,DIRECT_RELATION_SUPPORT,STRONG,semi_structured_relation,CSE 206 carries 1.50 credits.,True,curricula_BSc-Curriculum-New.pdf,curricula_BSc-Curriculum-New.pdf,doc-4d373684ce4879ed066003f5,69,doc-4d373684ce4879ed066003f5-p000069-b0003-c0001,"Course Code: CSE 206 Course Title: Data Structures Lab Credits: 1.50 Prerequisite: None Objectives: Laboratory assignments will be based on Course CSE -205. Students will be able to implement different data strcutures; like Array, String, Linked List, Stack, Queue, Tree, and Graph in any programming language. They will be introduced with different sorting algorithms and advanced data structures. Text Book: 1. Data Structures, Seymour Lipschutz, Schaum‘s outlines, 2nd edition. 2. Data Structures and Program Design, Robert L. Kruse, Prentice Hall. 3. Data structures and problem solving using C++, Second edition Mark Allen Weiss, Pearson Addition Wesley Education. 4. Data Structures Using C and C++, Yedidyah Langsam, Moshe J. Augenstein, and Aaron M. Tenenbaum, Prentice Hall. 5. Data Structures, Edward M. Reigngold. Wilfred J. H ansen, Addison Wesley Publishing Company",2,2,[],1,False,False,0,False,True,True,True,True,[],course_credits,"[""1.50""]",0.03633219999983339,0.03397720000020854,0.0,0.0004201000001557986,,,449159168,451174400,1122709504,575549440
step9-development-framework-final-20260929T184525403813Z-b5d1d8,Q051:bangla,Q051,bangla,CSE 206 Data Structures Lab কোর্সটির ক্রেডিট কত?,CSE 206 Data Structures Lab 1.50 ক্রেডিটের কোর্স।,True,"[""curricula_BSc-Curriculum-New.pdf""]","[""52""]",[],verified,course_credit,medium,CSE 206,bangla,cse 206,credits,course_credits,SUPPORTED,DIRECT_RELATION_SUPPORT,STRONG,semi_structured_relation,CSE 206 কোর্সের ক্রেডিট 1.50।,True,curricula_BSc-Curriculum-New.pdf,curricula_BSc-Curriculum-New.pdf,doc-4d373684ce4879ed066003f5,52,doc-4d373684ce4879ed066003f5-p000052-b0013-c0001,CSE 206 Data Structures Lab 1.50 Nil,2,2,[],1,False,False,0,False,True,True,True,True,[],course_credits,"[""1.50""]",0.04038829999990412,0.03815379999969082,0.0,0.00031189999981506844,,,449159168,451174400,1122721792,575549440
step9-development-framework-final-20260929T184525403813Z-b5d1d8,Q051:banglish,Q051,banglish,CSE 206 Data Structures Lab course-er credit koto?,CSE 206 Data Structures Lab 1.50-credit course.,True,"[""curricula_BSc-Curriculum-New.pdf""]","[""52""]",[],verified,course_credit,medium,CSE 206,banglish,cse 206,credits,course_credits,SUPPORTED,DIRECT_RELATION_SUPPORT,STRONG,semi_structured_relation,CSE 206 course-er credit 1.50.,True,curricula_BSc-Curriculum-New.pdf,curricula_BSc-Curriculum-New.pdf,doc-4d373684ce4879ed066003f5,69,doc-4d373684ce4879ed066003f5-p000069-b0003-c0001,"Course Code: CSE 206 Course Title: Data Structures Lab Credits: 1.50 Prerequisite: None Objectives: Laboratory assignments will be based on Course CSE -205. Students will be able to implement different data strcutures; like Array, String, Linked List, Stack, Queue, Tree, and Graph in any programming language. They will be introduced with different sorting algorithms and advanced data structures. Text Book: 1. Data Structures, Seymour Lipschutz, Schaum‘s outlines, 2nd edition. 2. Data Structures and Program Design, Robert L. Kruse, Prentice Hall. 3. Data structures and problem solving using C++, Second edition Mark Allen Weiss, Pearson Addition Wesley Education. 4. Data Structures Using C and C++, Yedidyah Langsam, Moshe J. Augenstein, and Aaron M. Tenenbaum, Prentice Hall. 5. Data Structures, Edward M. Reigngold. Wilfred J. H ansen, Addison Wesley Publishing Company",2,2,[],1,False,False,0,False,True,True,True,True,[],course_credits,"[""1.50""]",0.04157450000002427,0.03907329999992726,0.0,0.0004310999997869658,,,449159168,451174400,1124880384,575549440
step9-development-framework-final-20260929T184525403813Z-b5d1d8,Q052:english,Q052,english,How many credits is MTH 201 Math III: Multivariable Calculus?,MTH 201 Math III: Multivariable Calculus is a 3.00-credit course.,True,"[""curricula_BSc-Curriculum-New.pdf""]","[""52""]",[],verified,course_credit,medium,MTH 201,english,mth 201,credits,,SUPPORTED,DIRECT_STRUCTURED_SUPPORT,STRONG,structured_exact,MTH 201 carries 3.00 credits.,True,curricula_BSc-Curriculum-New.pdf,curricula_BSc-Curriculum-New.pdf,doc-4d373684ce4879ed066003f5,67,doc-4d373684ce4879ed066003f5-p000067-b0009-c0001,"Course Code: MTH 201 Course Title: Math III: Multivariable Calculus Credits: 3.00 Prerequisite: MTH 103, MTH 101 Vectors and the Ge ometry of Space: Cylinders and Quadric Surfaces. Vector Functions: Vector Functions and Space Curves, Derivatives and Integrals of Vector, Functions, Arc Length and Curvature, Motion in Space: Velocity and Acceleration. Partial Derivatives: Functions of Se veral Variables, Limits and Continuity, Partial Derivatives, Tangent Planes and Linear Approximations, The Chain Rule, Directional Derivatives and the Gradient Vector, Maximum and Minimum Values, Lagrange Multipliers. Multiple Integrals: Double Integrals o ver Rectangles, Iterated Integrals, Double Integrals over General Regions, Double Integrals in Polar Coordinates, Applications of Double Integrals, Surface Area, Triple Integrals, Triple Integrals in Cylindrical Coordinates, Triple Integrals in Spherical Coordinates, Change of Variables in Multiple Integrals. Vector Calculus: Vector Fields, Line Integrals, The Fundamental Theorem for Line Integrals, Green‘s Theorem, Curl and Divergence, Parametric Surfaces and Their Areas, Surface Integrals, Stokes‘ Theore m, The Divergence Theorem. Books Recommended: 1. James Stewart, Multivariable Calculus, Cengage Learning. 2. Edwards, Henry C., and David E. Penney. Multivariable Calculus, Prentice Hall.",2,2,[],1,False,False,0,False,True,True,True,True,[],,[],0.042718899999727,0.03945900000007896,0.0,0.0005371000002014625,,,449159168,451174400,1123909632,575549440
step9-development-framework-final-20260929T184525403813Z-b5d1d8,Q052:bangla,Q052,bangla,MTH 201 Math III: Multivariable Calculus কোর্সটির ক্রেডিট কত?,MTH 201 Math III: Multivariable Calculus 3.00 ক্রেডিটের কোর্স।,True,"[""curricula_BSc-Curriculum-New.pdf""]","[""52""]",[],verified,course_credit,medium,MTH 201,bangla,mth 201,credits,,SUPPORTED,DIRECT_STRUCTURED_SUPPORT,STRONG,structured_exact,MTH 201 কোর্সটির ক্রেডিট 3.00।,True,curricula_BSc-Curriculum-New.pdf,curricula_BSc-Curriculum-New.pdf,doc-4d373684ce4879ed066003f5,52,doc-4d373684ce4879ed066003f5-p000052-b0014-c0001,"MTH 201 Math III: Multivariable Calculus 3.00 MTH 103, MTH 101",2,2,[],1,False,False,0,False,True,True,True,True,[],,[],0.047862399999758054,0.04443330000003698,0.0,0.0005945000002611778,,,449159168,451174400,1122861056,575549440
step9-development-framework-final-20260929T184525403813Z-b5d1d8,Q052:banglish,Q052,banglish,MTH 201 Math III: Multivariable Calculus course-er credit koto?,MTH 201 Math III: Multivariable Calculus 3.00-credit course.,True,"[""curricula_BSc-Curriculum-New.pdf""]","[""52""]",[],verified,course_credit,medium,MTH 201,banglish,mth 201,credits,,SUPPORTED,DIRECT_STRUCTURED_SUPPORT,STRONG,structured_exact,MTH 201 course-er credit 3.00.,True,curricula_BSc-Curriculum-New.pdf,curricula_BSc-Curriculum-New.pdf,doc-4d373684ce4879ed066003f5,67,doc-4d373684ce4879ed066003f5-p000067-b0009-c0001,"Course Code: MTH 201 Course Title: Math III: Multivariable Calculus Credits: 3.00 Prerequisite: MTH 103, MTH 101 Vectors and the Ge ometry of Space: Cylinders and Quadric Surfaces. Vector Functions: Vector Functions and Space Curves, Derivatives and Integrals of Vector, Functions, Arc Length and Curvature, Motion in Space: Velocity and Acceleration. Partial Derivatives: Functions of Se veral Variables, Limits and Continuity, Partial Derivatives, Tangent Planes and Linear Approximations, The Chain Rule, Directional Derivatives and the Gradient Vector, Maximum and Minimum Values, Lagrange Multipliers. Multiple Integrals: Double Integrals o ver Rectangles, Iterated Integrals, Double Integrals over General Regions, Double Integrals in Polar Coordinates, Applications of Double Integrals, Surface Area, Triple Integrals, Triple Integrals in Cylindrical Coordinates, Triple Integrals in Spherical Coordinates, Change of Variables in Multiple Integrals. Vector Calculus: Vector Fields, Line Integrals, The Fundamental Theorem for Line Integrals, Green‘s Theorem, Curl and Divergence, Parametric Surfaces and Their Areas, Surface Integrals, Stokes‘ Theore m, The Divergence Theorem. Books Recommended: 1. James Stewart, Multivariable Calculus, Cengage Learning. 2. Edwards, Henry C., and David E. Penney. Multivariable Calculus, Prentice Hall.",2,2,[],1,False,False,0,False,True,True,True,True,[],,[],0.04800280000017665,0.044740700000147626,0.0,0.000541599999905884,,,449159168,451174400,1122885632,575549440
step9-development-framework-final-20260929T184525403813Z-b5d1d8,Q053:english,Q053,english,How many credits is EEE 221 Electrical & Electronic Engineering II?,EEE 221 Electrical & Electronic Engineering II is a 4.00-credit course.,True,"[""curricula_BSc-Curriculum-New.pdf""]","[""52""]",[],verified,course_credit,medium,EEE 221,english,eee 221,credits,course_credits,SUPPORTED,DIRECT_RELATION_SUPPORT,STRONG,semi_structured_relation,EEE 221 carries 4.00 credits.,True,curricula_BSc-Curriculum-New.pdf,curricula_BSc-Curriculum-New.pdf,doc-4d373684ce4879ed066003f5,68,doc-4d373684ce4879ed066003f5-p000068-b0001-c0001,"Course Code: EEE 221 Course Title: Electrical & Electronics Engineering II Credits: 4.00 Prerequisite: None Electrical Drives: 3- balanced and unbalanced circuit analysis, DC Generator: Principles, operations and characteristics study; DC Motor: Principles, operations and characteristics study, Transformer: Principles , operations and characteristics study, 3 - induction motor: Principles, operations and characteristics study, Stepper motor: Principles, operations and characteristics study. Instrumentation: Transducers, Solenoids, Relay, Stepper Motor, Digital -Multi-meter, Digital -Watt-meter. Digital Electronics: Introduction to MOSFET, Basic terminology; TTL, NMOS and CMOS logic; Digital to analog converter: specifications, weighted and R-2R ladder; Analog to Digital converter: specifications, Flash, Successive Approximation, Dual -slope converters, etc.; Memory elements: ROM, static RAM and dynamic RAM, memory expansion. Pulse Techniques: Operational amplifier: linear applications, dc performance, ac performance; Design of Active filters: low pass, high pass and band pas s; Square, triangular and saw tooth wave generation techniques, 555 timers and their applications, application of Schmitt triggers in wave shaping, application of diodes in clipping and clamping, application of inverter, chopper, rectifier, and switch mode power supply. Books: 1. A Text Book of Electrical Technology II – B L Thereja, Chand (S) & Co Ltd ,India. 2. Power Electronics, Daniel Hart, McGraw-Hill. 3. Digital System Principles and Applications – Ronald j Tocci, Neal Widmer & Greq Moss, Prentice Hall. 4. Operational Amplifier Circuits: Theory and Applications, E J Kennedy, Oxford University Press, USA",2,2,[],1,False,False,0,False,True,True,True,True,[],course_credits,"[""4.00""]",0.042122199999994336,0.03890269999965312,0.0,0.0004984000001968525,,,449159168,451174400,1122885632,575549440
step9-development-framework-final-20260929T184525403813Z-b5d1d8,Q053:bangla,Q053,bangla,EEE 221 Electrical & Electronic Engineering II কোর্সটির ক্রেডিট কত?,EEE 221 Electrical & Electronic Engineering II 4.00 ক্রেডিটের কোর্স।,True,"[""curricula_BSc-Curriculum-New.pdf""]","[""52""]",[],verified,course_credit,medium,EEE 221,bangla,eee 221,credits,course_credits,SUPPORTED,DIRECT_RELATION_SUPPORT,STRONG,semi_structured_relation,EEE 221 কোর্সের ক্রেডিট 4.00।,True,curricula_BSc-Curriculum-New.pdf,curricula_BSc-Curriculum-New.pdf,doc-4d373684ce4879ed066003f5,68,doc-4d373684ce4879ed066003f5-p000068-b0001-c0001,"Course Code: EEE 221 Course Title: Electrical & Electronics Engineering II Credits: 4.00 Prerequisite: None Electrical Drives: 3- balanced and unbalanced circuit analysis, DC Generator: Principles, operations and characteristics study; DC Motor: Principles, operations and characteristics study, Transformer: Principles , operations and characteristics study, 3 - induction motor: Principles, operations and characteristics study, Stepper motor: Principles, operations and characteristics study. Instrumentation: Transducers, Solenoids, Relay, Stepper Motor, Digital -Multi-meter, Digital -Watt-meter. Digital Electronics: Introduction to MOSFET, Basic terminology; TTL, NMOS and CMOS logic; Digital to analog converter: specifications, weighted and R-2R ladder; Analog to Digital converter: specifications, Flash, Successive Approximation, Dual -slope converters, etc.; Memory elements: ROM, static RAM and dynamic RAM, memory expansion. Pulse Techniques: Operational amplifier: linear applications, dc performance, ac performance; Design of Active filters: low pass, high pass and band pas s; Square, triangular and saw tooth wave generation techniques, 555 timers and their applications, application of Schmitt triggers in wave shaping, application of diodes in clipping and clamping, application of inverter, chopper, rectifier, and switch mode power supply. Books: 1. A Text Book of Electrical Technology II – B L Thereja, Chand (S) & Co Ltd ,India. 2. Power Electronics, Daniel Hart, McGraw-Hill. 3. Digital System Principles and Applications – Ronald j Tocci, Neal Widmer & Greq Moss, Prentice Hall. 4. Operational Amplifier Circuits: Theory and Applications, E J Kennedy, Oxford University Press, USA",2,2,[],1,False,False,0,False,True,True,True,True,[],course_credits,"[""4.00""]",0.047374499999932596,0.04380859999992026,0.0,0.0005198999997446663,,,449159168,451174400,1122902016,575549440
step9-development-framework-final-20260929T184525403813Z-b5d1d8,Q053:banglish,Q053,banglish,EEE 221 Electrical & Electronic Engineering II course-er credit koto?,EEE 221 Electrical & Electronic Engineering II 4.00-credit course.,True,"[""curricula_BSc-Curriculum-New.pdf""]","[""52""]",[],verified,course_credit,medium,EEE 221,banglish,eee 221,credits,course_credits,SUPPORTED,DIRECT_RELATION_SUPPORT,STRONG,semi_structured_relation,EEE 221 course-er credit 4.00.,True,curricula_BSc-Curriculum-New.pdf,curricula_BSc-Curriculum-New.pdf,doc-4d373684ce4879ed066003f5,68,doc-4d373684ce4879ed066003f5-p000068-b0001-c0001,"Course Code: EEE 221 Course Title: Electrical & Electronics Engineering II Credits: 4.00 Prerequisite: None Electrical Drives: 3- balanced and unbalanced circuit analysis, DC Generator: Principles, operations and characteristics study; DC Motor: Principles, operations and characteristics study, Transformer: Principles , operations and characteristics study, 3 - induction motor: Principles, operations and characteristics study, Stepper motor: Principles, operations and characteristics study. Instrumentation: Transducers, Solenoids, Relay, Stepper Motor, Digital -Multi-meter, Digital -Watt-meter. Digital Electronics: Introduction to MOSFET, Basic terminology; TTL, NMOS and CMOS logic; Digital to analog converter: specifications, weighted and R-2R ladder; Analog to Digital converter: specifications, Flash, Successive Approximation, Dual -slope converters, etc.; Memory elements: ROM, static RAM and dynamic RAM, memory expansion. Pulse Techniques: Operational amplifier: linear applications, dc performance, ac performance; Design of Active filters: low pass, high pass and band pas s; Square, triangular and saw tooth wave generation techniques, 555 timers and their applications, application of Schmitt triggers in wave shaping, application of diodes in clipping and clamping, application of inverter, chopper, rectifier, and switch mode power supply. Books: 1. A Text Book of Electrical Technology II – B L Thereja, Chand (S) & Co Ltd ,India. 2. Power Electronics, Daniel Hart, McGraw-Hill. 3. Digital System Principles and Applications – Ronald j Tocci, Neal Widmer & Greq Moss, Prentice Hall. 4. Operational Amplifier Circuits: Theory and Applications, E J Kennedy, Oxford University Press, USA",2,2,[],1,False,False,0,False,True,True,True,True,[],course_credits,"[""4.00""]",0.04698809999990772,0.044150100000024395,0.0,0.00047349999977086554,,,449159168,451174400,1122861056,575549440
step9-development-framework-final-20260929T184525403813Z-b5d1d8,Q054:english,Q054,english,How many credits is EEE 222 Electrical & Electronic Engineering II Lab?,EEE 222 Electrical & Electronic Engineering II Lab is a 1.50-credit course.,True,"[""curricula_BSc-Curriculum-New.pdf""]","[""52""]",[],verified,course_credit,medium,EEE 222,english,eee 222,credits,course_credits,SUPPORTED,DIRECT_RELATION_SUPPORT,STRONG,semi_structured_relation,EEE 222 carries 1.50 credits.,True,curricula_BSc-Curriculum-New.pdf,curricula_BSc-Curriculum-New.pdf,doc-4d373684ce4879ed066003f5,69,doc-4d373684ce4879ed066003f5-p000069-b0004-c0001,Course Code: EEE 222 Course Title: Electrical & Electronics Engineering II Lab Credits: 1.50 Prerequisite: None Laboratory work based on EEE 221.,2,2,[],1,False,False,0,False,True,True,True,True,[],course_credits,"[""1.50""]",0.04424579999977141,0.04236859999991793,0.0,0.0004700999998021871,,,449159168,451174400,1123115008,575549440
step9-development-framework-final-20260929T184525403813Z-b5d1d8,Q054:bangla,Q054,bangla,EEE 222 Electrical & Electronic Engineering II Lab কোর্সটির ক্রেডিট কত?,EEE 222 Electrical & Electronic Engineering II Lab 1.50 ক্রেডিটের কোর্স।,True,"[""curricula_BSc-Curriculum-New.pdf""]","[""52""]",[],verified,course_credit,medium,EEE 222,bangla,eee 222,credits,course_credits,SUPPORTED,DIRECT_RELATION_SUPPORT,STRONG,semi_structured_relation,EEE 222 কোর্সের ক্রেডিট 1.50।,True,curricula_BSc-Curriculum-New.pdf,curricula_BSc-Curriculum-New.pdf,doc-4d373684ce4879ed066003f5,69,doc-4d373684ce4879ed066003f5-p000069-b0004-c0001,Course Code: EEE 222 Course Title: Electrical & Electronics Engineering II Lab Credits: 1.50 Prerequisite: None Laboratory work based on EEE 221.,2,2,[],1,False,False,0,False,True,True,True,True,[],course_credits,"[""1.50""]",0.050046500000007654,0.04800859999977547,0.0,0.0005413999997472274,,,449159168,451174400,1123184640,575549440
step9-development-framework-final-20260929T184525403813Z-b5d1d8,Q054:banglish,Q054,banglish,EEE 222 Electrical & Electronic Engineering II Lab course-er credit koto?,EEE 222 Electrical & Electronic Engineering II Lab 1.50-credit course.,True,"[""curricula_BSc-Curriculum-New.pdf""]","[""52""]",[],verified,course_credit,medium,EEE 222,banglish,eee 222,credits,course_credits,SUPPORTED,DIRECT_RELATION_SUPPORT,STRONG,semi_structured_relation,EEE 222 course-er credit 1.50.,True,curricula_BSc-Curriculum-New.pdf,curricula_BSc-Curriculum-New.pdf,doc-4d373684ce4879ed066003f5,69,doc-4d373684ce4879ed066003f5-p000069-b0004-c0001,Course Code: EEE 222 Course Title: Electrical & Electronics Engineering II Lab Credits: 1.50 Prerequisite: None Laboratory work based on EEE 221.,2,2,[],1,False,False,0,False,True,True,True,True,[],course_credits,"[""1.50""]",0.048929499999758264,0.047068299999864394,0.0,0.0004801000000043132,,,449159168,451174400,1118314496,575549440
step9-development-framework-final-20260929T184525403813Z-b5d1d8,Q055:english,Q055,english,How many credits is MTH 203 Probability & Statistics?,MTH 203 Probability & Statistics is a 3.00-credit course.,True,"[""curricula_BSc-Curriculum-New.pdf""]","[""52""]",[],verified,course_credit,medium,MTH 203,english,mth 203,credits,,SUPPORTED,DIRECT_STRUCTURED_SUPPORT,STRONG,structured_exact,MTH 203 carries 3.00 credits.,True,curricula_BSc-Curriculum-New.pdf,curricula_BSc-Curriculum-New.pdf,doc-4d373684ce4879ed066003f5,69,doc-4d373684ce4879ed066003f5-p000069-b0005-c0001,"Course Code: MTH 203 Course Title: Probability & Statistics Credits: 3.00 Prerequisite: None Probability: Static and random variables (discrete and continuous), occurrence of random variables, concept of population and using statistics to make inference on characteristic(s) of population. Experiments, events, sample sp ace, probability. Conditional probability, partitions, total probability, Bayes‘ theorem. Mutually exclusive events and independent events. Probability distributions: binomial, multinomial distribution,",2,2,[],1,False,False,0,False,True,True,True,True,[],,[],0.03720369999973627,0.03356050000002142,0.0,0.0008523999999852094,,,449163264,451178496,1118408704,575549440
step9-development-framework-final-20260929T184525403813Z-b5d1d8,Q055:bangla,Q055,bangla,MTH 203 Probability & Statistics কোর্সটির ক্রেডিট কত?,MTH 203 Probability & Statistics 3.00 ক্রেডিটের কোর্স।,True,"[""curricula_BSc-Curriculum-New.pdf""]","[""52""]",[],verified,course_credit,medium,MTH 203,bangla,mth 203,credits,,SUPPORTED,DIRECT_STRUCTURED_SUPPORT,STRONG,structured_exact,MTH 203 কোর্সটির ক্রেডিট 3.00।,True,curricula_BSc-Curriculum-New.pdf,curricula_BSc-Curriculum-New.pdf,doc-4d373684ce4879ed066003f5,52,doc-4d373684ce4879ed066003f5-p000052-b0017-c0001,MTH 203 Probability & Statistics 3.00 Nil Total 20.50,2,2,[],1,False,False,0,False,True,True,True,True,[],,[],0.03919610000002649,0.03649039999982051,0.0,0.000571600000057515,,,449163264,451178496,1119956992,575549440
step9-development-framework-final-20260929T184525403813Z-b5d1d8,Q055:banglish,Q055,banglish,MTH 203 Probability & Statistics course-er credit koto?,MTH 203 Probability & Statistics 3.00-credit course.,True,"[""curricula_BSc-Curriculum-New.pdf""]","[""52""]",[],verified,course_credit,medium,MTH 203,banglish,mth 203,credits,,SUPPORTED,DIRECT_STRUCTURED_SUPPORT,STRONG,structured_exact,MTH 203 course-er credit 3.00.,True,curricula_BSc-Curriculum-New.pdf,curricula_BSc-Curriculum-New.pdf,doc-4d373684ce4879ed066003f5,69,doc-4d373684ce4879ed066003f5-p000069-b0005-c0001,"Course Code: MTH 203 Course Title: Probability & Statistics Credits: 3.00 Prerequisite: None Probability: Static and random variables (discrete and continuous), occurrence of random variables, concept of population and using statistics to make inference on characteristic(s) of population. Experiments, events, sample sp ace, probability. Conditional probability, partitions, total probability, Bayes‘ theorem. Mutually exclusive events and independent events. Probability distributions: binomial, multinomial distribution,",2,2,[],1,False,False,0,False,True,True,True,True,[],,[],0.03922299999976531,0.036527100000057544,0.0,0.0005115000003570458,,,449163264,451178496,1121394688,575549440
step9-development-framework-final-20260929T184525403813Z-b5d1d8,Q056:english,Q056,english,How many credits is CSE 207 Algorithms?,CSE 207 Algorithms is a 3.00-credit course.,True,"[""curricula_BSc-Curriculum-New.pdf""]","[""53""]",[],verified,course_credit,medium,CSE 207,english,cse 207,credits,,SUPPORTED,DIRECT_STRUCTURED_SUPPORT,STRONG,structured_exact,CSE 207 carries 3.00 credits.,True,curricula_BSc-Curriculum-New.pdf,curricula_BSc-Curriculum-New.pdf,doc-4d373684ce4879ed066003f5,71,doc-4d373684ce4879ed066003f5-p000071-b0003-c0001,"Course Code: CSE 207 Course Title: Algorithm Credits: 3.00 Prerequisite: CSE 103, CSE 205 Introduction: The role of algorithms in computing. Complexity analysis: Growth of function, asymptotic notations, orders, designing worst case and average-case. Recurrence relations : Substitution method, iteration method, master method. Divide and Conquer: Basic idea, control structure properties of D & C, applications of D & C. Dynamic Programming : Elements of Dynamic Programming, Comparison with D & C. Application of Dynamic programming in: Optimal binary search tree, 0/1 Knapsack problem. Greedy Method : Elements of greedy method, basic control structure, Application of Greedy method in: Minimum cost span ning tree, Huffman code, Job sequencing with deadline. Backtracking: Basic idea behind backtracking, control structure. Application of backtracking in: graph coloring problem, n -queens problems. Branch and Bound : Basic idea and control structure of Branch and Bound. FIFO branch and Bound, LC Branch and Bound, the l5 -puzzle problem. Graph related algorithms: Breadth First search, Depth First search, Topological sort, Dijkstra's shortest path algorithm, The Bellman -Ford algorithm for single source shortest p ath, The Floyd -War shall algorithm for all pair shortest path, Johnson's algorithm for sparse graph, Flow networks, the Ford -Fulkerson",1,1,[],1,False,False,0,False,True,True,True,True,[],,[],0.028007000000343396,0.025455399999827932,0.0,0.00031950000038705184,,,449163264,451178496,1121398784,575549440
step9-development-framework-final-20260929T184525403813Z-b5d1d8,Q056:bangla,Q056,bangla,CSE 207 Algorithms কোর্সটির ক্রেডিট কত?,CSE 207 Algorithms 3.00 ক্রেডিটের কোর্স।,True,"[""curricula_BSc-Curriculum-New.pdf""]","[""53""]",[],verified,course_credit,medium,CSE 207,bangla,cse 207,credits,,SUPPORTED,DIRECT_STRUCTURED_SUPPORT,STRONG,structured_exact,CSE 207 কোর্সটির ক্রেডিট 3.00।,True,curricula_BSc-Curriculum-New.pdf,curricula_BSc-Curriculum-New.pdf,doc-4d373684ce4879ed066003f5,53,doc-4d373684ce4879ed066003f5-p000053-b0002-c0001,"CSE 207 Algorithms 3.00 CSE 103, CSE 205",2,2,[],1,False,False,0,False,True,True,True,True,[],,[],0.034355000000232394,0.0313003999999637,0.0,0.0004893999998785148,,,449167360,451182592,1121472512,575549440
step9-development-framework-final-20260929T184525403813Z-b5d1d8,Q056:banglish,Q056,banglish,CSE 207 Algorithms course-er credit koto?,CSE 207 Algorithms 3.00-credit course.,True,"[""curricula_BSc-Curriculum-New.pdf""]","[""53""]",[],verified,course_credit,medium,CSE 207,banglish,cse 207,credits,,SUPPORTED,DIRECT_STRUCTURED_SUPPORT,STRONG,structured_exact,CSE 207 course-er credit 3.00.,True,curricula_BSc-Curriculum-New.pdf,curricula_BSc-Curriculum-New.pdf,doc-4d373684ce4879ed066003f5,71,doc-4d373684ce4879ed066003f5-p000071-b0003-c0001,"Course Code: CSE 207 Course Title: Algorithm Credits: 3.00 Prerequisite: CSE 103, CSE 205 Introduction: The role of algorithms in computing. Complexity analysis: Growth of function, asymptotic notations, orders, designing worst case and average-case. Recurrence relations : Substitution method, iteration method, master method. Divide and Conquer: Basic idea, control structure properties of D & C, applications of D & C. Dynamic Programming : Elements of Dynamic Programming, Comparison with D & C. Application of Dynamic programming in: Optimal binary search tree, 0/1 Knapsack problem. Greedy Method : Elements of greedy method, basic control structure, Application of Greedy method in: Minimum cost span ning tree, Huffman code, Job sequencing with deadline. Backtracking: Basic idea behind backtracking, control structure. Application of backtracking in: graph coloring problem, n -queens problems. Branch and Bound : Basic idea and control structure of Branch and Bound. FIFO branch and Bound, LC Branch and Bound, the l5 -puzzle problem. Graph related algorithms: Breadth First search, Depth First search, Topological sort, Dijkstra's shortest path algorithm, The Bellman -Ford algorithm for single source shortest p ath, The Floyd -War shall algorithm for all pair shortest path, Johnson's algorithm for sparse graph, Flow networks, the Ford -Fulkerson",1,1,[],1,False,False,0,False,True,True,True,True,[],,[],0.035281599999962054,0.031925000000228465,0.0,0.00044660000003204914,,,449171456,451186688,1121685504,575549440
step9-development-framework-final-20260929T184525403813Z-b5d1d8,Q057:english,Q057,english,How many credits is CSE 208 Algorithms Lab?,CSE 208 Algorithms Lab is a 1.50-credit course.,True,"[""curricula_BSc-Curriculum-New.pdf""]","[""53""]",[],verified,course_credit,medium,CSE 208,english,cse 208,credits,course_credits,SUPPORTED,DIRECT_RELATION_SUPPORT,STRONG,semi_structured_relation,CSE 208 carries 1.50 credits.,True,curricula_BSc-Curriculum-New.pdf,curricula_BSc-Curriculum-New.pdf,doc-4d373684ce4879ed066003f5,53,doc-4d373684ce4879ed066003f5-p000053-b0003-c0001,CSE 208 Algorithms Lab 1.50 Nil,2,2,[],1,False,False,0,False,True,True,True,True,[],course_credits,"[""1.50""]",0.0332405999997718,0.030912199999875156,0.0,0.00027709999994840473,,,449171456,451186688,1121144832,575549440
step9-development-framework-final-20260929T184525403813Z-b5d1d8,Q057:bangla,Q057,bangla,CSE 208 Algorithms Lab কোর্সটির ক্রেডিট কত?,CSE 208 Algorithms Lab 1.50 ক্রেডিটের কোর্স।,True,"[""curricula_BSc-Curriculum-New.pdf""]","[""53""]",[],verified,course_credit,medium,CSE 208,bangla,cse 208,credits,course_credits,SUPPORTED,DIRECT_RELATION_SUPPORT,STRONG,semi_structured_relation,CSE 208 কোর্সের ক্রেডিট 1.50।,True,curricula_BSc-Curriculum-New.pdf,curricula_BSc-Curriculum-New.pdf,doc-4d373684ce4879ed066003f5,53,doc-4d373684ce4879ed066003f5-p000053-b0003-c0001,CSE 208 Algorithms Lab 1.50 Nil,2,2,[],1,False,False,0,False,True,True,True,True,[],course_credits,"[""1.50""]",0.03852640000013707,0.036810200000218174,0.0,0.00029720000020461157,,,449171456,451186688,1121288192,575549440
step9-development-framework-final-20260929T184525403813Z-b5d1d8,Q057:banglish,Q057,banglish,CSE 208 Algorithms Lab course-er credit koto?,CSE 208 Algorithms Lab 1.50-credit course.,True,"[""curricula_BSc-Curriculum-New.pdf""]","[""53""]",[],verified,course_credit,medium,CSE 208,banglish,cse 208,credits,course_credits,SUPPORTED,DIRECT_RELATION_SUPPORT,STRONG,semi_structured_relation,CSE 208 course-er credit 1.50.,True,curricula_BSc-Curriculum-New.pdf,curricula_BSc-Curriculum-New.pdf,doc-4d373684ce4879ed066003f5,53,doc-4d373684ce4879ed066003f5-p000053-b0003-c0001,CSE 208 Algorithms Lab 1.50 Nil,2,2,[],1,False,False,0,False,True,True,True,True,[],course_credits,"[""1.50""]",0.03679260000035356,0.0349765999999363,0.0,0.0002898999996432394,,,449179648,451194880,1121669120,575549440
step9-development-framework-final-20260929T184525403813Z-b5d1d8,Q058:english,Q058,english,How many credits is CSE 209 Digital Logic & System Design?,CSE 209 Digital Logic & System Design is a 4.00-credit course.,True,"[""curricula_BSc-Curriculum-New.pdf""]","[""53""]",[],verified,course_credit,medium,CSE 209,english,cse 209,credits,course_credits,SUPPORTED,DIRECT_RELATION_SUPPORT,STRONG,semi_structured_relation,CSE 209 carries 4.00 credits.,True,curricula_BSc-Curriculum-New.pdf,curricula_BSc-Curriculum-New.pdf,doc-4d373684ce4879ed066003f5,73,doc-4d373684ce4879ed066003f5-p000073-b0003-c0001,"Course Code: CSE 209 Course Title: Digital Logic & System Design Credits: 4.00 Prerequisite: None Boolean Algebra: truth tables, canonical and standard forms of functions, logic operations; Simplification of functions: Karnaugh map, SOP and POS methods, non -degenerate terms, don‘t care conditions, tabulation method; Logic gates: AND, OR, NOT and universal gates, NAND, NOR, wired -OR and wired-AND implementation; Combinational logic: half and full adder and subtractor, binary parallel adder, BCD adder, encoder and decoder, multiplexer and demultiplexer, Boolean function implementation using decoder and multiplexer; design and implementation of logic circuits; Sequential logic: latches, flip flops, flip flop excitation table; Counters: asynchronous and synchronous binary and BCD counters, Johnson counters and ring counters; Synchronous sequential circuits: state diagrams, state tables, state equations, Mealy and Moore type circuits, state reduction, state assignment, incompletely specified diagrams; Asynchronous Sequential circuits: fundamental and pulse mode circuits, race and cycles, methods of secondary assignment. Design the various Components of a Computer: Flag Registers Shi ft and Parallel Registers Memory Units, Control Unit. Design of Simple Microprocessor, (SAP1 & SAP2): Architecture, Instructions Set, Instruction Cycle, Programming Model) Text Book: 1. Digital Electronics- Author: Ronald J. Tocci, Publisher: Prentice Hall 2. Digital Logic and Computer Design - Author: M. Morris Mano, Publisher: Pearson Prentice Hall 3. Digital Computer Electronics - Author: Malvino - Brown, Publisher: TaTa-McGraw Hill",2,2,[],1,False,False,0,False,True,True,True,True,[],course_credits,"[""4.00""]",0.04236060000039288,0.03950970000005327,0.0,0.0004515000000537839,,,449183744,451198976,1121718272,575549440
step9-development-framework-final-20260929T184525403813Z-b5d1d8,Q058:bangla,Q058,bangla,CSE 209 Digital Logic & System Design কোর্সটির ক্রেডিট কত?,CSE 209 Digital Logic & System Design 4.00 ক্রেডিটের কোর্স।,True,"[""curricula_BSc-Curriculum-New.pdf""]","[""53""]",[],verified,course_credit,medium,CSE 209,bangla,cse 209,credits,course_credits,SUPPORTED,DIRECT_RELATION_SUPPORT,STRONG,semi_structured_relation,CSE 209 কোর্সের ক্রেডিট 4.00।,True,curricula_BSc-Curriculum-New.pdf,curricula_BSc-Curriculum-New.pdf,doc-4d373684ce4879ed066003f5,53,doc-4d373684ce4879ed066003f5-p000053-b0004-c0001,CSE 209 Digital Logic & System Design 4.00 Nil,2,2,[],1,False,False,0,False,True,True,True,True,[],course_credits,"[""4.00""]",0.04710870000008072,0.044253500000195345,0.0,0.0003431000000091444,,,449183744,451198976,1121681408,575549440
step9-development-framework-final-20260929T184525403813Z-b5d1d8,Q058:banglish,Q058,banglish,CSE 209 Digital Logic & System Design course-er credit koto?,CSE 209 Digital Logic & System Design 4.00-credit course.,True,"[""curricula_BSc-Curriculum-New.pdf""]","[""53""]",[],verified,course_credit,medium,CSE 209,banglish,cse 209,credits,course_credits,SUPPORTED,DIRECT_RELATION_SUPPORT,STRONG,semi_structured_relation,CSE 209 course-er credit 4.00.,True,curricula_BSc-Curriculum-New.pdf,curricula_BSc-Curriculum-New.pdf,doc-4d373684ce4879ed066003f5,73,doc-4d373684ce4879ed066003f5-p000073-b0003-c0001,"Course Code: CSE 209 Course Title: Digital Logic & System Design Credits: 4.00 Prerequisite: None Boolean Algebra: truth tables, canonical and standard forms of functions, logic operations; Simplification of functions: Karnaugh map, SOP and POS methods, non -degenerate terms, don‘t care conditions, tabulation method; Logic gates: AND, OR, NOT and universal gates, NAND, NOR, wired -OR and wired-AND implementation; Combinational logic: half and full adder and subtractor, binary parallel adder, BCD adder, encoder and decoder, multiplexer and demultiplexer, Boolean function implementation using decoder and multiplexer; design and implementation of logic circuits; Sequential logic: latches, flip flops, flip flop excitation table; Counters: asynchronous and synchronous binary and BCD counters, Johnson counters and ring counters; Synchronous sequential circuits: state diagrams, state tables, state equations, Mealy and Moore type circuits, state reduction, state assignment, incompletely specified diagrams; Asynchronous Sequential circuits: fundamental and pulse mode circuits, race and cycles, methods of secondary assignment. Design the various Components of a Computer: Flag Registers Shi ft and Parallel Registers Memory Units, Control Unit. Design of Simple Microprocessor, (SAP1 & SAP2): Architecture, Instructions Set, Instruction Cycle, Programming Model) Text Book: 1. Digital Electronics- Author: Ronald J. Tocci, Publisher: Prentice Hall 2. Digital Logic and Computer Design - Author: M. Morris Mano, Publisher: Pearson Prentice Hall 3. Digital Computer Electronics - Author: Malvino - Brown, Publisher: TaTa-McGraw Hill",2,2,[],1,False,False,0,False,True,True,True,True,[],course_credits,"[""4.00""]",0.04837619999989329,0.04501540000001114,0.0,0.0005151999998815882,,,449183744,451198976,1121697792,575549440
step9-development-framework-final-20260929T184525403813Z-b5d1d8,Q059:english,Q059,english,How many credits is CSE 210 Digital Logic & System Design Lab?,CSE 210 Digital Logic & System Design Lab is a 1.50-credit course.,True,"[""curricula_BSc-Curriculum-New.pdf""]","[""53""]",[],verified,course_credit,medium,CSE 210,english,cse 210,credits,course_credits,SUPPORTED,DIRECT_RELATION_SUPPORT,STRONG,semi_structured_relation,CSE 210 carries 1.50 credits.,True,curricula_BSc-Curriculum-New.pdf,curricula_BSc-Curriculum-New.pdf,doc-4d373684ce4879ed066003f5,73,doc-4d373684ce4879ed066003f5-p000073-b0004-c0001,Course Code: CSE 210 Course Title: Digital Logic & System Design Lab Credits: 1.50 Prerequisite: None Laboratory work will be based on the theory classes.,2,2,[],1,False,False,0,False,True,True,True,True,[],course_credits,"[""1.50""]",0.04494979999981297,0.042758000000048924,0.0,0.0005053999998381187,,,449183744,451198976,1121665024,575549440
step9-development-framework-final-20260929T184525403813Z-b5d1d8,Q059:bangla,Q059,bangla,CSE 210 Digital Logic & System Design Lab কোর্সটির ক্রেডিট কত?,CSE 210 Digital Logic & System Design Lab 1.50 ক্রেডিটের কোর্স।,True,"[""curricula_BSc-Curriculum-New.pdf""]","[""53""]",[],verified,course_credit,medium,CSE 210,bangla,cse 210,credits,course_credits,SUPPORTED,DIRECT_RELATION_SUPPORT,STRONG,semi_structured_relation,CSE 210 কোর্সের ক্রেডিট 1.50।,True,curricula_BSc-Curriculum-New.pdf,curricula_BSc-Curriculum-New.pdf,doc-4d373684ce4879ed066003f5,53,doc-4d373684ce4879ed066003f5-p000053-b0005-c0001,CSE 210 Digital Logic & System Design Lab 1.50 Nil,2,2,[],1,False,False,0,False,True,True,True,True,[],course_credits,"[""1.50""]",0.050293799999963085,0.04727980000006937,0.0,0.0003868999997393985,,,449187840,451203072,1121562624,575549440
step9-development-framework-final-20260929T184525403813Z-b5d1d8,Q059:banglish,Q059,banglish,CSE 210 Digital Logic & System Design Lab course-er credit koto?,CSE 210 Digital Logic & System Design Lab 1.50-credit course.,True,"[""curricula_BSc-Curriculum-New.pdf""]","[""53""]",[],verified,course_credit,medium,CSE 210,banglish,cse 210,credits,course_credits,SUPPORTED,DIRECT_RELATION_SUPPORT,STRONG,semi_structured_relation,CSE 210 course-er credit 1.50.,True,curricula_BSc-Curriculum-New.pdf,curricula_BSc-Curriculum-New.pdf,doc-4d373684ce4879ed066003f5,73,doc-4d373684ce4879ed066003f5-p000073-b0004-c0001,Course Code: CSE 210 Course Title: Digital Logic & System Design Lab Credits: 1.50 Prerequisite: None Laboratory work will be based on the theory classes.,2,2,[],1,False,False,0,False,True,True,True,True,[],course_credits,"[""1.50""]",0.04798909999999523,0.04586810000000696,0.0,0.00046070000007603085,,,449191936,451207168,1121562624,575549440
step9-development-framework-final-20260929T184525403813Z-b5d1d8,Q060:english,Q060,english,How many credits is CSE 211 Database Systems?,CSE 211 Database Systems is a 3.00-credit course.,True,"[""curricula_BSc-Curriculum-New.pdf""]","[""53""]",[],verified,course_credit,medium,CSE 211,english,cse 211,credits,course_credits,SUPPORTED,DIRECT_RELATION_SUPPORT,STRONG,semi_structured_relation,CSE 211 carries 3.00 credits.,True,curricula_BSc-Curriculum-New.pdf,curricula_BSc-Curriculum-New.pdf,doc-4d373684ce4879ed066003f5,73,doc-4d373684ce4879ed066003f5-p000073-b0005-c0001,"Course Code: CSE 211 Course Title: Database Systems Credits: 3.00 Prerequisite: None Introduction: Purpose of Database Systems, Data Abstraction, Data Models, Instances and Sc hemes, Data Independence, Data Definition Language, Data Manipulation Language, Database Manager, Database administrator, Database Users, Overall System Structure, Advantages and Disadvantage of a Database Systems. Data Mining and analysis, Database",2,2,[],1,False,False,0,False,True,True,True,True,[],course_credits,"[""3.00""]",0.030969500000082917,0.029068800000004558,0.0,0.0003984999998465355,,,449191936,451207168,1121562624,575549440
step9-development-framework-final-20260929T184525403813Z-b5d1d8,Q060:bangla,Q060,bangla,CSE 211 Database Systems কোর্সটির ক্রেডিট কত?,CSE 211 Database Systems 3.00 ক্রেডিটের কোর্স।,True,"[""curricula_BSc-Curriculum-New.pdf""]","[""53""]",[],verified,course_credit,medium,CSE 211,bangla,cse 211,credits,course_credits,SUPPORTED,DIRECT_RELATION_SUPPORT,STRONG,semi_structured_relation,CSE 211 কোর্সের ক্রেডিট 3.00।,True,curricula_BSc-Curriculum-New.pdf,curricula_BSc-Curriculum-New.pdf,doc-4d373684ce4879ed066003f5,53,doc-4d373684ce4879ed066003f5-p000053-b0006-c0001,CSE 211 Database Systems 3.00 Nil,2,2,[],1,False,False,0,False,True,True,True,True,[],course_credits,"[""3.00""]",0.037866899999698944,0.03563589999976102,0.0,0.00030829999968773336,,,449191936,451207168,1121566720,575549440
step9-development-framework-final-20260929T184525403813Z-b5d1d8,Q060:banglish,Q060,banglish,CSE 211 Database Systems course-er credit koto?,CSE 211 Database Systems 3.00-credit course.,True,"[""curricula_BSc-Curriculum-New.pdf""]","[""53""]",[],verified,course_credit,medium,CSE 211,banglish,cse 211,credits,course_credits,SUPPORTED,DIRECT_RELATION_SUPPORT,STRONG,semi_structured_relation,CSE 211 course-er credit 3.00.,True,curricula_BSc-Curriculum-New.pdf,curricula_BSc-Curriculum-New.pdf,doc-4d373684ce4879ed066003f5,73,doc-4d373684ce4879ed066003f5-p000073-b0005-c0001,"Course Code: CSE 211 Course Title: Database Systems Credits: 3.00 Prerequisite: None Introduction: Purpose of Database Systems, Data Abstraction, Data Models, Instances and Sc hemes, Data Independence, Data Definition Language, Data Manipulation Language, Database Manager, Database administrator, Database Users, Overall System Structure, Advantages and Disadvantage of a Database Systems. Data Mining and analysis, Database",2,2,[],1,False,False,0,False,True,True,True,True,[],course_credits,"[""3.00""]",0.03666720000001078,0.03473349999967468,0.0,0.0004094000000804954,,,449191936,451207168,1121546240,575549440
step9-development-framework-final-20260929T184525403813Z-b5d1d8,Q061:english,Q061,english,How many credits is CSE 212 Database Systems Lab?,CSE 212 Database Systems Lab is a 1.50-credit course.,True,"[""curricula_BSc-Curriculum-New.pdf""]","[""53""]",[],verified,course_credit,medium,CSE 212,english,cse 212,credits,course_credits,SUPPORTED,DIRECT_RELATION_SUPPORT,STRONG,semi_structured_relation,CSE 212 carries 1.50 credits.,True,curricula_BSc-Curriculum-New.pdf,curricula_BSc-Curriculum-New.pdf,doc-4d373684ce4879ed066003f5,74,doc-4d373684ce4879ed066003f5-p000074-b0012-c0001,Course Code: CSE 212 Course Title: Database Systems Lab Credits: 1.50 Prerequisite: None Laboratory works based on theory classes.,2,2,[],1,False,False,0,False,True,True,True,True,[],course_credits,"[""1.50""]",0.03469200000017736,0.032975399999941146,0.0,0.00040789999957269174,,,449200128,451215360,1121693696,575549440
step9-development-framework-final-20260929T184525403813Z-b5d1d8,Q061:bangla,Q061,bangla,CSE 212 Database Systems Lab কোর্সটির ক্রেডিট কত?,CSE 212 Database Systems Lab 1.50 ক্রেডিটের কোর্স।,True,"[""curricula_BSc-Curriculum-New.pdf""]","[""53""]",[],verified,course_credit,medium,CSE 212,bangla,cse 212,credits,course_credits,SUPPORTED,DIRECT_RELATION_SUPPORT,STRONG,semi_structured_relation,CSE 212 কোর্সের ক্রেডিট 1.50।,True,curricula_BSc-Curriculum-New.pdf,curricula_BSc-Curriculum-New.pdf,doc-4d373684ce4879ed066003f5,53,doc-4d373684ce4879ed066003f5-p000053-b0007-c0001,CSE 212 Database Systems Lab 1.50 Nil,2,2,[],1,False,False,0,False,True,True,True,True,[],course_credits,"[""1.50""]",0.04109900000003108,0.03938400000015463,0.0,0.0003210999998373154,,,449200128,451215360,1121755136,575549440
step9-development-framework-final-20260929T184525403813Z-b5d1d8,Q061:banglish,Q061,banglish,CSE 212 Database Systems Lab course-er credit koto?,CSE 212 Database Systems Lab 1.50-credit course.,True,"[""curricula_BSc-Curriculum-New.pdf""]","[""53""]",[],verified,course_credit,medium,CSE 212,banglish,cse 212,credits,course_credits,SUPPORTED,DIRECT_RELATION_SUPPORT,STRONG,semi_structured_relation,CSE 212 course-er credit 1.50.,True,curricula_BSc-Curriculum-New.pdf,curricula_BSc-Curriculum-New.pdf,doc-4d373684ce4879ed066003f5,74,doc-4d373684ce4879ed066003f5-p000074-b0012-c0001,Course Code: CSE 212 Course Title: Database Systems Lab Credits: 1.50 Prerequisite: None Laboratory works based on theory classes.,2,2,[],1,False,False,0,False,True,True,True,True,[],course_credits,"[""1.50""]",0.03973169999972015,0.03804200000013225,0.0,0.0004205000000183645,,,449200128,451215360,1122029568,575549440
step9-development-framework-final-20260929T184525403813Z-b5d1d8,Q062:english,Q062,english,How many credits is MTH 205 Math IV: Differential Equations and Fourier and Laplace Transformations?,MTH 205 Math IV: Differential Equations and Fourier and Laplace Transformations is a 3.00-credit course.,True,"[""curricula_BSc-Curriculum-New.pdf""]","[""53""]",[],verified,course_credit,medium,MTH 205,english,mth 205,credits,,SUPPORTED,DIRECT_STRUCTURED_SUPPORT,STRONG,structured_exact,MTH 205 carries 3.00 credits.,True,curricula_BSc-Curriculum-New.pdf,curricula_BSc-Curriculum-New.pdf,doc-4d373684ce4879ed066003f5,53,doc-4d373684ce4879ed066003f5-p000053-b0008-c0001,MTH 205 Math IV: Differential Equations and Fourier and Laplace Transformations. 3.00 MTH 201,2,2,[],1,False,False,0,False,True,True,True,True,[],,[],0.056900799999766605,0.05282489999990503,0.0,0.0006844999998065759,,,449200128,451215360,1124630528,575549440
step9-development-framework-final-20260929T184525403813Z-b5d1d8,Q062:bangla,Q062,bangla,MTH 205 Math IV: Differential Equations and Fourier and Laplace Transformations কোর্সটির ক্রেডিট কত?,MTH 205 Math IV: Differential Equations and Fourier and Laplace Transformations 3.00 ক্রেডিটের কোর্স।,True,"[""curricula_BSc-Curriculum-New.pdf""]","[""53""]",[],verified,course_credit,medium,MTH 205,bangla,mth 205,credits,,SUPPORTED,DIRECT_STRUCTURED_SUPPORT,STRONG,structured_exact,MTH 205 কোর্সটির ক্রেডিট 3.00।,True,curricula_BSc-Curriculum-New.pdf,curricula_BSc-Curriculum-New.pdf,doc-4d373684ce4879ed066003f5,53,doc-4d373684ce4879ed066003f5-p000053-b0008-c0001,MTH 205 Math IV: Differential Equations and Fourier and Laplace Transformations. 3.00 MTH 201,2,2,[],1,False,False,0,False,True,True,True,True,[],,[],0.06274359999997614,0.05840510000007271,0.0,0.0007697999999436433,,,449200128,451215360,1118466048,575549440
step9-development-framework-final-20260929T184525403813Z-b5d1d8,Q062:banglish,Q062,banglish,MTH 205 Math IV: Differential Equations and Fourier and Laplace Transformations course-er credit koto?,MTH 205 Math IV: Differential Equations and Fourier and Laplace Transformations 3.00-credit course.,True,"[""curricula_BSc-Curriculum-New.pdf""]","[""53""]",[],verified,course_credit,medium,MTH 205,banglish,mth 205,credits,,SUPPORTED,DIRECT_STRUCTURED_SUPPORT,STRONG,structured_exact,MTH 205 course-er credit 3.00.,True,curricula_BSc-Curriculum-New.pdf,curricula_BSc-Curriculum-New.pdf,doc-4d373684ce4879ed066003f5,53,doc-4d373684ce4879ed066003f5-p000053-b0008-c0001,MTH 205 Math IV: Differential Equations and Fourier and Laplace Transformations. 3.00 MTH 201,2,2,[],1,False,False,0,False,True,True,True,True,[],,[],0.0634595999999874,0.05957750000015949,0.0,0.0006789999997636187,,,449200128,451215360,1117478912,575549440
step9-development-framework-final-20260929T184525403813Z-b5d1d8,Q063:english,Q063,english,How many credits is ECN 201 Economics?,ECN 201 Economics is a 2.00-credit course.,True,"[""curricula_BSc-Curriculum-New.pdf""]","[""53""]",[],verified,course_credit,medium,ECN 201,english,ecn 201,credits,,SUPPORTED,DIRECT_STRUCTURED_SUPPORT,STRONG,structured_exact,ECN 201 carries 2.00 credits.,True,curricula_BSc-Curriculum-New.pdf,curricula_BSc-Curriculum-New.pdf,doc-4d373684ce4879ed066003f5,53,doc-4d373684ce4879ed066003f5-p000053-b0009-c0001,ECN 201 Economics 2.00 Nil Total 19.50 Third Year First Semester Course Code Course Title Credits Pre- Requisite,2,2,[],1,False,False,0,False,True,True,True,True,[],,[],0.03323649999992995,0.03012590000025739,0.0,0.0004532000002654968,,,449200128,451215360,1117802496,575549440
step9-development-framework-final-20260929T184525403813Z-b5d1d8,Q063:bangla,Q063,bangla,ECN 201 Economics কোর্সটির ক্রেডিট কত?,ECN 201 Economics 2.00 ক্রেডিটের কোর্স।,True,"[""curricula_BSc-Curriculum-New.pdf""]","[""53""]",[],verified,course_credit,medium,ECN 201,bangla,ecn 201,credits,,SUPPORTED,DIRECT_STRUCTURED_SUPPORT,STRONG,structured_exact,ECN 201 কোর্সটির ক্রেডিট 2.00।,True,curricula_BSc-Curriculum-New.pdf,curricula_BSc-Curriculum-New.pdf,doc-4d373684ce4879ed066003f5,53,doc-4d373684ce4879ed066003f5-p000053-b0009-c0001,ECN 201 Economics 2.00 Nil Total 19.50 Third Year First Semester Course Code Course Title Credits Pre- Requisite,2,2,[],1,False,False,0,False,True,True,True,True,[],,[],0.036801800000375806,0.03322019999995973,0.0,0.0005212000000938133,,,449208320,451223552,1118478336,575549440
step9-development-framework-final-20260929T184525403813Z-b5d1d8,Q063:banglish,Q063,banglish,ECN 201 Economics course-er credit koto?,ECN 201 Economics 2.00-credit course.,True,"[""curricula_BSc-Curriculum-New.pdf""]","[""53""]",[],verified,course_credit,medium,ECN 201,banglish,ecn 201,credits,,SUPPORTED,DIRECT_STRUCTURED_SUPPORT,STRONG,structured_exact,ECN 201 course-er credit 2.00.,True,curricula_BSc-Curriculum-New.pdf,curricula_BSc-Curriculum-New.pdf,doc-4d373684ce4879ed066003f5,53,doc-4d373684ce4879ed066003f5-p000053-b0009-c0001,ECN 201 Economics 2.00 Nil Total 19.50 Third Year First Semester Course Code Course Title Credits Pre- Requisite,2,2,[],1,False,False,0,False,True,True,True,True,[],,[],0.03659819999984393,0.033292700000401965,0.0,0.0004868999999416701,,,449208320,451223552,1118883840,575549440
step9-development-framework-final-20260929T184525403813Z-b5d1d8,Q064:english,Q064,english,How many credits is CSE 303 Data Communications?,CSE 303 Data Communications is a 3.00-credit course.,True,"[""curricula_BSc-Curriculum-New.pdf""]","[""53""]",[],verified,course_credit,medium,CSE 303,english,cse 303,credits,,SUPPORTED,DIRECT_STRUCTURED_SUPPORT,STRONG,structured_exact,CSE 303 carries 3.00 credits.,True,curricula_BSc-Curriculum-New.pdf,curricula_BSc-Curriculum-New.pdf,doc-4d373684ce4879ed066003f5,78,doc-4d373684ce4879ed066003f5-p000078-b0006-c0001,"Course Code: CSE 303 Course Title: Data Communications Credits: 3.00 Prerequisite: ECE 201, PHY 101, MTH 205 Introduction to data communication model, Data communication task, Data communication standards and organization, protocol architecture, TCP/IP model and OSI model : data representation, signal encoding and signal analysis; Data Transmission Channel: channel capacity, transmission line characteristics, Baseband and Broadband transmission; Guided and unguided transmission media; Transmission networks; Transmission modulation techniques, modems and interfaces; Multiplexing techniques; Introduction to error handling and switching techniques. Introduction to modulation techniques: pulse modulation, pulse amplitude modulation, pulse width modulat ion and pulse position modulation; pulse code modulation: quantization, delta modulation; TDM, FDM, OOK, FSK, PSK, QPSK; representation of noise, threshold effects in PCM and FM; asynchronous and synchronous communications; Data link control: Line configurations, flow control and error control techniques - sliding window, stop and wait ARQ, selective reject ARQ and HDLC protocol. Reference Books: 1. Behrouz A. Forouzan, Data Communications and Networking, 4 th Edition. McGraw-Hill. 2. William Stallings, Data and C omputer Communications, Published by Pearson, 8th Edition",2,2,[],1,False,False,0,False,True,True,True,True,[],,[],0.033706899999742745,0.030541400000402064,0.0,0.000476899999739544,,,449208320,451223552,1119137792,575549440
step9-development-framework-final-20260929T184525403813Z-b5d1d8,Q064:bangla,Q064,bangla,CSE 303 Data Communications কোর্সটির ক্রেডিট কত?,CSE 303 Data Communications 3.00 ক্রেডিটের কোর্স।,True,"[""curricula_BSc-Curriculum-New.pdf""]","[""53""]",[],verified,course_credit,medium,CSE 303,bangla,cse 303,credits,,SUPPORTED,DIRECT_STRUCTURED_SUPPORT,STRONG,structured_exact,CSE 303 কোর্সটির ক্রেডিট 3.00।,True,curricula_BSc-Curriculum-New.pdf,curricula_BSc-Curriculum-New.pdf,doc-4d373684ce4879ed066003f5,53,doc-4d373684ce4879ed066003f5-p000053-b0010-c0001,"CSE 303 Data Communications 3.00 ECE 201, PHY 101, MTH 205",2,2,[],1,False,False,0,False,True,True,True,True,[],,[],0.03980830000000424,0.03636349999987942,0.0,0.0005556000000979111,,,449208320,451223552,1119944704,575549440
step9-development-framework-final-20260929T184525403813Z-b5d1d8,Q064:banglish,Q064,banglish,CSE 303 Data Communications course-er credit koto?,CSE 303 Data Communications 3.00-credit course.,True,"[""curricula_BSc-Curriculum-New.pdf""]","[""53""]",[],verified,course_credit,medium,CSE 303,banglish,cse 303,credits,,SUPPORTED,DIRECT_STRUCTURED_SUPPORT,STRONG,structured_exact,CSE 303 course-er credit 3.00.,True,curricula_BSc-Curriculum-New.pdf,curricula_BSc-Curriculum-New.pdf,doc-4d373684ce4879ed066003f5,78,doc-4d373684ce4879ed066003f5-p000078-b0006-c0001,"Course Code: CSE 303 Course Title: Data Communications Credits: 3.00 Prerequisite: ECE 201, PHY 101, MTH 205 Introduction to data communication model, Data communication task, Data communication standards and organization, protocol architecture, TCP/IP model and OSI model : data representation, signal encoding and signal analysis; Data Transmission Channel: channel capacity, transmission line characteristics, Baseband and Broadband transmission; Guided and unguided transmission media; Transmission networks; Transmission modulation techniques, modems and interfaces; Multiplexing techniques; Introduction to error handling and switching techniques. Introduction to modulation techniques: pulse modulation, pulse amplitude modulation, pulse width modulat ion and pulse position modulation; pulse code modulation: quantization, delta modulation; TDM, FDM, OOK, FSK, PSK, QPSK; representation of noise, threshold effects in PCM and FM; asynchronous and synchronous communications; Data link control: Line configurations, flow control and error control techniques - sliding window, stop and wait ARQ, selective reject ARQ and HDLC protocol. Reference Books: 1. Behrouz A. Forouzan, Data Communications and Networking, 4 th Edition. McGraw-Hill. 2. William Stallings, Data and C omputer Communications, Published by Pearson, 8th Edition",2,2,[],1,False,False,0,False,True,True,True,True,[],,[],0.038415900000018155,0.03540229999998701,0.0,0.0004853000000366592,,,449208320,451223552,1119989760,575549440
step9-development-framework-final-20260929T184525403813Z-b5d1d8,Q065:english,Q065,english,How many credits is CSE 304 Data Communications Lab?,CSE 304 Data Communications Lab is a 0.75-credit course.,True,"[""curricula_BSc-Curriculum-New.pdf""]","[""53""]",[],verified,course_credit,medium,CSE 304,english,cse 304,credits,,CONFLICTING_EVIDENCE,CONFLICTING_VALUES,WEAK,conflicting,The university documents contain conflicting information about this.,False,curricula_BSc-Curriculum-New.pdf,curricula_BSc-Curriculum-New.pdf,doc-4d373684ce4879ed066003f5,78,doc-4d373684ce4879ed066003f5-p000078-b0007-c0001,Course Code: CSE 304 Course Title: Data Communications Lab Credits: 3.00 Prerequisite: None Laboratory works based on theory classes,2,2,[],1,False,False,0,False,True,,True,True,[],,[],0.0339681999998902,0.033245699999952194,0.0,0.0002096000002893561,,,449212416,451227648,1119813632,575549440
step9-development-framework-final-20260929T184525403813Z-b5d1d8,Q065:bangla,Q065,bangla,CSE 304 Data Communications Lab কোর্সটির ক্রেডিট কত?,CSE 304 Data Communications Lab 0.75 ক্রেডিটের কোর্স।,True,"[""curricula_BSc-Curriculum-New.pdf""]","[""53""]",[],verified,course_credit,medium,CSE 304,bangla,cse 304,credits,,CONFLICTING_EVIDENCE,CONFLICTING_VALUES,WEAK,conflicting,বিশ্ববিদ্যালয়ের নথিতে এই বিষয়ে পরস্পরবিরোধী তথ্য রয়েছে।,False,curricula_BSc-Curriculum-New.pdf,curricula_BSc-Curriculum-New.pdf,doc-4d373684ce4879ed066003f5,53,doc-4d373684ce4879ed066003f5-p000053-b0011-c0001,CSE 304 Data Communications Lab 0.75 Nil,2,2,[],1,False,False,0,False,True,,True,True,[],,[],0.040743600000041624,0.03967499999998836,0.0,0.0002532000003157009,,,449212416,451227648,1119318016,575549440
step9-development-framework-final-20260929T184525403813Z-b5d1d8,Q065:banglish,Q065,banglish,CSE 304 Data Communications Lab course-er credit koto?,CSE 304 Data Communications Lab 0.75-credit course.,True,"[""curricula_BSc-Curriculum-New.pdf""]","[""53""]",[],verified,course_credit,medium,CSE 304,banglish,cse 304,credits,,CONFLICTING_EVIDENCE,CONFLICTING_VALUES,WEAK,conflicting,University document-gulote ei bishoye conflicting tothyo ache.,False,curricula_BSc-Curriculum-New.pdf,curricula_BSc-Curriculum-New.pdf,doc-4d373684ce4879ed066003f5,78,doc-4d373684ce4879ed066003f5-p000078-b0007-c0001,Course Code: CSE 304 Course Title: Data Communications Lab Credits: 3.00 Prerequisite: None Laboratory works based on theory classes,2,2,[],1,False,False,0,False,True,,True,True,[],,[],0.040370599999732804,0.03953490000003512,0.0,0.00021640000022671302,,,449212416,451227648,1119391744,575549440
step9-development-framework-final-20260929T184525403813Z-b5d1d8,Q066:english,Q066,english,How many credits is CSE 305 System Analysis and Design?,CSE 305 System Analysis and Design is a 3.00-credit course.,True,"[""curricula_BSc-Curriculum-New.pdf""]","[""53""]",[],verified,course_credit,medium,CSE 305,english,cse 305,credits,course_credits,SUPPORTED,DIRECT_RELATION_SUPPORT,STRONG,semi_structured_relation,CSE 305 carries 3.00 credits.,True,curricula_BSc-Curriculum-New.pdf,curricula_BSc-Curriculum-New.pdf,doc-4d373684ce4879ed066003f5,75,doc-4d373684ce4879ed066003f5-p000075-b0003-c0001,"Course Code: CSE 305 Course Title: System Analysis and Design Credits: 3.00 Prerequisite: CSE 211 Introduction to System analysis, concepts, understanding and modeling organization Systems, System development life cycle(SDLC), structured analysis and struc tured design, object oriented analysis and design, Different types of information, Qualities of information, Analysis оf Information requirements for modern organizations, Role, tasks and attributes of a Systems Analyst, Sources of information, Information gathering techniques, Requirements specifications; Steps of systems analysis; System analysis toolkit: CASE tools, prototyping, software life cycle, SOW(statement of work), CB analysis, value(cost of money), NPV analysis, CPM , PERT, Requirement modeling, Agile modeling, Data and process modeling, Object modeling, Development strategies, Output and user interface design, Data design, Designing input/output, Designing file, database, user interface, Dataflow diagram, System architecture, Analysis process: Object oriented System analysis, introduction to UML, Use case",2,2,[],1,False,False,0,False,True,True,True,True,[],course_credits,"[""3.00""]",0.03646690000005037,0.03403620000017327,0.0,0.00043299999970258796,,,449212416,451227648,1119424512,575549440
step9-development-framework-final-20260929T184525403813Z-b5d1d8,Q066:bangla,Q066,bangla,CSE 305 System Analysis and Design কোর্সটির ক্রেডিট কত?,CSE 305 System Analysis and Design 3.00 ক্রেডিটের কোর্স।,True,"[""curricula_BSc-Curriculum-New.pdf""]","[""53""]",[],verified,course_credit,medium,CSE 305,bangla,cse 305,credits,course_credits,SUPPORTED,DIRECT_RELATION_SUPPORT,STRONG,semi_structured_relation,CSE 305 কোর্সের ক্রেডিট 3.00।,True,curricula_BSc-Curriculum-New.pdf,curricula_BSc-Curriculum-New.pdf,doc-4d373684ce4879ed066003f5,53,doc-4d373684ce4879ed066003f5-p000053-b0012-c0001,CSE 305 System Analysis and Design 3.00 CSE 211,2,2,[],1,False,False,0,False,True,True,True,True,[],course_credits,"[""3.00""]",0.043754400000125315,0.03998609999962355,0.0,0.0008778999999776715,,,449212416,451227648,1118842880,575549440
step9-development-framework-final-20260929T184525403813Z-b5d1d8,Q066:banglish,Q066,banglish,CSE 305 System Analysis and Design course-er credit koto?,CSE 305 System Analysis and Design 3.00-credit course.,True,"[""curricula_BSc-Curriculum-New.pdf""]","[""53""]",[],verified,course_credit,medium,CSE 305,banglish,cse 305,credits,course_credits,SUPPORTED,DIRECT_RELATION_SUPPORT,STRONG,semi_structured_relation,CSE 305 course-er credit 3.00.,True,curricula_BSc-Curriculum-New.pdf,curricula_BSc-Curriculum-New.pdf,doc-4d373684ce4879ed066003f5,75,doc-4d373684ce4879ed066003f5-p000075-b0003-c0001,"Course Code: CSE 305 Course Title: System Analysis and Design Credits: 3.00 Prerequisite: CSE 211 Introduction to System analysis, concepts, understanding and modeling organization Systems, System development life cycle(SDLC), structured analysis and struc tured design, object oriented analysis and design, Different types of information, Qualities of information, Analysis оf Information requirements for modern organizations, Role, tasks and attributes of a Systems Analyst, Sources of information, Information gathering techniques, Requirements specifications; Steps of systems analysis; System analysis toolkit: CASE tools, prototyping, software life cycle, SOW(statement of work), CB analysis, value(cost of money), NPV analysis, CPM , PERT, Requirement modeling, Agile modeling, Data and process modeling, Object modeling, Development strategies, Output and user interface design, Data design, Designing input/output, Designing file, database, user interface, Dataflow diagram, System architecture, Analysis process: Object oriented System analysis, introduction to UML, Use case",2,2,[],1,False,False,0,False,True,True,True,True,[],course_credits,"[""3.00""]",0.0422761999998329,0.03951450000022305,0.0,0.0004795999998350453,,,449216512,451231744,1118777344,575549440
step9-development-framework-final-20260929T184525403813Z-b5d1d8,Q067:english,Q067,english,How many credits is CSE 306 System Analysis & Design Lab?,CSE 306 System Analysis & Design Lab is a 0.75-credit course.,True,"[""curricula_BSc-Curriculum-New.pdf""]","[""53""]",[],verified,course_credit,medium,CSE 306,english,cse 306,credits,course_credits,SUPPORTED,DIRECT_RELATION_SUPPORT,STRONG,semi_structured_relation,CSE 306 carries 0.75 credits.,True,curricula_BSc-Curriculum-New.pdf,curricula_BSc-Curriculum-New.pdf,doc-4d373684ce4879ed066003f5,76,doc-4d373684ce4879ed066003f5-p000076-b0005-c0001,"Course Code: CSE 306 Course Title: System Analysis & Design Lab Credits: 0.75 Prerequisite: CSE 212 This Lab consists of practice and presentation of the system analysis and designing tools. Students demonstrate the techniques and skills of analyzing and designing a system in order to build an automated solution (software). The software pr oject will be fixed at the beginning of the semester, preferably pre -defined from Database Systems Course. In every lab, students go through formal presentation of their software analysis and design - starting from information gathering up to any modeling tool.",2,2,[],1,False,False,0,False,True,True,True,True,[],course_credits,"[""0.75""]",0.042420599999786646,0.0401836999999432,0.0,0.0004544999997051491,,,449216512,451231744,1118183424,575549440
step9-development-framework-final-20260929T184525403813Z-b5d1d8,Q067:bangla,Q067,bangla,CSE 306 System Analysis & Design Lab কোর্সটির ক্রেডিট কত?,CSE 306 System Analysis & Design Lab 0.75 ক্রেডিটের কোর্স।,True,"[""curricula_BSc-Curriculum-New.pdf""]","[""53""]",[],verified,course_credit,medium,CSE 306,bangla,cse 306,credits,course_credits,SUPPORTED,DIRECT_RELATION_SUPPORT,STRONG,semi_structured_relation,CSE 306 কোর্সের ক্রেডিট 0.75।,True,curricula_BSc-Curriculum-New.pdf,curricula_BSc-Curriculum-New.pdf,doc-4d373684ce4879ed066003f5,53,doc-4d373684ce4879ed066003f5-p000053-b0013-c0001,CSE 306 System Analysis & Design Lab 0.75 CSE 212,2,2,[],1,False,False,0,False,True,True,True,True,[],course_credits,"[""0.75""]",0.04597349999994549,0.04394310000043333,0.0,0.00033899999971254147,,,449216512,451231744,1118597120,575549440
step9-development-framework-final-20260929T184525403813Z-b5d1d8,Q067:banglish,Q067,banglish,CSE 306 System Analysis & Design Lab course-er credit koto?,CSE 306 System Analysis & Design Lab 0.75-credit course.,True,"[""curricula_BSc-Curriculum-New.pdf""]","[""53""]",[],verified,course_credit,medium,CSE 306,banglish,cse 306,credits,course_credits,SUPPORTED,DIRECT_RELATION_SUPPORT,STRONG,semi_structured_relation,CSE 306 course-er credit 0.75.,True,curricula_BSc-Curriculum-New.pdf,curricula_BSc-Curriculum-New.pdf,doc-4d373684ce4879ed066003f5,76,doc-4d373684ce4879ed066003f5-p000076-b0005-c0001,"Course Code: CSE 306 Course Title: System Analysis & Design Lab Credits: 0.75 Prerequisite: CSE 212 This Lab consists of practice and presentation of the system analysis and designing tools. Students demonstrate the techniques and skills of analyzing and designing a system in order to build an automated solution (software). The software pr oject will be fixed at the beginning of the semester, preferably pre -defined from Database Systems Course. In every lab, students go through formal presentation of their software analysis and design - starting from information gathering up to any modeling tool.",2,2,[],1,False,False,0,False,True,True,True,True,[],course_credits,"[""0.75""]",0.04694989999961763,0.04490510000005088,0.0,0.0004476999997677922,,,449216512,451231744,1118728192,575549440
step9-development-framework-final-20260929T184525403813Z-b5d1d8,Q068:english,Q068,english,How many credits is CSE 307 Theory of Computation?,CSE 307 Theory of Computation is a 3.00-credit course.,True,"[""curricula_BSc-Curriculum-New.pdf""]","[""53""]",[],verified,course_credit,medium,CSE 307,english,cse 307,credits,course_credits,SUPPORTED,DIRECT_RELATION_SUPPORT,STRONG,semi_structured_relation,CSE 307 carries 3.00 credits.,True,curricula_BSc-Curriculum-New.pdf,curricula_BSc-Curriculum-New.pdf,doc-4d373684ce4879ed066003f5,78,doc-4d373684ce4879ed066003f5-p000078-b0008-c0001,"Course Code: CSE 307 Course Title: Theory of Computation Credits: 3.00 Prerequisite: CSE 207 Concepts of Automata Theory: Alphabet, strings, languages, problems. Finite Automata (FA): Deterministic FA (DFA) and Non -Deterministic",2,2,[],1,False,False,0,False,True,True,True,True,[],course_credits,"[""3.00""]",0.03294020000021192,0.03103449999980512,0.0,0.00042280000025129993,,,449216512,451231744,1119096832,575549440
step9-development-framework-final-20260929T184525403813Z-b5d1d8,Q068:bangla,Q068,bangla,CSE 307 Theory of Computation কোর্সটির ক্রেডিট কত?,CSE 307 Theory of Computation 3.00 ক্রেডিটের কোর্স।,True,"[""curricula_BSc-Curriculum-New.pdf""]","[""53""]",[],verified,course_credit,medium,CSE 307,bangla,cse 307,credits,course_credits,SUPPORTED,DIRECT_RELATION_SUPPORT,STRONG,semi_structured_relation,CSE 307 কোর্সের ক্রেডিট 3.00।,True,curricula_BSc-Curriculum-New.pdf,curricula_BSc-Curriculum-New.pdf,doc-4d373684ce4879ed066003f5,53,doc-4d373684ce4879ed066003f5-p000053-b0014-c0001,CSE 307 Theory of Computation 3.00 CSE 207,2,2,[],1,False,False,0,False,True,True,True,True,[],course_credits,"[""3.00""]",0.037726999999904365,0.03577519999998913,0.0,0.00031780000017533894,,,449216512,451231744,1119059968,575549440
step9-development-framework-final-20260929T184525403813Z-b5d1d8,Q068:banglish,Q068,banglish,CSE 307 Theory of Computation course-er credit koto?,CSE 307 Theory of Computation 3.00-credit course.,True,"[""curricula_BSc-Curriculum-New.pdf""]","[""53""]",[],verified,course_credit,medium,CSE 307,banglish,cse 307,credits,course_credits,SUPPORTED,DIRECT_RELATION_SUPPORT,STRONG,semi_structured_relation,CSE 307 course-er credit 3.00.,True,curricula_BSc-Curriculum-New.pdf,curricula_BSc-Curriculum-New.pdf,doc-4d373684ce4879ed066003f5,78,doc-4d373684ce4879ed066003f5-p000078-b0008-c0001,"Course Code: CSE 307 Course Title: Theory of Computation Credits: 3.00 Prerequisite: CSE 207 Concepts of Automata Theory: Alphabet, strings, languages, problems. Finite Automata (FA): Deterministic FA (DFA) and Non -Deterministic",2,2,[],1,False,False,0,False,True,True,True,True,[],course_credits,"[""3.00""]",0.04053150000027017,0.03859650000003967,0.0,0.0004189000001133536,,,449216512,451231744,1118060544,575549440
step9-development-framework-final-20260929T184525403813Z-b5d1d8,Q069:english,Q069,english,How many credits is CSE 309 Object Oriented Programming II: Visual and Web Programming?,CSE 309 Object Oriented Programming II: Visual and Web Programming is a 3.00-credit course.,True,"[""curricula_BSc-Curriculum-New.pdf""]","[""53""]",[],verified,course_credit,medium,CSE 309,english,cse 309,credits,,SUPPORTED,DIRECT_STRUCTURED_SUPPORT,STRONG,structured_exact,CSE 309 carries 3.00 credits.,True,curricula_BSc-Curriculum-New.pdf,curricula_BSc-Curriculum-New.pdf,doc-4d373684ce4879ed066003f5,76,doc-4d373684ce4879ed066003f5-p000076-b0006-c0001,"Course Code: CSE 309 Course Title: Object Oriented Programming II:Visual and Web Programming Credits: 3.00 Prerequisite: CSE 203, CSE 211 Framework Platform: Introduction, features, components, architecture of a Framework platform (like dot NET), programming Languages to support Framework (like C#) . Inheritance and Polymorphism: The Basic mechanics of Inheritance, Programming for Containment/Delegation, Polymorphic support in framework based languages, understanding Base Class/Derived Class Casting rules , The Master Parent Class i.e. System.Object. Delegates and Events : Understanding the Delegate Type, Defining a Delegate, The System.MulticastDelegate and System.Delegate Base Classes, The Simplest Possible Delegate Example, Creating Generic Delegates, Understanding Events. Indexers, Operators, and Pointers : Understanding Indexer Methods, Understanding Operator Overloading, Understanding Custom Type Conversions, Working with Pointer Types. Interfaces: Understanding Interface Types, Implementing an I nterface, Invoking Interface Members at the Object Level, Interfaces as Parameters, Interfaces as Return Values, Building Enumerable Types (IEnumerable and IEnumerator). File I/O and Isolated Storage: Exploring the System.IO Namespace, The Directory(Info) and File(Info) Types, Working with the DirectoryInfo Type, Working with the Directory Type, Working with the DriveInfo Class Type, Working with the FileInfo Class, Working with the File Type, The Abstract Stream Class,Working with StreamWriters & StreamReaders , Working with BinaryWriters & BinaryReaders. Windows Forms: Introduction to Windows forms like simple window, text editor, List View, Tree View controls etc. Web Platform: Introduction to web server and web programming, introduction to any scripting language (such as PHP, JSP ), Configuring web server, HTML and Scripting language Tags, Statements and",2,2,[],1,False,False,0,False,True,True,True,True,[],,[],0.0568303999998534,0.05267340000000331,0.0,0.0006484000000455126,,,449220608,451235840,1118474240,575549440
step9-development-framework-final-20260929T184525403813Z-b5d1d8,Q069:bangla,Q069,bangla,CSE 309 Object Oriented Programming II: Visual and Web Programming কোর্সটির ক্রেডিট কত?,CSE 309 Object Oriented Programming II: Visual and Web Programming 3.00 ক্রেডিটের কোর্স।,True,"[""curricula_BSc-Curriculum-New.pdf""]","[""53""]",[],verified,course_credit,medium,CSE 309,bangla,cse 309,credits,,SUPPORTED,DIRECT_STRUCTURED_SUPPORT,STRONG,structured_exact,CSE 309 কোর্সটির ক্রেডিট 3.00।,True,curricula_BSc-Curriculum-New.pdf,curricula_BSc-Curriculum-New.pdf,doc-4d373684ce4879ed066003f5,53,doc-4d373684ce4879ed066003f5-p000053-b0015-c0001,"CSE 309 Object Oriented Programming II:Visual and Web Programming 3.00 CSE 203, CSE 211",2,2,[],1,False,False,0,False,True,True,True,True,[],,[],0.06498649999957706,0.060714199999893026,0.0,0.0007206000000223867,,,449220608,451235840,1117298688,575549440
step9-development-framework-final-20260929T184525403813Z-b5d1d8,Q069:banglish,Q069,banglish,CSE 309 Object Oriented Programming II: Visual and Web Programming course-er credit koto?,CSE 309 Object Oriented Programming II: Visual and Web Programming 3.00-credit course.,True,"[""curricula_BSc-Curriculum-New.pdf""]","[""53""]",[],verified,course_credit,medium,CSE 309,banglish,cse 309,credits,,SUPPORTED,DIRECT_STRUCTURED_SUPPORT,STRONG,structured_exact,CSE 309 course-er credit 3.00.,True,curricula_BSc-Curriculum-New.pdf,curricula_BSc-Curriculum-New.pdf,doc-4d373684ce4879ed066003f5,76,doc-4d373684ce4879ed066003f5-p000076-b0006-c0001,"Course Code: CSE 309 Course Title: Object Oriented Programming II:Visual and Web Programming Credits: 3.00 Prerequisite: CSE 203, CSE 211 Framework Platform: Introduction, features, components, architecture of a Framework platform (like dot NET), programming Languages to support Framework (like C#) . Inheritance and Polymorphism: The Basic mechanics of Inheritance, Programming for Containment/Delegation, Polymorphic support in framework based languages, understanding Base Class/Derived Class Casting rules , The Master Parent Class i.e. System.Object. Delegates and Events : Understanding the Delegate Type, Defining a Delegate, The System.MulticastDelegate and System.Delegate Base Classes, The Simplest Possible Delegate Example, Creating Generic Delegates, Understanding Events. Indexers, Operators, and Pointers : Understanding Indexer Methods, Understanding Operator Overloading, Understanding Custom Type Conversions, Working with Pointer Types. Interfaces: Understanding Interface Types, Implementing an I nterface, Invoking Interface Members at the Object Level, Interfaces as Parameters, Interfaces as Return Values, Building Enumerable Types (IEnumerable and IEnumerator). File I/O and Isolated Storage: Exploring the System.IO Namespace, The Directory(Info) and File(Info) Types, Working with the DirectoryInfo Type, Working with the Directory Type, Working with the DriveInfo Class Type, Working with the FileInfo Class, Working with the File Type, The Abstract Stream Class,Working with StreamWriters & StreamReaders , Working with BinaryWriters & BinaryReaders. Windows Forms: Introduction to Windows forms like simple window, text editor, List View, Tree View controls etc. Web Platform: Introduction to web server and web programming, introduction to any scripting language (such as PHP, JSP ), Configuring web server, HTML and Scripting language Tags, Statements and",2,2,[],1,False,False,0,False,True,True,True,True,[],,[],0.0612608999999793,0.057305900000301335,0.0,0.0006433999997170758,,,449220608,451235840,1117982720,575549440
step9-development-framework-final-20260929T184525403813Z-b5d1d8,Q070:english,Q070,english,How many credits is CSE 310 Object Oriented Programming II Lab: Visual and Web Programming Lab?,CSE 310 Object Oriented Programming II Lab: Visual and Web Programming Lab is a 1.50-credit course.,True,"[""curricula_BSc-Curriculum-New.pdf""]","[""53""]",[],verified,course_credit,medium,CSE 310,english,cse 310,credits,course_credits,SUPPORTED,DIRECT_RELATION_SUPPORT,STRONG,semi_structured_relation,CSE 310 carries 1.50 credits.,True,curricula_BSc-Curriculum-New.pdf,curricula_BSc-Curriculum-New.pdf,doc-4d373684ce4879ed066003f5,77,doc-4d373684ce4879ed066003f5-p000077-b0005-c0001,Course Code: CSE 310 Course Title: Object Oriented Programming II Lab:Visual and Web Programming Lab Credits: 1.50 Prerequisite: None Laboratory work based on Visual and Web Programming (CSE 211).,2,2,[],1,False,False,0,False,True,True,True,True,[],course_credits,"[""1.50""]",0.05929259999993519,0.05681429999958709,0.0,0.0005414000002019748,,,449220608,451235840,1116430336,575549440
step9-development-framework-final-20260929T184525403813Z-b5d1d8,Q070:bangla,Q070,bangla,CSE 310 Object Oriented Programming II Lab: Visual and Web Programming Lab কোর্সটির ক্রেডিট কত?,CSE 310 Object Oriented Programming II Lab: Visual and Web Programming Lab 1.50 ক্রেডিটের কোর্স।,True,"[""curricula_BSc-Curriculum-New.pdf""]","[""53""]",[],verified,course_credit,medium,CSE 310,bangla,cse 310,credits,course_credits,SUPPORTED,DIRECT_RELATION_SUPPORT,STRONG,semi_structured_relation,CSE 310 কোর্সের ক্রেডিট 1.50।,True,curricula_BSc-Curriculum-New.pdf,curricula_BSc-Curriculum-New.pdf,doc-4d373684ce4879ed066003f5,53,doc-4d373684ce4879ed066003f5-p000053-b0016-c0001,CSE 310 Object Oriented Programming II Lab:Visual and Web Programming Lab 1.50 Nil,2,2,[],1,False,False,0,False,True,True,True,True,[],course_credits,"[""1.50""]",0.06484050000017305,0.06268399999999019,0.0,0.00041069999997489504,,,449224704,451239936,1116901376,575549440
step9-development-framework-final-20260929T184525403813Z-b5d1d8,Q070:banglish,Q070,banglish,CSE 310 Object Oriented Programming II Lab: Visual and Web Programming Lab course-er credit koto?,CSE 310 Object Oriented Programming II Lab: Visual and Web Programming Lab 1.50-credit course.,True,"[""curricula_BSc-Curriculum-New.pdf""]","[""53""]",[],verified,course_credit,medium,CSE 310,banglish,cse 310,credits,course_credits,SUPPORTED,DIRECT_RELATION_SUPPORT,STRONG,semi_structured_relation,CSE 310 course-er credit 1.50.,True,curricula_BSc-Curriculum-New.pdf,curricula_BSc-Curriculum-New.pdf,doc-4d373684ce4879ed066003f5,77,doc-4d373684ce4879ed066003f5-p000077-b0005-c0001,Course Code: CSE 310 Course Title: Object Oriented Programming II Lab:Visual and Web Programming Lab Credits: 1.50 Prerequisite: None Laboratory work based on Visual and Web Programming (CSE 211).,2,2,[],1,False,False,0,False,True,True,True,True,[],course_credits,"[""1.50""]",0.0657149999997273,0.06351549999999406,0.0,0.0005544000000554661,,,449224704,451239936,1117999104,575549440
step9-development-framework-final-20260929T184525403813Z-b5d1d8,Q071:english,Q071,english,How many credits is CSE 311 Microprocessors & Assembly Language?,CSE 311 Microprocessors & Assembly Language is a 3.00-credit course.,True,"[""curricula_BSc-Curriculum-New.pdf""]","[""53""]",[],verified,course_credit,medium,CSE 311,english,cse 311,credits,course_credits,SUPPORTED,DIRECT_RELATION_SUPPORT,STRONG,semi_structured_relation,CSE 311 carries 3.00 credits.,True,curricula_BSc-Curriculum-New.pdf,curricula_BSc-Curriculum-New.pdf,doc-4d373684ce4879ed066003f5,77,doc-4d373684ce4879ed066003f5-p000077-b0006-c0001,"Course Code: CSE 311 Course Title: Microprocessors& Assembly Language Credits: 3.00 Prerequisite: None Microprocessors and Microcomputers, Evolution of microprocessors, Microprocessor applications. Architecture of a general purpose Microprocessor and its operation Common instruction types, addressing modes intel 8086 Mic roprocessor: Internal architecture, register structure, the processor status and the flag registers, programming model, addressing modes, instruction set; I/O Pin diagram and Control signals; I/O port organization and accessing; Interrupts and Interrupt Ha nding system design using 8086. Architectural overview of Intel Family of general purpose Processors. Cache Memory, TLB Structure. Memory Management in Intel 80X86 Family; segmentation and Real Mode Memory Management: segmentation and segmented to physical address translation, segment wraparound; Protected Mode Memory Management; segmentation and virtual addressing, segment selectors segment descriptor tables, segment descriptor, Intel 80386 and 80486 segment register formats, Paged memory operation, page D irectory and page table address translation. Linear to physical address translation. Interrupts and Exception in Intel 80 x 86 family of processors, type of Interrupts, Maskable and Non -maskable interrupts exception classes and processor defined exceptions . Interrupts in real mode and protected mode. Interrupt descriptor tables, Interrupt Gates and Trap Gates, Task Gates. Interrupts Priorities. Protection :Segment level, Page level, privileges. Task Switch Segment and Taste switching, virtual 86 Mode. Input and Output: I/O address spaces, Port organization, Memory mapped I/O, Handshaking I/O instruction, memory mapped I/O in protected mode, Protection issues in Intel 80x86 family -privilege levels, Introduction to IBM PC assembly language, , Flow control ins tructions, Logic, shift and rotate instructions, The stack and introduction to procedures, Multiplication and Course Code: CSE 311 Course Title: Microprocessors& Assembly Language Credits: 3.00 Prerequisite: None I/O instruction, memory mapped I/O in protected mode, Protection issues in Intel 80x86 family -privilege levels, Introduction to IBM PC assembly language, , Flow control ins tructions, Logic, shift and rotate instructions, The stack and introduction to procedures, Multiplication and division instructions, Arrays and addressing modes, The string instructions, text display and keyboard programming,",3,2,[],1,False,False,0,False,True,True,True,True,[],course_credits,"[""3.00""]",0.03838059999998222,0.035066400000232534,0.0,0.0006111999996392115,,,449241088,451256320,1118228480,575549440
step9-development-framework-final-20260929T184525403813Z-b5d1d8,Q071:bangla,Q071,bangla,CSE 311 Microprocessors & Assembly Language কোর্সটির ক্রেডিট কত?,CSE 311 Microprocessors & Assembly Language 3.00 ক্রেডিটের কোর্স।,True,"[""curricula_BSc-Curriculum-New.pdf""]","[""53""]",[],verified,course_credit,medium,CSE 311,bangla,cse 311,credits,course_credits,SUPPORTED,DIRECT_RELATION_SUPPORT,STRONG,semi_structured_relation,CSE 311 কোর্সের ক্রেডিট 3.00।,True,curricula_BSc-Curriculum-New.pdf,curricula_BSc-Curriculum-New.pdf,doc-4d373684ce4879ed066003f5,53,doc-4d373684ce4879ed066003f5-p000053-b0017-c0001,CSE 311 Microprocessors& Assembly Language 3.00 Nil,3,2,[],1,False,False,0,False,True,True,True,True,[],course_credits,"[""3.00""]",0.04320370000004914,0.039875800000118033,0.0,0.0003818999998657091,,,449245184,451260416,1118867456,575549440
step9-development-framework-final-20260929T184525403813Z-b5d1d8,Q071:banglish,Q071,banglish,CSE 311 Microprocessors & Assembly Language course-er credit koto?,CSE 311 Microprocessors & Assembly Language 3.00-credit course.,True,"[""curricula_BSc-Curriculum-New.pdf""]","[""53""]",[],verified,course_credit,medium,CSE 311,banglish,cse 311,credits,course_credits,SUPPORTED,DIRECT_RELATION_SUPPORT,STRONG,semi_structured_relation,CSE 311 course-er credit 3.00.,True,curricula_BSc-Curriculum-New.pdf,curricula_BSc-Curriculum-New.pdf,doc-4d373684ce4879ed066003f5,77,doc-4d373684ce4879ed066003f5-p000077-b0006-c0001,"Course Code: CSE 311 Course Title: Microprocessors& Assembly Language Credits: 3.00 Prerequisite: None Microprocessors and Microcomputers, Evolution of microprocessors, Microprocessor applications. Architecture of a general purpose Microprocessor and its operation Common instruction types, addressing modes intel 8086 Mic roprocessor: Internal architecture, register structure, the processor status and the flag registers, programming model, addressing modes, instruction set; I/O Pin diagram and Control signals; I/O port organization and accessing; Interrupts and Interrupt Ha nding system design using 8086. Architectural overview of Intel Family of general purpose Processors. Cache Memory, TLB Structure. Memory Management in Intel 80X86 Family; segmentation and Real Mode Memory Management: segmentation and segmented to physical address translation, segment wraparound; Protected Mode Memory Management; segmentation and virtual addressing, segment selectors segment descriptor tables, segment descriptor, Intel 80386 and 80486 segment register formats, Paged memory operation, page D irectory and page table address translation. Linear to physical address translation. Interrupts and Exception in Intel 80 x 86 family of processors, type of Interrupts, Maskable and Non -maskable interrupts exception classes and processor defined exceptions . Interrupts in real mode and protected mode. Interrupt descriptor tables, Interrupt Gates and Trap Gates, Task Gates. Interrupts Priorities. Protection :Segment level, Page level, privileges. Task Switch Segment and Taste switching, virtual 86 Mode. Input and Output: I/O address spaces, Port organization, Memory mapped I/O, Handshaking I/O instruction, memory mapped I/O in protected mode, Protection issues in Intel 80x86 family -privilege levels, Introduction to IBM PC assembly language, , Flow control ins tructions, Logic, shift and rotate instructions, The stack and introduction to procedures, Multiplication and Course Code: CSE 311 Course Title: Microprocessors& Assembly Language Credits: 3.00 Prerequisite: None I/O instruction, memory mapped I/O in protected mode, Protection issues in Intel 80x86 family -privilege levels, Introduction to IBM PC assembly language, , Flow control ins tructions, Logic, shift and rotate instructions, The stack and introduction to procedures, Multiplication and division instructions, Arrays and addressing modes, The string instructions, text display and keyboard programming,",3,2,[],1,False,False,0,False,True,True,True,True,[],course_credits,"[""3.00""]",0.04286779999983992,0.03959549999990486,0.0,0.0006213000001480395,,,449245184,451260416,1121546240,575549440
step9-development-framework-final-20260929T184525403813Z-b5d1d8,Q072:english,Q072,english,How many credits is CSE 312 Microprocessors & Assembly Lab?,CSE 312 Microprocessors & Assembly Lab is a 1.50-credit course.,True,"[""curricula_BSc-Curriculum-New.pdf""]","[""54""]",[],verified,course_credit,medium,CSE 312,english,cse 312,credits,course_credits,SUPPORTED,DIRECT_RELATION_SUPPORT,STRONG,semi_structured_relation,CSE 312 carries 1.50 credits.,True,curricula_BSc-Curriculum-New.pdf,curricula_BSc-Curriculum-New.pdf,doc-4d373684ce4879ed066003f5,78,doc-4d373684ce4879ed066003f5-p000078-b0005-c0001,Course Code: CSE 312 Course Title: Microprocessors& Assembly Lab Credits: 1.50 Prerequisite: None Laboratory work will be based on the theory classes.,2,2,[],1,False,False,0,False,True,True,True,True,[],course_credits,"[""1.50""]",0.03676659999973708,0.03485499999987951,0.0,0.00044660000003204914,,,449245184,451260416,1120321536,575549440
step9-development-framework-final-20260929T184525403813Z-b5d1d8,Q072:bangla,Q072,bangla,CSE 312 Microprocessors & Assembly Lab কোর্সটির ক্রেডিট কত?,CSE 312 Microprocessors & Assembly Lab 1.50 ক্রেডিটের কোর্স।,True,"[""curricula_BSc-Curriculum-New.pdf""]","[""54""]",[],verified,course_credit,medium,CSE 312,bangla,cse 312,credits,course_credits,SUPPORTED,DIRECT_RELATION_SUPPORT,STRONG,semi_structured_relation,CSE 312 কোর্সের ক্রেডিট 1.50।,True,curricula_BSc-Curriculum-New.pdf,curricula_BSc-Curriculum-New.pdf,doc-4d373684ce4879ed066003f5,54,doc-4d373684ce4879ed066003f5-p000054-b0002-c0001,CSE 312 Microprocessors& Assembly Lab 1.50 Nil,2,2,[],1,False,False,0,False,True,True,True,True,[],course_credits,"[""1.50""]",0.04069970000000467,0.03891040000007706,0.0,0.0003324000003885885,,,449249280,451264512,1119379456,575549440
step9-development-framework-final-20260929T184525403813Z-b5d1d8,Q072:banglish,Q072,banglish,CSE 312 Microprocessors & Assembly Lab course-er credit koto?,CSE 312 Microprocessors & Assembly Lab 1.50-credit course.,True,"[""curricula_BSc-Curriculum-New.pdf""]","[""54""]",[],verified,course_credit,medium,CSE 312,banglish,cse 312,credits,course_credits,SUPPORTED,DIRECT_RELATION_SUPPORT,STRONG,semi_structured_relation,CSE 312 course-er credit 1.50.,True,curricula_BSc-Curriculum-New.pdf,curricula_BSc-Curriculum-New.pdf,doc-4d373684ce4879ed066003f5,78,doc-4d373684ce4879ed066003f5-p000078-b0005-c0001,Course Code: CSE 312 Course Title: Microprocessors& Assembly Lab Credits: 1.50 Prerequisite: None Laboratory work will be based on the theory classes.,2,2,[],1,False,False,0,False,True,True,True,True,[],course_credits,"[""1.50""]",0.04066929999999047,0.038667899999836663,0.0,0.00047409999979208806,,,449249280,451264512,1119268864,575549440
step9-development-framework-final-20260929T184525403813Z-b5d1d8,Q073:english,Q073,english,How many credits is HSS 301 English II: English for Communications?,HSS 301 English II: English for Communications is a 2.00-credit course.,True,"[""curricula_BSc-Curriculum-New.pdf""]","[""54""]",[],verified,course_credit,medium,HSS 301,english,hss 301,credits,,SUPPORTED,DIRECT_STRUCTURED_SUPPORT,STRONG,structured_exact,HSS 301 carries 2.00 credits.,True,curricula_BSc-Curriculum-New.pdf,curricula_BSc-Curriculum-New.pdf,doc-4d373684ce4879ed066003f5,75,doc-4d373684ce4879ed066003f5-p000075-b0002-c0001,"Course Code: HSS 301 Course Title: English II : English for Communications Credits: 2.00 Prerequisite: HSS 101 Introduction: Issues of technical writing and effective oral presentation in Computer Science and Engineeri ng; Writing styles of definitions: propositions, theorems and proofs; Preparation of reports : research papers, technical papers etc. Theses and books: abstract, preface, contents, bibliography and index; Writing of book reviews and referee reports; Writing tools: LATEX; Diagram drawing software; presentation tools. Theory and Process of communication ; Barriers to Effective communication; Communication skills: Reading, Writing, Listening, and Speaking skills; Written communication : The writing process, writing formal letter, resume/CV, memos and formal reports etc. Tender writing, Job Vacancy Announcement, Auction Announcement. Oral communication: Use of visual aids in communication; Communicating in today‘s workplace: Professionalism, Teamwork, speaking skill. Effective Business Meeting; Internal Communication. Oral reports /reporting work place data, Presentation skills, interviews, and communication over telephone etc. Reading: Reading for main ideas, using contexts for vocabulary, scanning for details, making inferences, reading reports and various articles, papers, etc. Recommended Texts: 1. Writing and presenting reports, Author: Eunson B, John Wiley 2. Writing Tools: 50 Essential Strategies for Every, Author: Roy Peter Clark 3. How to Write Technical Rep orts: Understandable Structure, Good Design, Convincing Presentation, Author: Lutz Hering, Heike Hering 4. LaTeX: A Document Preparation System, Author: Leslie Lamport 5. Basic Business Communication (7 th edition), by Rayomond V. Lesikar, John D. Petit, Marie E. Flatley 6. Effective Business Communications, by Murphy, Herta A, Hildebrandt, Herbert W, and Thomas, Jane P. 7. The Business Communication handbook Author: Dwyer J, Course Code: HSS 301 Course Title: English II : English for Communications Credits: 2.00 Prerequisite: HSS 101 5. Basic Business Communication (7 th edition), by Rayomond V. Lesikar, John D. Petit, Marie E. Flatley 6. Effective Business Communications, by Murphy, Herta A, Hildebrandt, Herbert W, and Thomas, Jane P. 7. The Business Communication handbook Author: Dwyer J, Prentice - Hall 8. Essentials of Business Communication Author: Mary Ellen Guffey, Dana Loewy",3,2,[],1,False,False,0,False,True,True,True,True,[],,[],0.044891500000176165,0.0400113999999121,0.0,0.0007224000000860542,,,449253376,451268608,1119350784,575549440
step9-development-framework-final-20260929T184525403813Z-b5d1d8,Q073:bangla,Q073,bangla,HSS 301 English II: English for Communications কোর্সটির ক্রেডিট কত?,HSS 301 English II: English for Communications 2.00 ক্রেডিটের কোর্স।,True,"[""curricula_BSc-Curriculum-New.pdf""]","[""54""]",[],verified,course_credit,medium,HSS 301,bangla,hss 301,credits,,SUPPORTED,DIRECT_STRUCTURED_SUPPORT,STRONG,structured_exact,HSS 301 কোর্সটির ক্রেডিট 2.00।,True,curricula_BSc-Curriculum-New.pdf,curricula_BSc-Curriculum-New.pdf,doc-4d373684ce4879ed066003f5,75,doc-4d373684ce4879ed066003f5-p000075-b0002-c0001,"Course Code: HSS 301 Course Title: English II : English for Communications Credits: 2.00 Prerequisite: HSS 101 Introduction: Issues of technical writing and effective oral presentation in Computer Science and Engineeri ng; Writing styles of definitions: propositions, theorems and proofs; Preparation of reports : research papers, technical papers etc. Theses and books: abstract, preface, contents, bibliography and index; Writing of book reviews and referee reports; Writing tools: LATEX; Diagram drawing software; presentation tools. Theory and Process of communication ; Barriers to Effective communication; Communication skills: Reading, Writing, Listening, and Speaking skills; Written communication : The writing process, writing formal letter, resume/CV, memos and formal reports etc. Tender writing, Job Vacancy Announcement, Auction Announcement. Oral communication: Use of visual aids in communication; Communicating in today‘s workplace: Professionalism, Teamwork, speaking skill. Effective Business Meeting; Internal Communication. Oral reports /reporting work place data, Presentation skills, interviews, and communication over telephone etc. Reading: Reading for main ideas, using contexts for vocabulary, scanning for details, making inferences, reading reports and various articles, papers, etc. Recommended Texts: 1. Writing and presenting reports, Author: Eunson B, John Wiley 2. Writing Tools: 50 Essential Strategies for Every, Author: Roy Peter Clark 3. How to Write Technical Rep orts: Understandable Structure, Good Design, Convincing Presentation, Author: Lutz Hering, Heike Hering 4. LaTeX: A Document Preparation System, Author: Leslie Lamport 5. Basic Business Communication (7 th edition), by Rayomond V. Lesikar, John D. Petit, Marie E. Flatley 6. Effective Business Communications, by Murphy, Herta A, Hildebrandt, Herbert W, and Thomas, Jane P. 7. The Business Communication handbook Author: Dwyer J, Course Code: HSS 301 Course Title: English II : English for Communications Credits: 2.00 Prerequisite: HSS 101 5. Basic Business Communication (7 th edition), by Rayomond V. Lesikar, John D. Petit, Marie E. Flatley 6. Effective Business Communications, by Murphy, Herta A, Hildebrandt, Herbert W, and Thomas, Jane P. 7. The Business Communication handbook Author: Dwyer J, Prentice - Hall 8. Essentials of Business Communication Author: Mary Ellen Guffey, Dana Loewy",3,2,[],1,False,False,0,False,True,True,True,True,[],,[],0.050396399999954156,0.04535070000019914,0.0,0.0008052999996834842,,,449253376,451268608,1119383552,575549440
step9-development-framework-final-20260929T184525403813Z-b5d1d8,Q073:banglish,Q073,banglish,HSS 301 English II: English for Communications course-er credit koto?,HSS 301 English II: English for Communications 2.00-credit course.,True,"[""curricula_BSc-Curriculum-New.pdf""]","[""54""]",[],verified,course_credit,medium,HSS 301,banglish,hss 301,credits,,SUPPORTED,DIRECT_STRUCTURED_SUPPORT,STRONG,structured_exact,HSS 301 course-er credit 2.00.,True,curricula_BSc-Curriculum-New.pdf,curricula_BSc-Curriculum-New.pdf,doc-4d373684ce4879ed066003f5,75,doc-4d373684ce4879ed066003f5-p000075-b0002-c0001,"Course Code: HSS 301 Course Title: English II : English for Communications Credits: 2.00 Prerequisite: HSS 101 Introduction: Issues of technical writing and effective oral presentation in Computer Science and Engineeri ng; Writing styles of definitions: propositions, theorems and proofs; Preparation of reports : research papers, technical papers etc. Theses and books: abstract, preface, contents, bibliography and index; Writing of book reviews and referee reports; Writing tools: LATEX; Diagram drawing software; presentation tools. Theory and Process of communication ; Barriers to Effective communication; Communication skills: Reading, Writing, Listening, and Speaking skills; Written communication : The writing process, writing formal letter, resume/CV, memos and formal reports etc. Tender writing, Job Vacancy Announcement, Auction Announcement. Oral communication: Use of visual aids in communication; Communicating in today‘s workplace: Professionalism, Teamwork, speaking skill. Effective Business Meeting; Internal Communication. Oral reports /reporting work place data, Presentation skills, interviews, and communication over telephone etc. Reading: Reading for main ideas, using contexts for vocabulary, scanning for details, making inferences, reading reports and various articles, papers, etc. Recommended Texts: 1. Writing and presenting reports, Author: Eunson B, John Wiley 2. Writing Tools: 50 Essential Strategies for Every, Author: Roy Peter Clark 3. How to Write Technical Rep orts: Understandable Structure, Good Design, Convincing Presentation, Author: Lutz Hering, Heike Hering 4. LaTeX: A Document Preparation System, Author: Leslie Lamport 5. Basic Business Communication (7 th edition), by Rayomond V. Lesikar, John D. Petit, Marie E. Flatley 6. Effective Business Communications, by Murphy, Herta A, Hildebrandt, Herbert W, and Thomas, Jane P. 7. The Business Communication handbook Author: Dwyer J, Course Code: HSS 301 Course Title: English II : English for Communications Credits: 2.00 Prerequisite: HSS 101 5. Basic Business Communication (7 th edition), by Rayomond V. Lesikar, John D. Petit, Marie E. Flatley 6. Effective Business Communications, by Murphy, Herta A, Hildebrandt, Herbert W, and Thomas, Jane P. 7. The Business Communication handbook Author: Dwyer J, Prentice - Hall 8. Essentials of Business Communication Author: Mary Ellen Guffey, Dana Loewy",3,2,[],1,False,False,0,False,True,True,True,True,[],,[],0.05120820000001913,0.04626239999970494,0.0,0.0007347000000663684,,,449257472,451272704,1119453184,575549440
step9-development-framework-final-20260929T184525403813Z-b5d1d8,Q074:english,Q074,english,How many credits is CSE 313 Numerical Methods?,CSE 313 Numerical Methods is a 3.00-credit course.,True,"[""curricula_BSc-Curriculum-New.pdf""]","[""54""]",[],verified,course_credit,medium,CSE 313,english,cse 313,credits,,SUPPORTED,DIRECT_STRUCTURED_SUPPORT,STRONG,structured_exact,CSE 313 carries 3.00 credits.,True,curricula_BSc-Curriculum-New.pdf,curricula_BSc-Curriculum-New.pdf,doc-4d373684ce4879ed066003f5,79,doc-4d373684ce4879ed066003f5-p000079-b0006-c0001,"Course Code: CSE 313 Course Title: Numerical Methods Credits: 3.00 Prerequisite MTH 205, CSE 205 Numerical Methods in Computer Science, Errors and Accuracy: Truncation, rounding off and algorithmic errors, absolute and relative errors, propagation of errors, error estimation. Iterative process: Solution of f(x)=0, e xistence and convergence of a root, convergence of the iterative method, geometrical representation, Aitken‘s 2-process of acceleration. System of Linear Equations: Cramers rule, Gauss elimination method, Gauss- Jordan elimination, Triangularisation metho d of factorization process (Choleski‘s process), Iterative methods - Jacobi‘s method, Gauss - Seidel method, Comparison of various methods. Solution of Non – Linear equations: Interval Bisection Method, Newton - Raphson method, Secant method, Regula - Falsi method, Newton - Raphson method for polynomial evaluation, Nested multiplication. Finite Differences and Interpolation: Difference Operators, Factorial Notation, Differences of zero Definition and Differences of x (-n), Forward and Backward Differences, Shift Operator, Central Difference Operators, Averaging Operator, Divided Differences, Finite differences and differentiation, Errors in a difference table. Finite difference Interpolation: Newton‘s forward interpolation formula, Newton – Gregory formula for b ackward interpolation, Newton‘s formula",2,2,[],1,False,False,0,False,True,True,True,True,[],,[],0.03405780000002778,0.030788900000061403,0.0,0.0004833000002690824,,,449257472,451272704,1119444992,575549440
step9-development-framework-final-20260929T184525403813Z-b5d1d8,Q074:bangla,Q074,bangla,CSE 313 Numerical Methods কোর্সটির ক্রেডিট কত?,CSE 313 Numerical Methods 3.00 ক্রেডিটের কোর্স।,True,"[""curricula_BSc-Curriculum-New.pdf""]","[""54""]",[],verified,course_credit,medium,CSE 313,bangla,cse 313,credits,,SUPPORTED,DIRECT_STRUCTURED_SUPPORT,STRONG,structured_exact,CSE 313 কোর্সটির ক্রেডিট 3.00।,True,curricula_BSc-Curriculum-New.pdf,curricula_BSc-Curriculum-New.pdf,doc-4d373684ce4879ed066003f5,54,doc-4d373684ce4879ed066003f5-p000054-b0004-c0001,"CSE 313 Numerical Methods 3.00 MTH 205, CSE 205",2,2,[],1,False,False,0,False,True,True,True,True,[],,[],0.0390612000001056,0.03554630000007819,0.0,0.0005274000000099477,,,449257472,451272704,1119498240,575549440
step9-development-framework-final-20260929T184525403813Z-b5d1d8,Q074:banglish,Q074,banglish,CSE 313 Numerical Methods course-er credit koto?,CSE 313 Numerical Methods 3.00-credit course.,True,"[""curricula_BSc-Curriculum-New.pdf""]","[""54""]",[],verified,course_credit,medium,CSE 313,banglish,cse 313,credits,,SUPPORTED,DIRECT_STRUCTURED_SUPPORT,STRONG,structured_exact,CSE 313 course-er credit 3.00.,True,curricula_BSc-Curriculum-New.pdf,curricula_BSc-Curriculum-New.pdf,doc-4d373684ce4879ed066003f5,79,doc-4d373684ce4879ed066003f5-p000079-b0006-c0001,"Course Code: CSE 313 Course Title: Numerical Methods Credits: 3.00 Prerequisite MTH 205, CSE 205 Numerical Methods in Computer Science, Errors and Accuracy: Truncation, rounding off and algorithmic errors, absolute and relative errors, propagation of errors, error estimation. Iterative process: Solution of f(x)=0, e xistence and convergence of a root, convergence of the iterative method, geometrical representation, Aitken‘s 2-process of acceleration. System of Linear Equations: Cramers rule, Gauss elimination method, Gauss- Jordan elimination, Triangularisation metho d of factorization process (Choleski‘s process), Iterative methods - Jacobi‘s method, Gauss - Seidel method, Comparison of various methods. Solution of Non – Linear equations: Interval Bisection Method, Newton - Raphson method, Secant method, Regula - Falsi method, Newton - Raphson method for polynomial evaluation, Nested multiplication. Finite Differences and Interpolation: Difference Operators, Factorial Notation, Differences of zero Definition and Differences of x (-n), Forward and Backward Differences, Shift Operator, Central Difference Operators, Averaging Operator, Divided Differences, Finite differences and differentiation, Errors in a difference table. Finite difference Interpolation: Newton‘s forward interpolation formula, Newton – Gregory formula for b ackward interpolation, Newton‘s formula",2,2,[],1,False,False,0,False,True,True,True,True,[],,[],0.03969940000024508,0.03598980000015217,0.0,0.0005722000000787375,,,449257472,451272704,1119186944,575549440
step9-development-framework-final-20260929T184525403813Z-b5d1d8,Q075:english,Q075,english,How many credits is CSE 314 Numerical Methods Lab?,CSE 314 Numerical Methods Lab is a 0.75-credit course.,True,"[""curricula_BSc-Curriculum-New.pdf""]","[""54""]",[],verified,course_credit,medium,CSE 314,english,cse 314,credits,course_credits,SUPPORTED,DIRECT_RELATION_SUPPORT,STRONG,semi_structured_relation,CSE 314 carries 0.75 credits.,True,curricula_BSc-Curriculum-New.pdf,curricula_BSc-Curriculum-New.pdf,doc-4d373684ce4879ed066003f5,80,doc-4d373684ce4879ed066003f5-p000080-b0007-c0001,Course Code: CSE 314 Course Title: Numerical Methods Lab Credits: 0.75 Prerequisite: CSE 206 Objectives: Laboratory assignments will be based on Course CSE-313.,2,2,[],1,False,False,0,False,True,True,True,True,[],course_credits,"[""0.75""]",0.03759379999974044,0.035825800000111485,0.0,0.0004131999999117397,,,449257472,451272704,1118584832,575549440
step9-development-framework-final-20260929T184525403813Z-b5d1d8,Q075:bangla,Q075,bangla,CSE 314 Numerical Methods Lab কোর্সটির ক্রেডিট কত?,CSE 314 Numerical Methods Lab 0.75 ক্রেডিটের কোর্স।,True,"[""curricula_BSc-Curriculum-New.pdf""]","[""54""]",[],verified,course_credit,medium,CSE 314,bangla,cse 314,credits,course_credits,SUPPORTED,DIRECT_RELATION_SUPPORT,STRONG,semi_structured_relation,CSE 314 কোর্সের ক্রেডিট 0.75।,True,curricula_BSc-Curriculum-New.pdf,curricula_BSc-Curriculum-New.pdf,doc-4d373684ce4879ed066003f5,54,doc-4d373684ce4879ed066003f5-p000054-b0005-c0001,CSE 314 Numerical Methods Lab 0.75 CSE 206,2,2,[],1,False,False,0,False,True,True,True,True,[],course_credits,"[""0.75""]",0.041533500000241474,0.03956639999978506,0.0,0.00032190000001719454,,,449257472,451272704,1118887936,575549440
step9-development-framework-final-20260929T184525403813Z-b5d1d8,Q075:banglish,Q075,banglish,CSE 314 Numerical Methods Lab course-er credit koto?,CSE 314 Numerical Methods Lab 0.75-credit course.,True,"[""curricula_BSc-Curriculum-New.pdf""]","[""54""]",[],verified,course_credit,medium,CSE 314,banglish,cse 314,credits,course_credits,SUPPORTED,DIRECT_RELATION_SUPPORT,STRONG,semi_structured_relation,CSE 314 course-er credit 0.75.,True,curricula_BSc-Curriculum-New.pdf,curricula_BSc-Curriculum-New.pdf,doc-4d373684ce4879ed066003f5,80,doc-4d373684ce4879ed066003f5-p000080-b0007-c0001,Course Code: CSE 314 Course Title: Numerical Methods Lab Credits: 0.75 Prerequisite: CSE 206 Objectives: Laboratory assignments will be based on Course CSE-313.,2,2,[],1,False,False,0,False,True,True,True,True,[],course_credits,"[""0.75""]",0.042604299999766226,0.040544299999965006,0.0,0.0004434000002220273,,,449257472,451272704,1118523392,575549440
step9-development-framework-final-20260929T184525403813Z-b5d1d8,Q076:english,Q076,english,How many credits is CSE 315 Peripheral & Interfacing?,CSE 315 Peripheral & Interfacing is a 3.00-credit course.,True,"[""curricula_BSc-Curriculum-New.pdf""]","[""54""]",[],verified,course_credit,medium,CSE 315,english,cse 315,credits,,SUPPORTED,DIRECT_STRUCTURED_SUPPORT,STRONG,structured_exact,CSE 315 carries 3.00 credits.,True,curricula_BSc-Curriculum-New.pdf,curricula_BSc-Curriculum-New.pdf,doc-4d373684ce4879ed066003f5,81,doc-4d373684ce4879ed066003f5-p000081-b0002-c0001,"Course Code: CSE 315 Course Title: Peripheral & Interfacing Credits: 3.00 Prerequisite: CSE 209, CSE 311 Interfacing Basics : Interfacing components and their characteristics. Storage devices: RAM, ROM, Cache memory, Hard disk drive, CD, DVD, Blue Ray and Flash memory. Controllers: Programmable interrupt controller and DMA controller. Computer Ports: Parallel, Serial, USB and FireWire. Basic I/O : I/O systems & I/O devices. Converters: Programmable peripheral interface, Interface to A/D and D/A conv erter. Input devices : Keyboard, Mouse, Touchpad, Webcam, Barcode reader, Thumb scanner, 2D scanners: Flatbed, Sheet -fed, Handheld, Drum; 3D scanner. Output devices: 2D monitors: LCD, TFT and LED; 3D monitor; 2D printers: Dot Matrix, Ink jet, LASER; 3D prin ter; CNC. Computer cards: Graphics, Sound and LAN; Interfacing Components : Transistor, MOSFET and Chips; Bridge Circuits: Relay and Opto -isolator; Motors: DC, Stepper, Servo; Solenoids. Books recommended: 1. Computer Peripherals - Barry Wilinson, McGraw-Hill. 2. Microprocessor & Interfacing – Dauglas V Hall, McGraw-Hill.",2,2,[],1,False,False,0,False,True,True,True,True,[],,[],0.03402300000016112,0.03079059999981837,0.0,0.0005108999998810759,,,449257472,451272704,1118486528,575549440
step9-development-framework-final-20260929T184525403813Z-b5d1d8,Q076:bangla,Q076,bangla,CSE 315 Peripheral & Interfacing কোর্সটির ক্রেডিট কত?,CSE 315 Peripheral & Interfacing 3.00 ক্রেডিটের কোর্স।,True,"[""curricula_BSc-Curriculum-New.pdf""]","[""54""]",[],verified,course_credit,medium,CSE 315,bangla,cse 315,credits,,SUPPORTED,DIRECT_STRUCTURED_SUPPORT,STRONG,structured_exact,CSE 315 কোর্সটির ক্রেডিট 3.00।,True,curricula_BSc-Curriculum-New.pdf,curricula_BSc-Curriculum-New.pdf,doc-4d373684ce4879ed066003f5,54,doc-4d373684ce4879ed066003f5-p000054-b0006-c0001,"CSE 315 Peripheral & Interfacing 3.00 CSE 209, CSE 311",2,2,[],1,False,False,0,False,True,True,True,True,[],,[],0.04007000000001426,0.03665380000029472,0.0,0.0005679000000782253,,,449257472,451272704,1117437952,575549440
step9-development-framework-final-20260929T184525403813Z-b5d1d8,Q076:banglish,Q076,banglish,CSE 315 Peripheral & Interfacing course-er credit koto?,CSE 315 Peripheral & Interfacing 3.00-credit course.,True,"[""curricula_BSc-Curriculum-New.pdf""]","[""54""]",[],verified,course_credit,medium,CSE 315,banglish,cse 315,credits,,SUPPORTED,DIRECT_STRUCTURED_SUPPORT,STRONG,structured_exact,CSE 315 course-er credit 3.00.,True,curricula_BSc-Curriculum-New.pdf,curricula_BSc-Curriculum-New.pdf,doc-4d373684ce4879ed066003f5,81,doc-4d373684ce4879ed066003f5-p000081-b0002-c0001,"Course Code: CSE 315 Course Title: Peripheral & Interfacing Credits: 3.00 Prerequisite: CSE 209, CSE 311 Interfacing Basics : Interfacing components and their characteristics. Storage devices: RAM, ROM, Cache memory, Hard disk drive, CD, DVD, Blue Ray and Flash memory. Controllers: Programmable interrupt controller and DMA controller. Computer Ports: Parallel, Serial, USB and FireWire. Basic I/O : I/O systems & I/O devices. Converters: Programmable peripheral interface, Interface to A/D and D/A conv erter. Input devices : Keyboard, Mouse, Touchpad, Webcam, Barcode reader, Thumb scanner, 2D scanners: Flatbed, Sheet -fed, Handheld, Drum; 3D scanner. Output devices: 2D monitors: LCD, TFT and LED; 3D monitor; 2D printers: Dot Matrix, Ink jet, LASER; 3D prin ter; CNC. Computer cards: Graphics, Sound and LAN; Interfacing Components : Transistor, MOSFET and Chips; Bridge Circuits: Relay and Opto -isolator; Motors: DC, Stepper, Servo; Solenoids. Books recommended: 1. Computer Peripherals - Barry Wilinson, McGraw-Hill. 2. Microprocessor & Interfacing – Dauglas V Hall, McGraw-Hill.",2,2,[],1,False,False,0,False,True,True,True,True,[],,[],0.03926430000001346,0.036013399999774265,0.0,0.0005145999998603656,,,449261568,451276800,1118097408,575549440
step9-development-framework-final-20260929T184525403813Z-b5d1d8,Q077:english,Q077,english,How many credits is CSE 316 Peripheral & Interfacing Lab?,CSE 316 Peripheral & Interfacing Lab is a 1.50-credit course.,True,"[""curricula_BSc-Curriculum-New.pdf""]","[""54""]",[],verified,course_credit,medium,CSE 316,english,cse 316,credits,,SUPPORTED,DIRECT_STRUCTURED_SUPPORT,STRONG,structured_exact,CSE 316 carries 1.50 credits.,True,curricula_BSc-Curriculum-New.pdf,curricula_BSc-Curriculum-New.pdf,doc-4d373684ce4879ed066003f5,54,doc-4d373684ce4879ed066003f5-p000054-b0007-c0001,"CSE 316 Peripheral &Interfacing Lab 1.50 CSE 210, CSE 312 Third Year Second Semester Course Code Course Title Credits Pre- Requisite",2,2,[],1,False,False,0,False,True,True,True,True,[],,[],0.03717570000026171,0.03468960000009247,0.0,0.0005380000002332963,,,449265664,451280896,1118064640,575549440
step9-development-framework-final-20260929T184525403813Z-b5d1d8,Q077:bangla,Q077,bangla,CSE 316 Peripheral & Interfacing Lab কোর্সটির ক্রেডিট কত?,CSE 316 Peripheral & Interfacing Lab 1.50 ক্রেডিটের কোর্স।,True,"[""curricula_BSc-Curriculum-New.pdf""]","[""54""]",[],verified,course_credit,medium,CSE 316,bangla,cse 316,credits,,SUPPORTED,DIRECT_STRUCTURED_SUPPORT,STRONG,structured_exact,CSE 316 কোর্সটির ক্রেডিট 1.50।,True,curricula_BSc-Curriculum-New.pdf,curricula_BSc-Curriculum-New.pdf,doc-4d373684ce4879ed066003f5,54,doc-4d373684ce4879ed066003f5-p000054-b0007-c0001,"CSE 316 Peripheral &Interfacing Lab 1.50 CSE 210, CSE 312 Third Year Second Semester Course Code Course Title Credits Pre- Requisite",2,2,[],1,False,False,0,False,True,True,True,True,[],,[],0.043241500000021915,0.0404327999999623,0.0,0.0006134999998721469,,,449265664,451280896,1117065216,575549440
step9-development-framework-final-20260929T184525403813Z-b5d1d8,Q077:banglish,Q077,banglish,CSE 316 Peripheral & Interfacing Lab course-er credit koto?,CSE 316 Peripheral & Interfacing Lab 1.50-credit course.,True,"[""curricula_BSc-Curriculum-New.pdf""]","[""54""]",[],verified,course_credit,medium,CSE 316,banglish,cse 316,credits,,SUPPORTED,DIRECT_STRUCTURED_SUPPORT,STRONG,structured_exact,CSE 316 course-er credit 1.50.,True,curricula_BSc-Curriculum-New.pdf,curricula_BSc-Curriculum-New.pdf,doc-4d373684ce4879ed066003f5,54,doc-4d373684ce4879ed066003f5-p000054-b0007-c0001,"CSE 316 Peripheral &Interfacing Lab 1.50 CSE 210, CSE 312 Third Year Second Semester Course Code Course Title Credits Pre- Requisite",2,2,[],1,False,False,0,False,True,True,True,True,[],,[],0.04269930000009481,0.04033620000018345,0.0,0.0005476000001181092,,,449265664,451280896,1109159936,575549440
step9-development-framework-final-20260929T184525403813Z-b5d1d8,Q078:english,Q078,english,How many credits is CSE 317 Computer Architecture?,CSE 317 Computer Architecture is a 3.00-credit course.,True,"[""curricula_BSc-Curriculum-New.pdf""]","[""54""]",[],verified,course_credit,medium,CSE 317,english,cse 317,credits,course_credits,SUPPORTED,DIRECT_RELATION_SUPPORT,STRONG,semi_structured_relation,CSE 317 carries 3.00 credits.,True,curricula_BSc-Curriculum-New.pdf,curricula_BSc-Curriculum-New.pdf,doc-4d373684ce4879ed066003f5,81,doc-4d373684ce4879ed066003f5-p000081-b0004-c0001,"Course Code: CSE 317 Course Title: Computer Architecture Credits: 3.00 Prerequisite: CSE 209 Introduction: Computer Architecture and Organization. Instruction set architecture: Overview of MIPS, basic instruction, high level to MIPS conversion of instruction, MIPS control and data path de sign. Computer arithmetic and number system: Binary review; floating point number representation; basic addition and multiplication algorithm and hardware. Advanced computer arithmetic: Booth multiplication scheme, recoding process, best and worst multip lier, average gain. Computer system performance and performance matrices: Execution time, clock rate, processor speed, CPI -clock per instruction, mathematical problems. Memory and cache hierarchy: Primary memory, secondary memory, memory hierarchy, virtu al memory, caching scheme: direct addressed caching, other policies, Control design: Processor control Unit design and data path analysis, Pipelining: Pipelined data path and control, super scalar and dynamic pipelining. I/O organization: Introduction, bu s control, I/O systems, p rogrammed IO, DMA and interrupts, I/O processors, multiprocessor system: UMA, NUMA etc.",2,2,[],1,False,False,0,False,True,True,True,True,[],course_credits,"[""3.00""]",0.034910800000034214,0.03102679999983593,0.0,0.0007538999998359941,,,449269760,451284992,1109540864,575549440
step9-development-framework-final-20260929T184525403813Z-b5d1d8,Q078:bangla,Q078,bangla,CSE 317 Computer Architecture কোর্সটির ক্রেডিট কত?,CSE 317 Computer Architecture 3.00 ক্রেডিটের কোর্স।,True,"[""curricula_BSc-Curriculum-New.pdf""]","[""54""]",[],verified,course_credit,medium,CSE 317,bangla,cse 317,credits,course_credits,SUPPORTED,DIRECT_RELATION_SUPPORT,STRONG,semi_structured_relation,CSE 317 কোর্সের ক্রেডিট 3.00।,True,curricula_BSc-Curriculum-New.pdf,curricula_BSc-Curriculum-New.pdf,doc-4d373684ce4879ed066003f5,54,doc-4d373684ce4879ed066003f5-p000054-b0008-c0001,CSE 317 Computer Architecture 3.00 CSE 209,2,2,[],1,False,False,0,False,True,True,True,True,[],course_credits,"[""3.00""]",0.03755379999984143,0.03527970000004643,0.0,0.00032000000010157237,,,449269760,451284992,1109925888,575549440
step9-development-framework-final-20260929T184525403813Z-b5d1d8,Q078:banglish,Q078,banglish,CSE 317 Computer Architecture course-er credit koto?,CSE 317 Computer Architecture 3.00-credit course.,True,"[""curricula_BSc-Curriculum-New.pdf""]","[""54""]",[],verified,course_credit,medium,CSE 317,banglish,cse 317,credits,course_credits,SUPPORTED,DIRECT_RELATION_SUPPORT,STRONG,semi_structured_relation,CSE 317 course-er credit 3.00.,True,curricula_BSc-Curriculum-New.pdf,curricula_BSc-Curriculum-New.pdf,doc-4d373684ce4879ed066003f5,81,doc-4d373684ce4879ed066003f5-p000081-b0004-c0001,"Course Code: CSE 317 Course Title: Computer Architecture Credits: 3.00 Prerequisite: CSE 209 Introduction: Computer Architecture and Organization. Instruction set architecture: Overview of MIPS, basic instruction, high level to MIPS conversion of instruction, MIPS control and data path de sign. Computer arithmetic and number system: Binary review; floating point number representation; basic addition and multiplication algorithm and hardware. Advanced computer arithmetic: Booth multiplication scheme, recoding process, best and worst multip lier, average gain. Computer system performance and performance matrices: Execution time, clock rate, processor speed, CPI -clock per instruction, mathematical problems. Memory and cache hierarchy: Primary memory, secondary memory, memory hierarchy, virtu al memory, caching scheme: direct addressed caching, other policies, Control design: Processor control Unit design and data path analysis, Pipelining: Pipelined data path and control, super scalar and dynamic pipelining. I/O organization: Introduction, bu s control, I/O systems, p rogrammed IO, DMA and interrupts, I/O processors, multiprocessor system: UMA, NUMA etc.",2,2,[],1,False,False,0,False,True,True,True,True,[],course_credits,"[""3.00""]",0.03775080000013986,0.03521049999972092,0.0,0.00045090000003256137,,,449269760,451284992,1109917696,575549440
step9-development-framework-final-20260929T184525403813Z-b5d1d8,Q079:english,Q079,english,How many credits is CSE 319 Computer Networks?,CSE 319 Computer Networks is a 3.00-credit course.,True,"[""curricula_BSc-Curriculum-New.pdf""]","[""54""]",[],verified,course_credit,medium,CSE 319,english,cse 319,credits,course_credits,SUPPORTED,DIRECT_RELATION_SUPPORT,STRONG,semi_structured_relation,CSE 319 carries 3.00 credits.,True,curricula_BSc-Curriculum-New.pdf,curricula_BSc-Curriculum-New.pdf,doc-4d373684ce4879ed066003f5,80,doc-4d373684ce4879ed066003f5-p000080-b0008-c0001,"Course Code: CSE 319 Course Title: Computer Networks Credits: 3.00 Prerequisite: CSE 303 Introduction to Networking, Networking Devices, Network architectures. Network Classification, Industry , Network Model and Protocols, Network Topology, Error Detection & Correction Schemes and Implementation of those Schemes, IP Overview, IPv4, IPv6, Transition from IPv4 to IPv6, IPv6 Facilities, Subnetting and supernetting - CIDR, Routing an d Routing Protocols, Transport Layer Protocols: TCP and UDP ,Local Area Networks, Satellite Networks, Servers: DNS-Mail-Proxy-DHCP, Firewalls, ISP-IIG-IGW-ICX-ITC-SMC, Configuration and Design Concept, ATM Network, VoIP, Security Issues in Networking, Diff erent Security Protocols, Hacking, Ethical Hacking, Encrypt ion, VPN, IPSec, Firewall, SSL. Text Books: 1. Computer Networking: A Top -Down Approach - James Kurose and Keith Ross, Addison-Wesley 2. Computer Networks - Andrew S. Tanenbaum and David J. Wetheral, Prentice Hall 3. Data Communications and Networking - Behrouz A. Forouzan, 4. Data and Computer Communications, William Stallings, Pearson",2,2,[],1,False,False,0,False,True,True,True,True,[],course_credits,"[""3.00""]",0.03318020000006072,0.030390499999612075,0.0,0.0004414999998516578,,,449269760,451284992,1108889600,575549440
step9-development-framework-final-20260929T184525403813Z-b5d1d8,Q079:bangla,Q079,bangla,CSE 319 Computer Networks কোর্সটির ক্রেডিট কত?,CSE 319 Computer Networks 3.00 ক্রেডিটের কোর্স।,True,"[""curricula_BSc-Curriculum-New.pdf""]","[""54""]",[],verified,course_credit,medium,CSE 319,bangla,cse 319,credits,course_credits,SUPPORTED,DIRECT_RELATION_SUPPORT,STRONG,semi_structured_relation,CSE 319 কোর্সের ক্রেডিট 3.00।,True,curricula_BSc-Curriculum-New.pdf,curricula_BSc-Curriculum-New.pdf,doc-4d373684ce4879ed066003f5,54,doc-4d373684ce4879ed066003f5-p000054-b0009-c0001,CSE 319 Computer Networks 3.00 CSE 303,2,2,[],1,False,False,0,False,True,True,True,True,[],course_credits,"[""3.00""]",0.039897600000131206,0.03667670000004364,0.0,0.00040609999996377155,,,449269760,451284992,1110585344,575549440
step9-development-framework-final-20260929T184525403813Z-b5d1d8,Q079:banglish,Q079,banglish,CSE 319 Computer Networks course-er credit koto?,CSE 319 Computer Networks 3.00-credit course.,True,"[""curricula_BSc-Curriculum-New.pdf""]","[""54""]",[],verified,course_credit,medium,CSE 319,banglish,cse 319,credits,course_credits,SUPPORTED,DIRECT_RELATION_SUPPORT,STRONG,semi_structured_relation,CSE 319 course-er credit 3.00.,True,curricula_BSc-Curriculum-New.pdf,curricula_BSc-Curriculum-New.pdf,doc-4d373684ce4879ed066003f5,80,doc-4d373684ce4879ed066003f5-p000080-b0008-c0001,"Course Code: CSE 319 Course Title: Computer Networks Credits: 3.00 Prerequisite: CSE 303 Introduction to Networking, Networking Devices, Network architectures. Network Classification, Industry , Network Model and Protocols, Network Topology, Error Detection & Correction Schemes and Implementation of those Schemes, IP Overview, IPv4, IPv6, Transition from IPv4 to IPv6, IPv6 Facilities, Subnetting and supernetting - CIDR, Routing an d Routing Protocols, Transport Layer Protocols: TCP and UDP ,Local Area Networks, Satellite Networks, Servers: DNS-Mail-Proxy-DHCP, Firewalls, ISP-IIG-IGW-ICX-ITC-SMC, Configuration and Design Concept, ATM Network, VoIP, Security Issues in Networking, Diff erent Security Protocols, Hacking, Ethical Hacking, Encrypt ion, VPN, IPSec, Firewall, SSL. Text Books: 1. Computer Networking: A Top -Down Approach - James Kurose and Keith Ross, Addison-Wesley 2. Computer Networks - Andrew S. Tanenbaum and David J. Wetheral, Prentice Hall 3. Data Communications and Networking - Behrouz A. Forouzan, 4. Data and Computer Communications, William Stallings, Pearson",2,2,[],1,False,False,0,False,True,True,True,True,[],course_credits,"[""3.00""]",0.03668970000035188,0.03423750000001746,0.0,0.00041499999997540726,,,449273856,451289088,1110585344,575549440
step9-development-framework-final-20260929T184525403813Z-b5d1d8,Q080:english,Q080,english,How many credits is CSE 320 Computer Networks Lab?,CSE 320 Computer Networks Lab is a 1.50-credit course.,True,"[""curricula_BSc-Curriculum-New.pdf""]","[""54""]",[],verified,course_credit,medium,CSE 320,english,cse 320,credits,course_credits,SUPPORTED,DIRECT_RELATION_SUPPORT,STRONG,semi_structured_relation,CSE 320 carries 1.50 credits.,True,curricula_BSc-Curriculum-New.pdf,curricula_BSc-Curriculum-New.pdf,doc-4d373684ce4879ed066003f5,54,doc-4d373684ce4879ed066003f5-p000054-b0010-c0001,CSE 320 Computer Networks Lab 1.50 Nil,1,1,[],1,False,False,0,False,True,True,True,True,[],course_credits,"[""1.50""]",0.03492259999984526,0.03355409999994663,0.0,0.0002719000003708061,,,449273856,451289088,1110597632,575549440
step9-development-framework-final-20260929T184525403813Z-b5d1d8,Q080:bangla,Q080,bangla,CSE 320 Computer Networks Lab কোর্সটির ক্রেডিট কত?,CSE 320 Computer Networks Lab 1.50 ক্রেডিটের কোর্স।,True,"[""curricula_BSc-Curriculum-New.pdf""]","[""54""]",[],verified,course_credit,medium,CSE 320,bangla,cse 320,credits,course_credits,SUPPORTED,DIRECT_RELATION_SUPPORT,STRONG,semi_structured_relation,CSE 320 কোর্সের ক্রেডিট 1.50।,True,curricula_BSc-Curriculum-New.pdf,curricula_BSc-Curriculum-New.pdf,doc-4d373684ce4879ed066003f5,54,doc-4d373684ce4879ed066003f5-p000054-b0010-c0001,CSE 320 Computer Networks Lab 1.50 Nil,1,1,[],1,False,False,0,False,True,True,True,True,[],course_credits,"[""1.50""]",0.04042250000020431,0.03888669999969352,0.0,0.00029259999973874073,,,449273856,451289088,1110597632,575549440
step9-development-framework-final-20260929T184525403813Z-b5d1d8,Q080:banglish,Q080,banglish,CSE 320 Computer Networks Lab course-er credit koto?,CSE 320 Computer Networks Lab 1.50-credit course.,True,"[""curricula_BSc-Curriculum-New.pdf""]","[""54""]",[],verified,course_credit,medium,CSE 320,banglish,cse 320,credits,course_credits,SUPPORTED,DIRECT_RELATION_SUPPORT,STRONG,semi_structured_relation,CSE 320 course-er credit 1.50.,True,curricula_BSc-Curriculum-New.pdf,curricula_BSc-Curriculum-New.pdf,doc-4d373684ce4879ed066003f5,54,doc-4d373684ce4879ed066003f5-p000054-b0010-c0001,CSE 320 Computer Networks Lab 1.50 Nil,1,1,[],1,False,False,0,False,True,True,True,True,[],course_credits,"[""1.50""]",0.04055229999994481,0.03916140000001178,0.0,0.0002729000002545945,,,449273856,451289088,1110597632,575549440
step9-development-framework-final-20260929T184525403813Z-b5d1d8,Q081:english,Q081,english,What prerequisite is listed for CSE 101 Introduction to Computer Science & Programming Methodology?,No prerequisite is listed for CSE 101 Introduction to Computer Science & Programming Methodology.,True,"[""curricula_BSc-Curriculum-New.pdf""]","[""51""]",[],verified,prerequisite,medium,CSE 101,english,cse 101,prerequisite,course_prerequisite,SUPPORTED,DIRECT_RELATION_SUPPORT,STRONG,semi_structured_relation,The prerequisite for CSE 101 is none listed.,True,curricula_BSc-Curriculum-New.pdf,curricula_BSc-Curriculum-New.pdf,doc-4d373684ce4879ed066003f5,60,doc-4d373684ce4879ed066003f5-p000060-b0002-c0001,"Course Code: CSE 101 Course Title: Introduction to Computer Science & Programming Methodology Credits: 3.00 Prerequisite: None Introduction to computer science, what is computer, Fundamental parts of a computer, sto rage and memory management (RAM, ROM, Hard disk) system overview of a computer, I/O devices, software and hardware, basic knowledge of computer, Files and folders, Command prompt, Microsoft office, Shortcut command keys, web ideas, Number System: Binary, Decimal, Octal, Hexadecimal number system and their conversion. Introduction to structured programming, Flowchart: what is flowchart, expressions of flowchart, importance of flow chart. Pseudo code: pseudo code and expression of pseudo code. Algorithm: Algorithm writing, relationship among algorithm, pseudo code and flow chart, code to flowchart and vice versa conversion. Introduction to C program, Skeleton of C program, Compiler: overview of compiler, importance and functionality, output standard libr ary function as printf(), input standard library function as scanf(), Data types and Variable: different data types, variable types and their sizes, conversion among them, scope: global variable, local variable, static variable, auto variable . Operators: Types of operator in C, functionality of operators, increment – decrement operators, precedence of operators. Header files, library files, object files and their importance. Conditional Operators: if-else structure, switchcase structure, selection structure, statement and expression. Control Flow: for loop structure, while loop structure, do -while structure, sum of the series, co-ordinate geometry, design pattern using loop. Debugging: debug a sample program using compiler. Function: argument and parameter of a function, return types, inline declaration, forward declaration of a function. Macro: types of macro, sample macro program, macro as preprocessor, Course Code: CSE 101 Course Title: Introduction to Computer Science & Programming Credits: 3.00 Prerequisite: None series, co-ordinate geometry, design pattern using loop. Debugging: debug a sample program using compiler. Function: argument and parameter of a function, return types, inline declaration, forward declaration of a function. Macro: types of macro, sample macro program, macro as preprocessor, difference between macro and function, advantages and disadvantages of macro. Bitwise operator: introduction to bitwise operators, their functionality and truth table of basic and, or, xor, nor algebraic functions . Arrays: introduction to array, declaration and definition of an array, types of array, multidimensional array, size calculation of di fferent types of array, scanning array, programs using array, matrix multiplication using array, insertion, deletion, replacement, search from an array, advantages of array over variable. Scientific calculator using C program. References: 1. Teach yourself C by Herbert Schildt. Publisher: Osborne McGraw-Hill 2. C programming Language by Brian W. Kernighan, Dennis M. Ritchie Publisher: Prentice Hall",3,2,[],1,False,False,0,False,True,True,True,True,[],course_prerequisite,"[""Nil""]",0.04712890000018888,0.042421399999966525,0.0,0.0005624999998872227,,,449273856,451289088,1110663168,575549440
step9-development-framework-final-20260929T184525403813Z-b5d1d8,Q081:bangla,Q081,bangla,CSE 101 Introduction to Computer Science & Programming Methodology কোর্সের prerequisite কী দেওয়া আছে?,CSE 101 Introduction to Computer Science & Programming Methodology কোর্সের জন্য কোনো prerequisite দেওয়া নেই।,True,"[""curricula_BSc-Curriculum-New.pdf""]","[""51""]",[],verified,prerequisite,medium,CSE 101,bangla,cse 101,prerequisite,course_prerequisite,SUPPORTED,DIRECT_RELATION_SUPPORT,STRONG,semi_structured_relation,CSE 101 কোর্সের পূর্বশর্ত: none listed।,True,curricula_BSc-Curriculum-New.pdf,curricula_BSc-Curriculum-New.pdf,doc-4d373684ce4879ed066003f5,60,doc-4d373684ce4879ed066003f5-p000060-b0002-c0001,"Course Code: CSE 101 Course Title: Introduction to Computer Science & Programming Methodology Credits: 3.00 Prerequisite: None Introduction to computer science, what is computer, Fundamental parts of a computer, sto rage and memory management (RAM, ROM, Hard disk) system overview of a computer, I/O devices, software and hardware, basic knowledge of computer, Files and folders, Command prompt, Microsoft office, Shortcut command keys, web ideas, Number System: Binary, Decimal, Octal, Hexadecimal number system and their conversion. Introduction to structured programming, Flowchart: what is flowchart, expressions of flowchart, importance of flow chart. Pseudo code: pseudo code and expression of pseudo code. Algorithm: Algorithm writing, relationship among algorithm, pseudo code and flow chart, code to flowchart and vice versa conversion. Introduction to C program, Skeleton of C program, Compiler: overview of compiler, importance and functionality, output standard libr ary function as printf(), input standard library function as scanf(), Data types and Variable: different data types, variable types and their sizes, conversion among them, scope: global variable, local variable, static variable, auto variable . Operators: Types of operator in C, functionality of operators, increment – decrement operators, precedence of operators. Header files, library files, object files and their importance. Conditional Operators: if-else structure, switchcase structure, selection structure, statement and expression. Control Flow: for loop structure, while loop structure, do -while structure, sum of the series, co-ordinate geometry, design pattern using loop. Debugging: debug a sample program using compiler. Function: argument and parameter of a function, return types, inline declaration, forward declaration of a function. Macro: types of macro, sample macro program, macro as preprocessor, Course Code: CSE 101 Course Title: Introduction to Computer Science & Programming Credits: 3.00 Prerequisite: None series, co-ordinate geometry, design pattern using loop. Debugging: debug a sample program using compiler. Function: argument and parameter of a function, return types, inline declaration, forward declaration of a function. Macro: types of macro, sample macro program, macro as preprocessor, difference between macro and function, advantages and disadvantages of macro. Bitwise operator: introduction to bitwise operators, their functionality and truth table of basic and, or, xor, nor algebraic functions . Arrays: introduction to array, declaration and definition of an array, types of array, multidimensional array, size calculation of di fferent types of array, scanning array, programs using array, matrix multiplication using array, insertion, deletion, replacement, search from an array, advantages of array over variable. Scientific calculator using C program. References: 1. Teach yourself C by Herbert Schildt. Publisher: Osborne McGraw-Hill 2. C programming Language by Brian W. Kernighan, Dennis M. Ritchie Publisher: Prentice Hall",3,2,[],1,False,False,0,False,True,True,True,True,[],course_prerequisite,"[""Nil""]",0.058296299999710754,0.054095800000141026,0.0,0.0007012000000941043,,,449277952,451293184,1110671360,575549440
step9-development-framework-final-20260929T184525403813Z-b5d1d8,Q081:banglish,Q081,banglish,CSE 101 Introduction to Computer Science & Programming Methodology course-er prerequisite ki deya ache?,CSE 101 Introduction to Computer Science & Programming Methodology course-er jonno kono prerequisite deya nei.,True,"[""curricula_BSc-Curriculum-New.pdf""]","[""51""]",[],verified,prerequisite,medium,CSE 101,banglish,cse 101,prerequisite,course_prerequisite,SUPPORTED,DIRECT_RELATION_SUPPORT,STRONG,semi_structured_relation,CSE 101 course-er kono prerequisite deya nei.,True,curricula_BSc-Curriculum-New.pdf,curricula_BSc-Curriculum-New.pdf,doc-4d373684ce4879ed066003f5,60,doc-4d373684ce4879ed066003f5-p000060-b0002-c0001,"Course Code: CSE 101 Course Title: Introduction to Computer Science & Programming Methodology Credits: 3.00 Prerequisite: None Introduction to computer science, what is computer, Fundamental parts of a computer, sto rage and memory management (RAM, ROM, Hard disk) system overview of a computer, I/O devices, software and hardware, basic knowledge of computer, Files and folders, Command prompt, Microsoft office, Shortcut command keys, web ideas, Number System: Binary, Decimal, Octal, Hexadecimal number system and their conversion. Introduction to structured programming, Flowchart: what is flowchart, expressions of flowchart, importance of flow chart. Pseudo code: pseudo code and expression of pseudo code. Algorithm: Algorithm writing, relationship among algorithm, pseudo code and flow chart, code to flowchart and vice versa conversion. Introduction to C program, Skeleton of C program, Compiler: overview of compiler, importance and functionality, output standard libr ary function as printf(), input standard library function as scanf(), Data types and Variable: different data types, variable types and their sizes, conversion among them, scope: global variable, local variable, static variable, auto variable . Operators: Types of operator in C, functionality of operators, increment – decrement operators, precedence of operators. Header files, library files, object files and their importance. Conditional Operators: if-else structure, switchcase structure, selection structure, statement and expression. Control Flow: for loop structure, while loop structure, do -while structure, sum of the series, co-ordinate geometry, design pattern using loop. Debugging: debug a sample program using compiler. Function: argument and parameter of a function, return types, inline declaration, forward declaration of a function. Macro: types of macro, sample macro program, macro as preprocessor, Course Code: CSE 101 Course Title: Introduction to Computer Science & Programming Credits: 3.00 Prerequisite: None series, co-ordinate geometry, design pattern using loop. Debugging: debug a sample program using compiler. Function: argument and parameter of a function, return types, inline declaration, forward declaration of a function. Macro: types of macro, sample macro program, macro as preprocessor, difference between macro and function, advantages and disadvantages of macro. Bitwise operator: introduction to bitwise operators, their functionality and truth table of basic and, or, xor, nor algebraic functions . Arrays: introduction to array, declaration and definition of an array, types of array, multidimensional array, size calculation of di fferent types of array, scanning array, programs using array, matrix multiplication using array, insertion, deletion, replacement, search from an array, advantages of array over variable. Scientific calculator using C program. References: 1. Teach yourself C by Herbert Schildt. Publisher: Osborne McGraw-Hill 2. C programming Language by Brian W. Kernighan, Dennis M. Ritchie Publisher: Prentice Hall",3,2,[],1,False,False,0,False,True,True,True,True,[],course_prerequisite,"[""Nil""]",0.05765130000008867,0.053414499999689724,0.0,0.0006108000002313929,,,449277952,451293184,1110663168,575549440
step9-development-framework-final-20260929T184525403813Z-b5d1d8,Q082:english,Q082,english,What prerequisite is listed for CSE 102 Introduction to Computer Sc. & Programming Methodology Lab?,No prerequisite is listed for CSE 102 Introduction to Computer Sc. & Programming Methodology Lab.,True,"[""curricula_BSc-Curriculum-New.pdf""]","[""51""]",[],verified,prerequisite,medium,CSE 102,english,cse 102,prerequisite,,SUPPORTED,DIRECT_STRUCTURED_SUPPORT,STRONG,structured_exact,CSE 102 has no listed prerequisite.,True,curricula_BSc-Curriculum-New.pdf,curricula_BSc-Curriculum-New.pdf,doc-4d373684ce4879ed066003f5,61,doc-4d373684ce4879ed066003f5-p000061-b0004-c0001,Course Code: CSE 102 Course Title: Introduction to Computer Science & Programming Methodology Lab Credits: 1.50 Prerequisite: None Objective: Laboratory works and assignments will be based on CSE-101,2,2,[],1,False,False,0,False,True,True,True,True,[],,[],0.04972150000003239,0.04683680000016466,0.0,0.0006988999998611689,,,449282048,451297280,1110691840,575549440
step9-development-framework-final-20260929T184525403813Z-b5d1d8,Q082:bangla,Q082,bangla,CSE 102 Introduction to Computer Sc. & Programming Methodology Lab কোর্সের prerequisite কী দেওয়া আছে?,CSE 102 Introduction to Computer Sc. & Programming Methodology Lab কোর্সের জন্য কোনো prerequisite দেওয়া নেই।,True,"[""curricula_BSc-Curriculum-New.pdf""]","[""51""]",[],verified,prerequisite,medium,CSE 102,bangla,cse 102,prerequisite,,SUPPORTED,DIRECT_STRUCTURED_SUPPORT,STRONG,structured_exact,CSE 102 কোর্সের কোনো পূর্বশর্ত দেওয়া নেই।,True,curricula_BSc-Curriculum-New.pdf,curricula_BSc-Curriculum-New.pdf,doc-4d373684ce4879ed066003f5,61,doc-4d373684ce4879ed066003f5-p000061-b0004-c0001,Course Code: CSE 102 Course Title: Introduction to Computer Science & Programming Methodology Lab Credits: 1.50 Prerequisite: None Objective: Laboratory works and assignments will be based on CSE-101,2,2,[],1,False,False,0,False,True,True,True,True,[],,[],0.0603040000000874,0.05744790000017019,0.0,0.0008208999997805222,,,449282048,451297280,1113317376,575549440
step9-development-framework-final-20260929T184525403813Z-b5d1d8,Q082:banglish,Q082,banglish,CSE 102 Introduction to Computer Sc. & Programming Methodology Lab course-er prerequisite ki deya ache?,CSE 102 Introduction to Computer Sc. & Programming Methodology Lab course-er jonno kono prerequisite deya nei.,True,"[""curricula_BSc-Curriculum-New.pdf""]","[""51""]",[],verified,prerequisite,medium,CSE 102,banglish,cse 102,prerequisite,,SUPPORTED,DIRECT_STRUCTURED_SUPPORT,STRONG,structured_exact,CSE 102 course-er kono prerequisite deya nei.,True,curricula_BSc-Curriculum-New.pdf,curricula_BSc-Curriculum-New.pdf,doc-4d373684ce4879ed066003f5,61,doc-4d373684ce4879ed066003f5-p000061-b0004-c0001,Course Code: CSE 102 Course Title: Introduction to Computer Science & Programming Methodology Lab Credits: 1.50 Prerequisite: None Objective: Laboratory works and assignments will be based on CSE-101,2,2,[],1,False,False,0,False,True,True,True,True,[],,[],0.059660400000211666,0.0571789999999055,0.0,0.0006824999995842518,,,449282048,451297280,1111941120,575549440
step9-development-framework-final-20260929T184525403813Z-b5d1d8,Q083:english,Q083,english,What prerequisite is listed for HSS 101 English I: Written and Spoken English?,No prerequisite is listed for HSS 101 English I: Written and Spoken English.,True,"[""curricula_BSc-Curriculum-New.pdf""]","[""51""]",[],verified,prerequisite,medium,HSS 101,english,hss 101,prerequisite,course_prerequisite,SUPPORTED,DIRECT_RELATION_SUPPORT,STRONG,semi_structured_relation,The prerequisite for HSS 101 is none listed.,True,curricula_BSc-Curriculum-New.pdf,curricula_BSc-Curriculum-New.pdf,doc-4d373684ce4879ed066003f5,51,doc-4d373684ce4879ed066003f5-p000051-b0004-c0001,HSS 101 English I: Written and Spoken English 3.00 Nil,1,1,[],1,False,False,0,False,True,True,True,True,[],course_prerequisite,"[""Nil""]",0.04053410000005897,0.03882579999981317,0.0,0.00031089999993128004,,,449286144,451301376,1110892544,575549440
step9-development-framework-final-20260929T184525403813Z-b5d1d8,Q083:bangla,Q083,bangla,HSS 101 English I: Written and Spoken English কোর্সের prerequisite কী দেওয়া আছে?,HSS 101 English I: Written and Spoken English কোর্সের জন্য কোনো prerequisite দেওয়া নেই।,True,"[""curricula_BSc-Curriculum-New.pdf""]","[""51""]",[],verified,prerequisite,medium,HSS 101,bangla,hss 101,prerequisite,course_prerequisite,SUPPORTED,DIRECT_RELATION_SUPPORT,STRONG,semi_structured_relation,HSS 101 কোর্সের পূর্বশর্ত: none listed।,True,curricula_BSc-Curriculum-New.pdf,curricula_BSc-Curriculum-New.pdf,doc-4d373684ce4879ed066003f5,51,doc-4d373684ce4879ed066003f5-p000051-b0004-c0001,HSS 101 English I: Written and Spoken English 3.00 Nil,1,1,[],1,False,False,0,False,True,True,True,True,[],course_prerequisite,"[""Nil""]",0.052792000000408734,0.050933399999848916,0.0,0.00037949999978081905,,,449286144,451301376,1110888448,575549440
step9-development-framework-final-20260929T184525403813Z-b5d1d8,Q083:banglish,Q083,banglish,HSS 101 English I: Written and Spoken English course-er prerequisite ki deya ache?,HSS 101 English I: Written and Spoken English course-er jonno kono prerequisite deya nei.,True,"[""curricula_BSc-Curriculum-New.pdf""]","[""51""]",[],verified,prerequisite,medium,HSS 101,banglish,hss 101,prerequisite,course_prerequisite,SUPPORTED,DIRECT_RELATION_SUPPORT,STRONG,semi_structured_relation,HSS 101 course-er kono prerequisite deya nei.,True,curricula_BSc-Curriculum-New.pdf,curricula_BSc-Curriculum-New.pdf,doc-4d373684ce4879ed066003f5,51,doc-4d373684ce4879ed066003f5-p000051-b0004-c0001,HSS 101 English I: Written and Spoken English 3.00 Nil,1,1,[],3,False,False,0,False,True,True,True,True,[],course_prerequisite,"[""Nil""]",0.05223900000009962,0.0506268999997701,0.0,0.0003434999998717103,,,449286144,451301376,1110888448,575549440
step9-development-framework-final-20260929T184525403813Z-b5d1d8,Q084:english,Q084,english,What prerequisite is listed for HSS 111(A) Bangladesh Studies: Society and Culture?,No prerequisite is listed for HSS 111(A) Bangladesh Studies: Society and Culture.,True,"[""curricula_BSc-Curriculum-New.pdf""]","[""51""]",[],verified,prerequisite,medium,HSS 111,english,hss 111(a),prerequisite,course_prerequisite,SUPPORTED,DIRECT_RELATION_SUPPORT,STRONG,semi_structured_relation,The prerequisite for HSS 111(A) is none listed.,True,curricula_BSc-Curriculum-New.pdf,curricula_BSc-Curriculum-New.pdf,doc-4d373684ce4879ed066003f5,51,doc-4d373684ce4879ed066003f5-p000051-b0005-c0001,HSS 111(A) Bangladesh Studies: Society and Culture 2.00 Nil,1,1,[],1,False,False,0,False,True,True,True,True,[],course_prerequisite,"[""Nil""]",0.03966499999978623,0.03811540000015157,0.0,0.0003171000003021618,,,449286144,451301376,1110888448,575549440
step9-development-framework-final-20260929T184525403813Z-b5d1d8,Q084:bangla,Q084,bangla,HSS 111(A) Bangladesh Studies: Society and Culture কোর্সের prerequisite কী দেওয়া আছে?,HSS 111(A) Bangladesh Studies: Society and Culture কোর্সের জন্য কোনো prerequisite দেওয়া নেই।,True,"[""curricula_BSc-Curriculum-New.pdf""]","[""51""]",[],verified,prerequisite,medium,HSS 111,bangla,hss 111(a),prerequisite,course_prerequisite,SUPPORTED,DIRECT_RELATION_SUPPORT,STRONG,semi_structured_relation,HSS 111(A) কোর্সের পূর্বশর্ত: none listed।,True,curricula_BSc-Curriculum-New.pdf,curricula_BSc-Curriculum-New.pdf,doc-4d373684ce4879ed066003f5,51,doc-4d373684ce4879ed066003f5-p000051-b0005-c0001,HSS 111(A) Bangladesh Studies: Society and Culture 2.00 Nil,1,1,[],1,False,False,0,False,True,True,True,True,[],course_prerequisite,"[""Nil""]",0.053126199999951496,0.051302400000167836,0.0,0.00038290000020424486,,,449298432,451313664,1110970368,575549440
step9-development-framework-final-20260929T184525403813Z-b5d1d8,Q084:banglish,Q084,banglish,HSS 111(A) Bangladesh Studies: Society and Culture course-er prerequisite ki deya ache?,HSS 111(A) Bangladesh Studies: Society and Culture course-er jonno kono prerequisite deya nei.,True,"[""curricula_BSc-Curriculum-New.pdf""]","[""51""]",[],verified,prerequisite,medium,HSS 111,banglish,hss 111(a),prerequisite,course_prerequisite,SUPPORTED,DIRECT_RELATION_SUPPORT,STRONG,semi_structured_relation,HSS 111(A) course-er kono prerequisite deya nei.,True,curricula_BSc-Curriculum-New.pdf,curricula_BSc-Curriculum-New.pdf,doc-4d373684ce4879ed066003f5,51,doc-4d373684ce4879ed066003f5-p000051-b0005-c0001,HSS 111(A) Bangladesh Studies: Society and Culture 2.00 Nil,1,1,[],1,False,False,0,False,True,True,True,True,[],course_prerequisite,"[""Nil""]",0.05362790000026507,0.051896599999963655,0.0,0.0003330999998070183,,,449298432,451313664,1108180992,575549440
step9-development-framework-final-20260929T184525403813Z-b5d1d8,Q085:english,Q085,english,What prerequisite is listed for HSS 111(B) Bangladesh Studies: Bangladesh History?,No prerequisite is listed for HSS 111(B) Bangladesh Studies: Bangladesh History.,True,"[""curricula_BSc-Curriculum-New.pdf""]","[""51""]",[],verified,prerequisite,medium,HSS 111,english,hss 111(b),prerequisite,course_prerequisite,SUPPORTED,DIRECT_RELATION_SUPPORT,STRONG,semi_structured_relation,The prerequisite for HSS 111(B) is none listed.,True,curricula_BSc-Curriculum-New.pdf,curricula_BSc-Curriculum-New.pdf,doc-4d373684ce4879ed066003f5,51,doc-4d373684ce4879ed066003f5-p000051-b0006-c0001,HSS 111(B) Bangladesh Studies: Bangladesh History 2.00 Nil,1,1,[],1,False,False,0,False,True,True,True,True,[],course_prerequisite,"[""Nil""]",0.04136999999991531,0.039430999999694905,0.0,0.0003934999999728461,,,449298432,451313664,1108930560,575549440
step9-development-framework-final-20260929T184525403813Z-b5d1d8,Q085:bangla,Q085,bangla,HSS 111(B) Bangladesh Studies: Bangladesh History কোর্সের prerequisite কী দেওয়া আছে?,HSS 111(B) Bangladesh Studies: Bangladesh History কোর্সের জন্য কোনো prerequisite দেওয়া নেই।,True,"[""curricula_BSc-Curriculum-New.pdf""]","[""51""]",[],verified,prerequisite,medium,HSS 111,bangla,hss 111(b),prerequisite,course_prerequisite,SUPPORTED,DIRECT_RELATION_SUPPORT,STRONG,semi_structured_relation,HSS 111(B) কোর্সের পূর্বশর্ত: none listed।,True,curricula_BSc-Curriculum-New.pdf,curricula_BSc-Curriculum-New.pdf,doc-4d373684ce4879ed066003f5,51,doc-4d373684ce4879ed066003f5-p000051-b0006-c0001,HSS 111(B) Bangladesh Studies: Bangladesh History 2.00 Nil,1,1,[],1,False,False,0,False,True,True,True,True,[],course_prerequisite,"[""Nil""]",0.05323980000002848,0.05138109999961671,0.0,0.000382299999728275,,,449298432,451313664,1109368832,575549440
step9-development-framework-final-20260929T184525403813Z-b5d1d8,Q085:banglish,Q085,banglish,HSS 111(B) Bangladesh Studies: Bangladesh History course-er prerequisite ki deya ache?,HSS 111(B) Bangladesh Studies: Bangladesh History course-er jonno kono prerequisite deya nei.,True,"[""curricula_BSc-Curriculum-New.pdf""]","[""51""]",[],verified,prerequisite,medium,HSS 111,banglish,hss 111(b),prerequisite,course_prerequisite,SUPPORTED,DIRECT_RELATION_SUPPORT,STRONG,semi_structured_relation,HSS 111(B) course-er kono prerequisite deya nei.,True,curricula_BSc-Curriculum-New.pdf,curricula_BSc-Curriculum-New.pdf,doc-4d373684ce4879ed066003f5,51,doc-4d373684ce4879ed066003f5-p000051-b0006-c0001,HSS 111(B) Bangladesh Studies: Bangladesh History 2.00 Nil,1,1,[],1,False,False,0,False,True,True,True,True,[],course_prerequisite,"[""Nil""]",0.05330490000005739,0.051415500000075554,0.0,0.00033219999977518455,,,449298432,451313664,1109221376,575549440
step9-development-framework-final-20260929T184525403813Z-b5d1d8,Q086:english,Q086,english,What prerequisite is listed for PHY 101 Physics?,No prerequisite is listed for PHY 101 Physics.,True,"[""curricula_BSc-Curriculum-New.pdf""]","[""51""]",[],verified,prerequisite,medium,PHY 101,english,phy 101,prerequisite,course_prerequisite,SUPPORTED,DIRECT_RELATION_SUPPORT,STRONG,semi_structured_relation,The prerequisite for PHY 101 is none listed.,True,curricula_BSc-Curriculum-New.pdf,curricula_BSc-Curriculum-New.pdf,doc-4d373684ce4879ed066003f5,62,doc-4d373684ce4879ed066003f5-p000062-b0007-c0001,"Course Code: PHY 101 Course Title: Physics Credits: 3.00 Prerequisite: None Heat and Thermodynamics: Principle of temperature measurements: platinum resistance thermometer, thermo -electric thermometer, pyrometer; Kinetic theory of gases: Maxwell's distribution of molecular speeds, mean free path, equipartition of energy, Brownian motion, Van der Waal's equation of state, review of the First Law of thermodynamics and its application, reversible and irreversible processes, Second Law of thermodynamics, Carnot cycle; Efficiency of heat engines, Carnot's Theorem, entropy and disorder, thermodynamic functions, Maxw ell relations, Clausius -Clapeyron Equation, Gibbs Phase Rule, Third Law of thermodynamics. Structure of Matter: Crystalline and non -crystalline solids, single crystal and polycrystal solids, unit cell, crystal systems, coordinations number, crystal planes and directions, sodium chloride and CsCl structure, packing factor, Miller indices, relation between interplanar spacing and Miller indices, Bragg's Law, methods of determination of interplanar spacing from diffraction patterns; Defects in solids: point defects, line defects; Bonds in solids, inter -atomic distances, calculation of cohesive and bonding energy; Introduction to band theory: distinction",2,2,[],1,False,False,0,False,True,True,True,True,[],course_prerequisite,"[""Nil""]",0.03127660000018295,0.028151600000001054,0.0,0.00047630000017306884,,,449298432,451313664,1109241856,575549440
step9-development-framework-final-20260929T184525403813Z-b5d1d8,Q086:bangla,Q086,bangla,PHY 101 Physics কোর্সের prerequisite কী দেওয়া আছে?,PHY 101 Physics কোর্সের জন্য কোনো prerequisite দেওয়া নেই।,True,"[""curricula_BSc-Curriculum-New.pdf""]","[""51""]",[],verified,prerequisite,medium,PHY 101,bangla,phy 101,prerequisite,course_prerequisite,SUPPORTED,DIRECT_RELATION_SUPPORT,STRONG,semi_structured_relation,PHY 101 কোর্সের পূর্বশর্ত: none listed।,True,curricula_BSc-Curriculum-New.pdf,curricula_BSc-Curriculum-New.pdf,doc-4d373684ce4879ed066003f5,62,doc-4d373684ce4879ed066003f5-p000062-b0007-c0001,"Course Code: PHY 101 Course Title: Physics Credits: 3.00 Prerequisite: None Heat and Thermodynamics: Principle of temperature measurements: platinum resistance thermometer, thermo -electric thermometer, pyrometer; Kinetic theory of gases: Maxwell's distribution of molecular speeds, mean free path, equipartition of energy, Brownian motion, Van der Waal's equation of state, review of the First Law of thermodynamics and its application, reversible and irreversible processes, Second Law of thermodynamics, Carnot cycle; Efficiency of heat engines, Carnot's Theorem, entropy and disorder, thermodynamic functions, Maxw ell relations, Clausius -Clapeyron Equation, Gibbs Phase Rule, Third Law of thermodynamics. Structure of Matter: Crystalline and non -crystalline solids, single crystal and polycrystal solids, unit cell, crystal systems, coordinations number, crystal planes and directions, sodium chloride and CsCl structure, packing factor, Miller indices, relation between interplanar spacing and Miller indices, Bragg's Law, methods of determination of interplanar spacing from diffraction patterns; Defects in solids: point defects, line defects; Bonds in solids, inter -atomic distances, calculation of cohesive and bonding energy; Introduction to band theory: distinction",2,2,[],1,False,False,0,False,True,True,True,True,[],course_prerequisite,"[""Nil""]",0.04609370000025592,0.043240699999842036,0.0,0.0004923999999846274,,,449298432,451313664,1109118976,575549440
step9-development-framework-final-20260929T184525403813Z-b5d1d8,Q086:banglish,Q086,banglish,PHY 101 Physics course-er prerequisite ki deya ache?,PHY 101 Physics course-er jonno kono prerequisite deya nei.,True,"[""curricula_BSc-Curriculum-New.pdf""]","[""51""]",[],verified,prerequisite,medium,PHY 101,banglish,phy 101,prerequisite,course_prerequisite,SUPPORTED,DIRECT_RELATION_SUPPORT,STRONG,semi_structured_relation,PHY 101 course-er kono prerequisite deya nei.,True,curricula_BSc-Curriculum-New.pdf,curricula_BSc-Curriculum-New.pdf,doc-4d373684ce4879ed066003f5,62,doc-4d373684ce4879ed066003f5-p000062-b0007-c0001,"Course Code: PHY 101 Course Title: Physics Credits: 3.00 Prerequisite: None Heat and Thermodynamics: Principle of temperature measurements: platinum resistance thermometer, thermo -electric thermometer, pyrometer; Kinetic theory of gases: Maxwell's distribution of molecular speeds, mean free path, equipartition of energy, Brownian motion, Van der Waal's equation of state, review of the First Law of thermodynamics and its application, reversible and irreversible processes, Second Law of thermodynamics, Carnot cycle; Efficiency of heat engines, Carnot's Theorem, entropy and disorder, thermodynamic functions, Maxw ell relations, Clausius -Clapeyron Equation, Gibbs Phase Rule, Third Law of thermodynamics. Structure of Matter: Crystalline and non -crystalline solids, single crystal and polycrystal solids, unit cell, crystal systems, coordinations number, crystal planes and directions, sodium chloride and CsCl structure, packing factor, Miller indices, relation between interplanar spacing and Miller indices, Bragg's Law, methods of determination of interplanar spacing from diffraction patterns; Defects in solids: point defects, line defects; Bonds in solids, inter -atomic distances, calculation of cohesive and bonding energy; Introduction to band theory: distinction",2,2,[],1,False,False,0,False,True,True,True,True,[],course_prerequisite,"[""Nil""]",0.044633900000008,0.041672100000141654,0.0,0.0004253000001881446,,,449298432,451313664,1107939328,575549440
step9-development-framework-final-20260929T184525403813Z-b5d1d8,Q087:english,Q087,english,What prerequisite is listed for PHY 102 Physics Lab?,No prerequisite is listed for PHY 102 Physics Lab.,True,"[""curricula_BSc-Curriculum-New.pdf""]","[""51""]",[],verified,prerequisite,medium,PHY 102,english,phy 102,prerequisite,course_prerequisite,SUPPORTED,DIRECT_RELATION_SUPPORT,STRONG,semi_structured_relation,The prerequisite for PHY 102 is none listed.,True,curricula_BSc-Curriculum-New.pdf,curricula_BSc-Curriculum-New.pdf,doc-4d373684ce4879ed066003f5,63,doc-4d373684ce4879ed066003f5-p000063-b0004-c0001,"Course Code: PHY 102 Course Title: Physics Lab Credits: 1.5 Prerequisite: None Lab work based on theory, assigned by the course teacher.",2,2,[],1,False,False,0,False,True,True,True,True,[],course_prerequisite,"[""Nil""]",0.03356019999955606,0.0313704999998663,0.0,0.0004677000001720444,,,449298432,451313664,1108525056,575549440
step9-development-framework-final-20260929T184525403813Z-b5d1d8,Q087:bangla,Q087,bangla,PHY 102 Physics Lab কোর্সের prerequisite কী দেওয়া আছে?,PHY 102 Physics Lab কোর্সের জন্য কোনো prerequisite দেওয়া নেই।,True,"[""curricula_BSc-Curriculum-New.pdf""]","[""51""]",[],verified,prerequisite,medium,PHY 102,bangla,phy 102,prerequisite,course_prerequisite,SUPPORTED,DIRECT_RELATION_SUPPORT,STRONG,semi_structured_relation,PHY 102 কোর্সের পূর্বশর্ত: none listed।,True,curricula_BSc-Curriculum-New.pdf,curricula_BSc-Curriculum-New.pdf,doc-4d373684ce4879ed066003f5,63,doc-4d373684ce4879ed066003f5-p000063-b0004-c0001,"Course Code: PHY 102 Course Title: Physics Lab Credits: 1.5 Prerequisite: None Lab work based on theory, assigned by the course teacher.",2,2,[],1,False,False,0,False,True,True,True,True,[],course_prerequisite,"[""Nil""]",0.04571780000014769,0.04365879999977551,0.0,0.0005046999999649415,,,449298432,451313664,1108295680,575549440
step9-development-framework-final-20260929T184525403813Z-b5d1d8,Q087:banglish,Q087,banglish,PHY 102 Physics Lab course-er prerequisite ki deya ache?,PHY 102 Physics Lab course-er jonno kono prerequisite deya nei.,True,"[""curricula_BSc-Curriculum-New.pdf""]","[""51""]",[],verified,prerequisite,medium,PHY 102,banglish,phy 102,prerequisite,course_prerequisite,SUPPORTED,DIRECT_RELATION_SUPPORT,STRONG,semi_structured_relation,PHY 102 course-er kono prerequisite deya nei.,True,curricula_BSc-Curriculum-New.pdf,curricula_BSc-Curriculum-New.pdf,doc-4d373684ce4879ed066003f5,63,doc-4d373684ce4879ed066003f5-p000063-b0004-c0001,"Course Code: PHY 102 Course Title: Physics Lab Credits: 1.5 Prerequisite: None Lab work based on theory, assigned by the course teacher.",2,2,[],1,False,False,0,False,True,True,True,True,[],course_prerequisite,"[""Nil""]",0.04676199999994424,0.04452289999971981,0.0,0.0004498999996940256,,,449298432,451313664,1103388672,575549440
step9-development-framework-final-20260929T184525403813Z-b5d1d8,Q088:english,Q088,english,"What prerequisite is listed for MTH 101 Math I: Basic Calculus, Co-ordinate Geometry?","No prerequisite is listed for MTH 101 Math I: Basic Calculus, Co-ordinate Geometry.",True,"[""curricula_BSc-Curriculum-New.pdf""]","[""51""]",[],verified,prerequisite,medium,MTH 101,english,mth 101,prerequisite,,SUPPORTED,DIRECT_STRUCTURED_SUPPORT,STRONG,structured_exact,MTH 101 has no listed prerequisite.,True,curricula_BSc-Curriculum-New.pdf,curricula_BSc-Curriculum-New.pdf,doc-4d373684ce4879ed066003f5,63,doc-4d373684ce4879ed066003f5-p000063-b0005-c0001,"Course Code: MTH 101 Course Title: Math I Credits: 3.00 Prerequisite: N/A Three dimensional geometry: Co-ordinates in three dimensions, direction cosines and direction ratios, planes, sphere, straight line and conicoids (basic definition and properties only). Concept of functions : Function, domain and range of a function, graphs of simple functions (exponential, logarithmic and trigonometric), inverse function, function of several variables. Limit and continuity for single and several variables : Existence of limits, limits at infinity, properties and computational techniques of limits, properties of continuous functions, L‘ Hospital‘s rule. Differentiation and its applications : Tangent lines and rates of change, differentiability, techniques of differentiation, successive differentiation, Leibnitz‘s theorem, Rolle‘s theorem and mean value theorem, Taylor and",2,2,[],1,False,False,0,False,True,True,True,True,[],,[],0.05253500000026179,0.04931369999985691,0.0,0.0006739999998899293,,,449302528,451317760,1103441920,575549440
step9-development-framework-final-20260929T184525403813Z-b5d1d8,Q088:bangla,Q088,bangla,"MTH 101 Math I: Basic Calculus, Co-ordinate Geometry কোর্সের prerequisite কী দেওয়া আছে?","MTH 101 Math I: Basic Calculus, Co-ordinate Geometry কোর্সের জন্য কোনো prerequisite দেওয়া নেই।",True,"[""curricula_BSc-Curriculum-New.pdf""]","[""51""]",[],verified,prerequisite,medium,MTH 101,bangla,mth 101,prerequisite,,SUPPORTED,DIRECT_STRUCTURED_SUPPORT,STRONG,structured_exact,MTH 101 কোর্সের কোনো পূর্বশর্ত দেওয়া নেই।,True,curricula_BSc-Curriculum-New.pdf,curricula_BSc-Curriculum-New.pdf,doc-4d373684ce4879ed066003f5,63,doc-4d373684ce4879ed066003f5-p000063-b0005-c0001,"Course Code: MTH 101 Course Title: Math I Credits: 3.00 Prerequisite: N/A Three dimensional geometry: Co-ordinates in three dimensions, direction cosines and direction ratios, planes, sphere, straight line and conicoids (basic definition and properties only). Concept of functions : Function, domain and range of a function, graphs of simple functions (exponential, logarithmic and trigonometric), inverse function, function of several variables. Limit and continuity for single and several variables : Existence of limits, limits at infinity, properties and computational techniques of limits, properties of continuous functions, L‘ Hospital‘s rule. Differentiation and its applications : Tangent lines and rates of change, differentiability, techniques of differentiation, successive differentiation, Leibnitz‘s theorem, Rolle‘s theorem and mean value theorem, Taylor and",2,2,[],1,False,False,0,False,True,True,True,True,[],,[],0.06571409999969546,0.06181110000034096,0.0,0.0008142000001498673,,,449302528,451317760,1102561280,575549440
step9-development-framework-final-20260929T184525403813Z-b5d1d8,Q088:banglish,Q088,banglish,"MTH 101 Math I: Basic Calculus, Co-ordinate Geometry course-er prerequisite ki deya ache?","MTH 101 Math I: Basic Calculus, Co-ordinate Geometry course-er jonno kono prerequisite deya nei.",True,"[""curricula_BSc-Curriculum-New.pdf""]","[""51""]",[],verified,prerequisite,medium,MTH 101,banglish,mth 101,prerequisite,,SUPPORTED,DIRECT_STRUCTURED_SUPPORT,STRONG,structured_exact,MTH 101 course-er kono prerequisite deya nei.,True,curricula_BSc-Curriculum-New.pdf,curricula_BSc-Curriculum-New.pdf,doc-4d373684ce4879ed066003f5,63,doc-4d373684ce4879ed066003f5-p000063-b0005-c0001,"Course Code: MTH 101 Course Title: Math I Credits: 3.00 Prerequisite: N/A Three dimensional geometry: Co-ordinates in three dimensions, direction cosines and direction ratios, planes, sphere, straight line and conicoids (basic definition and properties only). Concept of functions : Function, domain and range of a function, graphs of simple functions (exponential, logarithmic and trigonometric), inverse function, function of several variables. Limit and continuity for single and several variables : Existence of limits, limits at infinity, properties and computational techniques of limits, properties of continuous functions, L‘ Hospital‘s rule. Differentiation and its applications : Tangent lines and rates of change, differentiability, techniques of differentiation, successive differentiation, Leibnitz‘s theorem, Rolle‘s theorem and mean value theorem, Taylor and",2,2,[],1,False,False,0,False,True,True,True,True,[],,[],0.06272200000012162,0.059763700000075914,0.0,0.0006383999998433865,,,449302528,451317760,1103716352,575549440
step9-development-framework-final-20260929T184525403813Z-b5d1d8,Q089:english,Q089,english,What prerequisite is listed for CSE 103 Structured Programming?,The listed prerequisite for CSE 103 Structured Programming is CSE 101.,True,"[""curricula_BSc-Curriculum-New.pdf""]","[""52""]",[],verified,prerequisite,medium,CSE 103,english,cse 103,prerequisite,course_prerequisite,SUPPORTED,DIRECT_RELATION_SUPPORT,STRONG,semi_structured_relation,The prerequisite for CSE 103 is CSE 101.,True,curricula_BSc-Curriculum-New.pdf,curricula_BSc-Curriculum-New.pdf,doc-4d373684ce4879ed066003f5,66,doc-4d373684ce4879ed066003f5-p000066-b0001-c0001,"Course Code: CSE 103 Course Title: Structured Programming Credits: 3.00 Prerequisite: CSE 101 Character Strings: Variable length character strings, String manipulat ion, Dynamic memory allocation. Recursive functions: Defining and working procedure, base condition. Structures: Concepts, Accessing members, Arrays of structures. Pointers: Fundamentals, declarations, Pointers and structures/arrays, Operations on Pointers, Pointers to function, Pointer and memory address, Arrays of Pointers. File Operations: opening and closing a file, Operation on a file, Binary I/O, Random access. Additional features: Low level programming, Bitwise operations, The preprocessor, Compiler d irectives, command line arguments. C++: Introduction to C++ and Object Oriented Programming, I/O system in C++, file system in C++, Array, Pointers, References and Dynamic memory allocation in C++. Text Books: 1. C++ The Complete Reference (5 th Edition) – Herbert Schildt – McGraw-Hill Education 2. Programming in ANSI C (3 rd Edition) – E. Balagurusamy - Tata McGraw-Hill Education Reference Books: 1. Teach yourself C+ + (3 rd Edition) - Herbert Schildt - McGraw-Hill Education 2. C++ - How to Program – Deitel & Deitel - Prentice Hall",2,2,[],1,False,False,0,False,True,True,True,True,[],course_prerequisite,"[""CSE 101""]",0.03277399999979025,0.029647899999872607,0.0,0.00044179999986226903,,,449302528,451317760,1103716352,575549440
step9-development-framework-final-20260929T184525403813Z-b5d1d8,Q089:bangla,Q089,bangla,CSE 103 Structured Programming কোর্সের prerequisite কী দেওয়া আছে?,CSE 103 Structured Programming কোর্সের prerequisite হিসেবে CSE 101 দেওয়া আছে।,True,"[""curricula_BSc-Curriculum-New.pdf""]","[""52""]",[],verified,prerequisite,medium,CSE 103,bangla,cse 103,prerequisite,course_prerequisite,SUPPORTED,DIRECT_RELATION_SUPPORT,STRONG,semi_structured_relation,CSE 103 কোর্সের পূর্বশর্ত: CSE 101।,True,curricula_BSc-Curriculum-New.pdf,curricula_BSc-Curriculum-New.pdf,doc-4d373684ce4879ed066003f5,66,doc-4d373684ce4879ed066003f5-p000066-b0001-c0001,"Course Code: CSE 103 Course Title: Structured Programming Credits: 3.00 Prerequisite: CSE 101 Character Strings: Variable length character strings, String manipulat ion, Dynamic memory allocation. Recursive functions: Defining and working procedure, base condition. Structures: Concepts, Accessing members, Arrays of structures. Pointers: Fundamentals, declarations, Pointers and structures/arrays, Operations on Pointers, Pointers to function, Pointer and memory address, Arrays of Pointers. File Operations: opening and closing a file, Operation on a file, Binary I/O, Random access. Additional features: Low level programming, Bitwise operations, The preprocessor, Compiler d irectives, command line arguments. C++: Introduction to C++ and Object Oriented Programming, I/O system in C++, file system in C++, Array, Pointers, References and Dynamic memory allocation in C++. Text Books: 1. C++ The Complete Reference (5 th Edition) – Herbert Schildt – McGraw-Hill Education 2. Programming in ANSI C (3 rd Edition) – E. Balagurusamy - Tata McGraw-Hill Education Reference Books: 1. Teach yourself C+ + (3 rd Edition) - Herbert Schildt - McGraw-Hill Education 2. C++ - How to Program – Deitel & Deitel - Prentice Hall",2,2,[],1,False,False,0,False,True,True,True,True,[],course_prerequisite,"[""CSE 101""]",0.044852199999695586,0.042086899999958405,0.0,0.000535300000137795,,,449302528,451317760,1103753216,575549440
step9-development-framework-final-20260929T184525403813Z-b5d1d8,Q089:banglish,Q089,banglish,CSE 103 Structured Programming course-er prerequisite ki deya ache?,CSE 103 Structured Programming course-er prerequisite hisebe CSE 101 deya ache.,True,"[""curricula_BSc-Curriculum-New.pdf""]","[""52""]",[],verified,prerequisite,medium,CSE 103,banglish,cse 103,prerequisite,,SUPPORTED,DIRECT_STRUCTURED_SUPPORT,STRONG,structured_exact,CSE 103 course-er prerequisite holo CSE 101.,True,curricula_BSc-Curriculum-New.pdf,curricula_BSc-Curriculum-New.pdf,doc-4d373684ce4879ed066003f5,66,doc-4d373684ce4879ed066003f5-p000066-b0001-c0001,"Course Code: CSE 103 Course Title: Structured Programming Credits: 3.00 Prerequisite: CSE 101 Character Strings: Variable length character strings, String manipulat ion, Dynamic memory allocation. Recursive functions: Defining and working procedure, base condition. Structures: Concepts, Accessing members, Arrays of structures. Pointers: Fundamentals, declarations, Pointers and structures/arrays, Operations on Pointers, Pointers to function, Pointer and memory address, Arrays of Pointers. File Operations: opening and closing a file, Operation on a file, Binary I/O, Random access. Additional features: Low level programming, Bitwise operations, The preprocessor, Compiler d irectives, command line arguments. C++: Introduction to C++ and Object Oriented Programming, I/O system in C++, file system in C++, Array, Pointers, References and Dynamic memory allocation in C++. Text Books: 1. C++ The Complete Reference (5 th Edition) – Herbert Schildt – McGraw-Hill Education 2. Programming in ANSI C (3 rd Edition) – E. Balagurusamy - Tata McGraw-Hill Education Reference Books: 1. Teach yourself C+ + (3 rd Edition) - Herbert Schildt - McGraw-Hill Education 2. C++ - How to Program – Deitel & Deitel - Prentice Hall",1,1,[],1,False,False,0,False,True,True,True,True,[],,[],0.045426900000165915,0.042198199999802455,0.0,0.00039020000031086965,,,449302528,451317760,1103761408,575549440
step9-development-framework-final-20260929T184525403813Z-b5d1d8,Q090:english,Q090,english,What prerequisite is listed for CSE 104 Structured Programming Lab?,No prerequisite is listed for CSE 104 Structured Programming Lab.,True,"[""curricula_BSc-Curriculum-New.pdf""]","[""52""]",[],verified,prerequisite,medium,CSE 104,english,cse 104,prerequisite,course_prerequisite,SUPPORTED,DIRECT_RELATION_SUPPORT,STRONG,semi_structured_relation,The prerequisite for CSE 104 is none listed.,True,curricula_BSc-Curriculum-New.pdf,curricula_BSc-Curriculum-New.pdf,doc-4d373684ce4879ed066003f5,66,doc-4d373684ce4879ed066003f5-p000066-b0002-c0001,Course Code: CSE 104 Course Title: Structured Programming Lab Credits: 1.50 Prerequisite: None Objectives: Laboratory works and assignments will be based on CSE – 103,2,2,[],1,False,False,0,False,True,True,True,True,[],course_prerequisite,"[""Nil""]",0.03469519999998738,0.0327687999997579,0.0,0.0004567000000861299,,,449306624,451321856,1103761408,575549440
step9-development-framework-final-20260929T184525403813Z-b5d1d8,Q090:bangla,Q090,bangla,CSE 104 Structured Programming Lab কোর্সের prerequisite কী দেওয়া আছে?,CSE 104 Structured Programming Lab কোর্সের জন্য কোনো prerequisite দেওয়া নেই।,True,"[""curricula_BSc-Curriculum-New.pdf""]","[""52""]",[],verified,prerequisite,medium,CSE 104,bangla,cse 104,prerequisite,course_prerequisite,SUPPORTED,DIRECT_RELATION_SUPPORT,STRONG,semi_structured_relation,CSE 104 কোর্সের পূর্বশর্ত: none listed।,True,curricula_BSc-Curriculum-New.pdf,curricula_BSc-Curriculum-New.pdf,doc-4d373684ce4879ed066003f5,66,doc-4d373684ce4879ed066003f5-p000066-b0002-c0001,Course Code: CSE 104 Course Title: Structured Programming Lab Credits: 1.50 Prerequisite: None Objectives: Laboratory works and assignments will be based on CSE – 103,2,2,[],1,False,False,0,False,True,True,True,True,[],course_prerequisite,"[""Nil""]",0.04794560000027559,0.045771399999921414,0.0,0.000551999999970576,,,449306624,451321856,1103892480,575549440
step9-development-framework-final-20260929T184525403813Z-b5d1d8,Q090:banglish,Q090,banglish,CSE 104 Structured Programming Lab course-er prerequisite ki deya ache?,CSE 104 Structured Programming Lab course-er jonno kono prerequisite deya nei.,True,"[""curricula_BSc-Curriculum-New.pdf""]","[""52""]",[],verified,prerequisite,medium,CSE 104,banglish,cse 104,prerequisite,course_prerequisite,SUPPORTED,DIRECT_RELATION_SUPPORT,STRONG,semi_structured_relation,CSE 104 course-er kono prerequisite deya nei.,True,curricula_BSc-Curriculum-New.pdf,curricula_BSc-Curriculum-New.pdf,doc-4d373684ce4879ed066003f5,66,doc-4d373684ce4879ed066003f5-p000066-b0002-c0001,Course Code: CSE 104 Course Title: Structured Programming Lab Credits: 1.50 Prerequisite: None Objectives: Laboratory works and assignments will be based on CSE – 103,2,2,[],1,False,False,0,False,True,True,True,True,[],course_prerequisite,"[""Nil""]",0.0474288999998862,0.04549610000003668,0.0,0.0004797000001417473,,,449302528,451321856,1103908864,575549440
step9-development-framework-final-20260929T184525403813Z-b5d1d8,Q091:english,Q091,english,What prerequisite is listed for CSE 105 Discrete Mathematics?,No prerequisite is listed for CSE 105 Discrete Mathematics.,True,"[""curricula_BSc-Curriculum-New.pdf""]","[""52""]",[],verified,prerequisite,medium,CSE 105,english,cse 105,prerequisite,course_prerequisite,SUPPORTED,DIRECT_RELATION_SUPPORT,STRONG,semi_structured_relation,The prerequisite for CSE 105 is none listed.,True,curricula_BSc-Curriculum-New.pdf,curricula_BSc-Curriculum-New.pdf,doc-4d373684ce4879ed066003f5,66,doc-4d373684ce4879ed066003f5-p000066-b0003-c0001,"Course Code: CSE 105 Course Title: Discrete Mathematics Credits: 3.00 Prerequisite: None Mathematical Models & Foundations: Logic, Proposition, Propositional Equivalence, Propositional and Predicate Calculus: Predicates, predicate formulas, Quantifiers, Statements and Compound statements, tautologies and contradictions, logic al equivalence, algebra of propositions and conditionals, arguments and theory of inference of prepositional calculus. Methods of proof: Mathematical Induction. Sets: Set theory --Basic concepts of sets and elements, Venn diagram and membership table, set operations, algebra of sets duality classes of sets, power set. Relations between sets, Operations on sets. Functions: Basic properties. Classifications of functions. Counting: The basics of Counting, The Pigeonhole principle, Permutations and Combinations , Discrete Probability, Probability Theory. Advanced Counting Techniques: Recurrence Relations, Solving Recurrence Relations, Generating Functions. Functions and counting, inclusion -exclusion principle. Number Theory: Division Algorithms -GCD, LCM, Prime n umbers and prime factorization, modular arithmetic and congruence, modular exponentiation, Eucledian algorithm. Introduction to groups, rings and fields.",2,2,[],1,False,False,0,False,True,True,True,True,[],course_prerequisite,"[""Nil""]",0.0320345999998608,0.029569899999842164,0.0,0.0004403000002639601,,,449314816,451330048,1103982592,575549440
step9-development-framework-final-20260929T184525403813Z-b5d1d8,Q091:bangla,Q091,bangla,CSE 105 Discrete Mathematics কোর্সের prerequisite কী দেওয়া আছে?,CSE 105 Discrete Mathematics কোর্সের জন্য কোনো prerequisite দেওয়া নেই।,True,"[""curricula_BSc-Curriculum-New.pdf""]","[""52""]",[],verified,prerequisite,medium,CSE 105,bangla,cse 105,prerequisite,course_prerequisite,SUPPORTED,DIRECT_RELATION_SUPPORT,STRONG,semi_structured_relation,CSE 105 কোর্সের পূর্বশর্ত: none listed।,True,curricula_BSc-Curriculum-New.pdf,curricula_BSc-Curriculum-New.pdf,doc-4d373684ce4879ed066003f5,66,doc-4d373684ce4879ed066003f5-p000066-b0003-c0001,"Course Code: CSE 105 Course Title: Discrete Mathematics Credits: 3.00 Prerequisite: None Mathematical Models & Foundations: Logic, Proposition, Propositional Equivalence, Propositional and Predicate Calculus: Predicates, predicate formulas, Quantifiers, Statements and Compound statements, tautologies and contradictions, logic al equivalence, algebra of propositions and conditionals, arguments and theory of inference of prepositional calculus. Methods of proof: Mathematical Induction. Sets: Set theory --Basic concepts of sets and elements, Venn diagram and membership table, set operations, algebra of sets duality classes of sets, power set. Relations between sets, Operations on sets. Functions: Basic properties. Classifications of functions. Counting: The basics of Counting, The Pigeonhole principle, Permutations and Combinations , Discrete Probability, Probability Theory. Advanced Counting Techniques: Recurrence Relations, Solving Recurrence Relations, Generating Functions. Functions and counting, inclusion -exclusion principle. Number Theory: Division Algorithms -GCD, LCM, Prime n umbers and prime factorization, modular arithmetic and congruence, modular exponentiation, Eucledian algorithm. Introduction to groups, rings and fields.",2,2,[],1,False,False,0,False,True,True,True,True,[],course_prerequisite,"[""Nil""]",0.045721799999682844,0.04316759999983333,0.0,0.0005246000000624917,,,449314816,451330048,1103982592,575549440
step9-development-framework-final-20260929T184525403813Z-b5d1d8,Q091:banglish,Q091,banglish,CSE 105 Discrete Mathematics course-er prerequisite ki deya ache?,CSE 105 Discrete Mathematics course-er jonno kono prerequisite deya nei.,True,"[""curricula_BSc-Curriculum-New.pdf""]","[""52""]",[],verified,prerequisite,medium,CSE 105,banglish,cse 105,prerequisite,course_prerequisite,SUPPORTED,DIRECT_RELATION_SUPPORT,STRONG,semi_structured_relation,CSE 105 course-er kono prerequisite deya nei.,True,curricula_BSc-Curriculum-New.pdf,curricula_BSc-Curriculum-New.pdf,doc-4d373684ce4879ed066003f5,66,doc-4d373684ce4879ed066003f5-p000066-b0003-c0001,"Course Code: CSE 105 Course Title: Discrete Mathematics Credits: 3.00 Prerequisite: None Mathematical Models & Foundations: Logic, Proposition, Propositional Equivalence, Propositional and Predicate Calculus: Predicates, predicate formulas, Quantifiers, Statements and Compound statements, tautologies and contradictions, logic al equivalence, algebra of propositions and conditionals, arguments and theory of inference of prepositional calculus. Methods of proof: Mathematical Induction. Sets: Set theory --Basic concepts of sets and elements, Venn diagram and membership table, set operations, algebra of sets duality classes of sets, power set. Relations between sets, Operations on sets. Functions: Basic properties. Classifications of functions. Counting: The basics of Counting, The Pigeonhole principle, Permutations and Combinations , Discrete Probability, Probability Theory. Advanced Counting Techniques: Recurrence Relations, Solving Recurrence Relations, Generating Functions. Functions and counting, inclusion -exclusion principle. Number Theory: Division Algorithms -GCD, LCM, Prime n umbers and prime factorization, modular arithmetic and congruence, modular exponentiation, Eucledian algorithm. Introduction to groups, rings and fields.",2,2,[],1,False,False,0,False,True,True,True,True,[],course_prerequisite,"[""Nil""]",0.04464559999996709,0.04230210000014267,0.0,0.00046220000012908713,,,449314816,451330048,1105215488,575549440
step9-development-framework-final-20260929T184525403813Z-b5d1d8,Q092:english,Q092,english,What prerequisite is listed for EEE 121 Electrical & Electronic Engineering I?,No prerequisite is listed for EEE 121 Electrical & Electronic Engineering I.,True,"[""curricula_BSc-Curriculum-New.pdf""]","[""52""]",[],verified,prerequisite,medium,EEE 121,english,eee 121,prerequisite,course_prerequisite,SUPPORTED,DIRECT_RELATION_SUPPORT,STRONG,semi_structured_relation,The prerequisite for EEE 121 is none listed.,True,curricula_BSc-Curriculum-New.pdf,curricula_BSc-Curriculum-New.pdf,doc-4d373684ce4879ed066003f5,65,doc-4d373684ce4879ed066003f5-p000065-b0009-c0001,"Course Code: EEE 121 Course Title: Electrical & Electronic Engineering I Credits: 3.00 Prerequisite: None Basic concepts: current, voltage, emf, Ohm‘s law, Kirchoff‘s Current and Voltage Laws, Current and voltage divider rules, types of sources, source conversion methods, equivalent resistance, star -delta conversion; Network analysis and theorems : loop and nodal analysis, Superposition, Thevenin‘s, Norton‘s and Maximum Power transfer theorems; Introduction to Faraday‘s Law, Lenz‘s Law, Fleming‘s Left Hand and Right Hand Rules, Inductor and Capacitor; AC fundamentals: Amplitude, frequency, phase, power, Form factor, Crest factor, power factor, average value and effective value; AC analysis using phasor algebra; DC Transient analysis in RL and RC circuits; Introduction to semiconductors : Diode: characteristics, rectification; Zener diode: characteristics and applications; Bipolar Junction Transistor: characteristics, biasing, introduction to hybrid model, ac analysis; Field Effect Transistor: Characteristics. Books: 1. Electrical Technology – B L Thereja, Chand (S) & Co Ltd, India. 2. Introductory Circuit Analysis – R L Boylestad, Prentice Hall. 3. Circuits, Devices and Systems: A First Course in Electrical Engineering, Ralph J Smith & Richard C Dorf, Wiley. 4. Electronic Devices and Circuit Theory, R L Boylestad & Louis Nashelsky, Prentice Hall. 5. Schaum's Outline of Basic Circuit Analysis, John O‘Malley, McGraw- Hill.",2,2,[],1,False,False,0,False,True,True,True,True,[],course_prerequisite,"[""Nil""]",0.03769430000011198,0.034789400000136084,0.0,0.00049780000017563,,,449318912,451334144,1103933440,575549440
step9-development-framework-final-20260929T184525403813Z-b5d1d8,Q092:bangla,Q092,bangla,EEE 121 Electrical & Electronic Engineering I কোর্সের prerequisite কী দেওয়া আছে?,EEE 121 Electrical & Electronic Engineering I কোর্সের জন্য কোনো prerequisite দেওয়া নেই।,True,"[""curricula_BSc-Curriculum-New.pdf""]","[""52""]",[],verified,prerequisite,medium,EEE 121,bangla,eee 121,prerequisite,course_prerequisite,SUPPORTED,DIRECT_RELATION_SUPPORT,STRONG,semi_structured_relation,EEE 121 কোর্সের পূর্বশর্ত: none listed।,True,curricula_BSc-Curriculum-New.pdf,curricula_BSc-Curriculum-New.pdf,doc-4d373684ce4879ed066003f5,65,doc-4d373684ce4879ed066003f5-p000065-b0009-c0001,"Course Code: EEE 121 Course Title: Electrical & Electronic Engineering I Credits: 3.00 Prerequisite: None Basic concepts: current, voltage, emf, Ohm‘s law, Kirchoff‘s Current and Voltage Laws, Current and voltage divider rules, types of sources, source conversion methods, equivalent resistance, star -delta conversion; Network analysis and theorems : loop and nodal analysis, Superposition, Thevenin‘s, Norton‘s and Maximum Power transfer theorems; Introduction to Faraday‘s Law, Lenz‘s Law, Fleming‘s Left Hand and Right Hand Rules, Inductor and Capacitor; AC fundamentals: Amplitude, frequency, phase, power, Form factor, Crest factor, power factor, average value and effective value; AC analysis using phasor algebra; DC Transient analysis in RL and RC circuits; Introduction to semiconductors : Diode: characteristics, rectification; Zener diode: characteristics and applications; Bipolar Junction Transistor: characteristics, biasing, introduction to hybrid model, ac analysis; Field Effect Transistor: Characteristics. Books: 1. Electrical Technology – B L Thereja, Chand (S) & Co Ltd, India. 2. Introductory Circuit Analysis – R L Boylestad, Prentice Hall. 3. Circuits, Devices and Systems: A First Course in Electrical Engineering, Ralph J Smith & Richard C Dorf, Wiley. 4. Electronic Devices and Circuit Theory, R L Boylestad & Louis Nashelsky, Prentice Hall. 5. Schaum's Outline of Basic Circuit Analysis, John O‘Malley, McGraw- Hill.",2,2,[],1,False,False,0,False,True,True,True,True,[],course_prerequisite,"[""Nil""]",0.05089610000004541,0.0477694999999585,0.0,0.0005926999997427629,,,449323008,451338240,1103069184,575549440
step9-development-framework-final-20260929T184525403813Z-b5d1d8,Q092:banglish,Q092,banglish,EEE 121 Electrical & Electronic Engineering I course-er prerequisite ki deya ache?,EEE 121 Electrical & Electronic Engineering I course-er jonno kono prerequisite deya nei.,True,"[""curricula_BSc-Curriculum-New.pdf""]","[""52""]",[],verified,prerequisite,medium,EEE 121,banglish,eee 121,prerequisite,course_prerequisite,SUPPORTED,DIRECT_RELATION_SUPPORT,STRONG,semi_structured_relation,EEE 121 course-er kono prerequisite deya nei.,True,curricula_BSc-Curriculum-New.pdf,curricula_BSc-Curriculum-New.pdf,doc-4d373684ce4879ed066003f5,65,doc-4d373684ce4879ed066003f5-p000065-b0009-c0001,"Course Code: EEE 121 Course Title: Electrical & Electronic Engineering I Credits: 3.00 Prerequisite: None Basic concepts: current, voltage, emf, Ohm‘s law, Kirchoff‘s Current and Voltage Laws, Current and voltage divider rules, types of sources, source conversion methods, equivalent resistance, star -delta conversion; Network analysis and theorems : loop and nodal analysis, Superposition, Thevenin‘s, Norton‘s and Maximum Power transfer theorems; Introduction to Faraday‘s Law, Lenz‘s Law, Fleming‘s Left Hand and Right Hand Rules, Inductor and Capacitor; AC fundamentals: Amplitude, frequency, phase, power, Form factor, Crest factor, power factor, average value and effective value; AC analysis using phasor algebra; DC Transient analysis in RL and RC circuits; Introduction to semiconductors : Diode: characteristics, rectification; Zener diode: characteristics and applications; Bipolar Junction Transistor: characteristics, biasing, introduction to hybrid model, ac analysis; Field Effect Transistor: Characteristics. Books: 1. Electrical Technology – B L Thereja, Chand (S) & Co Ltd, India. 2. Introductory Circuit Analysis – R L Boylestad, Prentice Hall. 3. Circuits, Devices and Systems: A First Course in Electrical Engineering, Ralph J Smith & Richard C Dorf, Wiley. 4. Electronic Devices and Circuit Theory, R L Boylestad & Louis Nashelsky, Prentice Hall. 5. Schaum's Outline of Basic Circuit Analysis, John O‘Malley, McGraw- Hill.",2,2,[],1,False,False,0,False,True,True,True,True,[],course_prerequisite,"[""Nil""]",0.051051299999926414,0.0479843000002802,0.0,0.0005089999999654538,,,449323008,451338240,1103286272,575549440
step9-development-framework-final-20260929T184525403813Z-b5d1d8,Q093:english,Q093,english,What prerequisite is listed for EEE 122 Electrical & Electronic Engineering I Lab?,No prerequisite is listed for EEE 122 Electrical & Electronic Engineering I Lab.,True,"[""curricula_BSc-Curriculum-New.pdf""]","[""52""]",[],verified,prerequisite,medium,EEE 122,english,eee 122,prerequisite,course_prerequisite,SUPPORTED,DIRECT_RELATION_SUPPORT,STRONG,semi_structured_relation,The prerequisite for EEE 122 is none listed.,True,curricula_BSc-Curriculum-New.pdf,curricula_BSc-Curriculum-New.pdf,doc-4d373684ce4879ed066003f5,67,doc-4d373684ce4879ed066003f5-p000067-b0008-c0001,Course Code: EEE 122 Course Title: Electrical & Electronic Engineering I Lab Credits: 1.50 Prerequisite: None Laboratory work based on EEE 121 5.3 Second Year First Semester,2,2,[],1,False,False,0,False,True,True,True,True,[],course_prerequisite,"[""Nil""]",0.04068229999984396,0.038612299999840616,0.0,0.0005084999997961859,,,449323008,451338240,1103433728,575549440
step9-development-framework-final-20260929T184525403813Z-b5d1d8,Q093:bangla,Q093,bangla,EEE 122 Electrical & Electronic Engineering I Lab কোর্সের prerequisite কী দেওয়া আছে?,EEE 122 Electrical & Electronic Engineering I Lab কোর্সের জন্য কোনো prerequisite দেওয়া নেই।,True,"[""curricula_BSc-Curriculum-New.pdf""]","[""52""]",[],verified,prerequisite,medium,EEE 122,bangla,eee 122,prerequisite,course_prerequisite,SUPPORTED,DIRECT_RELATION_SUPPORT,STRONG,semi_structured_relation,EEE 122 কোর্সের পূর্বশর্ত: none listed।,True,curricula_BSc-Curriculum-New.pdf,curricula_BSc-Curriculum-New.pdf,doc-4d373684ce4879ed066003f5,67,doc-4d373684ce4879ed066003f5-p000067-b0008-c0001,Course Code: EEE 122 Course Title: Electrical & Electronic Engineering I Lab Credits: 1.50 Prerequisite: None Laboratory work based on EEE 121 5.3 Second Year First Semester,2,2,[],1,False,False,0,False,True,True,True,True,[],course_prerequisite,"[""Nil""]",0.05243590000009135,0.050154900000052294,0.0,0.0006069000000934466,,,449323008,451338240,1103699968,575549440
step9-development-framework-final-20260929T184525403813Z-b5d1d8,Q093:banglish,Q093,banglish,EEE 122 Electrical & Electronic Engineering I Lab course-er prerequisite ki deya ache?,EEE 122 Electrical & Electronic Engineering I Lab course-er jonno kono prerequisite deya nei.,True,"[""curricula_BSc-Curriculum-New.pdf""]","[""52""]",[],verified,prerequisite,medium,EEE 122,banglish,eee 122,prerequisite,course_prerequisite,SUPPORTED,DIRECT_RELATION_SUPPORT,STRONG,semi_structured_relation,EEE 122 course-er kono prerequisite deya nei.,True,curricula_BSc-Curriculum-New.pdf,curricula_BSc-Curriculum-New.pdf,doc-4d373684ce4879ed066003f5,67,doc-4d373684ce4879ed066003f5-p000067-b0008-c0001,Course Code: EEE 122 Course Title: Electrical & Electronic Engineering I Lab Credits: 1.50 Prerequisite: None Laboratory work based on EEE 121 5.3 Second Year First Semester,2,2,[],1,False,False,0,False,True,True,True,True,[],course_prerequisite,"[""Nil""]",0.05234199999995326,0.05033380000031684,0.0,0.0005219999998189451,,,449327104,451342336,1103994880,575549440
step9-development-framework-final-20260929T184525403813Z-b5d1d8,Q094:english,Q094,english,What prerequisite is listed for MTH 103 Math II: Linear Algebra?,No prerequisite is listed for MTH 103 Math II: Linear Algebra.,True,"[""curricula_BSc-Curriculum-New.pdf""]","[""52""]",[],verified,prerequisite,medium,MTH 103,english,mth 103,prerequisite,course_prerequisite,SUPPORTED,DIRECT_RELATION_SUPPORT,STRONG,semi_structured_relation,The prerequisite for MTH 103 is none listed.,True,curricula_BSc-Curriculum-New.pdf,curricula_BSc-Curriculum-New.pdf,doc-4d373684ce4879ed066003f5,64,doc-4d373684ce4879ed066003f5-p000064-b0012-c0001,Course Code: MTH 103 Course Title: Math II: Linear Algebra Credits: 3.00 Prerequisite: None,2,2,[],1,False,False,0,False,True,True,True,True,[],course_prerequisite,"[""Nil""]",0.04130220000024565,0.03942559999995865,0.0,0.00046400000019275467,,,449327104,451342336,1104130048,575549440
step9-development-framework-final-20260929T184525403813Z-b5d1d8,Q094:bangla,Q094,bangla,MTH 103 Math II: Linear Algebra কোর্সের prerequisite কী দেওয়া আছে?,MTH 103 Math II: Linear Algebra কোর্সের জন্য কোনো prerequisite দেওয়া নেই।,True,"[""curricula_BSc-Curriculum-New.pdf""]","[""52""]",[],verified,prerequisite,medium,MTH 103,bangla,mth 103,prerequisite,course_prerequisite,SUPPORTED,DIRECT_RELATION_SUPPORT,STRONG,semi_structured_relation,MTH 103 কোর্সের পূর্বশর্ত: none listed।,True,curricula_BSc-Curriculum-New.pdf,curricula_BSc-Curriculum-New.pdf,doc-4d373684ce4879ed066003f5,64,doc-4d373684ce4879ed066003f5-p000064-b0012-c0001,Course Code: MTH 103 Course Title: Math II: Linear Algebra Credits: 3.00 Prerequisite: None,2,2,[],1,False,False,0,False,True,True,True,True,[],course_prerequisite,"[""Nil""]",0.05300230000011652,0.0509369000001243,0.0,0.0005585999997492763,,,449327104,451342336,1104232448,575549440
step9-development-framework-final-20260929T184525403813Z-b5d1d8,Q094:banglish,Q094,banglish,MTH 103 Math II: Linear Algebra course-er prerequisite ki deya ache?,MTH 103 Math II: Linear Algebra course-er jonno kono prerequisite deya nei.,True,"[""curricula_BSc-Curriculum-New.pdf""]","[""52""]",[],verified,prerequisite,medium,MTH 103,banglish,mth 103,prerequisite,course_prerequisite,SUPPORTED,DIRECT_RELATION_SUPPORT,STRONG,semi_structured_relation,MTH 103 course-er kono prerequisite deya nei.,True,curricula_BSc-Curriculum-New.pdf,curricula_BSc-Curriculum-New.pdf,doc-4d373684ce4879ed066003f5,64,doc-4d373684ce4879ed066003f5-p000064-b0012-c0001,Course Code: MTH 103 Course Title: Math II: Linear Algebra Credits: 3.00 Prerequisite: None,2,2,[],1,False,False,0,False,True,True,True,True,[],course_prerequisite,"[""Nil""]",0.055006500000217784,0.05266269999992801,0.0,0.0005008000002817425,,,449327104,451342336,1104101376,575549440
step9-development-framework-final-20260929T184525403813Z-b5d1d8,Q095:english,Q095,english,What prerequisite is listed for CHEM 111 Chemistry?,No prerequisite is listed for CHEM 111 Chemistry.,True,"[""curricula_BSc-Curriculum-New.pdf""]","[""52""]",[],verified,prerequisite,medium,CHEM 111,english,chem 111,prerequisite,course_prerequisite,SUPPORTED,DIRECT_RELATION_SUPPORT,STRONG,semi_structured_relation,The prerequisite for CHEM 111 is none listed.,True,curricula_BSc-Curriculum-New.pdf,curricula_BSc-Curriculum-New.pdf,doc-4d373684ce4879ed066003f5,64,doc-4d373684ce4879ed066003f5-p000064-b0010-c0001,"Course Code: CHEM 111 Course Title: Credits: 3.00 Prerequisite: N/A Atomic structure, quantum numbers, electroni c conﬁguration, periodic table; Properties and uses of noble gases; Different types of chemical bonds and their properties; Molecular structure of compounds; Selective organic reactions; Different types of solutions and their compositions; Phase rule, phase diagram of monocomponent system; Properties of dilute solutions; Thermochemistry, chemical kinetics, chemical equilibria; Ionization of water and pH concept; Electrical properties of Solution. Text Books: 1. Physical Chemistry, Author: Bhall and Tully 2. Inorganic Chemistry, Author: Haider",2,2,[],1,False,False,0,False,True,True,True,True,[],course_prerequisite,"[""Nil""]",0.029763900000034482,0.027395299999625422,0.0,0.00043000000005122274,,,449327104,451342336,1103433728,575549440
step9-development-framework-final-20260929T184525403813Z-b5d1d8,Q095:bangla,Q095,bangla,CHEM 111 Chemistry কোর্সের prerequisite কী দেওয়া আছে?,CHEM 111 Chemistry কোর্সের জন্য কোনো prerequisite দেওয়া নেই।,True,"[""curricula_BSc-Curriculum-New.pdf""]","[""52""]",[],verified,prerequisite,medium,CHEM 111,bangla,chem 111,prerequisite,course_prerequisite,SUPPORTED,DIRECT_RELATION_SUPPORT,STRONG,semi_structured_relation,CHEM 111 কোর্সের পূর্বশর্ত: none listed।,True,curricula_BSc-Curriculum-New.pdf,curricula_BSc-Curriculum-New.pdf,doc-4d373684ce4879ed066003f5,64,doc-4d373684ce4879ed066003f5-p000064-b0010-c0001,"Course Code: CHEM 111 Course Title: Credits: 3.00 Prerequisite: N/A Atomic structure, quantum numbers, electroni c conﬁguration, periodic table; Properties and uses of noble gases; Different types of chemical bonds and their properties; Molecular structure of compounds; Selective organic reactions; Different types of solutions and their compositions; Phase rule, phase diagram of monocomponent system; Properties of dilute solutions; Thermochemistry, chemical kinetics, chemical equilibria; Ionization of water and pH concept; Electrical properties of Solution. Text Books: 1. Physical Chemistry, Author: Bhall and Tully 2. Inorganic Chemistry, Author: Haider",2,2,[],1,False,False,0,False,True,True,True,True,[],course_prerequisite,"[""Nil""]",0.0421582999997554,0.03976450000027398,0.0,0.000492600000143284,,,449327104,451342336,1103835136,575549440
step9-development-framework-final-20260929T184525403813Z-b5d1d8,Q095:banglish,Q095,banglish,CHEM 111 Chemistry course-er prerequisite ki deya ache?,CHEM 111 Chemistry course-er jonno kono prerequisite deya nei.,True,"[""curricula_BSc-Curriculum-New.pdf""]","[""52""]",[],verified,prerequisite,medium,CHEM 111,banglish,chem 111,prerequisite,course_prerequisite,SUPPORTED,DIRECT_RELATION_SUPPORT,STRONG,semi_structured_relation,CHEM 111 course-er kono prerequisite deya nei.,True,curricula_BSc-Curriculum-New.pdf,curricula_BSc-Curriculum-New.pdf,doc-4d373684ce4879ed066003f5,64,doc-4d373684ce4879ed066003f5-p000064-b0010-c0001,"Course Code: CHEM 111 Course Title: Credits: 3.00 Prerequisite: N/A Atomic structure, quantum numbers, electroni c conﬁguration, periodic table; Properties and uses of noble gases; Different types of chemical bonds and their properties; Molecular structure of compounds; Selective organic reactions; Different types of solutions and their compositions; Phase rule, phase diagram of monocomponent system; Properties of dilute solutions; Thermochemistry, chemical kinetics, chemical equilibria; Ionization of water and pH concept; Electrical properties of Solution. Text Books: 1. Physical Chemistry, Author: Bhall and Tully 2. Inorganic Chemistry, Author: Haider",2,2,[],1,False,False,0,False,True,True,True,True,[],course_prerequisite,"[""Nil""]",0.04386560000011741,0.04148480000003474,0.0,0.0004481000000851054,,,449327104,451342336,1103171584,575549440
step9-development-framework-final-20260929T184525403813Z-b5d1d8,Q096:english,Q096,english,What prerequisite is listed for CHEM 112 Chemistry Lab?,No prerequisite is listed for CHEM 112 Chemistry Lab.,True,"[""curricula_BSc-Curriculum-New.pdf""]","[""52""]",[],verified,prerequisite,medium,CHEM 112,english,chem 112,prerequisite,,SUPPORTED,DIRECT_STRUCTURED_SUPPORT,STRONG,structured_exact,CHEM 112 has no listed prerequisite.,True,curricula_BSc-Curriculum-New.pdf,curricula_BSc-Curriculum-New.pdf,doc-4d373684ce4879ed066003f5,52,doc-4d373684ce4879ed066003f5-p000052-b0009-c0001,CHEM 112 Chemistry Lab 1.50 Nil Total 19.50 Second Year First Semester Course Code Course Title Credits Pre- Requisite,1,1,[],1,False,False,0,False,True,True,True,True,[],,[],0.03274139999984982,0.03095630000007077,0.0,0.00035919999982070294,,,449327104,451342336,1103306752,575549440
step9-development-framework-final-20260929T184525403813Z-b5d1d8,Q096:bangla,Q096,bangla,CHEM 112 Chemistry Lab কোর্সের prerequisite কী দেওয়া আছে?,CHEM 112 Chemistry Lab কোর্সের জন্য কোনো prerequisite দেওয়া নেই।,True,"[""curricula_BSc-Curriculum-New.pdf""]","[""52""]",[],verified,prerequisite,medium,CHEM 112,bangla,chem 112,prerequisite,,SUPPORTED,DIRECT_STRUCTURED_SUPPORT,STRONG,structured_exact,CHEM 112 কোর্সের কোনো পূর্বশর্ত দেওয়া নেই।,True,curricula_BSc-Curriculum-New.pdf,curricula_BSc-Curriculum-New.pdf,doc-4d373684ce4879ed066003f5,52,doc-4d373684ce4879ed066003f5-p000052-b0009-c0001,CHEM 112 Chemistry Lab 1.50 Nil Total 19.50 Second Year First Semester Course Code Course Title Credits Pre- Requisite,1,1,[],1,False,False,0,False,True,True,True,True,[],,[],0.0497362000000976,0.04656380000005811,0.0,0.0006579999999303254,,,449327104,451342336,1097699328,575549440
step9-development-framework-final-20260929T184525403813Z-b5d1d8,Q096:banglish,Q096,banglish,CHEM 112 Chemistry Lab course-er prerequisite ki deya ache?,CHEM 112 Chemistry Lab course-er jonno kono prerequisite deya nei.,True,"[""curricula_BSc-Curriculum-New.pdf""]","[""52""]",[],verified,prerequisite,medium,CHEM 112,banglish,chem 112,prerequisite,,SUPPORTED,DIRECT_STRUCTURED_SUPPORT,STRONG,structured_exact,CHEM 112 course-er kono prerequisite deya nei.,True,curricula_BSc-Curriculum-New.pdf,curricula_BSc-Curriculum-New.pdf,doc-4d373684ce4879ed066003f5,52,doc-4d373684ce4879ed066003f5-p000052-b0009-c0001,CHEM 112 Chemistry Lab 1.50 Nil Total 19.50 Second Year First Semester Course Code Course Title Credits Pre- Requisite,1,1,[],1,False,False,0,False,True,True,True,True,[],,[],0.049090399999840884,0.0470964000001004,0.0,0.00037710000015067635,,,449327104,451342336,1096466432,575549440
step9-development-framework-final-20260929T184525403813Z-b5d1d8,Q097:english,Q097,english,What prerequisite is listed for CSE 203 Object Oriented Programming I: Java?,The listed prerequisite for CSE 203 Object Oriented Programming I: Java is CSE 103.,True,"[""curricula_BSc-Curriculum-New.pdf""]","[""52""]",[],verified,prerequisite,medium,CSE 203,english,cse 203,prerequisite,course_prerequisite,SUPPORTED,DIRECT_RELATION_SUPPORT,STRONG,semi_structured_relation,The prerequisite for CSE 203 is CSE 103.,True,curricula_BSc-Curriculum-New.pdf,curricula_BSc-Curriculum-New.pdf,doc-4d373684ce4879ed066003f5,70,doc-4d373684ce4879ed066003f5-p000070-b0006-c0001,"Course Code: CSE 203 Course Title: Object Oriented Programming I: Java Credits: 3.00 Prerequisite: CSE 103 Course Contents: Object-Oriented Fundamentals, Encapsulation, Polymorphism, Inheritance, Class, Object, Java Language Introduction, Variabl e Types and operators, Casting, Arrays, Introducing classes, Adding methods to class, constructor, String Handling, Garbage collection, Inheritance, Inner Class, Abstract Classes, Interfaces and Packages, Exception Handling, Java Input / Output, Multithreaded Programming and Synchronization, Applet, Event Handling, Networking with Java, Introducing the Swing, Utility Classes, Java Generics, Introduction to Android. Books: 1. Java The Complete Reference, 8th Edition by Herbert Schildt; McGraw-Hill Osborne 2. Effective Java (2nd Edition) by Joshua Bloch; Addison-Wesley",2,2,[],1,False,False,0,False,True,True,True,True,[],course_prerequisite,"[""CSE 103""]",0.04097779999983686,0.03842309999981808,0.0,0.0005064000001766544,,,449331200,451346432,1097400320,575549440
step9-development-framework-final-20260929T184525403813Z-b5d1d8,Q097:bangla,Q097,bangla,CSE 203 Object Oriented Programming I: Java কোর্সের prerequisite কী দেওয়া আছে?,CSE 203 Object Oriented Programming I: Java কোর্সের prerequisite হিসেবে CSE 103 দেওয়া আছে।,True,"[""curricula_BSc-Curriculum-New.pdf""]","[""52""]",[],verified,prerequisite,medium,CSE 203,bangla,cse 203,prerequisite,course_prerequisite,SUPPORTED,DIRECT_RELATION_SUPPORT,STRONG,semi_structured_relation,CSE 203 কোর্সের পূর্বশর্ত: CSE 103।,True,curricula_BSc-Curriculum-New.pdf,curricula_BSc-Curriculum-New.pdf,doc-4d373684ce4879ed066003f5,70,doc-4d373684ce4879ed066003f5-p000070-b0006-c0001,"Course Code: CSE 203 Course Title: Object Oriented Programming I: Java Credits: 3.00 Prerequisite: CSE 103 Course Contents: Object-Oriented Fundamentals, Encapsulation, Polymorphism, Inheritance, Class, Object, Java Language Introduction, Variabl e Types and operators, Casting, Arrays, Introducing classes, Adding methods to class, constructor, String Handling, Garbage collection, Inheritance, Inner Class, Abstract Classes, Interfaces and Packages, Exception Handling, Java Input / Output, Multithreaded Programming and Synchronization, Applet, Event Handling, Networking with Java, Introducing the Swing, Utility Classes, Java Generics, Introduction to Android. Books: 1. Java The Complete Reference, 8th Edition by Herbert Schildt; McGraw-Hill Osborne 2. Effective Java (2nd Edition) by Joshua Bloch; Addison-Wesley",2,2,[],1,False,False,0,False,True,True,True,True,[],course_prerequisite,"[""CSE 103""]",0.054074499999842374,0.05119719999993322,0.0,0.0005922000000282424,,,449331200,451346432,1096458240,575549440
step9-development-framework-final-20260929T184525403813Z-b5d1d8,Q097:banglish,Q097,banglish,CSE 203 Object Oriented Programming I: Java course-er prerequisite ki deya ache?,CSE 203 Object Oriented Programming I: Java course-er prerequisite hisebe CSE 103 deya ache.,True,"[""curricula_BSc-Curriculum-New.pdf""]","[""52""]",[],verified,prerequisite,medium,CSE 203,banglish,cse 203,prerequisite,,SUPPORTED,DIRECT_STRUCTURED_SUPPORT,STRONG,structured_exact,CSE 203 course-er prerequisite holo CSE 103.,True,curricula_BSc-Curriculum-New.pdf,curricula_BSc-Curriculum-New.pdf,doc-4d373684ce4879ed066003f5,70,doc-4d373684ce4879ed066003f5-p000070-b0006-c0001,"Course Code: CSE 203 Course Title: Object Oriented Programming I: Java Credits: 3.00 Prerequisite: CSE 103 Course Contents: Object-Oriented Fundamentals, Encapsulation, Polymorphism, Inheritance, Class, Object, Java Language Introduction, Variabl e Types and operators, Casting, Arrays, Introducing classes, Adding methods to class, constructor, String Handling, Garbage collection, Inheritance, Inner Class, Abstract Classes, Interfaces and Packages, Exception Handling, Java Input / Output, Multithreaded Programming and Synchronization, Applet, Event Handling, Networking with Java, Introducing the Swing, Utility Classes, Java Generics, Introduction to Android. Books: 1. Java The Complete Reference, 8th Edition by Herbert Schildt; McGraw-Hill Osborne 2. Effective Java (2nd Edition) by Joshua Bloch; Addison-Wesley",1,1,[],1,False,False,0,False,True,True,True,True,[],,[],0.05471639999996114,0.05179960000032224,0.0,0.00042490000032557873,,,449331200,451346432,1096876032,575549440
step9-development-framework-final-20260929T184525403813Z-b5d1d8,Q098:english,Q098,english,What prerequisite is listed for CSE 204 Object Oriented Programming I Lab: Java Lab?,No prerequisite is listed for CSE 204 Object Oriented Programming I Lab: Java Lab.,True,"[""curricula_BSc-Curriculum-New.pdf""]","[""52""]",[],verified,prerequisite,medium,CSE 204,english,cse 204,prerequisite,course_prerequisite,SUPPORTED,DIRECT_RELATION_SUPPORT,STRONG,semi_structured_relation,The prerequisite for CSE 204 is none listed.,True,curricula_BSc-Curriculum-New.pdf,curricula_BSc-Curriculum-New.pdf,doc-4d373684ce4879ed066003f5,70,doc-4d373684ce4879ed066003f5-p000070-b0007-c0001,Course Code: CSE 204 Course Title: Object Oriented Programming I: Java Lab Credits: 1.50 Prerequisite: None Laboratory work based on Object Oriented Programming: JA VA(CSE 203),2,2,[],1,False,False,0,False,True,True,True,True,[],course_prerequisite,"[""Nil""]",0.04883380000001125,0.046678700000029494,0.0,0.0005187000001569686,,,449331200,451346432,1097867264,575549440
step9-development-framework-final-20260929T184525403813Z-b5d1d8,Q098:bangla,Q098,bangla,CSE 204 Object Oriented Programming I Lab: Java Lab কোর্সের prerequisite কী দেওয়া আছে?,CSE 204 Object Oriented Programming I Lab: Java Lab কোর্সের জন্য কোনো prerequisite দেওয়া নেই।,True,"[""curricula_BSc-Curriculum-New.pdf""]","[""52""]",[],verified,prerequisite,medium,CSE 204,bangla,cse 204,prerequisite,course_prerequisite,SUPPORTED,DIRECT_RELATION_SUPPORT,STRONG,semi_structured_relation,CSE 204 কোর্সের পূর্বশর্ত: none listed।,True,curricula_BSc-Curriculum-New.pdf,curricula_BSc-Curriculum-New.pdf,doc-4d373684ce4879ed066003f5,70,doc-4d373684ce4879ed066003f5-p000070-b0007-c0001,Course Code: CSE 204 Course Title: Object Oriented Programming I: Java Lab Credits: 1.50 Prerequisite: None Laboratory work based on Object Oriented Programming: JA VA(CSE 203),2,2,[],1,False,False,0,False,True,True,True,True,[],course_prerequisite,"[""Nil""]",0.06086569999979474,0.058531500000299275,0.0,0.0006306000000222411,,,449331200,451346432,1096724480,575549440
step9-development-framework-final-20260929T184525403813Z-b5d1d8,Q098:banglish,Q098,banglish,CSE 204 Object Oriented Programming I Lab: Java Lab course-er prerequisite ki deya ache?,CSE 204 Object Oriented Programming I Lab: Java Lab course-er jonno kono prerequisite deya nei.,True,"[""curricula_BSc-Curriculum-New.pdf""]","[""52""]",[],verified,prerequisite,medium,CSE 204,banglish,cse 204,prerequisite,course_prerequisite,SUPPORTED,DIRECT_RELATION_SUPPORT,STRONG,semi_structured_relation,CSE 204 course-er kono prerequisite deya nei.,True,curricula_BSc-Curriculum-New.pdf,curricula_BSc-Curriculum-New.pdf,doc-4d373684ce4879ed066003f5,70,doc-4d373684ce4879ed066003f5-p000070-b0007-c0001,Course Code: CSE 204 Course Title: Object Oriented Programming I: Java Lab Credits: 1.50 Prerequisite: None Laboratory work based on Object Oriented Programming: JA VA(CSE 203),2,2,[],1,False,False,0,False,True,True,True,True,[],course_prerequisite,"[""Nil""]",0.06063059999996767,0.05844799999977113,0.0,0.0005463000002237095,,,449331200,451346432,1096835072,575549440
step9-development-framework-final-20260929T184525403813Z-b5d1d8,Q099:english,Q099,english,What prerequisite is listed for CSE 205 Data Structures?,"The listed prerequisite for CSE 205 Data Structures is CSE 101, CSE 103, CSE 105.",True,"[""curricula_BSc-Curriculum-New.pdf""]","[""52""]",[],verified,prerequisite,medium,CSE 205,english,cse 205,prerequisite,,SUPPORTED,DIRECT_STRUCTURED_SUPPORT,STRONG,structured_exact,"The prerequisite for CSE 205 is CSE 101, CSE 103, CSE 105.",True,curricula_BSc-Curriculum-New.pdf,curricula_BSc-Curriculum-New.pdf,doc-4d373684ce4879ed066003f5,68,doc-4d373684ce4879ed066003f5-p000068-b0002-c0001,"Course Code: CSE 205 Course Title: Data Structures Credits: 3.00 Prerequisite: CSE 101, CSE 103, CSE 105 Introduction to Data Structures, Purposes of data stru cture, operations. Complexity of Algorithms: Asymptotic Notation and Runtime Analysis of Algorithms, Array: Insertion, Deletion, Matrix representation of arrays, Multidimensional arrays, Pointers arrays, Record structures, Representation of records in memory; parallel arrays. Sparse matrices. Usefulness of sparse matrices. Strings: implementations and developing algorithms using strings. Linked List: Singly Linked Lists, Doubly Linked Lists and Circular Linked Lists. Basic Operations on Linked List (Insertion, Deletion, Searching, Sorting and Traverse). Stack: Basic Stack Operations (Push and Pop Operations), Infix, Postfix and Prefix Notation of Arithmetic Expressions, Conversions and Evaluations of Arithmetic Expressions Using Stack, Recursion: Direct and indirect recursion, Simulation of recursion, Depth of recursion, Removal of recursion. Towers of Hanoi using recursion. Queue: Basic Queue Operations (Insertion and Deletion), types of Queue, Linear Queue, Priority Queue, Circular Queue and Double-ended Queue, Searching – Sequential Searching, Binary Searching, Basic Sorting: Quick Sort, Merge Sort, Selection Sort, Inserting Sort, Radix Sort, Counting Sort, External Sort, Trees: Basic terminology, Binary Tree: Binary tree representation, Traversal of Binary Tree (Inorder, Preorder and Postorder), Application of Binary Trees. Set Representation, Counting Binary Trees, Binary Search Tree: BST representation, Basic",2,2,[],1,False,False,0,False,True,True,True,True,[],,[],0.03427959999999075,0.030355899999904068,0.0,0.0005123999999341322,,,449331200,451346432,1096921088,575549440
step9-development-framework-final-20260929T184525403813Z-b5d1d8,Q099:bangla,Q099,bangla,CSE 205 Data Structures কোর্সের prerequisite কী দেওয়া আছে?,"CSE 205 Data Structures কোর্সের prerequisite হিসেবে CSE 101, CSE 103, CSE 105 দেওয়া আছে।",True,"[""curricula_BSc-Curriculum-New.pdf""]","[""52""]",[],verified,prerequisite,medium,CSE 205,bangla,cse 205,prerequisite,,SUPPORTED,DIRECT_STRUCTURED_SUPPORT,STRONG,structured_exact,"CSE 205 কোর্সটির prerequisite হলো CSE 101, CSE 103, CSE 105।",True,curricula_BSc-Curriculum-New.pdf,curricula_BSc-Curriculum-New.pdf,doc-4d373684ce4879ed066003f5,68,doc-4d373684ce4879ed066003f5-p000068-b0002-c0001,"Course Code: CSE 205 Course Title: Data Structures Credits: 3.00 Prerequisite: CSE 101, CSE 103, CSE 105 Introduction to Data Structures, Purposes of data stru cture, operations. Complexity of Algorithms: Asymptotic Notation and Runtime Analysis of Algorithms, Array: Insertion, Deletion, Matrix representation of arrays, Multidimensional arrays, Pointers arrays, Record structures, Representation of records in memory; parallel arrays. Sparse matrices. Usefulness of sparse matrices. Strings: implementations and developing algorithms using strings. Linked List: Singly Linked Lists, Doubly Linked Lists and Circular Linked Lists. Basic Operations on Linked List (Insertion, Deletion, Searching, Sorting and Traverse). Stack: Basic Stack Operations (Push and Pop Operations), Infix, Postfix and Prefix Notation of Arithmetic Expressions, Conversions and Evaluations of Arithmetic Expressions Using Stack, Recursion: Direct and indirect recursion, Simulation of recursion, Depth of recursion, Removal of recursion. Towers of Hanoi using recursion. Queue: Basic Queue Operations (Insertion and Deletion), types of Queue, Linear Queue, Priority Queue, Circular Queue and Double-ended Queue, Searching – Sequential Searching, Binary Searching, Basic Sorting: Quick Sort, Merge Sort, Selection Sort, Inserting Sort, Radix Sort, Counting Sort, External Sort, Trees: Basic terminology, Binary Tree: Binary tree representation, Traversal of Binary Tree (Inorder, Preorder and Postorder), Application of Binary Trees. Set Representation, Counting Binary Trees, Binary Search Tree: BST representation, Basic",2,2,[],1,False,False,0,False,True,True,True,True,[],,[],0.04770639999969717,0.04339140000001862,0.0,0.0006121999999777472,,,449331200,451346432,1097629696,575549440
step9-development-framework-final-20260929T184525403813Z-b5d1d8,Q099:banglish,Q099,banglish,CSE 205 Data Structures course-er prerequisite ki deya ache?,"CSE 205 Data Structures course-er prerequisite hisebe CSE 101, CSE 103, CSE 105 deya ache.",True,"[""curricula_BSc-Curriculum-New.pdf""]","[""52""]",[],verified,prerequisite,medium,CSE 205,banglish,cse 205,prerequisite,,SUPPORTED,DIRECT_STRUCTURED_SUPPORT,STRONG,structured_exact,"CSE 205 course-er prerequisite holo CSE 101, CSE 103, CSE 105.",True,curricula_BSc-Curriculum-New.pdf,curricula_BSc-Curriculum-New.pdf,doc-4d373684ce4879ed066003f5,68,doc-4d373684ce4879ed066003f5-p000068-b0002-c0001,"Course Code: CSE 205 Course Title: Data Structures Credits: 3.00 Prerequisite: CSE 101, CSE 103, CSE 105 Introduction to Data Structures, Purposes of data stru cture, operations. Complexity of Algorithms: Asymptotic Notation and Runtime Analysis of Algorithms, Array: Insertion, Deletion, Matrix representation of arrays, Multidimensional arrays, Pointers arrays, Record structures, Representation of records in memory; parallel arrays. Sparse matrices. Usefulness of sparse matrices. Strings: implementations and developing algorithms using strings. Linked List: Singly Linked Lists, Doubly Linked Lists and Circular Linked Lists. Basic Operations on Linked List (Insertion, Deletion, Searching, Sorting and Traverse). Stack: Basic Stack Operations (Push and Pop Operations), Infix, Postfix and Prefix Notation of Arithmetic Expressions, Conversions and Evaluations of Arithmetic Expressions Using Stack, Recursion: Direct and indirect recursion, Simulation of recursion, Depth of recursion, Removal of recursion. Towers of Hanoi using recursion. Queue: Basic Queue Operations (Insertion and Deletion), types of Queue, Linear Queue, Priority Queue, Circular Queue and Double-ended Queue, Searching – Sequential Searching, Binary Searching, Basic Sorting: Quick Sort, Merge Sort, Selection Sort, Inserting Sort, Radix Sort, Counting Sort, External Sort, Trees: Basic terminology, Binary Tree: Binary tree representation, Traversal of Binary Tree (Inorder, Preorder and Postorder), Application of Binary Trees. Set Representation, Counting Binary Trees, Binary Search Tree: BST representation, Basic",2,2,[],1,False,False,0,False,True,True,True,True,[],,[],0.047722499999963475,0.04348340000024109,0.0,0.0005326000000422937,,,449331200,451346432,1097846784,575549440
step9-development-framework-final-20260929T184525403813Z-b5d1d8,Q100:english,Q100,english,What prerequisite is listed for CSE 206 Data Structures Lab?,No prerequisite is listed for CSE 206 Data Structures Lab.,True,"[""curricula_BSc-Curriculum-New.pdf""]","[""52""]",[],verified,prerequisite,medium,CSE 206,english,cse 206,prerequisite,course_prerequisite,SUPPORTED,DIRECT_RELATION_SUPPORT,STRONG,semi_structured_relation,The prerequisite for CSE 206 is none listed.,True,curricula_BSc-Curriculum-New.pdf,curricula_BSc-Curriculum-New.pdf,doc-4d373684ce4879ed066003f5,69,doc-4d373684ce4879ed066003f5-p000069-b0003-c0001,"Course Code: CSE 206 Course Title: Data Structures Lab Credits: 1.50 Prerequisite: None Objectives: Laboratory assignments will be based on Course CSE -205. Students will be able to implement different data strcutures; like Array, String, Linked List, Stack, Queue, Tree, and Graph in any programming language. They will be introduced with different sorting algorithms and advanced data structures. Text Book: 1. Data Structures, Seymour Lipschutz, Schaum‘s outlines, 2nd edition. 2. Data Structures and Program Design, Robert L. Kruse, Prentice Hall. 3. Data structures and problem solving using C++, Second edition Mark Allen Weiss, Pearson Addition Wesley Education. 4. Data Structures Using C and C++, Yedidyah Langsam, Moshe J. Augenstein, and Aaron M. Tenenbaum, Prentice Hall. 5. Data Structures, Edward M. Reigngold. Wilfred J. H ansen, Addison Wesley Publishing Company",2,2,[],1,False,False,0,False,True,True,True,True,[],course_prerequisite,"[""Nil""]",0.036827399999765476,0.03439849999995204,0.0,0.000440700000126526,,,449331200,451346432,1097994240,575549440
step9-development-framework-final-20260929T184525403813Z-b5d1d8,Q100:bangla,Q100,bangla,CSE 206 Data Structures Lab কোর্সের prerequisite কী দেওয়া আছে?,CSE 206 Data Structures Lab কোর্সের জন্য কোনো prerequisite দেওয়া নেই।,True,"[""curricula_BSc-Curriculum-New.pdf""]","[""52""]",[],verified,prerequisite,medium,CSE 206,bangla,cse 206,prerequisite,course_prerequisite,SUPPORTED,DIRECT_RELATION_SUPPORT,STRONG,semi_structured_relation,CSE 206 কোর্সের পূর্বশর্ত: none listed।,True,curricula_BSc-Curriculum-New.pdf,curricula_BSc-Curriculum-New.pdf,doc-4d373684ce4879ed066003f5,69,doc-4d373684ce4879ed066003f5-p000069-b0003-c0001,"Course Code: CSE 206 Course Title: Data Structures Lab Credits: 1.50 Prerequisite: None Objectives: Laboratory assignments will be based on Course CSE -205. Students will be able to implement different data strcutures; like Array, String, Linked List, Stack, Queue, Tree, and Graph in any programming language. They will be introduced with different sorting algorithms and advanced data structures. Text Book: 1. Data Structures, Seymour Lipschutz, Schaum‘s outlines, 2nd edition. 2. Data Structures and Program Design, Robert L. Kruse, Prentice Hall. 3. Data structures and problem solving using C++, Second edition Mark Allen Weiss, Pearson Addition Wesley Education. 4. Data Structures Using C and C++, Yedidyah Langsam, Moshe J. Augenstein, and Aaron M. Tenenbaum, Prentice Hall. 5. Data Structures, Edward M. Reigngold. Wilfred J. H ansen, Addison Wesley Publishing Company",2,2,[],1,False,False,0,False,True,True,True,True,[],course_prerequisite,"[""Nil""]",0.048985999999786145,0.04638580000028014,0.0,0.0005283000000417815,,,449331200,451346432,1098178560,575549440
step9-development-framework-final-20260929T184525403813Z-b5d1d8,Q100:banglish,Q100,banglish,CSE 206 Data Structures Lab course-er prerequisite ki deya ache?,CSE 206 Data Structures Lab course-er jonno kono prerequisite deya nei.,True,"[""curricula_BSc-Curriculum-New.pdf""]","[""52""]",[],verified,prerequisite,medium,CSE 206,banglish,cse 206,prerequisite,course_prerequisite,SUPPORTED,DIRECT_RELATION_SUPPORT,STRONG,semi_structured_relation,CSE 206 course-er kono prerequisite deya nei.,True,curricula_BSc-Curriculum-New.pdf,curricula_BSc-Curriculum-New.pdf,doc-4d373684ce4879ed066003f5,69,doc-4d373684ce4879ed066003f5-p000069-b0003-c0001,"Course Code: CSE 206 Course Title: Data Structures Lab Credits: 1.50 Prerequisite: None Objectives: Laboratory assignments will be based on Course CSE -205. Students will be able to implement different data strcutures; like Array, String, Linked List, Stack, Queue, Tree, and Graph in any programming language. They will be introduced with different sorting algorithms and advanced data structures. Text Book: 1. Data Structures, Seymour Lipschutz, Schaum‘s outlines, 2nd edition. 2. Data Structures and Program Design, Robert L. Kruse, Prentice Hall. 3. Data structures and problem solving using C++, Second edition Mark Allen Weiss, Pearson Addition Wesley Education. 4. Data Structures Using C and C++, Yedidyah Langsam, Moshe J. Augenstein, and Aaron M. Tenenbaum, Prentice Hall. 5. Data Structures, Edward M. Reigngold. Wilfred J. H ansen, Addison Wesley Publishing Company",2,2,[],1,False,False,0,False,True,True,True,True,[],course_prerequisite,"[""Nil""]",0.048111900000094465,0.04567730000007941,0.0,0.00046070000007603085,,,449335296,451350528,1110380544,575549440
