run_fingerprint,question_id,language,question,reference,original_dataset_reference,expected_page_offline,evaluation_authority,answerability_status,answerability_reason,evidence_level,requested_entity,requested_field,requested_relation,extracted_relation,extracted_relation_values,required_explicit_values,answer_safety_failures,entity_supported,field_supported,relation_supported,structured_extractable,supporting_evidence_count,independent_support_count,source_count,retrieval_channels,best_support_rank,cross_lingual_fallback_used,conflict_detected,ambiguity_detected,generation_required,generation_validation_status,final_answer_allowed,final_status,answer_strategy,final_answer,source,page,chunk_id,supporting_excerpt,conflict_sources,generation_used,generation_attempts,retry_used,language_validation_passed,grounding_validation_passed,semantic_validation_passed,grounding_validation_reason,generation_rejection_reason,retrieval_seconds,generation_seconds,answerability_seconds,total_seconds,rss_bytes,peak_process_bytes,available_ram_bytes,pagefile_used_bytes_system,runtime_error,answer_bank_enabled,reranker_enabled,page_hit_1,page_hit_3,mrr_3,entity_applicable,entity_hit_1,entity_hit_3,field_applicable,field_hit_1,field_hit_3,supportable_1,supportable_3
da4978c4cfcbd608f980,Q001,english,What is the title of the undergraduate prospectus?,"The title is Prospectus (Undergraduate Program) 2017-18 for the Department of Computer Science & Engineering, UAP.","The title is Prospectus (Undergraduate Program) 2017-18 for the Department of Computer Science & Engineering, UAP.",1,DATASET_REFERENCE,GENERATION_REJECTED,GENERATION_GROUNDING_FAILURE,STRONG,,course_title,,,[],[],[],True,True,,False,1,1,1,"[""bm25"", ""dense""]",3,False,False,False,False,REJECTED:GENERATION_GROUNDING_FAILURE,False,GENERATION_REJECTED,generation_rejected,"Relevant information was found, but I couldn't produce a reliable answer.",curricula_BSc-Curriculum-New.pdf,51,doc-4d373684ce4879ed066003f5-p000051-b0001-c0001,"4. Summary of Undergraduate Course The undergraduate students of different years of the Department of Computer Science and Engineering have to follow the course schedule given below. The letter prefix in any course number indic ates the discipline/subject offering the course viz. HSS for Humanities and Social Science, Business, Management Studies, Language etc., PHY for Physics, CHEM for Chemistry, MTH for Mathematics , ECN for Economics, ACN for Accounting and CSE for Computer Sc ience and Engineering. The first digit in the number indicates the year/level for which the course is intended; the second digit is assigned by the department and the last digit, if odd, indicates a theory course and if even, indicates a laboratory course. Core Courses First Year First Semester Course Code Course Title Credits Pre- Requisite",[],False,0,False,True,False,True,GENERATION_REJECTED,NO_SAFE_ANSWER_FROM_SUPPORTED_EVIDENCE,2.626135400001658,0.0,0.0018381999980192631,2.6345355000012205,2015600640,2019622912,2531704832,2390114304,,False,False,False,True,0.5,False,False,False,True,False,True,False,True
da4978c4cfcbd608f980,Q001,bangla,আন্ডারগ্র্যাজুয়েট প্রসপেক্টাসটির শিরোনাম কী?,শিরোনামটি হলো UAP-এর Department of Computer Science & Engineering-এর Prospectus (Undergraduate Program) 2017-18।,শিরোনামটি হলো UAP-এর Department of Computer Science & Engineering-এর Prospectus (Undergraduate Program) 2017-18।,1,DATASET_REFERENCE,INSUFFICIENT_EVIDENCE,FIELD_NOT_SUPPORTED,NONE,,course_title,,,[],[],[],False,False,,,0,0,0,[],,True,False,False,,NOT_ATTEMPTED,False,INSUFFICIENT_EVIDENCE,unsupported,বিশ্ববিদ্যালয়ের নথিতে নির্ভরযোগ্যভাবে উত্তর দেওয়ার মতো পর্যাপ্ত তথ্য পাওয়া যায়নি।,,,,,[],False,0,False,True,True,,GENERATION_NOT_USED,,0.3338365000017802,0.0,0.00010060000204248354,0.3379659999991418,2021117952,2025148416,2523242496,2389868544,,False,False,True,True,1.0,False,False,False,True,False,False,False,False
da4978c4cfcbd608f980,Q001,banglish,Undergraduate prospectus-tar title ki?,Title holo UAP-er Department of Computer Science & Engineering-er Prospectus (Undergraduate Program) 2017-18.,Title holo UAP-er Department of Computer Science & Engineering-er Prospectus (Undergraduate Program) 2017-18.,1,DATASET_REFERENCE,GENERATION_REJECTED,GENERATION_GROUNDING_FAILURE,STRONG,,course_title,,,[],[],[],True,True,,False,1,1,1,"[""bm25"", ""dense""]",2,False,False,False,False,REJECTED:GENERATION_GROUNDING_FAILURE,False,GENERATION_REJECTED,generation_rejected,"Relevant tothyo paoa geche, kintu reliable uttor toiri kora jayni.",curricula_BSc-Curriculum-New.pdf,51,doc-4d373684ce4879ed066003f5-p000051-b0001-c0001,"4. Summary of Undergraduate Course The undergraduate students of different years of the Department of Computer Science and Engineering have to follow the course schedule given below. The letter prefix in any course number indic ates the discipline/subject offering the course viz. HSS for Humanities and Social Science, Business, Management Studies, Language etc., PHY for Physics, CHEM for Chemistry, MTH for Mathematics , ECN for Economics, ACN for Accounting and CSE for Computer Sc ience and Engineering. The first digit in the number indicates the year/level for which the course is intended; the second digit is assigned by the department and the last digit, if odd, indicates a theory course and if even, indicates a laboratory course. Core Courses First Year First Semester Course Code Course Title Credits Pre- Requisite",[],False,0,False,True,False,True,GENERATION_REJECTED,NO_SAFE_ANSWER_FROM_SUPPORTED_EVIDENCE,0.17251780000515282,0.0,0.00019079999765381217,0.17533579999872018,2020880384,2025168896,2538889216,2389868544,,False,False,False,True,0.3333333333333333,False,False,False,True,False,True,False,True
da4978c4cfcbd608f980,Q002,english,Who published the prospectus?,"The prospectus was published by the Department of Computer Science & Engineering, University of Asia Pacific.","The prospectus was published by the Department of Computer Science & Engineering, University of Asia Pacific.",2,DATASET_REFERENCE,SUPPORTED,DIRECT_RELATION_SUPPORT,STRONG,,document_metadata,published_by,published_by,"[""Department of Computer Science & Engineering University of Asia Pacific""]",[],[],True,True,True,True,1,1,1,"[""bm25"", ""dense""]",3,False,False,False,True,NOT_REQUIRED,True,ANSWER_RETURNED,semi_structured_relation,The prospectus was published by Department of Computer Science & Engineering University of Asia Pacific.,curricula_BSc-Curriculum-New.pdf,2,doc-4d373684ce4879ed066003f5-p000002-b0001-c0001,"Published by Department of Computer Science & Engineering University of Asia Pacific 74/A, Green Road, Dhaka-1215 Edition 13th Edition, July 2017 Address of Correspondence",[],False,0,False,True,True,True,RELATION_EVIDENCE_VERIFIED,,0.16989409999951022,0.0,0.0002556999970693141,0.17326659999525873,2020212736,2025168896,2535636992,2389262336,,False,False,False,True,0.3333333333333333,False,False,False,True,False,True,False,True
da4978c4cfcbd608f980,Q002,bangla,প্রসপেক্টাসটি কে প্রকাশ করেছে?,প্রসপেক্টাসটি University of Asia Pacific-এর Department of Computer Science & Engineering প্রকাশ করেছে।,প্রসপেক্টাসটি University of Asia Pacific-এর Department of Computer Science & Engineering প্রকাশ করেছে।,2,DATASET_REFERENCE,INSUFFICIENT_EVIDENCE,FIELD_NOT_SUPPORTED,NONE,,document_metadata,,,[],[],[],False,False,,,0,0,0,[],,True,False,False,,NOT_ATTEMPTED,False,INSUFFICIENT_EVIDENCE,unsupported,বিশ্ববিদ্যালয়ের নথিতে নির্ভরযোগ্যভাবে উত্তর দেওয়ার মতো পর্যাপ্ত তথ্য পাওয়া যায়নি।,,,,,[],False,0,False,True,True,,GENERATION_NOT_USED,,0.32709479999903124,0.0,0.00013649999891640618,0.3309676999997464,2021081088,2025168896,2515902464,2389262336,,False,False,False,False,0.0,False,False,False,True,True,True,False,False
da4978c4cfcbd608f980,Q002,banglish,Prospectus-ta ke publish koreche?,Prospectus-ta University of Asia Pacific-er Department of Computer Science & Engineering publish koreche.,Prospectus-ta University of Asia Pacific-er Department of Computer Science & Engineering publish koreche.,2,DATASET_REFERENCE,SUPPORTED,DIRECT_RELATION_SUPPORT,STRONG,,document_metadata,published_by,published_by,"[""Department of Computer Science & Engineering University of Asia Pacific""]",[],[],True,True,True,True,1,1,1,"[""dense""]",14,False,False,False,True,NOT_REQUIRED,True,ANSWER_RETURNED,semi_structured_relation,Prospectus-ta Department of Computer Science & Engineering University of Asia Pacific publish koreche.,curricula_BSc-Curriculum-New.pdf,2,doc-4d373684ce4879ed066003f5-p000002-b0001-c0001,"Published by Department of Computer Science & Engineering University of Asia Pacific 74/A, Green Road, Dhaka-1215 Edition 13th Edition, July 2017 Address of Correspondence",[],False,0,False,True,True,True,RELATION_EVIDENCE_VERIFIED,,0.2527803999983007,0.0,0.0003224000029149465,0.2560702000046149,2021195776,2025226240,2490822656,2383740928,,False,False,False,False,0.0,False,False,False,True,False,True,False,False
da4978c4cfcbd608f980,Q003,english,What edition and date are listed for the prospectus?,"The prospectus is the 13th Edition, July 2017.","The prospectus is the 13th Edition, July 2017.",2,DATASET_REFERENCE,SUPPORTED,DIRECT_RELATION_SUPPORT,STRONG,,document_metadata,edition_publication_date,edition_publication_date,"[""13th Edition"", ""July 2017""]",[],[],True,True,True,True,1,1,1,"[""dense""]",6,False,False,False,True,NOT_REQUIRED,True,ANSWER_RETURNED,semi_structured_relation,The prospectus lists 13th Edition and the date July 2017.,curricula_BSc-Curriculum-New.pdf,2,doc-4d373684ce4879ed066003f5-p000002-b0001-c0001,"Published by Department of Computer Science & Engineering University of Asia Pacific 74/A, Green Road, Dhaka-1215 Edition 13th Edition, July 2017 Address of Correspondence",[],False,0,False,True,True,True,RELATION_EVIDENCE_VERIFIED,,0.2712563000022783,0.0,0.0005834000039612874,0.28054680000059307,2021416960,2025447424,2522488832,2378096640,,False,False,False,False,0.0,False,False,False,True,False,True,False,False
da4978c4cfcbd608f980,Q003,bangla,প্রসপেক্টাসে কোন সংস্করণ ও তারিখ দেওয়া আছে?,"প্রসপেক্টাসটি 13th Edition, July 2017।","প্রসপেক্টাসটি 13th Edition, July 2017।",2,DATASET_REFERENCE,SUPPORTED,DIRECT_RELATION_SUPPORT,STRONG,,document_metadata,edition_publication_date,edition_publication_date,"[""13th Edition"", ""July 2017""]",[],[],True,True,True,True,1,1,1,"[""dense""]",3,False,False,False,True,NOT_REQUIRED,True,ANSWER_RETURNED,semi_structured_relation,প্রসপেক্টাসে 13th Edition সংস্করণ এবং July 2017 তারিখ দেওয়া আছে।,curricula_BSc-Curriculum-New.pdf,2,doc-4d373684ce4879ed066003f5-p000002-b0001-c0001,"Published by Department of Computer Science & Engineering University of Asia Pacific 74/A, Green Road, Dhaka-1215 Edition 13th Edition, July 2017 Address of Correspondence",[],False,0,False,True,True,True,RELATION_EVIDENCE_VERIFIED,,0.3881854999999632,0.0,0.00025290000485256314,0.3929853999943589,2021654528,2025684992,2441555968,2377703424,,False,False,False,True,0.3333333333333333,False,False,False,True,False,True,False,True
da4978c4cfcbd608f980,Q003,banglish,Prospectus-e kon edition ar date deya ache?,"Prospectus-ta 13th Edition, July 2017.","Prospectus-ta 13th Edition, July 2017.",2,DATASET_REFERENCE,SUPPORTED,DIRECT_RELATION_SUPPORT,STRONG,,document_metadata,edition_publication_date,edition_publication_date,"[""13th Edition"", ""July 2017""]",[],[],True,True,True,True,1,1,1,"[""bm25"", ""dense""]",3,False,False,False,True,NOT_REQUIRED,True,ANSWER_RETURNED,semi_structured_relation,Prospectus-e 13th Edition ar July 2017 date deya ache.,curricula_BSc-Curriculum-New.pdf,2,doc-4d373684ce4879ed066003f5-p000002-b0001-c0001,"Published by Department of Computer Science & Engineering University of Asia Pacific 74/A, Green Road, Dhaka-1215 Edition 13th Edition, July 2017 Address of Correspondence",[],False,0,False,True,True,True,RELATION_EVIDENCE_VERIFIED,,0.22699229999852832,0.0,0.0002823999966494739,0.2309255000000121,2022379520,2026409984,2370322432,2377572351,,False,False,False,True,0.3333333333333333,False,False,False,True,False,True,False,True
da4978c4cfcbd608f980,Q004,english,What email address is listed for correspondence with the CSE Head?,The correspondence email for the CSE Head is headcse@uap-bd.edu.,The correspondence email for the CSE Head is headcse@uap-bd.edu.,2,DATASET_REFERENCE,INSUFFICIENT_EVIDENCE,FIELD_NOT_SUPPORTED,NONE,,email,,,[],[],[],False,False,,,0,0,0,[],,False,False,False,,NOT_ATTEMPTED,False,INSUFFICIENT_EVIDENCE,unsupported,I couldn't find enough information in the university documents to answer reliably.,,,,,[],False,0,False,True,True,,GENERATION_NOT_USED,,0.24362529999780236,0.0,0.0001396999941789545,0.24667570000019623,2022465536,2026496000,2290761728,2377441280,,False,False,True,True,1.0,False,False,False,True,False,False,False,False
da4978c4cfcbd608f980,Q004,bangla,CSE Head-এর সঙ্গে যোগাযোগের জন্য কোন ইমেইল দেওয়া আছে?,CSE Head-এর যোগাযোগের ইমেইল হলো headcse@uap-bd.edu।,CSE Head-এর যোগাযোগের ইমেইল হলো headcse@uap-bd.edu।,2,DATASET_REFERENCE,SUPPORTED,DIRECT_STRUCTURED_SUPPORT,STRONG,,email,,,[],"[""headcse@uap-bd.edu""]",[],True,True,,True,1,1,1,"[""bm25"", ""dense""]",1,False,False,False,False,NOT_REQUIRED,True,ANSWER_RETURNED,structured_exact,প্রাসঙ্গিক email address হলো headcse@uap-bd.edu।,curricula_BSc-Curriculum-New.pdf,2,doc-4d373684ce4879ed066003f5-p000002-b0002-c0001,Head Department of Computer Science & Engineering University of Asia Pacific Phone: +(880-2) 9127226 E-mail: headcse@uap-bd.edu,[],False,0,False,True,True,True,FACTUAL_TOKENS_SUPPORTED,,0.217752799995651,0.0,0.0002744999947026372,0.22230239999771584,2022539264,2026569728,2318163968,2377441280,,False,False,True,True,1.0,False,False,False,True,True,True,True,True
da4978c4cfcbd608f980,Q004,banglish,CSE Head-er sathe correspondence-er jonno kon email deya ache?,CSE Head-er correspondence email holo headcse@uap-bd.edu.,CSE Head-er correspondence email holo headcse@uap-bd.edu.,2,DATASET_REFERENCE,SUPPORTED,DIRECT_STRUCTURED_SUPPORT,STRONG,,email,,,[],"[""headcse@uap-bd.edu""]",[],True,True,,True,1,1,1,"[""bm25"", ""dense""]",1,False,False,False,False,NOT_REQUIRED,True,ANSWER_RETURNED,structured_exact,Relevant email address holo headcse@uap-bd.edu.,curricula_BSc-Curriculum-New.pdf,2,doc-4d373684ce4879ed066003f5-p000002-b0002-c0001,Head Department of Computer Science & Engineering University of Asia Pacific Phone: +(880-2) 9127226 E-mail: headcse@uap-bd.edu,[],False,0,False,True,True,True,FACTUAL_TOKENS_SUPPORTED,,0.22537080000620335,0.0,0.0003076000066357665,0.22960129999410128,2022760448,2026848256,2282524672,2377330688,,False,False,True,True,1.0,False,False,False,True,True,True,True,True
da4978c4cfcbd608f980,Q005,english,What does the disclaimer say about the prospectus information?,"The information in the prospectus is subject to change at the discretion of the Department of CSE, UAP.","The information in the prospectus is subject to change at the discretion of the Department of CSE, UAP.",3,DATASET_REFERENCE,SUPPORTED,DIRECT_RELATION_SUPPORT,STRONG,,document_metadata,publication_disclaimer,publication_disclaimer,"[""the Department of Computer Science & Engineering, UAP""]",[],[],True,True,True,True,1,1,1,"[""bm25"", ""dense""]",1,False,False,False,True,NOT_REQUIRED,True,ANSWER_RETURNED,semi_structured_relation,"The disclaimer says the prospectus information may change at the discretion of the Department of Computer Science & Engineering, UAP.",curricula_BSc-Curriculum-New.pdf,3,doc-4d373684ce4879ed066003f5-p000003-b0001-c0001,"Disclaimer The information contained in this prospectus is subject to change at the discretion of the Department of Computer Science & Engineering, UAP.",[],False,0,False,True,True,True,RELATION_EVIDENCE_VERIFIED,,0.2014712000018335,0.0,0.000629900001513306,0.20491729999775998,2022854656,2026885120,2243162112,2377330688,,False,False,True,True,1.0,False,False,False,False,False,False,True,True
da4978c4cfcbd608f980,Q005,bangla,প্রসপেক্টাসের তথ্য সম্পর্কে ডিসক্লেইমারে কী বলা হয়েছে?,"প্রসপেক্টাসের তথ্য Department of CSE, UAP-এর বিবেচনায় পরিবর্তনযোগ্য।","প্রসপেক্টাসের তথ্য Department of CSE, UAP-এর বিবেচনায় পরিবর্তনযোগ্য।",3,DATASET_REFERENCE,SUPPORTED,DIRECT_RELATION_SUPPORT,STRONG,,document_metadata,publication_disclaimer,publication_disclaimer,"[""the Department of Computer Science & Engineering, UAP""]",[],[],True,True,True,True,1,1,1,"[""dense""]",2,False,False,False,True,NOT_REQUIRED,True,ANSWER_RETURNED,semi_structured_relation,"ডিসক্লেইমার অনুযায়ী, Department of Computer Science & Engineering, UAP-এর বিবেচনায় প্রসপেক্টাসের তথ্য পরিবর্তন হতে পারে।",curricula_BSc-Curriculum-New.pdf,3,doc-4d373684ce4879ed066003f5-p000003-b0001-c0001,"Disclaimer The information contained in this prospectus is subject to change at the discretion of the Department of Computer Science & Engineering, UAP.",[],False,0,False,True,True,True,RELATION_EVIDENCE_VERIFIED,,0.21804610000253888,0.0,0.00024370000028284267,0.22117810000054305,2023456768,2027487232,2218778624,2377330688,,False,False,False,True,0.5,False,False,False,False,False,False,False,True
da4978c4cfcbd608f980,Q005,banglish,Prospectus-er information niye disclaimer-e ki bola hoyeche?,"Prospectus-er information Department of CSE, UAP-er discretion-e change hote pare.","Prospectus-er information Department of CSE, UAP-er discretion-e change hote pare.",3,DATASET_REFERENCE,SUPPORTED,DIRECT_RELATION_SUPPORT,STRONG,,document_metadata,publication_disclaimer,publication_disclaimer,"[""the Department of Computer Science & Engineering, UAP""]",[],[],True,True,True,True,1,1,1,"[""bm25"", ""dense""]",1,False,False,False,True,NOT_REQUIRED,True,ANSWER_RETURNED,semi_structured_relation,"Disclaimer onujayi, the Department of Computer Science & Engineering, UAP-er discretion-e prospectus-er information change hote pare.",curricula_BSc-Curriculum-New.pdf,3,doc-4d373684ce4879ed066003f5-p000003-b0001-c0001,"Disclaimer The information contained in this prospectus is subject to change at the discretion of the Department of Computer Science & Engineering, UAP.",[],False,0,False,True,True,True,RELATION_EVIDENCE_VERIFIED,,0.19891649999772198,0.0,0.0003910000014002435,0.20334879999427358,2022309888,2027536384,2223906816,2377068544,,False,False,True,True,1.0,False,False,False,False,False,False,True,True
da4978c4cfcbd608f980,Q006,english,When was UAP established?,UAP was established in 1996.,UAP was established in 1996.,4,DATASET_REFERENCE,SUPPORTED,DIRECT_STRUCTURED_SUPPORT,STRONG,,date,,,[],[],[],True,True,,True,1,1,1,"[""bm25"", ""dense""]",2,False,False,False,False,NOT_REQUIRED,True,ANSWER_RETURNED,structured_exact,The relevant date is 1996.,curricula_BSc-Curriculum-New.pdf,4,doc-4d373684ce4879ed066003f5-p000004-b0001-c0001,"University of Asia Pacific (UAP) was established in 1996 under the Private University Act 1992 as a private university with the vision of providing quality education and fulf illing the needs of our motherland, Bangladesh. This university started its journ ey in 1996 and offered four years bachelor degree programs in Computer Science & Engineering and Business Administration only, thus the very step of publishing the thirteenth edition of the prospectus for Undergraduate Studies of the Department of Computer Science & Engineering makes us proud. This department established in 1996, with the full support of the Administration and the UAP Foundation Members, is thriving forward in disseminating knowledge in this emerging field. Such endeavor is not only helpin g in developing the human resources of this country but also in earning foreign exchange by exporting skilled manpower abroad. Till to date, B.Sc.Engg. Degree has been conferred on 2200 graduates and these graduates are making positive contributions in the field of Computer Science and Engineering. To enhance the quality of education even further, the Department is planning to take some crush programs, some of which are mentioned below:  Faculty Search Team has been formed to attract Senior Faculty Members in the CSE Department of UAP.  All the Programmin g Lab PCs are regularly updated with the latest computer configuration.  A project lab has already been established for project/research work.  Mobile Games and App Development Lab has been approved to be buil t in CSE, UAP by government fund. CSE Department has several clubs namely UAP Software and",[],False,0,False,True,True,True,FACTUAL_TOKENS_SUPPORTED,,0.22559259999979986,0.0,0.0002671999973244965,0.23111939999944298,2022301696,2027536384,2201817088,2373398528,,False,False,False,True,0.5,False,False,False,True,True,True,False,True
da4978c4cfcbd608f980,Q006,bangla,UAP কখন প্রতিষ্ঠিত হয়?,UAP 1996 সালে প্রতিষ্ঠিত হয়।,UAP 1996 সালে প্রতিষ্ঠিত হয়।,4,DATASET_REFERENCE,INSUFFICIENT_EVIDENCE,FIELD_NOT_SUPPORTED,NONE,,general,,,[],[],[],False,False,,,0,0,0,[],,True,False,False,,NOT_ATTEMPTED,False,INSUFFICIENT_EVIDENCE,unsupported,বিশ্ববিদ্যালয়ের নথিতে নির্ভরযোগ্যভাবে উত্তর দেওয়ার মতো পর্যাপ্ত তথ্য পাওয়া যায়নি।,,,,,[],False,0,False,True,True,,GENERATION_NOT_USED,,0.42794839999987744,0.0,8.209999941755086e-05,0.4317328999968595,2021441536,2027536384,2152558592,2364141568,,False,False,False,False,0.0,False,False,False,False,False,False,False,False
da4978c4cfcbd608f980,Q006,banglish,UAP kobe established hoy?,UAP 1996 shale established hoy.,UAP 1996 shale established hoy.,4,DATASET_REFERENCE,GENERATION_REJECTED,GENERATION_GROUNDING_FAILURE,STRONG,,general,,,[],[],[],True,True,,,3,3,1,"[""bm25"", ""dense""]",1,False,False,False,True,REJECTED:GENERATION_GROUNDING_FAILURE,False,GENERATION_REJECTED,generation_rejected,"Relevant tothyo paoa geche, kintu reliable uttor toiri kora jayni.",curricula_BSc-Curriculum-New.pdf,8,doc-4d373684ce4879ed066003f5-p000008-b0001-c0001,"1. Introduction University of Asia Pacific (UAP) was established in 1996 with a vision to enhance the opportunities for higher education in Bangladesh. The University, under the Private University Act 1992, started its operation in 1996 by offering four -year Bachelor Degree Programs in Computer Science & Technology and Business Administration only. Now UAP offers undergraduate programs in nine disciplines and post-graduate programs in eight disciplines. Its curriculum has been approved by the University Grants Commission of the Government of the People's Republic of Bangladesh. UAP is sponsored by University of Asia Pacific Foundation, a non -profitable, non-commercial organization based in Dhaka, Bangladesh. The Foundation has been established in 1995 by a group of eminent educationalists, Industrialists and administrators who share the same vision and social commitments to promote improve and innovative educational opportunities to the society. UAP is the pr oject of such noble goals. Mr. Qayum Reza Chowdhury is the current Chairperson of this foundation.",[],True,2,True,True,False,True,GENERATION_REJECTED,ENTITY_FOCUS_MISMATCH,0.19965989999764133,104.94052959999681,0.00033070000063162297,105.18424760000198,4495888384,4550385664,268513280,2219081728,,False,False,False,True,0.5,False,False,False,False,False,False,True,True
da4978c4cfcbd608f980,Q007,english,Which two bachelor degree programs did UAP initially offer?,UAP initially offered four-year bachelor degree programs in Computer Science & Technology and Business Administration.,UAP initially offered four-year bachelor degree programs in Computer Science & Engineering and Business Administration.,8,PAGE_8_COMPUTER_SCIENCE_AND_TECHNOLOGY,SUPPORTED,DIRECT_RELATION_SUPPORT,STRONG,,general,initially_offered,initially_offered,"[""Computer Science & Technology"", ""Business Administration""]",[],[],True,True,True,True,3,3,1,"[""bm25"", ""dense""]",1,False,False,False,True,NOT_REQUIRED,True,ANSWER_RETURNED,semi_structured_relation,UAP initially offered the bachelor degree programs Computer Science & Technology and Business Administration.,curricula_BSc-Curriculum-New.pdf,8,doc-4d373684ce4879ed066003f5-p000008-b0001-c0001,"1. Introduction University of Asia Pacific (UAP) was established in 1996 with a vision to enhance the opportunities for higher education in Bangladesh. The University, under the Private University Act 1992, started its operation in 1996 by offering four -year Bachelor Degree Programs in Computer Science & Technology and Business Administration only. Now UAP offers undergraduate programs in nine disciplines and post-graduate programs in eight disciplines. Its curriculum has been approved by the University Grants Commission of the Government of the People's Republic of Bangladesh. UAP is sponsored by University of Asia Pacific Foundation, a non -profitable, non-commercial organization based in Dhaka, Bangladesh. The Foundation has been established in 1995 by a group of eminent educationalists, Industrialists and administrators who share the same vision and social commitments to promote improve and innovative educational opportunities to the society. UAP is the pr oject of such noble goals. Mr. Qayum Reza Chowdhury is the current Chairperson of this foundation.",[],False,0,False,True,True,True,RELATION_EVIDENCE_VERIFIED,,2.595379399994272,0.0,0.005302899997332133,2.620097299994086,3745517568,4875657216,264585216,2512416768,,False,False,True,True,1.0,False,False,False,False,False,False,True,True
da4978c4cfcbd608f980,Q007,bangla,UAP শুরুতে কোন দুইটি ব্যাচেলর ডিগ্রি প্রোগ্রাম অফার করেছিল?,UAP শুরুতে Computer Science & Technology এবং Business Administration-এ চার বছরের ব্যাচেলর ডিগ্রি প্রোগ্রাম অফার করেছিল।,UAP শুরুতে Computer Science & Engineering এবং Business Administration-এ চার বছরের ব্যাচেলর ডিগ্রি প্রোগ্রাম অফার করেছিল।,8,PAGE_8_COMPUTER_SCIENCE_AND_TECHNOLOGY,SUPPORTED,DIRECT_RELATION_SUPPORT,STRONG,,general,initially_offered,initially_offered,"[""Computer Science & Technology"", ""Business Administration""]",[],[],True,True,True,True,3,3,1,"[""bm25"", ""cross_lingual"", ""dense""]",1,True,False,False,True,NOT_REQUIRED,True,ANSWER_RETURNED,semi_structured_relation,UAP শুরুতে Computer Science & Technology এবং Business Administration—এই দুইটি ব্যাচেলর ডিগ্রি প্রোগ্রাম চালু করেছিল।,curricula_BSc-Curriculum-New.pdf,8,doc-4d373684ce4879ed066003f5-p000008-b0001-c0001,"1. Introduction University of Asia Pacific (UAP) was established in 1996 with a vision to enhance the opportunities for higher education in Bangladesh. The University, under the Private University Act 1992, started its operation in 1996 by offering four -year Bachelor Degree Programs in Computer Science & Technology and Business Administration only. Now UAP offers undergraduate programs in nine disciplines and post-graduate programs in eight disciplines. Its curriculum has been approved by the University Grants Commission of the Government of the People's Republic of Bangladesh. UAP is sponsored by University of Asia Pacific Foundation, a non -profitable, non-commercial organization based in Dhaka, Bangladesh. The Foundation has been established in 1995 by a group of eminent educationalists, Industrialists and administrators who share the same vision and social commitments to promote improve and innovative educational opportunities to the society. UAP is the pr oject of such noble goals. Mr. Qayum Reza Chowdhury is the current Chairperson of this foundation.",[],False,0,False,True,True,True,RELATION_EVIDENCE_VERIFIED,,12.323401699999522,0.0,0.0011116999958176166,12.345115999996779,5246550016,5248208896,275177472,2786807808,,False,False,True,True,1.0,False,False,False,False,False,False,False,False
da4978c4cfcbd608f980,Q007,banglish,UAP shurute kon duita bachelor degree program offer korechilo?,UAP shurute Computer Science & Technology ebong Business Administration-e four-year bachelor degree program offer korechilo.,UAP shurute Computer Science & Engineering ebong Business Administration-e four-year bachelor degree program offer korechilo.,8,PAGE_8_COMPUTER_SCIENCE_AND_TECHNOLOGY,SUPPORTED,DIRECT_RELATION_SUPPORT,STRONG,,general,initially_offered,initially_offered,"[""Computer Science & Technology"", ""Business Administration""]",[],[],True,True,True,True,3,3,1,"[""bm25"", ""dense""]",1,False,False,False,True,NOT_REQUIRED,True,ANSWER_RETURNED,semi_structured_relation,UAP shurute Computer Science & Technology ar Business Administration—ei duita bachelor degree program offer korechilo.,curricula_BSc-Curriculum-New.pdf,8,doc-4d373684ce4879ed066003f5-p000008-b0001-c0001,"1. Introduction University of Asia Pacific (UAP) was established in 1996 with a vision to enhance the opportunities for higher education in Bangladesh. The University, under the Private University Act 1992, started its operation in 1996 by offering four -year Bachelor Degree Programs in Computer Science & Technology and Business Administration only. Now UAP offers undergraduate programs in nine disciplines and post-graduate programs in eight disciplines. Its curriculum has been approved by the University Grants Commission of the Government of the People's Republic of Bangladesh. UAP is sponsored by University of Asia Pacific Foundation, a non -profitable, non-commercial organization based in Dhaka, Bangladesh. The Foundation has been established in 1995 by a group of eminent educationalists, Industrialists and administrators who share the same vision and social commitments to promote improve and innovative educational opportunities to the society. UAP is the pr oject of such noble goals. Mr. Qayum Reza Chowdhury is the current Chairperson of this foundation.",[],False,0,False,True,True,True,RELATION_EVIDENCE_VERIFIED,,0.5334643000023789,0.0,0.0002856999999494292,0.539048400001775,5228830720,5251411968,255107072,2783240192,,False,False,True,True,1.0,False,False,False,False,False,False,True,True
da4978c4cfcbd608f980,Q008,english,How many B.Sc.Engg. graduates had received degrees according to the prospectus?,"According to the prospectus, B.Sc.Engg. degrees had been conferred on 2200 graduates.","According to the prospectus, B.Sc.Engg. degrees had been conferred on 2200 graduates.",4,DATASET_REFERENCE,GENERATION_REJECTED,GENERATION_GROUNDING_FAILURE,STRONG,,general,,,[],[],[],True,True,,,2,2,1,"[""bm25"", ""dense""]",1,False,False,False,True,REJECTED:GENERATION_GROUNDING_FAILURE,False,GENERATION_REJECTED,generation_rejected,"Relevant information was found, but I couldn't produce a reliable answer.",curricula_BSc-Curriculum-New.pdf,4,doc-4d373684ce4879ed066003f5-p000004-b0001-c0001,"University of Asia Pacific (UAP) was established in 1996 under the Private University Act 1992 as a private university with the vision of providing quality education and fulf illing the needs of our motherland, Bangladesh. This university started its journ ey in 1996 and offered four years bachelor degree programs in Computer Science & Engineering and Business Administration only, thus the very step of publishing the thirteenth edition of the prospectus for Undergraduate Studies of the Department of Computer Science & Engineering makes us proud. This department established in 1996, with the full support of the Administration and the UAP Foundation Members, is thriving forward in disseminating knowledge in this emerging field. Such endeavor is not only helpin g in developing the human resources of this country but also in earning foreign exchange by exporting skilled manpower abroad. Till to date, B.Sc.Engg. Degree has been conferred on 2200 graduates and these graduates are making positive contributions in the field of Computer Science and Engineering. To enhance the quality of education even further, the Department is planning to take some crush programs, some of which are mentioned below:  Faculty Search Team has been formed to attract Senior Faculty Members in the CSE Department of UAP.  All the Programmin g Lab PCs are regularly updated with the latest computer configuration.  A project lab has already been established for project/research work.  Mobile Games and App Development Lab has been approved to be buil t in CSE, UAP by government fund. CSE Department has several clubs namely UAP Software and",[],True,2,True,True,False,True,GENERATION_REJECTED,MISSING_REQUIRED_ENTITY,0.23520709999866085,55.13239389999944,0.002083600003970787,55.39242740000191,4535422976,5251411968,209428480,2597478400,,False,False,True,True,1.0,False,False,False,False,False,False,True,True
da4978c4cfcbd608f980,Q008,bangla,প্রসপেক্টাস অনুযায়ী কতজন B.Sc.Engg. গ্র্যাজুয়েট ডিগ্রি পেয়েছে?,প্রসপেক্টাস অনুযায়ী 2200 জন গ্র্যাজুয়েটকে B.Sc.Engg. ডিগ্রি দেওয়া হয়েছে।,প্রসপেক্টাস অনুযায়ী 2200 জন গ্র্যাজুয়েটকে B.Sc.Engg. ডিগ্রি দেওয়া হয়েছে।,4,DATASET_REFERENCE,INSUFFICIENT_EVIDENCE,FIELD_NOT_SUPPORTED,NONE,,general,,,[],[],[],False,False,,,0,0,0,[],,True,False,False,,NOT_ATTEMPTED,False,INSUFFICIENT_EVIDENCE,unsupported,বিশ্ববিদ্যালয়ের নথিতে নির্ভরযোগ্যভাবে উত্তর দেওয়ার মতো পর্যাপ্ত তথ্য পাওয়া যায়নি।,,,,,[],False,0,False,True,True,,GENERATION_NOT_USED,,3.4482692000019597,0.0,0.00025859999732347205,3.4569745999979204,4938190848,5251411968,296501248,3055685632,,False,False,False,True,0.3333333333333333,False,False,False,False,False,False,False,False
da4978c4cfcbd608f980,Q008,banglish,Prospectus onujayi kotojon B.Sc.Engg. graduate degree peyechilo?,Prospectus onujayi 2200 graduate-ke B.Sc.Engg. degree deya hoyeche.,Prospectus onujayi 2200 graduate-ke B.Sc.Engg. degree deya hoyeche.,4,DATASET_REFERENCE,GENERATION_REJECTED,GENERATION_SEMANTIC_FAILURE,ADEQUATE,,general,,,[],[],[],True,True,,,1,1,1,"[""bm25"", ""dense""]",2,False,False,False,True,REJECTED:GENERATION_SEMANTIC_FAILURE,False,GENERATION_REJECTED,generation_rejected,"Relevant tothyo paoa geche, kintu reliable uttor toiri kora jayni.",curricula_BSc-Curriculum-New.pdf,8,doc-4d373684ce4879ed066003f5-p000008-b0004-c0001,"Prof. M. R. Kabir Ph.D,Catholic University of Leuven, Belgium, M.Sc.Engg.Post Graduate Diploma,",[],True,1,False,True,False,True,GENERATION_REJECTED,SEMANTIC_CONTRACT_UNCERTAIN,0.3302436000012676,10.696432699995057,0.0013048000037088059,11.044573299994227,5233532928,5450215424,179736576,3011616768,,False,False,False,False,0.0,False,False,False,False,False,False,False,True
da4978c4cfcbd608f980,Q009,english,What accreditation did the CSE Department receive from IEB?,The CSE Department received IEB accreditation for the BSc in CSE program starting from August 2014.,The CSE Department received IEB accreditation for the BSc in CSE program starting from August 2014.,6,DATASET_REFERENCE,SUPPORTED,MULTIPLE_AGREEING_PASSAGES,STRONG,,general,,,[],[],[],True,True,,,3,3,1,"[""bm25"", ""dense""]",1,False,False,False,True,ACCEPTED,True,ANSWER_RETURNED,gguf_generation,The CSE Department received a Certificate of Accreditation from the Engineers Institution Bangladesh (IEB) for the BSc in CSE program starting from August 2014.,curricula_BSc-Curriculum-New.pdf,6,doc-4d373684ce4879ed066003f5-p000006-b0002-c0001,IEB Affiliation Department of CSE has received the Certificate of Accreditation from the Engineers Institution Bangladesh (IEB) for the BSc in CSE program starting from August 2014. This will enable the CSE students to enjoy the privileges offered by Engineers Institution Bangladesh (IEB) including membership.,[],True,1,False,True,True,True,FACTUAL_TOKENS_SUPPORTED,,2.776827999994566,33.27986740000051,0.0012776000003213994,36.10240100000374,4667252736,5485838336,243515392,3079270400,,False,False,True,True,1.0,False,False,False,False,False,False,True,True
da4978c4cfcbd608f980,Q009,bangla,CSE Department IEB থেকে কী স্বীকৃতি পেয়েছে?,CSE Department August 2014 থেকে BSc in CSE প্রোগ্রামের জন্য IEB accreditation পেয়েছে।,CSE Department August 2014 থেকে BSc in CSE প্রোগ্রামের জন্য IEB accreditation পেয়েছে।,6,DATASET_REFERENCE,SUPPORTED,MULTIPLE_AGREEING_PASSAGES,STRONG,,general,,,[],[],[],True,True,,,3,3,1,"[""bm25"", ""dense""]",1,False,False,False,True,ACCEPTED,True,ANSWER_RETURNED,gguf_generation,CSE Department BSc in CSE program starting from August 2014-এর জন্য Engineers Institution Bangladesh (IEB) থেকে Certificate of Accreditation পেয়েছে।,curricula_BSc-Curriculum-New.pdf,6,doc-4d373684ce4879ed066003f5-p000006-b0002-c0001,IEB Affiliation Department of CSE has received the Certificate of Accreditation from the Engineers Institution Bangladesh (IEB) for the BSc in CSE program starting from August 2014. This will enable the CSE students to enjoy the privileges offered by Engineers Institution Bangladesh (IEB) including membership.,[],True,1,False,True,True,True,FACTUAL_TOKENS_SUPPORTED,,2.3047664999976405,27.03721200000291,0.0020029000006616116,29.37103070000012,4699549696,5485838336,287817728,2588545024,,False,False,True,True,1.0,False,False,False,False,False,False,True,True
da4978c4cfcbd608f980,Q009,banglish,CSE Department IEB theke ki accreditation peyechhe?,CSE Department August 2014 theke BSc in CSE program-er jonno IEB accreditation peyechhe.,CSE Department August 2014 theke BSc in CSE program-er jonno IEB accreditation peyechhe.,6,DATASET_REFERENCE,SUPPORTED,MULTIPLE_AGREEING_PASSAGES,STRONG,,general,,,[],[],[],True,True,,,2,2,1,"[""bm25"", ""dense""]",1,False,False,False,True,ACCEPTED,True,ANSWER_RETURNED,gguf_generation,Department of CSE BSc in CSE program starting from August 2014-er jonno Engineers Institution Bangladesh (IEB) theke Certificate of Accreditation peyechhe.,curricula_BSc-Curriculum-New.pdf,6,doc-4d373684ce4879ed066003f5-p000006-b0002-c0001,IEB Affiliation Department of CSE has received the Certificate of Accreditation from the Engineers Institution Bangladesh (IEB) for the BSc in CSE program starting from August 2014. This will enable the CSE students to enjoy the privileges offered by Engineers Institution Bangladesh (IEB) including membership.,[],True,1,False,True,True,True,FACTUAL_TOKENS_SUPPORTED,,3.8669043999980204,27.319702500004496,0.0008592999947723001,31.20816509999713,4637446144,5485838336,108109824,2831319040,,False,False,True,True,1.0,False,False,False,False,False,False,True,True
da4978c4cfcbd608f980,Q010,english,Under which act did UAP start its operation?,UAP started its operation under the Private University Act 1992.,UAP started its operation under the Private University Act 1992.,8,DATASET_REFERENCE,SUPPORTED,DIRECT_RELATION_SUPPORT,STRONG,,general,started_under,started_under,"[""Private University Act 1992""]",[],[],True,True,True,True,3,3,1,"[""bm25"", ""dense""]",1,False,False,False,False,NOT_REQUIRED,True,ANSWER_RETURNED,semi_structured_relation,UAP started its operation under Private University Act 1992.,curricula_BSc-Curriculum-New.pdf,8,doc-4d373684ce4879ed066003f5-p000008-b0001-c0001,"1. Introduction University of Asia Pacific (UAP) was established in 1996 with a vision to enhance the opportunities for higher education in Bangladesh. The University, under the Private University Act 1992, started its operation in 1996 by offering four -year Bachelor Degree Programs in Computer Science & Technology and Business Administration only. Now UAP offers undergraduate programs in nine disciplines and post-graduate programs in eight disciplines. Its curriculum has been approved by the University Grants Commission of the Government of the People's Republic of Bangladesh. UAP is sponsored by University of Asia Pacific Foundation, a non -profitable, non-commercial organization based in Dhaka, Bangladesh. The Foundation has been established in 1995 by a group of eminent educationalists, Industrialists and administrators who share the same vision and social commitments to promote improve and innovative educational opportunities to the society. UAP is the pr oject of such noble goals. Mr. Qayum Reza Chowdhury is the current Chairperson of this foundation.",[],False,0,False,True,True,True,RELATION_EVIDENCE_VERIFIED,,2.5135482999976375,0.0,0.003763499997148756,2.5272374999985914,4782383104,5485838336,387813376,3006619648,,False,False,True,True,1.0,False,False,False,False,False,False,True,True
da4978c4cfcbd608f980,Q010,bangla,UAP কোন আইনের অধীনে কার্যক্রম শুরু করেছিল?,UAP Private University Act 1992-এর অধীনে কার্যক্রম শুরু করেছিল।,UAP Private University Act 1992-এর অধীনে কার্যক্রম শুরু করেছিল।,8,DATASET_REFERENCE,SUPPORTED,DIRECT_RELATION_SUPPORT,STRONG,,general,started_under,started_under,"[""Private University Act 1992""]",[],[],True,True,True,True,3,3,1,"[""bm25"", ""cross_lingual"", ""dense""]",1,True,False,False,True,NOT_REQUIRED,True,ANSWER_RETURNED,semi_structured_relation,UAP Private University Act 1992-এর অধীনে কার্যক্রম শুরু করেছিল।,curricula_BSc-Curriculum-New.pdf,8,doc-4d373684ce4879ed066003f5-p000008-b0001-c0001,"1. Introduction University of Asia Pacific (UAP) was established in 1996 with a vision to enhance the opportunities for higher education in Bangladesh. The University, under the Private University Act 1992, started its operation in 1996 by offering four -year Bachelor Degree Programs in Computer Science & Technology and Business Administration only. Now UAP offers undergraduate programs in nine disciplines and post-graduate programs in eight disciplines. Its curriculum has been approved by the University Grants Commission of the Government of the People's Republic of Bangladesh. UAP is sponsored by University of Asia Pacific Foundation, a non -profitable, non-commercial organization based in Dhaka, Bangladesh. The Foundation has been established in 1995 by a group of eminent educationalists, Industrialists and administrators who share the same vision and social commitments to promote improve and innovative educational opportunities to the society. UAP is the pr oject of such noble goals. Mr. Qayum Reza Chowdhury is the current Chairperson of this foundation.",[],False,0,False,True,True,True,RELATION_EVIDENCE_VERIFIED,,11.193342799997481,0.0,0.0016329999998561107,11.211391299999377,5501214720,5620170752,209362944,3182342144,,False,False,True,True,1.0,False,False,False,False,False,False,False,False
da4978c4cfcbd608f980,Q010,banglish,UAP kon act-er odhine operation start korechilo?,UAP Private University Act 1992-er odhine operation start korechilo.,UAP Private University Act 1992-er odhine operation start korechilo.,8,DATASET_REFERENCE,SUPPORTED,DIRECT_RELATION_SUPPORT,STRONG,,general,started_under,started_under,"[""Private University Act 1992""]",[],[],True,True,True,True,2,2,1,"[""bm25"", ""dense""]",1,False,False,False,True,NOT_REQUIRED,True,ANSWER_RETURNED,semi_structured_relation,UAP Private University Act 1992-er odhine operation start korechilo.,curricula_BSc-Curriculum-New.pdf,8,doc-4d373684ce4879ed066003f5-p000008-b0001-c0001,"1. Introduction University of Asia Pacific (UAP) was established in 1996 with a vision to enhance the opportunities for higher education in Bangladesh. The University, under the Private University Act 1992, started its operation in 1996 by offering four -year Bachelor Degree Programs in Computer Science & Technology and Business Administration only. Now UAP offers undergraduate programs in nine disciplines and post-graduate programs in eight disciplines. Its curriculum has been approved by the University Grants Commission of the Government of the People's Republic of Bangladesh. UAP is sponsored by University of Asia Pacific Foundation, a non -profitable, non-commercial organization based in Dhaka, Bangladesh. The Foundation has been established in 1995 by a group of eminent educationalists, Industrialists and administrators who share the same vision and social commitments to promote improve and innovative educational opportunities to the society. UAP is the pr oject of such noble goals. Mr. Qayum Reza Chowdhury is the current Chairperson of this foundation.",[],False,0,False,True,True,True,RELATION_EVIDENCE_VERIFIED,,0.8406460000041989,0.0,0.0005543000006582588,0.8475638999952935,5187076096,5620170752,221855744,3203444736,,False,False,True,True,1.0,False,False,False,False,False,False,True,True
da4978c4cfcbd608f980,Q011,english,How many undergraduate and postgraduate disciplines does UAP offer according to the introduction?,The introduction says UAP offers undergraduate programs in nine disciplines and post-graduate programs in eight disciplines.,The introduction says UAP offers undergraduate programs in nine disciplines and post-graduate programs in eight disciplines.,8,DATASET_REFERENCE,SUPPORTED,DIRECT_RELATION_SUPPORT,STRONG,,general,program_discipline_counts,program_discipline_counts,"[""nine"", ""eight""]",[],[],True,True,True,True,3,3,1,"[""bm25"", ""dense""]",1,False,False,False,False,NOT_REQUIRED,True,ANSWER_RETURNED,semi_structured_relation,UAP offers undergraduate programs in 9 disciplines and postgraduate programs in 8 disciplines.,curricula_BSc-Curriculum-New.pdf,8,doc-4d373684ce4879ed066003f5-p000008-b0001-c0001,"1. Introduction University of Asia Pacific (UAP) was established in 1996 with a vision to enhance the opportunities for higher education in Bangladesh. The University, under the Private University Act 1992, started its operation in 1996 by offering four -year Bachelor Degree Programs in Computer Science & Technology and Business Administration only. Now UAP offers undergraduate programs in nine disciplines and post-graduate programs in eight disciplines. Its curriculum has been approved by the University Grants Commission of the Government of the People's Republic of Bangladesh. UAP is sponsored by University of Asia Pacific Foundation, a non -profitable, non-commercial organization based in Dhaka, Bangladesh. The Foundation has been established in 1995 by a group of eminent educationalists, Industrialists and administrators who share the same vision and social commitments to promote improve and innovative educational opportunities to the society. UAP is the pr oject of such noble goals. Mr. Qayum Reza Chowdhury is the current Chairperson of this foundation.",[],False,0,False,True,True,True,RELATION_EVIDENCE_VERIFIED,,0.308997799998906,0.0,0.0021383000057539903,0.3190342999951099,5178486784,5620170752,168886272,3203293184,,False,False,True,True,1.0,False,False,False,False,False,False,True,True
da4978c4cfcbd608f980,Q011,bangla,ভূমিকায় UAP কয়টি আন্ডারগ্র্যাজুয়েট ও পোস্টগ্র্যাজুয়েট ডিসিপ্লিন অফার করে বলা হয়েছে?,ভূমিকায় বলা হয়েছে UAP নয়টি ডিসিপ্লিনে আন্ডারগ্র্যাজুয়েট এবং আটটি ডিসিপ্লিনে পোস্টগ্র্যাজুয়েট প্রোগ্রাম অফার করে।,ভূমিকায় বলা হয়েছে UAP নয়টি ডিসিপ্লিনে আন্ডারগ্র্যাজুয়েট এবং আটটি ডিসিপ্লিনে পোস্টগ্র্যাজুয়েট প্রোগ্রাম অফার করে।,8,DATASET_REFERENCE,SUPPORTED,DIRECT_RELATION_SUPPORT,STRONG,,general,program_discipline_counts,program_discipline_counts,"[""nine"", ""eight""]",[],[],True,True,True,True,2,2,1,"[""bm25"", ""cross_lingual"", ""dense""]",1,True,False,False,True,NOT_REQUIRED,True,ANSWER_RETURNED,semi_structured_relation,UAP 9টি আন্ডারগ্র্যাজুয়েট এবং 8টি পোস্টগ্র্যাজুয়েট ডিসিপ্লিনে প্রোগ্রাম অফার করে।,curricula_BSc-Curriculum-New.pdf,8,doc-4d373684ce4879ed066003f5-p000008-b0001-c0001,"1. Introduction University of Asia Pacific (UAP) was established in 1996 with a vision to enhance the opportunities for higher education in Bangladesh. The University, under the Private University Act 1992, started its operation in 1996 by offering four -year Bachelor Degree Programs in Computer Science & Technology and Business Administration only. Now UAP offers undergraduate programs in nine disciplines and post-graduate programs in eight disciplines. Its curriculum has been approved by the University Grants Commission of the Government of the People's Republic of Bangladesh. UAP is sponsored by University of Asia Pacific Foundation, a non -profitable, non-commercial organization based in Dhaka, Bangladesh. The Foundation has been established in 1995 by a group of eminent educationalists, Industrialists and administrators who share the same vision and social commitments to promote improve and innovative educational opportunities to the society. UAP is the pr oject of such noble goals. Mr. Qayum Reza Chowdhury is the current Chairperson of this foundation.",[],False,0,False,True,True,True,RELATION_EVIDENCE_VERIFIED,,0.6145763000022271,0.0,0.0004931000003125519,0.6221373000007588,5146083328,5620170752,145920000,3202347008,,False,False,True,True,1.0,False,False,False,False,False,False,False,False
da4978c4cfcbd608f980,Q011,banglish,Introduction-e UAP koyta undergraduate ar postgraduate discipline offer kore bola hoyeche?,Introduction-e bola hoyeche UAP nine discipline-e undergraduate ar eight discipline-e post-graduate program offer kore.,Introduction-e bola hoyeche UAP nine discipline-e undergraduate ar eight discipline-e post-graduate program offer kore.,8,DATASET_REFERENCE,SUPPORTED,DIRECT_RELATION_SUPPORT,STRONG,,general,program_discipline_counts,program_discipline_counts,"[""nine"", ""eight""]",[],[],True,True,True,True,3,3,1,"[""bm25"", ""dense""]",1,False,False,False,False,NOT_REQUIRED,True,ANSWER_RETURNED,semi_structured_relation,UAP 9ta undergraduate ar 8ta postgraduate discipline-e program offer kore.,curricula_BSc-Curriculum-New.pdf,14,doc-4d373684ce4879ed066003f5-p000014-b0001-c0001,"1.8 Academic and Technical Collaborations 1. Foreign Academic and Technical collaborations With increasing internationalization of educati on, particularly at the university level, there is a strong compulsion to promote interaction, especially with institution of higher education in the industrial countries. Such interaction provides access to ever -changing scenarios of modern education deli very system and the most up -to-date innovative developments in teaching -learning methodology. Recognizing this imperative, UAP has already initiated a number of collaborative programs with universities in the USA, Australia and Canada. An agreement betwee n the University of Baltimore, USA and University of Asia Pacific has already been signed to collaborate in a joint undergraduate studies program in Business Administration. The objective of this program is to offer a collaboration baccalaureate degree to students of UAP through a course of studies pursued at UAP and in the USA at the University of Baltimore. An exchange program and academic cooperation agreement has been signed with Virginia Polytechnic Institute (VPI) and State University (SU), USA, whic h provides for exchange of students and visits of faculty members between UAP and VPI, SU; transfer of credits for courses taken by UAP students: undertaking joint research programs and joint supervision. Under the agreement, UAP students may pursue their studies as exchange students or seek transfer to VPI and SU after studying two years at UAP. Similar agreements for academic collaboration had been undertaken with South Dakota School of Mines and Technology (SDSMT) in the USA and University of Western Sydney and University of Canberra in Australia. An exchange program and studying two years at UAP. Similar agreements for academic collaboration had been undertaken with South Dakota School of Mines and Technology (SDSMT) in the USA and University of Western Sydney and University of Canberra in Australia. An exchange program and academic cooperation agreement has already been signed with Griffith College Dublin, Ireland. Recently, another MOU has been signed with Purdue University Calumet, USA, to provide for an exchange of faculties and students and other collaborations. Discussions are continuing with few other universities in Australia, Canada. UK and USA. It is expected that the arrangement for credit transfer, technical collaboration etc., with some of them will be finalized in near future.",[],False,0,False,True,True,True,RELATION_EVIDENCE_VERIFIED,,0.2869954999987385,0.0,0.0004735999973490834,0.2961922999966191,4978667520,5620170752,214933504,3201867776,,False,False,False,True,0.5,False,False,False,False,False,False,True,True
da4978c4cfcbd608f980,Q012,english,Who is named as the Vice-Chancellor in the prospectus?,Prof. Dr. Jamilur Reza Choudhury is named as the Vice-Chancellor.,Prof. Dr. Jamilur Reza Choudhury is named as the Vice-Chancellor.,8,DATASET_REFERENCE,INSUFFICIENT_EVIDENCE,FIELD_NOT_SUPPORTED,NONE,,publication,,,[],[],[],False,False,,,0,0,0,[],,False,False,False,,NOT_ATTEMPTED,False,INSUFFICIENT_EVIDENCE,unsupported,I couldn't find enough information in the university documents to answer reliably.,,,,,[],False,0,False,True,True,,GENERATION_NOT_USED,,0.2602208999960567,0.0,9.529999806545675e-05,0.26314759999513626,4972134400,5620170752,211234816,3201511424,,False,False,True,True,1.0,False,False,False,True,False,False,False,False
da4978c4cfcbd608f980,Q012,bangla,প্রসপেক্টাসে Vice-Chancellor হিসেবে কার নাম দেওয়া আছে?,Prof. Dr. Jamilur Reza Choudhury-কে Vice-Chancellor হিসেবে উল্লেখ করা হয়েছে।,Prof. Dr. Jamilur Reza Choudhury-কে Vice-Chancellor হিসেবে উল্লেখ করা হয়েছে।,8,DATASET_REFERENCE,INSUFFICIENT_EVIDENCE,FIELD_NOT_SUPPORTED,NONE,,course_title,,,[],[],[],False,False,,,0,0,0,[],,True,False,False,,NOT_ATTEMPTED,False,INSUFFICIENT_EVIDENCE,unsupported,বিশ্ববিদ্যালয়ের নথিতে নির্ভরযোগ্যভাবে উত্তর দেওয়ার মতো পর্যাপ্ত তথ্য পাওয়া যায়নি।,,,,,[],False,0,False,True,True,,GENERATION_NOT_USED,,9.808378200003062,0.0,0.0005263999992166646,9.827460300002713,4827889664,5620170752,68177920,2912448512,,False,False,True,True,1.0,False,False,False,True,False,False,False,False
da4978c4cfcbd608f980,Q012,banglish,Prospectus-e Vice-Chancellor hisebe kar naam deya ache?,Prof. Dr. Jamilur Reza Choudhury-ke Vice-Chancellor hisebe mention kora hoyeche.,Prof. Dr. Jamilur Reza Choudhury-ke Vice-Chancellor hisebe mention kora hoyeche.,8,DATASET_REFERENCE,SUPPORTED,MULTIPLE_AGREEING_PASSAGES,STRONG,,general,,,[],[],[],True,True,,,2,2,1,"[""bm25"", ""dense""]",1,False,False,False,True,ACCEPTED,True,ANSWER_RETURNED,gguf_generation,University-er Vice-Chancellor hisebe Prof. Dr. Jamilur Reza Choudhury-er naam deya ache.,curricula_BSc-Curriculum-New.pdf,8,doc-4d373684ce4879ed066003f5-p000008-b0003-c0001,"1.2 University Administration Vice-Chancellor Prof. Dr. Jamilur Reza Choudhury B.Sc.(Engg.), Civil (BUET), M.Sc.(Engg.) ( Advanced Structural Engineering), Ph.D. (University of Southampton), Doctor of Engineering (Honoris Causa) Man chester University, UK. Fellow, Bangladesh Computer Society, Fellow, Bangladesh Academy of Sciences. Fellow, Institution of Engineers (Ba ngladesh) Email: vc@uap -bd.edu Pro Vice- Chancellor",[],True,1,False,True,True,True,FACTUAL_TOKENS_SUPPORTED,,2.4198722000001,30.060740399996575,0.0010613999984343536,32.51105889999599,4491677696,5620170752,298168320,2507968512,,False,False,True,True,1.0,False,False,False,False,False,False,True,True
da4978c4cfcbd608f980,Q013,english,Where is the UAP Administration located?,"UAP Administration is located at 74/A, Green Road, Farmgate, Dhaka-1215, Bangladesh.","UAP Administration is located at 74/A, Green Road, Farmgate, Dhaka-1215, Bangladesh.",11,DATASET_REFERENCE,SUPPORTED,MULTIPLE_AGREEING_PASSAGES,STRONG,,general,,,[],[],[],True,True,,,3,3,1,"[""bm25"", ""dense""]",1,False,False,False,True,ACCEPTED,True,ANSWER_RETURNED,gguf_generation,"The UAP Administration is located at 74/A, Green Road, Farmgate, Dhaka - 1215, Bangladesh.",curricula_BSc-Curriculum-New.pdf,11,doc-4d373684ce4879ed066003f5-p000011-b0003-c0001,"1.6 The Campus UAP Administration 74/A, Green Road, Farmgate, Dhaka - 1215, Bangladesh PABX:+8802-58157091-4, +8802-58157096 Ext: 107, 114 FAX:+8802-58157097 Email: registrar@uap-bd.edu",[],True,1,False,True,True,True,FACTUAL_TOKENS_SUPPORTED,,3.2901942000025883,49.70069019999937,0.0014969999974709935,53.02781899999536,4492054528,5620170752,238989312,2680672256,,False,False,True,True,1.0,False,False,False,False,False,False,True,True
da4978c4cfcbd608f980,Q013,bangla,UAP Administration কোথায় অবস্থিত?,"UAP Administration 74/A, Green Road, Farmgate, Dhaka-1215, Bangladesh-এ অবস্থিত।","UAP Administration 74/A, Green Road, Farmgate, Dhaka-1215, Bangladesh-এ অবস্থিত।",11,DATASET_REFERENCE,SUPPORTED,MULTIPLE_AGREEING_PASSAGES,STRONG,,general,,,[],[],[],True,True,,,3,3,1,"[""bm25"", ""dense""]",1,False,False,False,True,ACCEPTED,True,ANSWER_RETURNED,gguf_generation,"UAP Administration 74/A, Green Road, Farmgate, Dhaka - 1215, Bangladesh-এ অবস্থিত।",curricula_BSc-Curriculum-New.pdf,11,doc-4d373684ce4879ed066003f5-p000011-b0003-c0001,"1.6 The Campus UAP Administration 74/A, Green Road, Farmgate, Dhaka - 1215, Bangladesh PABX:+8802-58157091-4, +8802-58157096 Ext: 107, 114 FAX:+8802-58157097 Email: registrar@uap-bd.edu",[],True,1,False,True,True,True,FACTUAL_TOKENS_SUPPORTED,,2.2190268999984255,55.6867213000005,0.0011833000025944784,57.960084699996514,4485767168,5620170752,29106176,2652422144,,False,False,True,True,1.0,False,False,False,False,False,False,True,True
da4978c4cfcbd608f980,Q013,banglish,UAP Administration kothay located?,"UAP Administration 74/A, Green Road, Farmgate, Dhaka-1215, Bangladesh-e located.","UAP Administration 74/A, Green Road, Farmgate, Dhaka-1215, Bangladesh-e located.",11,DATASET_REFERENCE,SUPPORTED,MULTIPLE_AGREEING_PASSAGES,STRONG,,general,,,[],[],[],True,True,,,3,3,1,"[""bm25"", ""dense""]",1,False,False,False,True,ACCEPTED,True,ANSWER_RETURNED,gguf_generation,"UAP Administration 74/A, Green Road, Farmgate, Dhaka - 1215, Bangladesh-e located.",curricula_BSc-Curriculum-New.pdf,11,doc-4d373684ce4879ed066003f5-p000011-b0003-c0001,"1.6 The Campus UAP Administration 74/A, Green Road, Farmgate, Dhaka - 1215, Bangladesh PABX:+8802-58157091-4, +8802-58157096 Ext: 107, 114 FAX:+8802-58157097 Email: registrar@uap-bd.edu",[],True,1,False,True,True,True,FACTUAL_TOKENS_SUPPORTED,,7.550234400005138,54.75960760000453,0.0013381000026129186,62.340798100005486,4488388608,5620170752,244420608,2922033151,,False,False,True,True,1.0,False,False,False,False,False,False,True,True
da4978c4cfcbd608f980,Q014,english,What is the admission office email address?,The admission office email addresses are admission@uap-bd.edu and registrar@uap-bd.edu.,The admission office email addresses are admission@uap-bd.edu and registrar@uap-bd.edu.,11,DATASET_REFERENCE,SUPPORTED,DIRECT_STRUCTURED_SUPPORT,STRONG,,email,,,[],"[""admission@uap-bd.edu"", ""registrar@uap-bd.edu""]",[],True,True,,True,3,3,1,"[""bm25"", ""dense""]",1,False,False,False,False,NOT_REQUIRED,True,ANSWER_RETURNED,structured_exact,"The email address is admission@uap-bd.edu, registrar@uap-bd.edu.",curricula_BSc-Curriculum-New.pdf,11,doc-4d373684ce4879ed066003f5-p000011-b0004-c0001,"Admission Office 74/A , Green Road , Farmgate, Dhaka - 1215, Bangladesh Telephone: +8802-9126812 PABX: +8802-58157091-4, +8802-58157096 (Ext - 0, 120) FAX:+8802-58157097 Email: admission@uap-bd.edu,, registrar@uap-bd.edu Department of Architecture 74/A , Green Road, Farmgate,Dhaka - 1215, Bangladesh PABX:+8802-58157091-4, +8802-58157096 FAX:+8802-58157097 Email: headarch@uap-bd.edu Department of Business Administration R H Center , House # 74/B/1 ,Green Road , Dhaka, Bangladesh Telephone: 9128716 PABX: +8802-58157091-4, +8802-58157096 (Ext - 121) Email: headba@uap-bd.edu Department of Civil Engineering 74/A , Green Road, Farmgate, Dhaka - 1215, Bangladesh PABX: +8802-58157091-4 FAX:+8802-58157097 Email: headce@uap-bd.edu Department of Computer S cience and Engineering 74/A , Green Road, Farmgate, Dhaka - 1215, Bangladesh PABX:+8802-58157091-4, +8802-58157096 FAX:+8802-58157097 Email: headcse@uap-bd.edu",[],False,0,False,True,True,True,FACTUAL_TOKENS_SUPPORTED,,3.4520684000017354,0.0,0.0009497999999439344,3.4684582999980194,5185343488,5620170752,298545152,3203252224,,False,False,True,True,1.0,False,False,False,True,True,True,True,True
da4978c4cfcbd608f980,Q014,bangla,Admission Office-এর ইমেইল ঠিকানা কী?,Admission Office-এর ইমেইল ঠিকানা হলো admission@uap-bd.edu এবং registrar@uap-bd.edu।,Admission Office-এর ইমেইল ঠিকানা হলো admission@uap-bd.edu এবং registrar@uap-bd.edu।,11,DATASET_REFERENCE,SUPPORTED,DIRECT_STRUCTURED_SUPPORT,STRONG,,email,,,[],"[""admission@uap-bd.edu"", ""registrar@uap-bd.edu""]",[],True,True,,True,2,2,1,"[""bm25"", ""dense""]",1,False,False,False,False,NOT_REQUIRED,True,ANSWER_RETURNED,structured_exact,"প্রাসঙ্গিক email address হলো admission@uap-bd.edu, registrar@uap-bd.edu।",curricula_BSc-Curriculum-New.pdf,11,doc-4d373684ce4879ed066003f5-p000011-b0004-c0001,"Admission Office 74/A , Green Road , Farmgate, Dhaka - 1215, Bangladesh Telephone: +8802-9126812 PABX: +8802-58157091-4, +8802-58157096 (Ext - 0, 120) FAX:+8802-58157097 Email: admission@uap-bd.edu,, registrar@uap-bd.edu Department of Architecture 74/A , Green Road, Farmgate,Dhaka - 1215, Bangladesh PABX:+8802-58157091-4, +8802-58157096 FAX:+8802-58157097 Email: headarch@uap-bd.edu Department of Business Administration R H Center , House # 74/B/1 ,Green Road , Dhaka, Bangladesh Telephone: 9128716 PABX: +8802-58157091-4, +8802-58157096 (Ext - 121) Email: headba@uap-bd.edu Department of Civil Engineering 74/A , Green Road, Farmgate, Dhaka - 1215, Bangladesh PABX: +8802-58157091-4 FAX:+8802-58157097 Email: headce@uap-bd.edu Department of Computer S cience and Engineering 74/A , Green Road, Farmgate, Dhaka - 1215, Bangladesh PABX:+8802-58157091-4, +8802-58157096 FAX:+8802-58157097 Email: headcse@uap-bd.edu",[],False,0,False,True,True,True,FACTUAL_TOKENS_SUPPORTED,,0.48864469999534776,0.0,0.0003388999975868501,0.4956372000015108,4970110976,5620170752,217387008,3201200128,,False,False,True,True,1.0,False,False,False,True,True,True,True,True
da4978c4cfcbd608f980,Q014,banglish,Admission Office-er email address ki?,Admission Office-er email address holo admission@uap-bd.edu ebong registrar@uap-bd.edu.,Admission Office-er email address holo admission@uap-bd.edu ebong registrar@uap-bd.edu.,11,DATASET_REFERENCE,SUPPORTED,DIRECT_STRUCTURED_SUPPORT,STRONG,,email,,,[],"[""admission@uap-bd.edu"", ""registrar@uap-bd.edu""]",[],True,True,,True,3,3,1,"[""bm25"", ""dense""]",1,False,False,False,False,NOT_REQUIRED,True,ANSWER_RETURNED,structured_exact,"Relevant email address holo admission@uap-bd.edu, registrar@uap-bd.edu.",curricula_BSc-Curriculum-New.pdf,11,doc-4d373684ce4879ed066003f5-p000011-b0004-c0001,"Admission Office 74/A , Green Road , Farmgate, Dhaka - 1215, Bangladesh Telephone: +8802-9126812 PABX: +8802-58157091-4, +8802-58157096 (Ext - 0, 120) FAX:+8802-58157097 Email: admission@uap-bd.edu,, registrar@uap-bd.edu Department of Architecture 74/A , Green Road, Farmgate,Dhaka - 1215, Bangladesh PABX:+8802-58157091-4, +8802-58157096 FAX:+8802-58157097 Email: headarch@uap-bd.edu Department of Business Administration R H Center , House # 74/B/1 ,Green Road , Dhaka, Bangladesh Telephone: 9128716 PABX: +8802-58157091-4, +8802-58157096 (Ext - 121) Email: headba@uap-bd.edu Department of Civil Engineering 74/A , Green Road, Farmgate, Dhaka - 1215, Bangladesh PABX: +8802-58157091-4 FAX:+8802-58157097 Email: headce@uap-bd.edu Department of Computer S cience and Engineering 74/A , Green Road, Farmgate, Dhaka - 1215, Bangladesh PABX:+8802-58157091-4, +8802-58157096 FAX:+8802-58157097 Email: headcse@uap-bd.edu",[],False,0,False,True,True,True,FACTUAL_TOKENS_SUPPORTED,,0.23389429999951972,0.0,0.0004212000058032572,0.24040210000384832,4953088000,5620170752,168239104,3201073152,,False,False,True,True,1.0,False,False,False,True,True,True,True,True
da4978c4cfcbd608f980,Q015,english,How many regular semesters are there in an academic year?,There are two regular semesters in an academic year: Fall and Spring.,There are two regular semesters in an academic year: Fall and Spring.,17,DATASET_REFERENCE,SUPPORTED,DIRECT_RELATION_SUPPORT,STRONG,,semester,regular_semester_count,regular_semester_count,"[""two"", ""Fall"", ""Spring""]",[],[],True,True,True,True,3,3,1,"[""bm25"", ""dense""]",1,False,False,False,False,NOT_REQUIRED,True,ANSWER_RETURNED,semi_structured_relation,An academic year has 2 regular semesters: Fall and Spring.,curricula_BSc-Curriculum-New.pdf,10,doc-4d373684ce4879ed066003f5-p000010-b0001-c0001,"1.4 Academic Programs Undergraduate Studies Currently UAP is offering undergraduate programs in the following seven disciplines Architecture Business Administration Civil Engineering Computer Science and Engineering Electrical and Electronic Engineering Law and Human Rights Pharmacy English Basic Science and Humanities Other than Architecture, all the courses are four -year programs. Architecture is a five-year course. Academic programs are conducted on semester basis. There are two semesters of 18 weeks each - Fall and Spring in each year. At present the University has roughly 5,500 students, with sufficient number of faculty members on full time basis. Besides, a good number of renowned educationists of different disciplines are involved in teaching on part time basis. The faculty is a blend of senior teachers with wide experience both at home and abroad and Young teachers with fresh and innovative ideas. Postg raduate Studies The Department of Business Administration is presently offering an Executive MBA program in conjunction with US / Australian Universities. It is full time program of 60 credit hours spread over two years. The Department of Pharmacy is now offering Master‘s Program in Pharmaceutical Technology (MS in Pharm. Tech.). It is a full time program of 24 credits having one - year duration. The Department of Computer Science and Engineering is offering Masters in Computer Science, Masters in Computer Science and Engineering.",[],False,0,False,True,True,True,RELATION_EVIDENCE_VERIFIED,,2.7200259000019287,0.0,0.002136800001608208,2.7282468999983394,3042152448,5620170752,311529472,3131662336,,False,False,True,True,1.0,False,False,False,True,True,True,True,True
da4978c4cfcbd608f980,Q015,bangla,একটি শিক্ষাবর্ষে কয়টি নিয়মিত সেমিস্টার থাকে?,একটি শিক্ষাবর্ষে দুটি নিয়মিত সেমিস্টার থাকে: Fall এবং Spring।,একটি শিক্ষাবর্ষে দুটি নিয়মিত সেমিস্টার থাকে: Fall এবং Spring।,17,DATASET_REFERENCE,SUPPORTED,DIRECT_RELATION_SUPPORT,STRONG,,semester,regular_semester_count,regular_semester_count,"[""two"", ""Fall"", ""Spring""]",[],[],True,True,True,True,3,3,1,"[""dense""]",1,False,False,False,False,NOT_REQUIRED,True,ANSWER_RETURNED,semi_structured_relation,এক শিক্ষাবর্ষে 2টি নিয়মিত সেমিস্টার আছে: Fall ও Spring।,curricula_BSc-Curriculum-New.pdf,17,doc-4d373684ce4879ed066003f5-p000017-b0002-c0001,"Semester System There will be two semesters- Fall and Spring Semester in an academic year. In addition to these two regular semesters, there may be a short semester (Summer) in the intervening period between the e nd of Spring Semester and commencement of Fall Semester. Regular Semester",[],False,0,False,True,True,True,RELATION_EVIDENCE_VERIFIED,,0.2730695000063861,0.0,0.0003265999985160306,0.27772579999873415,3043823616,5620170752,294887424,3131056128,,False,False,True,True,1.0,False,False,False,True,True,True,True,True
da4978c4cfcbd608f980,Q015,banglish,Ek academic year-e koyta regular semester thake?,Ek academic year-e duita regular semester thake: Fall ar Spring.,Ek academic year-e duita regular semester thake: Fall ar Spring.,17,DATASET_REFERENCE,SUPPORTED,DIRECT_RELATION_SUPPORT,STRONG,,semester,regular_semester_count,regular_semester_count,"[""two"", ""Fall"", ""Spring""]",[],[],True,True,True,True,3,3,1,"[""bm25"", ""dense""]",1,False,False,False,False,NOT_REQUIRED,True,ANSWER_RETURNED,semi_structured_relation,Ek academic year-e 2ta regular semester ache: Fall ar Spring.,curricula_BSc-Curriculum-New.pdf,17,doc-4d373684ce4879ed066003f5-p000017-b0002-c0001,"Semester System There will be two semesters- Fall and Spring Semester in an academic year. In addition to these two regular semesters, there may be a short semester (Summer) in the intervening period between the e nd of Spring Semester and commencement of Fall Semester. Regular Semester",[],False,0,False,True,True,True,RELATION_EVIDENCE_VERIFIED,,0.2328332000033697,0.0,0.0004298999992897734,0.23824880000029225,3026284544,5620170752,298536960,3129856000,,False,False,True,True,1.0,False,False,False,True,True,True,True,True
da4978c4cfcbd608f980,Q016,english,How long is a regular semester?,A regular semester totals 18 weeks.,A regular semester totals 18 weeks.,17,DATASET_REFERENCE,GENERATION_REJECTED,GENERATION_GROUNDING_FAILURE,STRONG,,semester,regular_semester_duration,,[],[],[],True,True,,False,3,3,1,"[""bm25"", ""dense""]",1,False,False,False,False,REJECTED:GENERATION_GROUNDING_FAILURE,False,GENERATION_REJECTED,generation_rejected,"Relevant information was found, but I couldn't produce a reliable answer.",curricula_BSc-Curriculum-New.pdf,17,doc-4d373684ce4879ed066003f5-p000017-b0002-c0001,"Semester System There will be two semesters- Fall and Spring Semester in an academic year. In addition to these two regular semesters, there may be a short semester (Summer) in the intervening period between the e nd of Spring Semester and commencement of Fall Semester. Regular Semester",[],False,0,False,True,False,True,GENERATION_REJECTED,NO_SAFE_ANSWER_FROM_SUPPORTED_EVIDENCE,0.21700399999826914,0.0,0.00046859999565640464,0.22264279999944847,3026210816,5620170752,290271232,3129987072,,False,False,True,True,1.0,False,False,False,True,True,True,True,True
da4978c4cfcbd608f980,Q016,bangla,একটি নিয়মিত সেমিস্টারের মোট মেয়াদ কত?,একটি নিয়মিত সেমিস্টারের মোট মেয়াদ 18 সপ্তাহ।,একটি নিয়মিত সেমিস্টারের মোট মেয়াদ 18 সপ্তাহ।,17,DATASET_REFERENCE,RETRIEVAL_UNCERTAIN,RELATION_NOT_SUPPORTED,WEAK,,semester,regular_semester_duration,,[],[],[],True,True,False,,3,3,1,"[""dense""]",1,False,False,False,False,NOT_ATTEMPTED,False,RETRIEVAL_UNCERTAIN,supported,"সম্পর্কিত তথ্য পাওয়া গেছে, কিন্তু তা এই নির্দিষ্ট প্রশ্নের উত্তর কি না নিশ্চিত করা যায়নি।",curricula_BSc-Curriculum-New.pdf,17,doc-4d373684ce4879ed066003f5-p000017-b0002-c0001,"Semester System There will be two semesters- Fall and Spring Semester in an academic year. In addition to these two regular semesters, there may be a short semester (Summer) in the intervening period between the e nd of Spring Semester and commencement of Fall Semester. Regular Semester",[],False,0,False,True,True,,GENERATION_NOT_USED,,0.28511290000460576,0.0,0.0004889999981969595,0.29418200000509387,3026599936,5620170752,239558656,3128053760,,False,False,True,True,1.0,False,False,False,True,True,True,True,True
da4978c4cfcbd608f980,Q016,banglish,Ekta regular semester-er total duration koto?,Ekta regular semester total 18 weeks.,Ekta regular semester total 18 weeks.,17,DATASET_REFERENCE,GENERATION_REJECTED,GENERATION_SEMANTIC_FAILURE,STRONG,,semester,regular_semester_duration,,[],[],[],True,True,,False,3,3,1,"[""bm25"", ""dense""]",1,False,False,False,False,REJECTED:GENERATION_SEMANTIC_FAILURE,False,GENERATION_REJECTED,generation_rejected,"Relevant tothyo paoa geche, kintu reliable uttor toiri kora jayni.",curricula_BSc-Curriculum-New.pdf,17,doc-4d373684ce4879ed066003f5-p000017-b0002-c0001,"Semester System There will be two semesters- Fall and Spring Semester in an academic year. In addition to these two regular semesters, there may be a short semester (Summer) in the intervening period between the e nd of Spring Semester and commencement of Fall Semester. Regular Semester",[],False,0,False,True,False,True,GENERATION_REJECTED,SEMANTIC_CONTRACT_UNCERTAIN,0.3969656999979634,0.0,0.0003671000013127923,0.4011635999995633,3007275008,5620170752,170897408,3111477248,,False,False,True,True,1.0,False,False,False,True,True,True,True,True
da4978c4cfcbd608f980,Q017,english,How many weeks of classes are in a regular semester?,A regular semester has 15 weeks of classes.,A regular semester has 15 weeks of classes.,17,DATASET_REFERENCE,GENERATION_REJECTED,GENERATION_GROUNDING_FAILURE,STRONG,,semester,class_duration_weeks,,[],[],[],True,True,,False,3,3,1,"[""bm25"", ""dense""]",1,False,False,False,False,REJECTED:GENERATION_GROUNDING_FAILURE,False,GENERATION_REJECTED,generation_rejected,"Relevant information was found, but I couldn't produce a reliable answer.",curricula_BSc-Curriculum-New.pdf,17,doc-4d373684ce4879ed066003f5-p000017-b0003-c0001,Classes 15 Weeks Recess before examination 1 Week Semester final examination 2 Weeks,[],False,0,False,True,False,True,GENERATION_REJECTED,NO_SAFE_ANSWER_FROM_SUPPORTED_EVIDENCE,0.3089789000005112,0.0,0.0007557999997516163,0.3160483000028762,2812510208,5620170752,367271936,3095621632,,False,False,True,True,1.0,False,False,False,True,True,True,True,True
da4978c4cfcbd608f980,Q017,bangla,নিয়মিত সেমিস্টারে ক্লাস কত সপ্তাহ হয়?,নিয়মিত সেমিস্টারে 15 সপ্তাহ ক্লাস হয়।,নিয়মিত সেমিস্টারে 15 সপ্তাহ ক্লাস হয়।,17,DATASET_REFERENCE,GENERATION_REJECTED,GENERATION_GROUNDING_FAILURE,STRONG,,semester,class_duration_weeks,,[],[],[],True,True,,False,3,3,1,"[""dense""]",1,False,False,False,False,REJECTED:GENERATION_GROUNDING_FAILURE,False,GENERATION_REJECTED,generation_rejected,"প্রাসঙ্গিক তথ্য পাওয়া গেছে, কিন্তু নির্ভরযোগ্য উত্তর তৈরি করা যায়নি।",curricula_BSc-Curriculum-New.pdf,17,doc-4d373684ce4879ed066003f5-p000017-b0003-c0001,Classes 15 Weeks Recess before examination 1 Week Semester final examination 2 Weeks,[],False,0,False,True,False,True,GENERATION_REJECTED,NO_SAFE_ANSWER_FROM_SUPPORTED_EVIDENCE,0.2822011000025668,0.0,0.0005717999956686981,0.28850860000238754,2812858368,5620170752,333377536,3087343616,,False,False,True,True,1.0,False,False,False,True,True,True,True,True
da4978c4cfcbd608f980,Q017,banglish,Regular semester-e class koy shoptaho hoy?,Regular semester-e 15 weeks class hoy.,Regular semester-e 15 weeks class hoy.,17,DATASET_REFERENCE,GENERATION_REJECTED,GENERATION_GROUNDING_FAILURE,STRONG,,semester,,,[],[],[],True,True,,False,3,3,1,"[""bm25"", ""dense""]",1,False,False,False,False,REJECTED:GENERATION_GROUNDING_FAILURE,False,GENERATION_REJECTED,generation_rejected,"Relevant tothyo paoa geche, kintu reliable uttor toiri kora jayni.",curricula_BSc-Curriculum-New.pdf,17,doc-4d373684ce4879ed066003f5-p000017-b0002-c0001,"Semester System There will be two semesters- Fall and Spring Semester in an academic year. In addition to these two regular semesters, there may be a short semester (Summer) in the intervening period between the e nd of Spring Semester and commencement of Fall Semester. Regular Semester",[],False,0,False,True,False,True,GENERATION_REJECTED,NO_SAFE_ANSWER_FROM_SUPPORTED_EVIDENCE,0.27748720000090543,0.0,0.0004276999970898032,0.2842696000006981,2813255680,5620170752,317517824,3086118912,,False,False,True,True,1.0,False,False,False,True,True,True,True,True
da4978c4cfcbd608f980,Q018,english,How is one credit assigned for theoretical courses?,"For theoretical courses, one lecture per week per semester is equivalent to one credit.","For theoretical courses, one lecture per week per semester is equivalent to one credit.",17,DATASET_REFERENCE,SUPPORTED,DIRECT_STRUCTURED_SUPPORT,STRONG,,credits,,,[],[],[],True,True,,,2,2,1,"[""bm25"", ""dense""]",1,False,False,False,True,ACCEPTED,True,ANSWER_RETURNED,gguf_generation,One lecture per week per semester is equivalent to one credit for theoretical courses.,curricula_BSc-Curriculum-New.pdf,17,doc-4d373684ce4879ed066003f5-p000017-b0004-c0001,"Total 18 Weeks Course Pattern and Credit Structure The entire undergraduate program is c overed through a set of theoretical and laboratory courses, fieldwork, design and project/thesis work. Assignment of Credits: Theoretical Courses: One lecture per week per semester will be equivalent to one credit. Thus, a three (3) credit hour course wi ll have three (3) lectures per week throughout the semester. Laboratory/Field/Design/Project/Thesis Work: Credits for laboratory/field work or design work usually will be half of the class hours per week per semester. Credits are also assigned to project a nd thesis work taken by the students. The amount of credits assigned to each of these may vary from discipline to discipline. Type of Courses: Core Courses: In each discipline, a number of compulsory courses will be identified as core courses, which form the nucleus of the bachelor degree program. Optional Courses : Apart form the core courses, students will have to complete a number of courses, which are optional in nature. Hence students may have some choices in selecting courses from a specific group o r a number of courses.",[],True,1,False,True,True,True,FACTUAL_TOKENS_SUPPORTED,,0.32924419999471866,38.49916639999719,0.0005633999971905723,38.87589450000087,4486557696,5620170752,85553152,2852683776,,False,False,True,True,1.0,False,False,False,True,True,True,True,True
da4978c4cfcbd608f980,Q018,bangla,থিওরেটিক্যাল কোর্সে এক ক্রেডিট কীভাবে নির্ধারিত হয়?,থিওরেটিক্যাল কোর্সে প্রতি সেমিস্টারে প্রতি সপ্তাহে এক লেকচার এক ক্রেডিটের সমান।,থিওরেটিক্যাল কোর্সে প্রতি সেমিস্টারে প্রতি সপ্তাহে এক লেকচার এক ক্রেডিটের সমান।,17,DATASET_REFERENCE,CONFLICTING_EVIDENCE,CONFLICTING_VALUES,WEAK,,credits,,,[],[],[],True,True,,,3,3,1,"[""dense""]",1,False,True,False,,NOT_ATTEMPTED,False,CONFLICTING_EVIDENCE,conflicting,বিশ্ববিদ্যালয়ের নথিতে এই বিষয়ে পরস্পরবিরোধী তথ্য রয়েছে।,curricula_BSc-Curriculum-New.pdf,17,doc-4d373684ce4879ed066003f5-p000017-b0004-c0001,"Total 18 Weeks Course Pattern and Credit Structure The entire undergraduate program is c overed through a set of theoretical and laboratory courses, fieldwork, design and project/thesis work. Assignment of Credits: Theoretical Courses: One lecture per week per semester will be equivalent to one credit. Thus, a three (3) credit hour course wi ll have three (3) lectures per week throughout the semester. Laboratory/Fiel…","[{""source"": ""curricula_BSc-Curriculum-New.pdf"", ""page"": 17, ""excerpt"": ""Total 18 Weeks Course Pattern and Credit Structure The entire undergraduate program is c overed through a set of theoretical and laboratory courses, fieldwork, design and project/thesis work. Assignment of Credits: Theoretical Courses: One lecture per week per semester will be equivalent to one credit. Thus, a three (3) credit hour course wi ll have three (3) lectures per week throughout the semester. Laboratory/Fiel…""}, {""source"": ""curricula_BSc-Curriculum-New.pdf"", ""page"": 81, ""excerpt"": ""Credits: 1.50 Prerequisite: None Laboratory work based on theory course.""}, {""source"": ""curricula_BSc-Curriculum-New.pdf"", ""page"": 63, ""excerpt"": ""Course Code: MTH 101 Course Title: Math I Credits: 3.00 Prerequisite: N/A Three dimensional geometry: Co-ordinates in three dimensions, direction cosines and direction ratios, planes, sphere, straight line and conicoids (basic definition and properties only). Concept of functions : Function, domain and range of a function, graphs of simple functions (exponential, logarithmic and trigonometric), inverse function, func…""}]",False,0,False,True,True,,GENERATION_NOT_USED,,10.28433529999893,0.0,0.0017627999986871146,10.291558500000974,4316971008,5620170752,48349184,3393744896,,False,False,True,True,1.0,False,False,False,True,True,True,True,False
da4978c4cfcbd608f980,Q018,banglish,Theoretical course-e one credit kivabe assigned hoy?,Theoretical course-e per week per semester one lecture one credit-er equivalent.,Theoretical course-e per week per semester one lecture one credit-er equivalent.,17,DATASET_REFERENCE,CONFLICTING_EVIDENCE,CONFLICTING_VALUES,WEAK,,credits,,,[],[],[],True,True,,,3,3,1,"[""bm25"", ""dense""]",1,False,True,False,,NOT_ATTEMPTED,False,CONFLICTING_EVIDENCE,conflicting,University document-gulote ei bishoye conflicting tothyo ache.,curricula_BSc-Curriculum-New.pdf,17,doc-4d373684ce4879ed066003f5-p000017-b0004-c0001,"Total 18 Weeks Course Pattern and Credit Structure The entire undergraduate program is c overed through a set of theoretical and laboratory courses, fieldwork, design and project/thesis work. Assignment of Credits: Theoretical Courses: One lecture per week per semester will be equivalent to one credit. Thus, a three (3) credit hour course wi ll have three (3) lectures per week throughout the semester. Laboratory/Fiel…","[{""source"": ""curricula_BSc-Curriculum-New.pdf"", ""page"": 17, ""excerpt"": ""Total 18 Weeks Course Pattern and Credit Structure The entire undergraduate program is c overed through a set of theoretical and laboratory courses, fieldwork, design and project/thesis work. Assignment of Credits: Theoretical Courses: One lecture per week per semester will be equivalent to one credit. Thus, a three (3) credit hour course wi ll have three (3) lectures per week throughout the semester. Laboratory/Fiel…""}, {""source"": ""curricula_BSc-Curriculum-New.pdf"", ""page"": 63, ""excerpt"": ""Course Code: PHY 102 Course Title: Physics Lab Credits: 1.5 Prerequisite: None Lab work based on theory, assigned by the course teacher.""}, {""source"": ""curricula_BSc-Curriculum-New.pdf"", ""page"": 81, ""excerpt"": ""Course Code: CSE 316 Course Title: Peripheral &Interfacing Lab Credits: 1.50 Prerequisite: CSE 210, CSE 312 Assigned by Course teacher based on theory, CSE 315.""}]",False,0,False,True,True,,GENERATION_NOT_USED,,0.4074745999969309,0.0,0.00021859999833395705,0.4108202000061283,4054032384,5620170752,26062848,3372146688,,False,False,True,True,1.0,False,False,False,True,True,True,True,False
da4978c4cfcbd608f980,Q019,english,What is Category 1 in the registration process?,Category 1 is for students who passed all prescribed semester courses and have no backlog.,Category 1 is for students who passed all prescribed semester courses and have no backlog.,18,DATASET_REFERENCE,SUPPORTED,DIRECT_RELATION_SUPPORT,STRONG,,general,category_definition,category_definition,"[""Students, who have passed all the courses prescribed for the semester and have no backlog of courses"", ""A student of Category -1 is eligible for registration in all courses prescribed for the next or following semesters""]",[],[],True,True,True,True,3,3,1,"[""bm25"", ""dense""]",1,False,False,False,True,NOT_REQUIRED,True,ANSWER_RETURNED,semi_structured_relation,"Category 1: Students, who have passed all the courses prescribed for the semester and have no backlog of courses. A student of Category -1 is eligible for registration in all courses prescribed for the next or following semesters.",curricula_BSc-Curriculum-New.pdf,18,doc-4d373684ce4879ed066003f5-p000018-b0002-c0001,"Category 1: Students, who have passed all the courses prescribed for the semester and have no backlog of courses. A student of Category -1 is eligible for registration in all courses prescribed for the next or following semesters.",[],False,0,False,True,True,True,RELATION_EVIDENCE_VERIFIED,,0.26237189999665134,0.0,0.005108299999847077,0.27707029999874067,4028678144,5620170752,44933120,3328331776,,False,False,True,True,1.0,False,False,False,False,False,False,True,True
da4978c4cfcbd608f980,Q019,bangla,রেজিস্ট্রেশন প্রক্রিয়ায় Category 1 কী?,Category 1 হলো যারা সেমিস্টারের সব নির্ধারিত কোর্সে পাস করেছে এবং কোনো backlog নেই।,Category 1 হলো যারা সেমিস্টারের সব নির্ধারিত কোর্সে পাস করেছে এবং কোনো backlog নেই।,18,DATASET_REFERENCE,SUPPORTED,DIRECT_RELATION_SUPPORT,STRONG,,general,category_definition,category_definition,"[""Students, who have passed all the courses prescribed for the semester and have no backlog of courses"", ""A student of Category -1 is eligible for registration in all courses prescribed for the next or following semesters""]",[],[],True,True,True,True,2,2,1,"[""bm25"", ""cross_lingual"", ""dense""]",1,True,False,False,True,NOT_REQUIRED,True,ANSWER_RETURNED,semi_structured_relation,Category 1-এ ওই সেমিস্টারের নির্ধারিত সব কোর্স পাস করা এবং কোনো কোর্স বাকি না থাকা শিক্ষার্থীরা পড়ে। তারা পরবর্তী সেমিস্টারের নির্ধারিত সব কোর্সে নিবন্ধন করতে পারে।,curricula_BSc-Curriculum-New.pdf,18,doc-4d373684ce4879ed066003f5-p000018-b0002-c0001,"Category 1: Students, who have passed all the courses prescribed for the semester and have no backlog of courses. A student of Category -1 is eligible for registration in all courses prescribed for the next or following semesters.",[],False,0,False,True,True,True,RELATION_EVIDENCE_VERIFIED,,0.4652312000034726,0.0,0.0005041999975219369,0.4716323000029661,3856965632,5620170752,68775936,3287633920,,False,False,True,True,1.0,False,False,False,False,False,False,False,False
da4978c4cfcbd608f980,Q019,banglish,Registration process-e Category 1 ki?,Category 1 holo students jara semester-er shob prescribed course pass koreche ebong kono backlog nei.,Category 1 holo students jara semester-er shob prescribed course pass koreche ebong kono backlog nei.,18,DATASET_REFERENCE,SUPPORTED,DIRECT_RELATION_SUPPORT,STRONG,,general,category_definition,category_definition,"[""Students, who have passed all the courses prescribed for the semester and have no backlog of courses"", ""A student of Category -1 is eligible for registration in all courses prescribed for the next or following semesters""]",[],[],True,True,True,True,2,2,1,"[""bm25"", ""dense""]",1,False,False,False,True,NOT_REQUIRED,True,ANSWER_RETURNED,semi_structured_relation,"Category 1-te oi semester-er shob prescribed course pass kora, kono backlog na thaka students-ra pore. Tara next semester-er shob prescribed course-e registration korte pare.",curricula_BSc-Curriculum-New.pdf,18,doc-4d373684ce4879ed066003f5-p000018-b0002-c0001,"Category 1: Students, who have passed all the courses prescribed for the semester and have no backlog of courses. A student of Category -1 is eligible for registration in all courses prescribed for the next or following semesters.",[],False,0,False,True,True,True,RELATION_EVIDENCE_VERIFIED,,0.2597033999991254,0.0,0.0003056999994441867,0.2654451999987941,3839721472,5620170752,82608128,3280027648,,False,False,True,True,1.0,False,False,False,False,False,False,True,True
da4978c4cfcbd608f980,Q020,english,What is the mark distribution for a theoretical course?,"The distribution is Assessment 30%, Mid Semester 20%, and Final Exam 50%.","The distribution is Assessment 30%, Mid Semester 20%, and Final Exam 50%.",18,DATASET_REFERENCE,SUPPORTED,DIRECT_RELATION_SUPPORT,STRONG,,assessment,mark_distribution,mark_distribution,"[""30%"", ""20%"", ""50%""]",[],[],True,True,True,True,2,2,1,"[""bm25"", ""dense""]",1,False,False,False,False,NOT_REQUIRED,True,ANSWER_RETURNED,semi_structured_relation,"The mark distribution is Assessment 30%, Mid Semester 20%, Final Exam 50%.",curricula_BSc-Curriculum-New.pdf,18,doc-4d373684ce4879ed066003f5-p000018-b0005-c0001,"Grading System The total performance of a student in a given course is based on a scheme of continuous assessments. For theoretical courses this continuous assessment is made through homework, assignments, attendance, quizzes etc., a mid semester and a semester final examina tion of three/two hours duration. The distribution of marks for a given course is as follows: Assessment 30% Mid Semester 20% Final Exam 50%",[],False,0,False,True,True,True,RELATION_EVIDENCE_VERIFIED,,0.26140850000228966,0.0,0.001874300003692042,0.26875279999512713,3823697920,5620170752,73191424,3278553088,,False,False,True,True,1.0,False,False,False,True,True,True,True,True
da4978c4cfcbd608f980,Q020,bangla,থিওরেটিক্যাল কোর্সে মার্কস বণ্টন কী?,"বণ্টন হলো Assessment 30%, Mid Semester 20%, এবং Final Exam 50%।","বণ্টন হলো Assessment 30%, Mid Semester 20%, এবং Final Exam 50%।",18,DATASET_REFERENCE,INSUFFICIENT_EVIDENCE,FIELD_NOT_SUPPORTED,NONE,,general,,,[],[],[],False,False,,,0,0,0,[],,True,False,False,,NOT_ATTEMPTED,False,INSUFFICIENT_EVIDENCE,unsupported,বিশ্ববিদ্যালয়ের নথিতে নির্ভরযোগ্যভাবে উত্তর দেওয়ার মতো পর্যাপ্ত তথ্য পাওয়া যায়নি।,,,,,[],False,0,False,True,True,,GENERATION_NOT_USED,,13.247383199995966,0.0,0.0005520999984582886,13.278987900004722,5473124352,5620170752,495255552,3654807552,,False,False,False,False,0.0,False,False,False,False,False,False,False,False
da4978c4cfcbd608f980,Q020,banglish,Theoretical course-e marks distribution ki?,"Distribution holo Assessment 30%, Mid Semester 20%, ar Final Exam 50%.","Distribution holo Assessment 30%, Mid Semester 20%, ar Final Exam 50%.",18,DATASET_REFERENCE,SUPPORTED,DIRECT_RELATION_SUPPORT,STRONG,,assessment,mark_distribution,mark_distribution,"[""30%"", ""20%"", ""50%""]",[],[],True,True,True,True,2,2,1,"[""bm25"", ""dense""]",1,False,False,False,False,NOT_REQUIRED,True,ANSWER_RETURNED,semi_structured_relation,"Marks distribution holo: assessment 30%, mid semester 20%, final exam 50%.",curricula_BSc-Curriculum-New.pdf,18,doc-4d373684ce4879ed066003f5-p000018-b0005-c0001,"Grading System The total performance of a student in a given course is based on a scheme of continuous assessments. For theoretical courses this continuous assessment is made through homework, assignments, attendance, quizzes etc., a mid semester and a semester final examina tion of three/two hours duration. The distribution of marks for a given course is as follows: Assessment 30% Mid Semester 20% Final Exam 50%",[],False,0,False,True,True,True,RELATION_EVIDENCE_VERIFIED,,0.29303210000216495,0.0,0.0043337000024621375,0.3082228999992367,5482348544,5620170752,369086464,3654332416,,False,False,True,True,1.0,False,False,False,True,True,True,True,True
da4978c4cfcbd608f980,Q021,english,What numeric mark earns an A+ grade?,A numeric grade of 80% and above earns A+ with grade point 4.00.,A numeric grade of 80% and above earns A+ with grade point 4.00.,19,DATASET_REFERENCE,SUPPORTED,MULTIPLE_AGREEING_PASSAGES,STRONG,,grade,,,[],[],[],True,True,,True,3,3,1,"[""bm25"", ""dense""]",1,False,False,False,False,NOT_REQUIRED,True,ANSWER_RETURNED,structured_exact,80% and above is awarded grade A+.,curricula_BSc-Curriculum-New.pdf,19,doc-4d373684ce4879ed066003f5-p000019-b0002-c0001,Numeric Grade Letter Grade Grade Point 80% and above A+ 4.00 75% to less than 80% A 3.75 70% to less than 75% A- 3.50 65% to less than 70% B+ 3.25 60% to less than 65% B 3.00 55% to less than 60% B- 2.75 50% to less than 55% C+ 2.50 45% to less than 50% C 2.25 40% to less than 45% D 2.00 Less than 40% F 0.00,[],False,0,False,True,True,True,FACTUAL_TOKENS_SUPPORTED,,0.24540970000089146,0.0,0.0005444999987957999,0.25388720000046305,5483728896,5620170752,305500160,3654070272,,False,False,True,True,1.0,False,False,False,True,True,True,True,True
da4978c4cfcbd608f980,Q021,bangla,কত নম্বর পেলে A+ গ্রেড হয়?,80% বা তার বেশি নম্বরে A+ গ্রেড এবং grade point 4.00 হয়।,80% বা তার বেশি নম্বরে A+ গ্রেড এবং grade point 4.00 হয়।,19,DATASET_REFERENCE,GENERATION_REJECTED,GENERATION_SEMANTIC_FAILURE,STRONG,,grade,,,[],[],[],True,True,,False,3,3,1,"[""bm25"", ""dense""]",1,False,False,False,False,REJECTED:GENERATION_SEMANTIC_FAILURE,False,GENERATION_REJECTED,generation_rejected,"প্রাসঙ্গিক তথ্য পাওয়া গেছে, কিন্তু নির্ভরযোগ্য উত্তর তৈরি করা যায়নি।",curricula_BSc-Curriculum-New.pdf,19,doc-4d373684ce4879ed066003f5-p000019-b0005-c0001,"GPA Calculation: A student's performance is measured by the number of c redits that he/she has completed satisfactorily and the weighted average of the grade points that he/she has maintained. A minimum GPA is required to be maintained for satisfactory progress and a minimum number of earned credits should be acquired in Credits CreditssGradePoGPA   )int( Where grade points are points against letter grades A+, A, A -, B+, B, B -, C+, C, D and F. Credits are only for those courses attempted at this university.",[],False,0,False,True,False,True,GENERATION_REJECTED,SEMANTIC_CONTRACT_UNCERTAIN,0.24887609999859706,0.0,0.0005610999942291528,0.25819459999911487,5484568576,5620170752,216088576,3653242880,,False,False,True,True,1.0,False,False,False,True,True,True,True,True
da4978c4cfcbd608f980,Q021,banglish,Koto marks pele A+ grade hoy?,80% and above marks-e A+ grade ar grade point 4.00 hoy.,80% and above marks-e A+ grade ar grade point 4.00 hoy.,19,DATASET_REFERENCE,GENERATION_REJECTED,GENERATION_GROUNDING_FAILURE,STRONG,,grade,,,[],[],[],True,True,,False,3,3,1,"[""bm25"", ""dense""]",1,False,False,False,False,REJECTED:GENERATION_GROUNDING_FAILURE,False,GENERATION_REJECTED,generation_rejected,"Relevant tothyo paoa geche, kintu reliable uttor toiri kora jayni.",curricula_BSc-Curriculum-New.pdf,19,doc-4d373684ce4879ed066003f5-p000019-b0004-c0001,"S –– Exempted (For credit transfer courses) E –– Grade ‗F‘: If a student fails to achieve at least 40% marks in a course, he/she will get ‗F‘ grade in that course. B esides, absence in final examination at the end of each academic semester will also result ‗F‘ grade. Grade ‗E‘: A student transferred to UAP from another university or academic institution will earn ‗E‘ grades in the courses exempted at UAP. Grade ‗I‘ : Grade ‗I‘ may be given when a course, according to the syllabus is extended to two consecutive semesters and grade ‗S‘ is given in the first semester to mean satisfactory progression.",[],False,0,False,True,False,True,GENERATION_REJECTED,MISSING_REQUIRED_ENTITY,0.22478589999809628,0.0,0.0003020999938598834,0.22915700000157813,5484933120,5620170752,171130880,3652624384,,False,False,True,True,1.0,False,False,False,True,True,True,True,True
da4978c4cfcbd608f980,Q022,english,What happens if a student gets less than 40% in a course?,Less than 40% results in an F grade with grade point 0.00.,Less than 40% results in an F grade with grade point 0.00.,19,DATASET_REFERENCE,RETRIEVAL_UNCERTAIN,ENTITY_OWNERSHIP_UNCERTAIN,WEAK,than 40,percentage,,,[],[],[],False,False,,,0,0,0,[],,False,False,False,,NOT_ATTEMPTED,False,RETRIEVAL_UNCERTAIN,unsupported,"I found related information, but couldn't verify that it answers this specific question.",,,,,[],False,0,False,True,True,,GENERATION_NOT_USED,,0.2688129999951343,0.0,0.0001899999988381751,0.2722568000026513,5486518272,5620170752,109764608,3652624384,,False,False,False,True,0.5,True,True,True,True,True,True,False,False
da4978c4cfcbd608f980,Q022,bangla,কোনো কোর্সে 40%-এর কম পেলে কী হয়?,40%-এর কম নম্বরে F গ্রেড এবং grade point 0.00 হয়।,40%-এর কম নম্বরে F গ্রেড এবং grade point 0.00 হয়।,19,DATASET_REFERENCE,GENERATION_REJECTED,GENERATION_GROUNDING_FAILURE,STRONG,40%,percentage,,,[],[],[],True,True,,False,3,3,1,"[""bm25"", ""dense""]",1,False,False,False,False,REJECTED:GENERATION_GROUNDING_FAILURE,False,GENERATION_REJECTED,generation_rejected,"প্রাসঙ্গিক তথ্য পাওয়া গেছে, কিন্তু নির্ভরযোগ্য উত্তর তৈরি করা যায়নি।",curricula_BSc-Curriculum-New.pdf,21,doc-4d373684ce4879ed066003f5-p000021-b0002-c0001,Numeric Grade Letter Grade Grade Point 60% and above B 3.00 55% to less than 60% B- 2.75 50% to less than 55% C+ 2.50 45% to less than 50% C 2.25 40% to less than 45% D 2.00 Less than 40% F 0.00 Any student who fails to successfully complete any sessional course has to repeat that course in the following semester. Provisions for Improvement of Grades:,[],False,0,False,True,False,True,GENERATION_REJECTED,NO_SAFE_ANSWER_FROM_SUPPORTED_EVIDENCE,0.2995232999965083,0.0,0.00047089999861782417,0.30658939999557333,5474365440,5620170752,119562240,3652620288,,False,False,False,True,0.5,True,True,True,True,True,True,True,True
da4978c4cfcbd608f980,Q022,banglish,Kono course-e 40%-er kom pele ki hoy?,40%-er kom marks-e F grade ar grade point 0.00 hoy.,40%-er kom marks-e F grade ar grade point 0.00 hoy.,19,DATASET_REFERENCE,GENERATION_REJECTED,GENERATION_GROUNDING_FAILURE,STRONG,40%,percentage,,,[],[],[],True,True,,False,3,3,1,"[""bm25"", ""dense""]",1,False,False,False,False,REJECTED:GENERATION_GROUNDING_FAILURE,False,GENERATION_REJECTED,generation_rejected,"Relevant tothyo paoa geche, kintu reliable uttor toiri kora jayni.",curricula_BSc-Curriculum-New.pdf,19,doc-4d373684ce4879ed066003f5-p000019-b0004-c0001,"S –– Exempted (For credit transfer courses) E –– Grade ‗F‘: If a student fails to achieve at least 40% marks in a course, he/she will get ‗F‘ grade in that course. B esides, absence in final examination at the end of each academic semester will also result ‗F‘ grade. Grade ‗E‘: A student transferred to UAP from another university or academic institution will earn ‗E‘ grades in the courses exempted at UAP. Grade ‗I‘ : Grade ‗I‘ may be given when a course, according to the syllabus is extended to two consecutive semesters and grade ‗S‘ is given in the first semester to mean satisfactory progression.",[],False,0,False,True,False,True,GENERATION_REJECTED,NO_SAFE_ANSWER_FROM_SUPPORTED_EVIDENCE,0.3374930999998469,0.0,0.0005949000042164698,0.3463675000020885,5457772544,5620170752,15814656,3652276224,,False,False,True,True,1.0,True,True,True,True,True,True,True,True
da4978c4cfcbd608f980,Q023,english,What attendance is required to sit for the final examination?,A student must attend at least 70% of all classes held in every course to sit for the final examination.,A student must attend at least 70% of all classes held in every course to sit for the final examination.,20,DATASET_REFERENCE,SUPPORTED,DIRECT_RELATION_SUPPORT,STRONG,,attendance,attendance_exam_requirement,attendance_exam_requirement,"[""70%""]",[],[],True,True,True,True,1,1,1,"[""bm25"", ""dense""]",1,False,False,False,False,NOT_REQUIRED,True,ANSWER_RETURNED,semi_structured_relation,A student must attend at least 70% of classes in every course to sit for the final examination.,curricula_BSc-Curriculum-New.pdf,20,doc-4d373684ce4879ed066003f5-p000020-b0001-c0001,Attendance All students are expected to attend classes regularly. The University of Asia Pacific believes that regular attendance is essential for effective learning. A student is required to attend at least 70% of all the classes held in every course in order to sit for the final examination.,[],False,0,False,True,True,True,RELATION_EVIDENCE_VERIFIED,,1.908852200002002,0.0,0.0014469000016106293,1.9166553000031854,5213966336,5620170752,193884160,3688308736,,False,False,True,True,1.0,False,False,False,True,True,True,True,True
da4978c4cfcbd608f980,Q023,bangla,ফাইনাল পরীক্ষায় বসতে কত উপস্থিতি দরকার?,ফাইনাল পরীক্ষায় বসতে প্রত্যেক কোর্সে অনুষ্ঠিত ক্লাসের অন্তত 70% উপস্থিতি দরকার।,ফাইনাল পরীক্ষায় বসতে প্রত্যেক কোর্সে অনুষ্ঠিত ক্লাসের অন্তত 70% উপস্থিতি দরকার।,20,DATASET_REFERENCE,SUPPORTED,DIRECT_RELATION_SUPPORT,STRONG,,attendance,attendance_exam_requirement,attendance_exam_requirement,"[""70%""]",[],[],True,True,True,True,1,1,1,"[""dense""]",1,False,False,False,False,NOT_REQUIRED,True,ANSWER_RETURNED,semi_structured_relation,চূড়ান্ত পরীক্ষায় বসতে প্রতিটি কোর্সে অন্তত 70% ক্লাসে উপস্থিত থাকতে হবে।,curricula_BSc-Curriculum-New.pdf,20,doc-4d373684ce4879ed066003f5-p000020-b0001-c0001,Attendance All students are expected to attend classes regularly. The University of Asia Pacific believes that regular attendance is essential for effective learning. A student is required to attend at least 70% of all the classes held in every course in order to sit for the final examination.,[],False,0,False,True,True,True,RELATION_EVIDENCE_VERIFIED,,0.3438349999996717,0.0,0.00031740000122226775,0.34929839999676915,5192998912,5620170752,120729600,3684798464,,False,False,True,True,1.0,False,False,False,True,True,True,True,True
da4978c4cfcbd608f980,Q023,banglish,Final exam-e boshte koto attendance dorkar?,Final exam-e boshte prottek course-e held classes-er at least 70% attendance dorkar.,Final exam-e boshte prottek course-e held classes-er at least 70% attendance dorkar.,20,DATASET_REFERENCE,SUPPORTED,DIRECT_RELATION_SUPPORT,STRONG,,attendance,attendance_exam_requirement,attendance_exam_requirement,"[""70%""]",[],[],True,True,True,True,1,1,1,"[""bm25"", ""dense""]",1,False,False,False,False,NOT_REQUIRED,True,ANSWER_RETURNED,semi_structured_relation,Final exam-e boshte protiti course-e kompakhe 70% class-e attend korte hobe.,curricula_BSc-Curriculum-New.pdf,20,doc-4d373684ce4879ed066003f5-p000020-b0001-c0001,Attendance All students are expected to attend classes regularly. The University of Asia Pacific believes that regular attendance is essential for effective learning. A student is required to attend at least 70% of all the classes held in every course in order to sit for the final examination.,[],False,0,False,True,True,True,RELATION_EVIDENCE_VERIFIED,,0.25255640000250423,0.0,0.0003023000026587397,0.2579771999953664,5175173120,5620170752,85225472,3684200448,,False,False,True,True,1.0,False,False,False,True,True,True,True,True
da4978c4cfcbd608f980,Q024,english,What CGPA is required for a degree with honors?,A candidate is awarded a degree with honors if the CGPA is 3.75 or above.,A candidate is awarded a degree with honors if the CGPA is 3.75 or above.,20,DATASET_REFERENCE,SUPPORTED,DIRECT_RELATION_SUPPORT,STRONG,,grade,honors_cgpa,honors_cgpa,"[""3.75""]",[],[],True,True,True,True,3,3,1,"[""bm25"", ""dense""]",1,False,False,False,False,NOT_REQUIRED,True,ANSWER_RETURNED,semi_structured_relation,A degree with honors requires a CGPA of 3.75 or above.,curricula_BSc-Curriculum-New.pdf,20,doc-4d373684ce4879ed066003f5-p000020-b0003-c0001,"Performance Evaluation The performance of a student will be evaluated in terms of semester GPA and cumulative grade point average (CGPA), which is the grade point average for the semesters under consideration. A candidate will be awarded a degree with honors if his/her CGPA is 3.75 or above. A student will be considered to be making normal progress towards a degree if his/her CGPA for all work attempted is 2.25 or better and is in good standing with the university. Students who fail to maintain this minimum rate of progress will fail to be in good standing. Such circumstances may prevail under one or more of the following conditions:  Semester GPA falls below 2.25,  Cumulative GPA falls below 2.25.  Earned credits fall below 15 times the number of semesters studied.",[],False,0,False,True,True,True,RELATION_EVIDENCE_VERIFIED,,0.32152760000462877,0.0,0.0016739000056986697,0.33173640000313753,5033119744,5620170752,240996352,3683971072,,False,False,True,True,1.0,False,False,False,True,True,True,True,True
da4978c4cfcbd608f980,Q024,bangla,ডিগ্রি উইথ অনার্সের জন্য কত CGPA দরকার?,CGPA 3.75 বা তার বেশি হলে degree with honors দেওয়া হয়।,CGPA 3.75 বা তার বেশি হলে degree with honors দেওয়া হয়।,20,DATASET_REFERENCE,GENERATION_REJECTED,GENERATION_GROUNDING_FAILURE,STRONG,,grade,,,[],[],[],True,True,,False,3,3,1,"[""bm25"", ""dense""]",1,False,False,False,False,REJECTED:GENERATION_GROUNDING_FAILURE,False,GENERATION_REJECTED,generation_rejected,"প্রাসঙ্গিক তথ্য পাওয়া গেছে, কিন্তু নির্ভরযোগ্য উত্তর তৈরি করা যায়নি।",curricula_BSc-Curriculum-New.pdf,21,doc-4d373684ce4879ed066003f5-p000021-b0004-c0001,Category - B 1. A Cumulative Grade Point Average (CGPA) of minimum 2.25 is required for graduation. A candidate whose CGPA is below 2.25 shall have to increase his/her CGPA to the minimum requirement within two consecutive semesters failing which s/he shall be placed under academic probation.,[],False,0,False,True,False,True,GENERATION_REJECTED,NO_SAFE_ANSWER_FROM_SUPPORTED_EVIDENCE,0.2747044999996433,0.0,0.0003713999976753257,0.2797483000031207,4986626048,5620170752,242044928,3678973952,,False,False,False,True,0.5,False,False,False,True,True,True,True,True
da4978c4cfcbd608f980,Q024,banglish,Degree with honors-er jonno koto CGPA dorkar?,CGPA 3.75 or above hole degree with honors deya hoy.,CGPA 3.75 or above hole degree with honors deya hoy.,20,DATASET_REFERENCE,SUPPORTED,DIRECT_RELATION_SUPPORT,STRONG,,grade,honors_cgpa,honors_cgpa,"[""3.75""]",[],[],True,True,True,True,2,2,1,"[""bm25"", ""dense""]",1,False,False,False,False,NOT_REQUIRED,True,ANSWER_RETURNED,semi_structured_relation,Honors degree-r jonno CGPA kompakhe 3.75 lagbe.,curricula_BSc-Curriculum-New.pdf,20,doc-4d373684ce4879ed066003f5-p000020-b0003-c0001,"Performance Evaluation The performance of a student will be evaluated in terms of semester GPA and cumulative grade point average (CGPA), which is the grade point average for the semesters under consideration. A candidate will be awarded a degree with honors if his/her CGPA is 3.75 or above. A student will be considered to be making normal progress towards a degree if his/her CGPA for all work attempted is 2.25 or better and is in good standing with the university. Students who fail to maintain this minimum rate of progress will fail to be in good standing. Such circumstances may prevail under one or more of the following conditions:  Semester GPA falls below 2.25,  Cumulative GPA falls below 2.25.  Earned credits fall below 15 times the number of semesters studied.",[],False,0,False,True,True,True,RELATION_EVIDENCE_VERIFIED,,0.24385780000011437,0.0,0.0003040000010514632,0.2501154999990831,4968038400,5620170752,228171776,3678318592,,False,False,True,True,1.0,False,False,False,True,True,True,True,True
da4978c4cfcbd608f980,Q025,english,What CGPA is considered normal progress toward a degree?,A CGPA of 2.25 or better is considered normal progress toward a degree.,A CGPA of 2.25 or better is considered normal progress toward a degree.,20,DATASET_REFERENCE,SUPPORTED,DIRECT_RELATION_SUPPORT,STRONG,,grade,normal_progress_cgpa,normal_progress_cgpa,"[""2.25""]",[],[],True,True,True,True,3,3,1,"[""bm25"", ""dense""]",1,False,False,False,False,NOT_REQUIRED,True,ANSWER_RETURNED,semi_structured_relation,Normal progress toward a degree requires a CGPA of 2.25 or above.,curricula_BSc-Curriculum-New.pdf,20,doc-4d373684ce4879ed066003f5-p000020-b0003-c0001,"Performance Evaluation The performance of a student will be evaluated in terms of semester GPA and cumulative grade point average (CGPA), which is the grade point average for the semesters under consideration. A candidate will be awarded a degree with honors if his/her CGPA is 3.75 or above. A student will be considered to be making normal progress towards a degree if his/her CGPA for all work attempted is 2.25 or better and is in good standing with the university. Students who fail to maintain this minimum rate of progress will fail to be in good standing. Such circumstances may prevail under one or more of the following conditions:  Semester GPA falls below 2.25,  Cumulative GPA falls below 2.25.  Earned credits fall below 15 times the number of semesters studied.",[],False,0,False,True,True,True,RELATION_EVIDENCE_VERIFIED,,0.2420882000005804,0.0,0.0008864999981597066,0.24702879999676952,4948443136,5620170752,234160128,3677818880,,False,False,True,True,1.0,False,False,False,True,True,True,True,True
da4978c4cfcbd608f980,Q025,bangla,ডিগ্রির দিকে normal progress হিসেবে কত CGPA ধরা হয়?,CGPA 2.25 বা তার বেশি হলে ডিগ্রির দিকে normal progress ধরা হয়।,CGPA 2.25 বা তার বেশি হলে ডিগ্রির দিকে normal progress ধরা হয়।,20,DATASET_REFERENCE,SUPPORTED,DIRECT_RELATION_SUPPORT,STRONG,,grade,normal_progress_cgpa,normal_progress_cgpa,"[""2.25""]",[],[],True,True,True,True,3,3,1,"[""bm25"", ""dense""]",1,False,False,False,False,NOT_REQUIRED,True,ANSWER_RETURNED,semi_structured_relation,ডিগ্রির পথে স্বাভাবিক অগ্রগতির জন্য CGPA অন্তত 2.25 হতে হবে।,curricula_BSc-Curriculum-New.pdf,20,doc-4d373684ce4879ed066003f5-p000020-b0003-c0001,"Performance Evaluation The performance of a student will be evaluated in terms of semester GPA and cumulative grade point average (CGPA), which is the grade point average for the semesters under consideration. A candidate will be awarded a degree with honors if his/her CGPA is 3.75 or above. A student will be considered to be making normal progress towards a degree if his/her CGPA for all work attempted is 2.25 or better and is in good standing with the university. Students who fail to maintain this minimum rate of progress will fail to be in good standing. Such circumstances may prevail under one or more of the following conditions:  Semester GPA falls below 2.25,  Cumulative GPA falls below 2.25.  Earned credits fall below 15 times the number of semesters studied.",[],False,0,False,True,True,True,RELATION_EVIDENCE_VERIFIED,,0.24219950000406243,0.0,0.00043119999463669956,0.24890549999690847,4930007040,5620170752,229007360,3677544448,,False,False,True,True,1.0,False,False,False,True,True,True,True,True
da4978c4cfcbd608f980,Q025,banglish,Degree-r dike normal progress hisebe koto CGPA dhora hoy?,CGPA 2.25 or better hole degree-r dike normal progress dhora hoy.,CGPA 2.25 or better hole degree-r dike normal progress dhora hoy.,20,DATASET_REFERENCE,SUPPORTED,DIRECT_RELATION_SUPPORT,STRONG,,grade,normal_progress_cgpa,normal_progress_cgpa,"[""2.25""]",[],[],True,True,True,True,3,3,1,"[""bm25"", ""dense""]",1,False,False,False,False,NOT_REQUIRED,True,ANSWER_RETURNED,semi_structured_relation,Degree-r normal progress-er jonno CGPA kompakhe 2.25 lagbe.,curricula_BSc-Curriculum-New.pdf,20,doc-4d373684ce4879ed066003f5-p000020-b0003-c0001,"Performance Evaluation The performance of a student will be evaluated in terms of semester GPA and cumulative grade point average (CGPA), which is the grade point average for the semesters under consideration. A candidate will be awarded a degree with honors if his/her CGPA is 3.75 or above. A student will be considered to be making normal progress towards a degree if his/her CGPA for all work attempted is 2.25 or better and is in good standing with the university. Students who fail to maintain this minimum rate of progress will fail to be in good standing. Such circumstances may prevail under one or more of the following conditions:  Semester GPA falls below 2.25,  Cumulative GPA falls below 2.25.  Earned credits fall below 15 times the number of semesters studied.",[],False,0,False,True,True,True,RELATION_EVIDENCE_VERIFIED,,0.2619794999991427,0.0,0.00035200000274926424,0.2678137999973842,4911616000,5620170752,213303296,3677478912,,False,False,True,True,1.0,False,False,False,True,True,True,True,True
da4978c4cfcbd608f980,Q026,english,What is the fee for re-examination of a final answer script?,The re-examination fee is Taka 200 per script.,The re-examination fee is Taka 200 per script.,20,DATASET_REFERENCE,SUPPORTED,MULTIPLE_AGREEING_PASSAGES,STRONG,,assessment,,,[],[],[],True,True,,,2,2,1,"[""bm25"", ""dense""]",1,False,False,False,True,ACCEPTED,True,ANSWER_RETURNED,gguf_generation,The fee for re-examination of a final answer script is Taka 200/- (Tk. Two Hundred) per script.,curricula_BSc-Curriculum-New.pdf,20,doc-4d373684ce4879ed066003f5-p000020-b0005-c0001,"Examination Rules Re -examination or Re -scrutiny of Answer Scripts Re-examination of final examination answer scripts may be permissible. A candidate can apply for re -examination of any answer script of final examination to the Controller of Examinati ons through their advisor and the head of the department on payment of Taka 200/ - (Tk. Two Hundred) only per script within 7 (seven) working days from the publication of final results. No such application shall be entertained after the mentioned time. No such re- examination is allowed for practical/sessional courses. While re-examining such answer scripts the examiner shall re- examine the scripts thoroughly and shall award a grade, which shall be treated as final.",[],True,1,False,True,True,True,FACTUAL_TOKENS_SUPPORTED,,2.4263512999968952,44.90340190000279,0.000712799999746494,47.39466639999591,4471521280,5620170752,391778304,3192721408,,False,False,True,True,1.0,False,False,False,True,True,True,True,True
da4978c4cfcbd608f980,Q026,bangla,ফাইনাল answer script re-examination-এর ফি কত?,প্রতি script re-examination-এর ফি Taka 200।,প্রতি script re-examination-এর ফি Taka 200।,20,DATASET_REFERENCE,SUPPORTED,MULTIPLE_AGREEING_PASSAGES,STRONG,,assessment,,,[],[],[],True,True,,,3,3,1,"[""bm25"", ""dense""]",1,False,False,False,True,ACCEPTED,True,ANSWER_RETURNED,gguf_generation,re-examination of final examination answer scripts-এর ফি হলো Taka 200/- (Tk. Two Hundred) per script।,curricula_BSc-Curriculum-New.pdf,20,doc-4d373684ce4879ed066003f5-p000020-b0005-c0001,"Examination Rules Re -examination or Re -scrutiny of Answer Scripts Re-examination of final examination answer scripts may be permissible. A candidate can apply for re -examination of any answer script of final examination to the Controller of Examinati ons through their advisor and the head of the department on payment of Taka 200/ - (Tk. Two Hundred) only per script within 7 (seven) working days from the publication of final results. No such application shall be entertained after the mentioned time. No such re- examination is allowed for practical/sessional courses. While re-examining such answer scripts the examiner shall re- examine the scripts thoroughly and shall award a grade, which shall be treated as final.",[],True,1,False,True,True,True,FACTUAL_TOKENS_SUPPORTED,,2.6409401999990223,49.73406010000326,0.011086999998951796,53.03280639999866,4479643648,5620170752,134352896,2885332992,,False,False,True,True,1.0,False,False,False,True,True,True,True,True
da4978c4cfcbd608f980,Q026,banglish,Final answer script re-examination-er fee koto?,Per script re-examination fee Taka 200.,Per script re-examination fee Taka 200.,20,DATASET_REFERENCE,SUPPORTED,MULTIPLE_AGREEING_PASSAGES,STRONG,,assessment,,,[],[],[],True,True,,,3,3,1,"[""bm25"", ""dense""]",1,False,False,False,True,ACCEPTED,True,ANSWER_RETURNED,gguf_generation,Re-examination answer scripts kore holo Taka 200/- (Tk. Two Hundred) theke.,curricula_BSc-Curriculum-New.pdf,20,doc-4d373684ce4879ed066003f5-p000020-b0005-c0001,"Examination Rules Re -examination or Re -scrutiny of Answer Scripts Re-examination of final examination answer scripts may be permissible. A candidate can apply for re -examination of any answer script of final examination to the Controller of Examinati ons through their advisor and the head of the department on payment of Taka 200/ - (Tk. Two Hundred) only per script within 7 (seven) working days from the publication of final results. No such application shall be entertained after the mentioned time. No such re- examination is allowed for practical/sessional courses. While re-examining such answer scripts the examiner shall re- examine the scripts thoroughly and shall award a grade, which shall be treated as final.",[],True,2,False,True,True,True,FACTUAL_TOKENS_SUPPORTED,,1.888790599994536,69.57599580000533,0.000956600000790786,71.53251580000506,4485017600,5620170752,187174912,2958352384,,False,False,True,True,1.0,False,False,False,True,True,True,True,True
da4978c4cfcbd608f980,Q027,english,Within how many working days must a re-examination application be submitted?,The application must be submitted within 7 working days from publication of final results.,The application must be submitted within 7 working days from publication of final results.,20,DATASET_REFERENCE,SUPPORTED,DIRECT_RELATION_SUPPORT,STRONG,,duration,reexamination_deadline,reexamination_deadline,"[""7""]",[],[],True,True,True,True,2,2,1,"[""bm25"", ""dense""]",1,False,False,False,False,NOT_REQUIRED,True,ANSWER_RETURNED,semi_structured_relation,The re-examination application must be submitted within 7 working days after publication of final results.,curricula_BSc-Curriculum-New.pdf,20,doc-4d373684ce4879ed066003f5-p000020-b0005-c0001,"Examination Rules Re -examination or Re -scrutiny of Answer Scripts Re-examination of final examination answer scripts may be permissible. A candidate can apply for re -examination of any answer script of final examination to the Controller of Examinati ons through their advisor and the head of the department on payment of Taka 200/ - (Tk. Two Hundred) only per script within 7 (seven) working days from the publication of final results. No such application shall be entertained after the mentioned time. No such re- examination is allowed for practical/sessional courses. While re-examining such answer scripts the examiner shall re- examine the scripts thoroughly and shall award a grade, which shall be treated as final.",[],False,0,False,True,True,True,RELATION_EVIDENCE_VERIFIED,,5.771323399996618,0.0,0.007410500002151821,5.789234399999259,4170285056,5620170752,278360064,3412238336,,False,False,True,True,1.0,False,False,False,True,True,True,True,True
da4978c4cfcbd608f980,Q027,bangla,Re-examination application কত working day-এর মধ্যে জমা দিতে হয়?,ফাইনাল ফল প্রকাশের 7 working day-এর মধ্যে application জমা দিতে হয়।,ফাইনাল ফল প্রকাশের 7 working day-এর মধ্যে application জমা দিতে হয়।,20,DATASET_REFERENCE,SUPPORTED,DIRECT_RELATION_SUPPORT,STRONG,,duration,reexamination_deadline,reexamination_deadline,"[""7""]",[],[],True,True,True,True,2,2,1,"[""bm25"", ""dense""]",1,False,False,False,False,NOT_REQUIRED,True,ANSWER_RETURNED,semi_structured_relation,চূড়ান্ত ফল প্রকাশের 7 কর্মদিবসের মধ্যে পুনঃপরীক্ষার আবেদন জমা দিতে হবে।,curricula_BSc-Curriculum-New.pdf,20,doc-4d373684ce4879ed066003f5-p000020-b0005-c0001,"Examination Rules Re -examination or Re -scrutiny of Answer Scripts Re-examination of final examination answer scripts may be permissible. A candidate can apply for re -examination of any answer script of final examination to the Controller of Examinati ons through their advisor and the head of the department on payment of Taka 200/ - (Tk. Two Hundred) only per script within 7 (seven) working days from the publication of final results. No such application shall be entertained after the mentioned time. No such re- examination is allowed for practical/sessional courses. While re-examining such answer scripts the examiner shall re- examine the scripts thoroughly and shall award a grade, which shall be treated as final.",[],False,0,False,True,True,True,RELATION_EVIDENCE_VERIFIED,,0.29901089999475516,0.0,0.00040409999928670004,0.3062073000037344,4141277184,5620170752,300732416,3409231872,,False,False,True,True,1.0,False,False,False,True,True,True,True,True
da4978c4cfcbd608f980,Q027,banglish,Re-examination application koto working day-er moddhe submit korte hoy?,Final result publish howar 7 working day-er moddhe application submit korte hoy.,Final result publish howar 7 working day-er moddhe application submit korte hoy.,20,DATASET_REFERENCE,SUPPORTED,DIRECT_RELATION_SUPPORT,STRONG,,duration,reexamination_deadline,reexamination_deadline,"[""7""]",[],[],True,True,True,True,2,2,1,"[""bm25"", ""dense""]",1,False,False,False,False,NOT_REQUIRED,True,ANSWER_RETURNED,semi_structured_relation,Final result publish howar 7 working day-er moddhe re-examination application submit korte hobe.,curricula_BSc-Curriculum-New.pdf,20,doc-4d373684ce4879ed066003f5-p000020-b0005-c0001,"Examination Rules Re -examination or Re -scrutiny of Answer Scripts Re-examination of final examination answer scripts may be permissible. A candidate can apply for re -examination of any answer script of final examination to the Controller of Examinati ons through their advisor and the head of the department on payment of Taka 200/ - (Tk. Two Hundred) only per script within 7 (seven) working days from the publication of final results. No such application shall be entertained after the mentioned time. No such re- examination is allowed for practical/sessional courses. While re-examining such answer scripts the examiner shall re- examine the scripts thoroughly and shall award a grade, which shall be treated as final.",[],False,0,False,True,True,True,RELATION_EVIDENCE_VERIFIED,,0.23604019999766024,0.0,0.00028249999741092324,0.2414472999953432,3994968064,5620170752,399921152,3408199680,,False,False,True,True,1.0,False,False,False,True,True,True,True,True
da4978c4cfcbd608f980,Q028,english,When is a student allowed to appear at a repeat examination?,"A student may appear at a repeat examination if they fail in three theory courses or less, not exceeding 10 credit hours.","A student may appear at a repeat examination if they fail in three theory courses or less, not exceeding 10 credit hours.",20,DATASET_REFERENCE,GENERATION_REJECTED,GENERATION_GROUNDING_FAILURE,ADEQUATE,,date,,,[],[],[],True,True,,False,1,1,1,"[""bm25"", ""dense""]",1,False,False,False,False,REJECTED:GENERATION_GROUNDING_FAILURE,False,GENERATION_REJECTED,generation_rejected,"Relevant information was found, but I couldn't produce a reliable answer.",curricula_BSc-Curriculum-New.pdf,20,doc-4d373684ce4879ed066003f5-p000020-b0006-c0001,Rules for Repeat Examination A student wo uld be allowed to appear at the Repeat Examination in case s/he fails in three theory courses or less but not exceeding 10 credit hours. The results of Repeat Examinations would be published within three weeks from the date of publication of the results of the Semester Final,[],False,0,False,True,False,True,GENERATION_REJECTED,NO_SAFE_ANSWER_FROM_SUPPORTED_EVIDENCE,0.2757740999950329,0.0,0.0003630999999586493,0.28414110000449,3996336128,5620170752,358182912,3403567104,,False,False,True,True,1.0,False,False,False,True,True,True,True,True
da4978c4cfcbd608f980,Q028,bangla,কখন একজন শিক্ষার্থী repeat examination দিতে পারে?,তিনটি বা তার কম theory course-এ ফেল করলে এবং তা 10 credit hour-এর বেশি না হলে repeat examination দেওয়া যায়।,তিনটি বা তার কম theory course-এ ফেল করলে এবং তা 10 credit hour-এর বেশি না হলে repeat examination দেওয়া যায়।,20,DATASET_REFERENCE,GENERATION_REJECTED,GENERATION_GROUNDING_FAILURE,STRONG,,assessment,,,[],[],[],True,True,,,3,3,1,"[""bm25"", ""dense""]",1,False,False,False,True,REJECTED:GENERATION_GROUNDING_FAILURE,False,GENERATION_REJECTED,generation_rejected,"প্রাসঙ্গিক তথ্য পাওয়া গেছে, কিন্তু নির্ভরযোগ্য উত্তর তৈরি করা যায়নি।",curricula_BSc-Curriculum-New.pdf,20,doc-4d373684ce4879ed066003f5-p000020-b0006-c0001,Rules for Repeat Examination A student wo uld be allowed to appear at the Repeat Examination in case s/he fails in three theory courses or less but not exceeding 10 credit hours. The results of Repeat Examinations would be published within three weeks from the date of publication of the results of the Semester Final,[],True,3,True,True,False,True,GENERATION_REJECTED,MISSING_REQUIRED_ENTITY,0.26449029999639606,192.98921360000531,0.0006356000012601726,193.32803570000397,4471595008,5620170752,144314368,2702417920,,False,False,True,True,1.0,False,False,False,True,True,True,True,True
da4978c4cfcbd608f980,Q028,banglish,Kokhon ekjon student repeat examination dite pare?,"Tin ta ba tar kom theory course-e fail korle, 10 credit hour exceed na korle, repeat examination deya jay.","Tin ta ba tar kom theory course-e fail korle, 10 credit hour exceed na korle, repeat examination deya jay.",20,DATASET_REFERENCE,GENERATION_REJECTED,GENERATION_GROUNDING_FAILURE,STRONG,,assessment,,,[],[],[],True,True,,,3,3,1,"[""bm25"", ""dense""]",1,False,False,False,True,REJECTED:GENERATION_GROUNDING_FAILURE,False,GENERATION_REJECTED,generation_rejected,"Relevant tothyo paoa geche, kintu reliable uttor toiri kora jayni.",curricula_BSc-Curriculum-New.pdf,21,doc-4d373684ce4879ed066003f5-p000021-b0001-c0001,Examination concerned. The respective departments would arrange such Repeat Examinations. Candidates willing to appear at such Repeat Examinations must apply to the respective heads of departments through the advisors stating their willingness to appear at the said examination with the receipt of payment @ Taka3000/ - per course. Repeat examination would be held before next semester would start. Repeat Examinations on theory courses would be held on 50 percent of marks for each course and the marks for Class Assessment and Mid Semester Examination would be carried. There shall be no repeat examinations for sessional courses. The maximum grade to be obtained by a student in a repeat examination would be ‗B‘ (equivalent to 60%). The following grading system would be followed in the repeat examinations:,[],True,3,True,True,False,True,GENERATION_REJECTED,UNSUPPORTED_REALIZATION_FACTS,3.5057738999967114,79.96258239999588,0.0015456999972229823,83.50671889999649,4517519360,5620170752,68497408,2941485056,,False,False,False,True,0.5,False,False,False,True,True,True,True,True
da4978c4cfcbd608f980,Q029,english,What is the fee for a repeat examination course?,The repeat examination fee is Taka 3000 per course.,The repeat examination fee is Taka 3000 per course.,21,DATASET_REFERENCE,GENERATION_REJECTED,GENERATION_SEMANTIC_FAILURE,STRONG,,assessment,,,[],[],[],True,True,,,3,3,1,"[""bm25"", ""dense""]",1,False,False,False,True,REJECTED:GENERATION_SEMANTIC_FAILURE,False,GENERATION_REJECTED,generation_rejected,"Relevant information was found, but I couldn't produce a reliable answer.",curricula_BSc-Curriculum-New.pdf,20,doc-4d373684ce4879ed066003f5-p000020-b0006-c0001,Rules for Repeat Examination A student wo uld be allowed to appear at the Repeat Examination in case s/he fails in three theory courses or less but not exceeding 10 credit hours. The results of Repeat Examinations would be published within three weeks from the date of publication of the results of the Semester Final,[],True,1,False,True,False,True,GENERATION_REJECTED,WRONG_RELATION_VALUE,3.311056799997459,31.13831300000311,0.0008613000027253293,34.47589760000119,4576362496,5620170752,276979712,2860306432,,False,False,True,True,1.0,False,False,False,True,True,True,True,True
da4978c4cfcbd608f980,Q029,bangla,Repeat examination-এর প্রতি কোর্সের ফি কত?,Repeat examination-এর ফি প্রতি course Taka 3000।,Repeat examination-এর ফি প্রতি course Taka 3000।,21,DATASET_REFERENCE,GENERATION_REJECTED,GENERATION_GROUNDING_FAILURE,STRONG,,assessment,,,[],[],[],True,True,,,3,3,1,"[""bm25"", ""dense""]",1,False,False,False,True,REJECTED:GENERATION_GROUNDING_FAILURE,False,GENERATION_REJECTED,generation_rejected,"প্রাসঙ্গিক তথ্য পাওয়া গেছে, কিন্তু নির্ভরযোগ্য উত্তর তৈরি করা যায়নি।",curricula_BSc-Curriculum-New.pdf,21,doc-4d373684ce4879ed066003f5-p000021-b0001-c0001,Examination concerned. The respective departments would arrange such Repeat Examinations. Candidates willing to appear at such Repeat Examinations must apply to the respective heads of departments through the advisors stating their willingness to appear at the said examination with the receipt of payment @ Taka3000/ - per course. Repeat examination would be held before next semester would start. Repeat Examinations on theory courses would be held on 50 percent of marks for each course and the marks for Class Assessment and Mid Semester Examination would be carried. There shall be no repeat examinations for sessional courses. The maximum grade to be obtained by a student in a repeat examination would be ‗B‘ (equivalent to 60%). The following grading system would be followed in the repeat examinations:,[],True,1,False,True,False,True,GENERATION_REJECTED,WRONG_FIELD_VALUE,2.2401518000042415,37.25602020000224,0.006225199998880271,39.55072259999724,4766969856,5620170752,107364352,4941860863,,False,False,True,True,1.0,False,False,False,True,True,True,True,True
da4978c4cfcbd608f980,Q029,banglish,Repeat examination-er per course fee koto?,Repeat examination-er fee per course Taka 3000.,Repeat examination-er fee per course Taka 3000.,21,DATASET_REFERENCE,GENERATION_REJECTED,GENERATION_SEMANTIC_FAILURE,STRONG,,assessment,,,[],[],[],True,True,,,3,3,1,"[""bm25"", ""dense""]",1,False,False,False,True,REJECTED:GENERATION_SEMANTIC_FAILURE,False,GENERATION_REJECTED,generation_rejected,"Relevant tothyo paoa geche, kintu reliable uttor toiri kora jayni.",curricula_BSc-Curriculum-New.pdf,21,doc-4d373684ce4879ed066003f5-p000021-b0001-c0001,Examination concerned. The respective departments would arrange such Repeat Examinations. Candidates willing to appear at such Repeat Examinations must apply to the respective heads of departments through the advisors stating their willingness to appear at the said examination with the receipt of payment @ Taka3000/ - per course. Repeat examination would be held before next semester would start. Repeat Examinations on theory courses would be held on 50 percent of marks for each course and the marks for Class Assessment and Mid Semester Examination would be carried. There shall be no repeat examinations for sessional courses. The maximum grade to be obtained by a student in a repeat examination would be ‗B‘ (equivalent to 60%). The following grading system would be followed in the repeat examinations:,[],True,1,False,True,False,True,GENERATION_REJECTED,SEMANTIC_CONTRACT_UNCERTAIN,2.9578543999959948,27.44136779999826,0.0017164000018965453,30.4332979000028,4617187328,5620170752,118087680,5067943936,,False,False,True,True,1.0,False,False,False,True,True,True,True,True
da4978c4cfcbd608f980,Q030,english,How many courses can a student repeat for grade improvement?,"For grade improvement, a student may repeat a maximum of four courses.","For grade improvement, a student may repeat a maximum of four courses.",21,DATASET_REFERENCE,SUPPORTED,DIRECT_RELATION_SUPPORT,STRONG,,grade,repeat_course_maximum,repeat_course_maximum,"[""four""]",[],[],True,True,True,True,3,3,1,"[""bm25"", ""dense""]",1,False,False,False,True,NOT_REQUIRED,True,ANSWER_RETURNED,semi_structured_relation,A student may repeat at most 4 courses for grade improvement.,curricula_BSc-Curriculum-New.pdf,21,doc-4d373684ce4879ed066003f5-p000021-b0001-c0001,Examination concerned. The respective departments would arrange such Repeat Examinations. Candidates willing to appear at such Repeat Examinations must apply to the respective heads of departments through the advisors stating their willingness to appear at the said examination with the receipt of payment @ Taka3000/ - per course. Repeat examination would be held before next semester would start. Repeat Examinations on theory courses would be held on 50 percent of marks for each course and the marks for Class Assessment and Mid Semester Examination would be carried. There shall be no repeat examinations for sessional courses. The maximum grade to be obtained by a student in a repeat examination would be ‗B‘ (equivalent to 60%). The following grading system would be followed in the repeat examinations:,[],False,0,False,True,True,True,RELATION_EVIDENCE_VERIFIED,,2.4325528999979724,0.0,0.0023455000045942143,2.4522849999993923,5105205248,5620170752,423383040,5099909120,,False,False,True,True,1.0,False,False,False,True,True,True,True,True
da4978c4cfcbd608f980,Q030,bangla,Grade improvement-এর জন্য একজন শিক্ষার্থী সর্বোচ্চ কয়টি কোর্স repeat করতে পারে?,Grade improvement-এর জন্য একজন শিক্ষার্থী সর্বোচ্চ চারটি course repeat করতে পারে।,Grade improvement-এর জন্য একজন শিক্ষার্থী সর্বোচ্চ চারটি course repeat করতে পারে।,21,DATASET_REFERENCE,SUPPORTED,DIRECT_RELATION_SUPPORT,STRONG,,grade,repeat_course_maximum,repeat_course_maximum,"[""four""]",[],[],True,True,True,True,3,3,1,"[""bm25"", ""dense""]",1,False,False,False,False,NOT_REQUIRED,True,ANSWER_RETURNED,semi_structured_relation,গ্রেড উন্নয়নের জন্য একজন শিক্ষার্থী সর্বোচ্চ 4টি কোর্স পুনরায় নিতে পারে।,curricula_BSc-Curriculum-New.pdf,21,doc-4d373684ce4879ed066003f5-p000021-b0003-c0001,"Category – A 1. The Provision for Improvement of grades applies to those only who obtained a grade C or lower in any course. Such candidates may be allowed to improve their grades by surrendering the earlier grade obtained by him/her. 2. For grade improvement purpose, a student will be allowed to repeat a maximum of four courses. 3. For availing s uch provision of grade improvement, a candidate shall apply to the Controller of Examinations through the Head of the Department concerned with a fee @ Tk. 3000/ - (Tk. Three Thousand) only per credit hour. A student may apply for such provision any time during his/her study period in the university but not beyond two weeks after the publication of his/her final semester results.",[],False,0,False,True,True,True,RELATION_EVIDENCE_VERIFIED,,0.30211229999986244,0.0,0.00048550000065006316,0.3078853999977582,5115138048,5620170752,425795584,5097349120,,False,False,True,True,1.0,False,False,False,True,True,True,True,True
da4978c4cfcbd608f980,Q030,banglish,Grade improvement-er jonno ekjon student maximum koyta course repeat korte pare?,Grade improvement-er jonno ekjon student maximum four courses repeat korte pare.,Grade improvement-er jonno ekjon student maximum four courses repeat korte pare.,21,DATASET_REFERENCE,SUPPORTED,DIRECT_RELATION_SUPPORT,STRONG,,grade,repeat_course_maximum,repeat_course_maximum,"[""four""]",[],[],True,True,True,True,3,3,1,"[""bm25"", ""dense""]",1,False,False,False,True,NOT_REQUIRED,True,ANSWER_RETURNED,semi_structured_relation,Grade improvement-er jonno ekjon student shorboccho 4ta course repeat korte pare.,curricula_BSc-Curriculum-New.pdf,21,doc-4d373684ce4879ed066003f5-p000021-b0002-c0001,Numeric Grade Letter Grade Grade Point 60% and above B 3.00 55% to less than 60% B- 2.75 50% to less than 55% C+ 2.50 45% to less than 50% C 2.25 40% to less than 45% D 2.00 Less than 40% F 0.00 Any student who fails to successfully complete any sessional course has to repeat that course in the following semester. Provisions for Improvement of Grades:,[],False,0,False,True,True,True,RELATION_EVIDENCE_VERIFIED,,0.2657160999951884,0.0,0.0004735000038635917,0.27140630000212695,5116329984,5620170752,477515776,5127278592,,False,False,True,True,1.0,False,False,False,True,True,True,True,True
da4978c4cfcbd608f980,Q031,english,What percentage of total seats is reserved for children of Freedom Fighters?,3% of total seats are reserved for the children of Freedom Fighters.,3% of total seats are reserved for the children of Freedom Fighters.,22,DATASET_REFERENCE,GENERATION_REJECTED,GENERATION_GROUNDING_FAILURE,STRONG,,percentage,,,[],[],[],True,True,,False,3,3,1,"[""bm25"", ""dense""]",1,False,False,False,False,REJECTED:GENERATION_GROUNDING_FAILURE,False,GENERATION_REJECTED,generation_rejected,"Relevant information was found, but I couldn't produce a reliable answer.",curricula_BSc-Curriculum-New.pdf,22,doc-4d373684ce4879ed066003f5-p000022-b0008-c0001,Waiver Policy 3% of total seats are reserved for the children of Freedom Fighters and another 3% for meritorious but poor students from remote areas of Bangladesh. They will be offered full free education opportunity. 1. Top 3% students in each department will be offered 100% tuition waiver based on semester results. 2. Vice Chancellor‘s special tuition fee waiver will be offered in amount 10%-100% to poor but meritorious students. 3. 50% waiver for students with individual GP A of 5.00 in S.S.C and H.S.C. 4. 25% waiver for students with individual GPA of 4.50 in S.S.C and H.S.C.,[],False,0,False,True,False,True,GENERATION_REJECTED,NO_SAFE_ANSWER_FROM_SUPPORTED_EVIDENCE,0.2601635000028182,0.0,0.00043840000580530614,0.28291819999867585,5118337024,5620170752,515653632,5132083200,,False,False,True,True,1.0,False,False,False,True,True,True,True,True
da4978c4cfcbd608f980,Q031,bangla,Freedom Fighters-এর সন্তানদের জন্য মোট আসনের কত শতাংশ সংরক্ষিত?,Freedom Fighters-এর সন্তানদের জন্য মোট আসনের 3% সংরক্ষিত।,Freedom Fighters-এর সন্তানদের জন্য মোট আসনের 3% সংরক্ষিত।,22,DATASET_REFERENCE,GENERATION_REJECTED,GENERATION_SEMANTIC_FAILURE,STRONG,,percentage,,,[],[],[],True,True,,False,1,1,1,"[""bm25"", ""dense""]",1,False,False,False,False,REJECTED:GENERATION_SEMANTIC_FAILURE,False,GENERATION_REJECTED,generation_rejected,"প্রাসঙ্গিক তথ্য পাওয়া গেছে, কিন্তু নির্ভরযোগ্য উত্তর তৈরি করা যায়নি।",curricula_BSc-Curriculum-New.pdf,22,doc-4d373684ce4879ed066003f5-p000022-b0008-c0001,Waiver Policy 3% of total seats are reserved for the children of Freedom Fighters and another 3% for meritorious but poor students from remote areas of Bangladesh. They will be offered full free education opportunity. 1. Top 3% students in each department will be offered 100% tuition waiver based on semester results. 2. Vice Chancellor‘s special tuition fee waiver will be offered in amount 10%-100% to poor but meritorious students. 3. 50% waiver for students with individual GP A of 5.00 in S.S.C and H.S.C. 4. 25% waiver for students with individual GPA of 4.50 in S.S.C and H.S.C.,[],False,0,False,True,False,True,GENERATION_REJECTED,SEMANTIC_CONTRACT_UNCERTAIN,0.26881780000258004,0.0,0.0003056999994441867,0.2756042000037269,5117820928,5620170752,460226560,5131673600,,False,False,True,True,1.0,False,False,False,True,True,True,True,True
da4978c4cfcbd608f980,Q031,banglish,Freedom Fighters-er children-der jonno total seats-er koto percent reserved?,Freedom Fighters-er children-der jonno total seats-er 3% reserved.,Freedom Fighters-er children-der jonno total seats-er 3% reserved.,22,DATASET_REFERENCE,GENERATION_REJECTED,GENERATION_SEMANTIC_FAILURE,STRONG,,percentage,,,[],[],[],True,True,,False,1,1,1,"[""bm25"", ""dense""]",1,False,False,False,False,REJECTED:GENERATION_SEMANTIC_FAILURE,False,GENERATION_REJECTED,generation_rejected,"Relevant tothyo paoa geche, kintu reliable uttor toiri kora jayni.",curricula_BSc-Curriculum-New.pdf,22,doc-4d373684ce4879ed066003f5-p000022-b0008-c0001,Waiver Policy 3% of total seats are reserved for the children of Freedom Fighters and another 3% for meritorious but poor students from remote areas of Bangladesh. They will be offered full free education opportunity. 1. Top 3% students in each department will be offered 100% tuition waiver based on semester results. 2. Vice Chancellor‘s special tuition fee waiver will be offered in amount 10%-100% to poor but meritorious students. 3. 50% waiver for students with individual GP A of 5.00 in S.S.C and H.S.C. 4. 25% waiver for students with individual GPA of 4.50 in S.S.C and H.S.C.,[],False,0,False,True,False,True,GENERATION_REJECTED,SEMANTIC_CONTRACT_UNCERTAIN,2.1483877999999095,0.0,0.000247500000114087,2.1526369000057457,5125869568,5620170752,296771584,5094608896,,False,False,True,True,1.0,False,False,False,True,True,True,True,True
da4978c4cfcbd608f980,Q032,english,How many credits is CSE 101 Introduction to Computer Science & Programming Methodology?,CSE 101 Introduction to Computer Science & Programming Methodology is a 3.00-credit course.,CSE 101 Introduction to Computer Science & Programming Methodology is a 3.00-credit course.,51,DATASET_REFERENCE,SUPPORTED,DIRECT_RELATION_SUPPORT,STRONG,cse 101,credits,course_credits,course_credits,"[""3.00""]",[],[],True,True,True,True,3,2,1,"[""bm25"", ""dense"", ""metadata""]",1,False,False,False,False,NOT_REQUIRED,True,ANSWER_RETURNED,semi_structured_relation,CSE 101 carries 3.00 credits.,curricula_BSc-Curriculum-New.pdf,51,doc-4d373684ce4879ed066003f5-p000051-b0002-c0001,CSE 101 Introduction to Computer Science & Programming Methodology 3.00 Nil,[],False,0,False,True,True,True,RELATION_EVIDENCE_VERIFIED,,0.2793093999935081,0.0,0.002829800003382843,0.29394630000024335,5127766016,5620170752,318119936,5086052352,,False,False,True,True,1.0,True,True,True,True,True,True,True,True
da4978c4cfcbd608f980,Q032,bangla,CSE 101 Introduction to Computer Science & Programming Methodology কোর্সটির ক্রেডিট কত?,CSE 101 Introduction to Computer Science & Programming Methodology 3.00 ক্রেডিটের কোর্স।,CSE 101 Introduction to Computer Science & Programming Methodology 3.00 ক্রেডিটের কোর্স।,51,DATASET_REFERENCE,SUPPORTED,DIRECT_RELATION_SUPPORT,STRONG,cse 101,credits,course_credits,course_credits,"[""3.00""]",[],[],True,True,True,True,3,2,1,"[""bm25"", ""dense"", ""metadata""]",1,False,False,False,False,NOT_REQUIRED,True,ANSWER_RETURNED,semi_structured_relation,CSE 101 কোর্সের ক্রেডিট 3.00।,curricula_BSc-Curriculum-New.pdf,51,doc-4d373684ce4879ed066003f5-p000051-b0002-c0001,CSE 101 Introduction to Computer Science & Programming Methodology 3.00 Nil,[],False,0,False,True,True,True,RELATION_EVIDENCE_VERIFIED,,0.2019737000009627,0.0,0.0003121999980066903,0.2069162999978289,5127467008,5620170752,314142720,5084946432,,False,False,True,True,1.0,True,True,True,True,True,True,True,True
da4978c4cfcbd608f980,Q032,banglish,CSE 101 Introduction to Computer Science & Programming Methodology course-er credit koto?,CSE 101 Introduction to Computer Science & Programming Methodology 3.00-credit course.,CSE 101 Introduction to Computer Science & Programming Methodology 3.00-credit course.,51,DATASET_REFERENCE,SUPPORTED,DIRECT_RELATION_SUPPORT,STRONG,cse 101,credits,course_credits,course_credits,"[""3.00""]",[],[],True,True,True,True,3,2,1,"[""bm25"", ""dense"", ""metadata""]",1,False,False,False,False,NOT_REQUIRED,True,ANSWER_RETURNED,semi_structured_relation,CSE 101 course-er credit 3.00.,curricula_BSc-Curriculum-New.pdf,51,doc-4d373684ce4879ed066003f5-p000051-b0002-c0001,CSE 101 Introduction to Computer Science & Programming Methodology 3.00 Nil,[],False,0,False,True,True,True,RELATION_EVIDENCE_VERIFIED,,0.195750599996245,0.0,0.000287499999103602,0.20069040000089444,5127606272,5620170752,311447552,5084876800,,False,False,True,True,1.0,True,True,True,True,True,True,True,True
da4978c4cfcbd608f980,Q033,english,How many credits is CSE 102 Introduction to Computer Sc. & Programming Methodology Lab?,CSE 102 Introduction to Computer Sc. & Programming Methodology Lab is a 1.50-credit course.,CSE 102 Introduction to Computer Sc. & Programming Methodology Lab is a 1.50-credit course.,51,DATASET_REFERENCE,SUPPORTED,DIRECT_STRUCTURED_SUPPORT,STRONG,cse 102,credits,,,[],[],[],True,True,,True,2,2,1,"[""bm25"", ""dense"", ""metadata""]",1,False,False,False,False,NOT_REQUIRED,True,ANSWER_RETURNED,structured_exact,CSE 102 carries 1.50 credits.,curricula_BSc-Curriculum-New.pdf,51,doc-4d373684ce4879ed066003f5-p000051-b0003-c0001,CSE 102 Introduction to Computer Sc. & Programming Methodology Lab 1.50 Nil,[],False,0,False,True,True,True,FACTUAL_TOKENS_SUPPORTED,,0.22870169999805512,0.0,0.0005034999994677491,0.23488970000471454,5129785344,5620170752,323825664,5084794880,,False,False,True,True,1.0,True,True,True,True,True,True,True,True
da4978c4cfcbd608f980,Q033,bangla,CSE 102 Introduction to Computer Sc. & Programming Methodology Lab কোর্সটির ক্রেডিট কত?,CSE 102 Introduction to Computer Sc. & Programming Methodology Lab 1.50 ক্রেডিটের কোর্স।,CSE 102 Introduction to Computer Sc. & Programming Methodology Lab 1.50 ক্রেডিটের কোর্স।,51,DATASET_REFERENCE,SUPPORTED,DIRECT_STRUCTURED_SUPPORT,STRONG,cse 102,credits,,,[],[],[],True,True,,True,2,2,1,"[""bm25"", ""dense"", ""metadata""]",1,False,False,False,False,NOT_REQUIRED,True,ANSWER_RETURNED,structured_exact,CSE 102 কোর্সটির ক্রেডিট 1.50।,curricula_BSc-Curriculum-New.pdf,51,doc-4d373684ce4879ed066003f5-p000051-b0003-c0001,CSE 102 Introduction to Computer Sc. & Programming Methodology Lab 1.50 Nil,[],False,0,False,True,True,True,FACTUAL_TOKENS_SUPPORTED,,0.2558509000009508,0.0,0.0005344999954104424,0.2637661000044318,5130080256,5620170752,305618944,5084155904,,False,False,True,True,1.0,True,True,True,True,True,True,True,True
da4978c4cfcbd608f980,Q033,banglish,CSE 102 Introduction to Computer Sc. & Programming Methodology Lab course-er credit koto?,CSE 102 Introduction to Computer Sc. & Programming Methodology Lab 1.50-credit course.,CSE 102 Introduction to Computer Sc. & Programming Methodology Lab 1.50-credit course.,51,DATASET_REFERENCE,SUPPORTED,DIRECT_STRUCTURED_SUPPORT,STRONG,cse 102,credits,,,[],[],[],True,True,,True,2,2,1,"[""bm25"", ""dense"", ""metadata""]",1,False,False,False,False,NOT_REQUIRED,True,ANSWER_RETURNED,structured_exact,CSE 102 course-er credit 1.50.,curricula_BSc-Curriculum-New.pdf,51,doc-4d373684ce4879ed066003f5-p000051-b0003-c0001,CSE 102 Introduction to Computer Sc. & Programming Methodology Lab 1.50 Nil,[],False,0,False,True,True,True,FACTUAL_TOKENS_SUPPORTED,,0.22032059999764897,0.0,0.0003991999983554706,0.2255308000021614,5128744960,5620170752,309088256,5083934720,,False,False,True,True,1.0,True,True,True,True,True,True,True,True
da4978c4cfcbd608f980,Q034,english,How many credits is HSS 101 English I: Written and Spoken English?,HSS 101 English I: Written and Spoken English is a 3.00-credit course.,HSS 101 English I: Written and Spoken English is a 3.00-credit course.,51,DATASET_REFERENCE,SUPPORTED,DIRECT_RELATION_SUPPORT,STRONG,hss 101,credits,course_credits,course_credits,"[""3.00""]",[],[],True,True,True,True,2,2,1,"[""bm25"", ""dense"", ""metadata""]",1,False,False,False,False,NOT_REQUIRED,True,ANSWER_RETURNED,semi_structured_relation,HSS 101 carries 3.00 credits.,curricula_BSc-Curriculum-New.pdf,51,doc-4d373684ce4879ed066003f5-p000051-b0004-c0001,HSS 101 English I: Written and Spoken English 3.00 Nil,[],False,0,False,True,True,True,RELATION_EVIDENCE_VERIFIED,,0.5311770999978762,0.0,0.000672800000756979,0.5418713000035495,4979830784,5620170752,184938496,5083230208,,False,False,False,True,0.5,True,True,True,True,True,True,True,True
da4978c4cfcbd608f980,Q034,bangla,HSS 101 English I: Written and Spoken English কোর্সটির ক্রেডিট কত?,HSS 101 English I: Written and Spoken English 3.00 ক্রেডিটের কোর্স।,HSS 101 English I: Written and Spoken English 3.00 ক্রেডিটের কোর্স।,51,DATASET_REFERENCE,SUPPORTED,DIRECT_RELATION_SUPPORT,STRONG,hss 101,credits,course_credits,course_credits,"[""3.00""]",[],[],True,True,True,True,2,2,1,"[""bm25"", ""dense"", ""metadata""]",1,False,False,False,False,NOT_REQUIRED,True,ANSWER_RETURNED,semi_structured_relation,HSS 101 কোর্সের ক্রেডিট 3.00।,curricula_BSc-Curriculum-New.pdf,51,doc-4d373684ce4879ed066003f5-p000051-b0004-c0001,HSS 101 English I: Written and Spoken English 3.00 Nil,[],False,0,False,True,True,True,RELATION_EVIDENCE_VERIFIED,,0.31858220000140136,0.0,0.0005713999998988584,0.32663879999745404,4959244288,5620170752,193675264,5082849280,,False,False,False,True,0.5,True,True,True,True,True,True,True,True
da4978c4cfcbd608f980,Q034,banglish,HSS 101 English I: Written and Spoken English course-er credit koto?,HSS 101 English I: Written and Spoken English 3.00-credit course.,HSS 101 English I: Written and Spoken English 3.00-credit course.,51,DATASET_REFERENCE,SUPPORTED,DIRECT_RELATION_SUPPORT,STRONG,hss 101,credits,course_credits,course_credits,"[""3.00""]",[],[],True,True,True,True,2,2,1,"[""bm25"", ""dense"", ""metadata""]",1,False,False,False,False,NOT_REQUIRED,True,ANSWER_RETURNED,semi_structured_relation,HSS 101 course-er credit 3.00.,curricula_BSc-Curriculum-New.pdf,61,doc-4d373684ce4879ed066003f5-p000061-b0005-c0001,"Course Code: HSS 101 Course Title: English I: Written and Spoken English Credits: 1.50 A. Written English: Writing Mechanics & Grammar: Spelling, Capitalization, Punctuation, Vocabulary Writing skills for formal and i nformal communications: Paragraph/ Essay/ Story Writing, Opinion Writing, Letter Writing – Formal and Informal, Memo Writing, Report Writing, E-mail Writing, Web Content Writing. Editing & Proofreading: Headings, Correct use of capitals and other elements of consistency, S entence Construction, Italics and Bolding, Spacing and Layout, Common Editing and Proofreading Errors. B. Spoken English: Conversation skills: Starting a conversation, Introducing oneself and others, Responding. Speaking skills in a forma l and informal setting: Casual conversation, Discussion, Giving Opinions, Apologizing, Expressing Wishes and Regrets, Giving and seeking Permission/Advice/Suggestions. Presentation skills and Interview skills . Anchoring: Tips and tricks for anchoring in University events, Department events, Cultural events. References: 1. John & Liz Soars: New Headway Intermediate, Publisher: Oxford University Press 2. Langan J.(2005) College Writing skills with Readings, Sixth Edition, Publisher: McGraw-Hill 3. Judith R. & Wiene r, Harvey (editor) Lambert: The Advancing Writer Book Reading and Writing Essays, Publisher: HaperCollins College 4. Philip Binham: How to Say It? Publisher: Longma",[],False,0,False,True,True,True,RELATION_EVIDENCE_VERIFIED,,0.3027128999965498,0.0,0.0006101999970269389,0.3132452000063495,4939010048,5620170752,165789696,5082390528,,False,False,False,True,0.5,True,True,True,True,True,True,True,True
da4978c4cfcbd608f980,Q035,english,How many credits is HSS 111(A) Bangladesh Studies: Society and Culture?,HSS 111(A) Bangladesh Studies: Society and Culture is a 2.00-credit course.,HSS 111(A) Bangladesh Studies: Society and Culture is a 2.00-credit course.,51,DATASET_REFERENCE,SUPPORTED,DIRECT_RELATION_SUPPORT,STRONG,hss 111(a),credits,course_credits,course_credits,"[""2.00""]",[],[],True,True,True,True,1,1,1,"[""bm25"", ""dense"", ""metadata""]",1,False,False,False,False,NOT_REQUIRED,True,ANSWER_RETURNED,semi_structured_relation,HSS 111(A) carries 2.00 credits.,curricula_BSc-Curriculum-New.pdf,51,doc-4d373684ce4879ed066003f5-p000051-b0005-c0001,HSS 111(A) Bangladesh Studies: Society and Culture 2.00 Nil,[],False,0,False,True,True,True,RELATION_EVIDENCE_VERIFIED,,0.46657269999559503,0.0,0.00044889999844599515,0.4743910999968648,4757745664,5620170752,151662592,5082013696,,False,False,True,True,1.0,True,True,True,True,True,True,True,True
da4978c4cfcbd608f980,Q035,bangla,HSS 111(A) Bangladesh Studies: Society and Culture কোর্সটির ক্রেডিট কত?,HSS 111(A) Bangladesh Studies: Society and Culture 2.00 ক্রেডিটের কোর্স।,HSS 111(A) Bangladesh Studies: Society and Culture 2.00 ক্রেডিটের কোর্স।,51,DATASET_REFERENCE,SUPPORTED,DIRECT_RELATION_SUPPORT,STRONG,hss 111(a),credits,course_credits,course_credits,"[""2.00""]",[],[],True,True,True,True,1,1,1,"[""bm25"", ""dense"", ""metadata""]",1,False,False,False,False,NOT_REQUIRED,True,ANSWER_RETURNED,semi_structured_relation,HSS 111(A) কোর্সের ক্রেডিট 2.00।,curricula_BSc-Curriculum-New.pdf,51,doc-4d373684ce4879ed066003f5-p000051-b0005-c0001,HSS 111(A) Bangladesh Studies: Society and Culture 2.00 Nil,[],False,0,False,True,True,True,RELATION_EVIDENCE_VERIFIED,,0.2833409000013489,0.0,0.0004727000050479546,0.2890953999958583,4735057920,5620170752,194387968,5081866240,,False,False,True,True,1.0,True,True,True,True,True,True,True,True
da4978c4cfcbd608f980,Q035,banglish,HSS 111(A) Bangladesh Studies: Society and Culture course-er credit koto?,HSS 111(A) Bangladesh Studies: Society and Culture 2.00-credit course.,HSS 111(A) Bangladesh Studies: Society and Culture 2.00-credit course.,51,DATASET_REFERENCE,SUPPORTED,DIRECT_RELATION_SUPPORT,STRONG,hss 111(a),credits,course_credits,course_credits,"[""2.00""]",[],[],True,True,True,True,1,1,1,"[""bm25"", ""dense"", ""metadata""]",1,False,False,False,False,NOT_REQUIRED,True,ANSWER_RETURNED,semi_structured_relation,HSS 111(A) course-er credit 2.00.,curricula_BSc-Curriculum-New.pdf,51,doc-4d373684ce4879ed066003f5-p000051-b0005-c0001,HSS 111(A) Bangladesh Studies: Society and Culture 2.00 Nil,[],False,0,False,True,True,True,RELATION_EVIDENCE_VERIFIED,,0.2898376000011922,0.0,0.0004171999971731566,0.29876749999675667,4682743808,5620170752,208355328,5082509312,,False,False,True,True,1.0,True,True,True,True,True,True,True,True
da4978c4cfcbd608f980,Q036,english,How many credits is HSS 111(B) Bangladesh Studies: Bangladesh History?,HSS 111(B) Bangladesh Studies: Bangladesh History is a 2.00-credit course.,HSS 111(B) Bangladesh Studies: Bangladesh History is a 2.00-credit course.,51,DATASET_REFERENCE,SUPPORTED,DIRECT_RELATION_SUPPORT,STRONG,hss 111(b),credits,course_credits,course_credits,"[""2.00""]",[],[],True,True,True,True,1,1,1,"[""bm25"", ""dense"", ""metadata""]",1,False,False,False,False,NOT_REQUIRED,True,ANSWER_RETURNED,semi_structured_relation,HSS 111(B) carries 2.00 credits.,curricula_BSc-Curriculum-New.pdf,51,doc-4d373684ce4879ed066003f5-p000051-b0006-c0001,HSS 111(B) Bangladesh Studies: Bangladesh History 2.00 Nil,[],False,0,False,True,True,True,RELATION_EVIDENCE_VERIFIED,,0.31060469999647466,0.0,0.00032900000223889947,0.3150424000050407,4663603200,5620170752,201367552,5049245696,,False,False,True,True,1.0,True,True,True,True,True,True,True,True
da4978c4cfcbd608f980,Q036,bangla,HSS 111(B) Bangladesh Studies: Bangladesh History কোর্সটির ক্রেডিট কত?,HSS 111(B) Bangladesh Studies: Bangladesh History 2.00 ক্রেডিটের কোর্স।,HSS 111(B) Bangladesh Studies: Bangladesh History 2.00 ক্রেডিটের কোর্স।,51,DATASET_REFERENCE,SUPPORTED,DIRECT_RELATION_SUPPORT,STRONG,hss 111(b),credits,course_credits,course_credits,"[""2.00""]",[],[],True,True,True,True,1,1,1,"[""bm25"", ""dense"", ""metadata""]",1,False,False,False,False,NOT_REQUIRED,True,ANSWER_RETURNED,semi_structured_relation,HSS 111(B) কোর্সের ক্রেডিট 2.00।,curricula_BSc-Curriculum-New.pdf,51,doc-4d373684ce4879ed066003f5-p000051-b0006-c0001,HSS 111(B) Bangladesh Studies: Bangladesh History 2.00 Nil,[],False,0,False,True,True,True,RELATION_EVIDENCE_VERIFIED,,0.25759419999667443,0.0,0.00033850000181701034,0.26251570000022184,4645015552,5620170752,214790144,5042446336,,False,False,True,True,1.0,True,True,True,True,True,True,True,True
da4978c4cfcbd608f980,Q036,banglish,HSS 111(B) Bangladesh Studies: Bangladesh History course-er credit koto?,HSS 111(B) Bangladesh Studies: Bangladesh History 2.00-credit course.,HSS 111(B) Bangladesh Studies: Bangladesh History 2.00-credit course.,51,DATASET_REFERENCE,SUPPORTED,DIRECT_RELATION_SUPPORT,STRONG,hss 111(b),credits,course_credits,course_credits,"[""2.00""]",[],[],True,True,True,True,1,1,1,"[""bm25"", ""dense"", ""metadata""]",1,False,False,False,False,NOT_REQUIRED,True,ANSWER_RETURNED,semi_structured_relation,HSS 111(B) course-er credit 2.00.,curricula_BSc-Curriculum-New.pdf,51,doc-4d373684ce4879ed066003f5-p000051-b0006-c0001,HSS 111(B) Bangladesh Studies: Bangladesh History 2.00 Nil,[],False,0,False,True,True,True,RELATION_EVIDENCE_VERIFIED,,0.2725542000043788,0.0,0.00040660000377101824,0.27836350000143284,4628295680,5620170752,230019072,5042323456,,False,False,True,True,1.0,True,True,True,True,True,True,True,True
da4978c4cfcbd608f980,Q037,english,How many credits is PHY 101 Physics?,PHY 101 Physics is a 3.00-credit course.,PHY 101 Physics is a 3.00-credit course.,51,DATASET_REFERENCE,SUPPORTED,DIRECT_RELATION_SUPPORT,STRONG,phy 101,credits,course_credits,course_credits,"[""3.00""]",[],[],True,True,True,True,2,2,1,"[""bm25"", ""dense"", ""metadata""]",1,False,False,False,False,NOT_REQUIRED,True,ANSWER_RETURNED,semi_structured_relation,PHY 101 carries 3.00 credits.,curricula_BSc-Curriculum-New.pdf,51,doc-4d373684ce4879ed066003f5-p000051-b0007-c0001,PHY 101 Physics 3.00 Nil,[],False,0,False,True,True,True,RELATION_EVIDENCE_VERIFIED,,0.26139320000220323,0.0,0.00039670000114711,0.2709945999959018,4608077824,5620170752,226705408,5027074047,,False,False,True,True,1.0,True,True,True,True,True,True,True,True
da4978c4cfcbd608f980,Q037,bangla,PHY 101 Physics কোর্সটির ক্রেডিট কত?,PHY 101 Physics 3.00 ক্রেডিটের কোর্স।,PHY 101 Physics 3.00 ক্রেডিটের কোর্স।,51,DATASET_REFERENCE,SUPPORTED,DIRECT_RELATION_SUPPORT,STRONG,phy 101,credits,course_credits,course_credits,"[""3.00""]",[],[],True,True,True,True,2,2,1,"[""bm25"", ""dense"", ""metadata""]",1,False,False,False,False,NOT_REQUIRED,True,ANSWER_RETURNED,semi_structured_relation,PHY 101 কোর্সের ক্রেডিট 3.00।,curricula_BSc-Curriculum-New.pdf,62,doc-4d373684ce4879ed066003f5-p000062-b0007-c0001,"Course Code: PHY 101 Course Title: Physics Credits: 3.00 Prerequisite: None Heat and Thermodynamics: Principle of temperature measurements: platinum resistance thermometer, thermo -electric thermometer, pyrometer; Kinetic theory of gases: Maxwell's distribution of molecular speeds, mean free path, equipartition of energy, Brownian motion, Van der Waal's equation of state, review of the First Law of thermodynamics and its application, reversible and irreversible processes, Second Law of thermodynamics, Carnot cycle; Efficiency of heat engines, Carnot's Theorem, entropy and disorder, thermodynamic functions, Maxw ell relations, Clausius -Clapeyron Equation, Gibbs Phase Rule, Third Law of thermodynamics. Structure of Matter: Crystalline and non -crystalline solids, single crystal and polycrystal solids, unit cell, crystal systems, coordinations number, crystal planes and directions, sodium chloride and CsCl structure, packing factor, Miller indices, relation between interplanar spacing and Miller indices, Bragg's Law, methods of determination of interplanar spacing from diffraction patterns; Defects in solids: point defects, line defects; Bonds in solids, inter -atomic distances, calculation of cohesive and bonding energy; Introduction to band theory: distinction",[],False,0,False,True,True,True,RELATION_EVIDENCE_VERIFIED,,0.31431330000486923,0.0,0.0005298999967635609,0.3217069000020274,4588568576,5620170752,212893696,5009317888,,False,False,False,True,0.5,True,True,True,True,True,True,True,True
da4978c4cfcbd608f980,Q037,banglish,PHY 101 Physics course-er credit koto?,PHY 101 Physics 3.00-credit course.,PHY 101 Physics 3.00-credit course.,51,DATASET_REFERENCE,SUPPORTED,DIRECT_RELATION_SUPPORT,STRONG,phy 101,credits,course_credits,course_credits,"[""3.00""]",[],[],True,True,True,True,2,2,1,"[""bm25"", ""dense"", ""metadata""]",1,False,False,False,False,NOT_REQUIRED,True,ANSWER_RETURNED,semi_structured_relation,PHY 101 course-er credit 3.00.,curricula_BSc-Curriculum-New.pdf,62,doc-4d373684ce4879ed066003f5-p000062-b0007-c0001,"Course Code: PHY 101 Course Title: Physics Credits: 3.00 Prerequisite: None Heat and Thermodynamics: Principle of temperature measurements: platinum resistance thermometer, thermo -electric thermometer, pyrometer; Kinetic theory of gases: Maxwell's distribution of molecular speeds, mean free path, equipartition of energy, Brownian motion, Van der Waal's equation of state, review of the First Law of thermodynamics and its application, reversible and irreversible processes, Second Law of thermodynamics, Carnot cycle; Efficiency of heat engines, Carnot's Theorem, entropy and disorder, thermodynamic functions, Maxw ell relations, Clausius -Clapeyron Equation, Gibbs Phase Rule, Third Law of thermodynamics. Structure of Matter: Crystalline and non -crystalline solids, single crystal and polycrystal solids, unit cell, crystal systems, coordinations number, crystal planes and directions, sodium chloride and CsCl structure, packing factor, Miller indices, relation between interplanar spacing and Miller indices, Bragg's Law, methods of determination of interplanar spacing from diffraction patterns; Defects in solids: point defects, line defects; Bonds in solids, inter -atomic distances, calculation of cohesive and bonding energy; Introduction to band theory: distinction",[],False,0,False,True,True,True,RELATION_EVIDENCE_VERIFIED,,0.4910595999972429,0.0,0.0005075000008218922,0.4999972000005073,4519378944,5620170752,237424640,5008965632,,False,False,False,True,0.5,True,True,True,True,True,True,True,True
da4978c4cfcbd608f980,Q038,english,How many credits is PHY 102 Physics Lab?,PHY 102 Physics Lab is a 1.50-credit course.,PHY 102 Physics Lab is a 1.50-credit course.,51,DATASET_REFERENCE,SUPPORTED,DIRECT_RELATION_SUPPORT,STRONG,phy 102,credits,course_credits,course_credits,"[""1.50""]",[],[],True,True,True,True,2,2,1,"[""bm25"", ""dense"", ""metadata""]",1,False,False,False,False,NOT_REQUIRED,True,ANSWER_RETURNED,semi_structured_relation,PHY 102 carries 1.50 credits.,curricula_BSc-Curriculum-New.pdf,51,doc-4d373684ce4879ed066003f5-p000051-b0008-c0001,PHY 102 Physics Lab 1.50 Nil,[],False,0,False,True,True,True,RELATION_EVIDENCE_VERIFIED,,0.2467149000003701,0.0,0.00029009999707341194,0.251314100001764,4494749696,5620170752,252452864,4992155648,,False,False,True,True,1.0,True,True,True,True,True,True,True,True
da4978c4cfcbd608f980,Q038,bangla,PHY 102 Physics Lab কোর্সটির ক্রেডিট কত?,PHY 102 Physics Lab 1.50 ক্রেডিটের কোর্স।,PHY 102 Physics Lab 1.50 ক্রেডিটের কোর্স।,51,DATASET_REFERENCE,SUPPORTED,DIRECT_RELATION_SUPPORT,STRONG,phy 102,credits,course_credits,course_credits,"[""1.50""]",[],[],True,True,True,True,2,2,1,"[""bm25"", ""dense"", ""metadata""]",1,False,False,False,False,NOT_REQUIRED,True,ANSWER_RETURNED,semi_structured_relation,PHY 102 কোর্সের ক্রেডিট 1.50।,curricula_BSc-Curriculum-New.pdf,51,doc-4d373684ce4879ed066003f5-p000051-b0008-c0001,PHY 102 Physics Lab 1.50 Nil,[],False,0,False,True,True,True,RELATION_EVIDENCE_VERIFIED,,0.2377900999999838,0.0,0.0003006000042660162,0.24280600000201957,4494782464,5620170752,246693888,4988743680,,False,False,False,True,0.5,True,True,True,True,True,True,True,True
da4978c4cfcbd608f980,Q038,banglish,PHY 102 Physics Lab course-er credit koto?,PHY 102 Physics Lab 1.50-credit course.,PHY 102 Physics Lab 1.50-credit course.,51,DATASET_REFERENCE,SUPPORTED,DIRECT_RELATION_SUPPORT,STRONG,phy 102,credits,course_credits,course_credits,"[""1.50""]",[],[],True,True,True,True,2,2,1,"[""bm25"", ""dense"", ""metadata""]",1,False,False,False,False,NOT_REQUIRED,True,ANSWER_RETURNED,semi_structured_relation,PHY 102 course-er credit 1.50.,curricula_BSc-Curriculum-New.pdf,63,doc-4d373684ce4879ed066003f5-p000063-b0004-c0001,"Course Code: PHY 102 Course Title: Physics Lab Credits: 1.5 Prerequisite: None Lab work based on theory, assigned by the course teacher.",[],False,0,False,True,True,True,RELATION_EVIDENCE_VERIFIED,,0.20747000000119442,0.0,0.0005334000015864149,0.21323049999773502,4494786560,5620170752,250392576,4988575744,,False,False,False,True,0.5,True,True,True,True,True,True,True,True
da4978c4cfcbd608f980,Q039,english,"How many credits is MTH 101 Math I: Basic Calculus, Co-ordinate Geometry?","MTH 101 Math I: Basic Calculus, Co-ordinate Geometry is a 3.00-credit course.","MTH 101 Math I: Basic Calculus, Co-ordinate Geometry is a 3.00-credit course.",51,DATASET_REFERENCE,SUPPORTED,DIRECT_STRUCTURED_SUPPORT,STRONG,mth 101,credits,,,[],[],[],True,True,,True,2,2,1,"[""bm25"", ""dense"", ""metadata""]",1,False,False,False,False,NOT_REQUIRED,True,ANSWER_RETURNED,structured_exact,MTH 101 carries 3.00 credits.,curricula_BSc-Curriculum-New.pdf,51,doc-4d373684ce4879ed066003f5-p000051-b0009-c0001,"MTH 101 Math I: Basic Calcu lus, Coordinate Geometry 3.00 Nil Total 19.00",[],False,0,False,True,True,True,FACTUAL_TOKENS_SUPPORTED,,0.2585359000004246,0.0,0.0003756000005523674,0.26435489999857964,4495962112,5620170752,223621120,4988276736,,False,False,True,True,1.0,True,True,True,True,True,True,True,True
da4978c4cfcbd608f980,Q039,bangla,"MTH 101 Math I: Basic Calculus, Co-ordinate Geometry কোর্সটির ক্রেডিট কত?","MTH 101 Math I: Basic Calculus, Co-ordinate Geometry 3.00 ক্রেডিটের কোর্স।","MTH 101 Math I: Basic Calculus, Co-ordinate Geometry 3.00 ক্রেডিটের কোর্স।",51,DATASET_REFERENCE,SUPPORTED,DIRECT_STRUCTURED_SUPPORT,STRONG,mth 101,credits,,,[],[],[],True,True,,True,2,2,1,"[""bm25"", ""dense"", ""metadata""]",1,False,False,False,False,NOT_REQUIRED,True,ANSWER_RETURNED,structured_exact,MTH 101 কোর্সটির ক্রেডিট 3.00।,curricula_BSc-Curriculum-New.pdf,51,doc-4d373684ce4879ed066003f5-p000051-b0009-c0001,"MTH 101 Math I: Basic Calcu lus, Coordinate Geometry 3.00 Nil Total 19.00",[],False,0,False,True,True,True,FACTUAL_TOKENS_SUPPORTED,,0.3680510000049253,0.0,0.0005304999940562993,0.37493220000033034,4481773568,5620170752,133136384,4988129280,,False,False,True,True,1.0,True,True,True,True,True,True,True,True
da4978c4cfcbd608f980,Q039,banglish,"MTH 101 Math I: Basic Calculus, Co-ordinate Geometry course-er credit koto?","MTH 101 Math I: Basic Calculus, Co-ordinate Geometry 3.00-credit course.","MTH 101 Math I: Basic Calculus, Co-ordinate Geometry 3.00-credit course.",51,DATASET_REFERENCE,SUPPORTED,DIRECT_STRUCTURED_SUPPORT,STRONG,mth 101,credits,,,[],[],[],True,True,,True,2,2,1,"[""bm25"", ""dense"", ""metadata""]",1,False,False,False,False,NOT_REQUIRED,True,ANSWER_RETURNED,structured_exact,MTH 101 course-er credit 3.00.,curricula_BSc-Curriculum-New.pdf,63,doc-4d373684ce4879ed066003f5-p000063-b0005-c0001,"Course Code: MTH 101 Course Title: Math I Credits: 3.00 Prerequisite: N/A Three dimensional geometry: Co-ordinates in three dimensions, direction cosines and direction ratios, planes, sphere, straight line and conicoids (basic definition and properties only). Concept of functions : Function, domain and range of a function, graphs of simple functions (exponential, logarithmic and trigonometric), inverse function, function of several variables. Limit and continuity for single and several variables : Existence of limits, limits at infinity, properties and computational techniques of limits, properties of continuous functions, L‘ Hospital‘s rule. Differentiation and its applications : Tangent lines and rates of change, differentiability, techniques of differentiation, successive differentiation, Leibnitz‘s theorem, Rolle‘s theorem and mean value theorem, Taylor and",[],False,0,False,True,True,True,FACTUAL_TOKENS_SUPPORTED,,0.2147878000032506,0.0,0.00035850000131176785,0.21938500000396743,4463464448,5620170752,132157440,4987990016,,False,False,False,True,0.5,True,True,True,True,True,True,True,True
da4978c4cfcbd608f980,Q040,english,How many credits is CSE 103 Structured Programming?,CSE 103 Structured Programming is a 3.00-credit course.,CSE 103 Structured Programming is a 3.00-credit course.,52,DATASET_REFERENCE,SUPPORTED,DIRECT_RELATION_SUPPORT,STRONG,cse 103,credits,course_credits,course_credits,"[""3.00""]",[],[],True,True,True,True,2,2,1,"[""bm25"", ""dense"", ""metadata""]",1,False,False,False,False,NOT_REQUIRED,True,ANSWER_RETURNED,semi_structured_relation,CSE 103 carries 3.00 credits.,curricula_BSc-Curriculum-New.pdf,52,doc-4d373684ce4879ed066003f5-p000052-b0002-c0001,CSE 103 Structured Programming 3.00 CSE 101,[],False,0,False,True,True,True,RELATION_EVIDENCE_VERIFIED,,0.2370678000006592,0.0,0.0003101999973296188,0.24241349999647355,4444307456,5620170752,138137600,4987924480,,False,False,True,True,1.0,True,True,True,True,True,True,True,True
da4978c4cfcbd608f980,Q040,bangla,CSE 103 Structured Programming কোর্সটির ক্রেডিট কত?,CSE 103 Structured Programming 3.00 ক্রেডিটের কোর্স।,CSE 103 Structured Programming 3.00 ক্রেডিটের কোর্স।,52,DATASET_REFERENCE,SUPPORTED,DIRECT_RELATION_SUPPORT,STRONG,cse 103,credits,course_credits,course_credits,"[""3.00""]",[],[],True,True,True,True,2,2,1,"[""bm25"", ""dense"", ""metadata""]",1,False,False,False,False,NOT_REQUIRED,True,ANSWER_RETURNED,semi_structured_relation,CSE 103 কোর্সের ক্রেডিট 3.00।,curricula_BSc-Curriculum-New.pdf,52,doc-4d373684ce4879ed066003f5-p000052-b0002-c0001,CSE 103 Structured Programming 3.00 CSE 101,[],False,0,False,True,True,True,RELATION_EVIDENCE_VERIFIED,,0.3849906999967061,0.0,0.0005262999984552152,0.3955033000020194,4263530496,5620170752,213520384,4980113408,,False,False,True,True,1.0,True,True,True,True,True,True,True,True
da4978c4cfcbd608f980,Q040,banglish,CSE 103 Structured Programming course-er credit koto?,CSE 103 Structured Programming 3.00-credit course.,CSE 103 Structured Programming 3.00-credit course.,52,DATASET_REFERENCE,SUPPORTED,DIRECT_RELATION_SUPPORT,STRONG,cse 103,credits,course_credits,course_credits,"[""3.00""]",[],[],True,True,True,True,2,2,1,"[""bm25"", ""dense"", ""metadata""]",1,False,False,False,False,NOT_REQUIRED,True,ANSWER_RETURNED,semi_structured_relation,CSE 103 course-er credit 3.00.,curricula_BSc-Curriculum-New.pdf,52,doc-4d373684ce4879ed066003f5-p000052-b0002-c0001,CSE 103 Structured Programming 3.00 CSE 101,[],False,0,False,True,True,True,RELATION_EVIDENCE_VERIFIED,,0.32821289999992587,0.0,0.0003249000001233071,0.33418060000258265,4261003264,5620170752,226828288,4962656256,,False,False,True,True,1.0,True,True,True,True,True,True,True,True
da4978c4cfcbd608f980,Q041,english,How many credits is CSE 104 Structured Programming Lab?,CSE 104 Structured Programming Lab is a 1.50-credit course.,CSE 104 Structured Programming Lab is a 1.50-credit course.,52,DATASET_REFERENCE,SUPPORTED,DIRECT_RELATION_SUPPORT,STRONG,cse 104,credits,course_credits,course_credits,"[""1.50""]",[],[],True,True,True,True,2,2,1,"[""bm25"", ""dense"", ""metadata""]",1,False,False,False,False,NOT_REQUIRED,True,ANSWER_RETURNED,semi_structured_relation,CSE 104 carries 1.50 credits.,curricula_BSc-Curriculum-New.pdf,66,doc-4d373684ce4879ed066003f5-p000066-b0002-c0001,Course Code: CSE 104 Course Title: Structured Programming Lab Credits: 1.50 Prerequisite: None Objectives: Laboratory works and assignments will be based on CSE – 103,[],False,0,False,True,True,True,RELATION_EVIDENCE_VERIFIED,,0.26911630000540754,0.0,0.0004933000018354505,0.2748518000007607,4260311040,5620170752,240848896,4952436736,,False,False,False,True,0.5,True,True,True,True,True,True,True,True
da4978c4cfcbd608f980,Q041,bangla,CSE 104 Structured Programming Lab কোর্সটির ক্রেডিট কত?,CSE 104 Structured Programming Lab 1.50 ক্রেডিটের কোর্স।,CSE 104 Structured Programming Lab 1.50 ক্রেডিটের কোর্স।,52,DATASET_REFERENCE,SUPPORTED,DIRECT_RELATION_SUPPORT,STRONG,cse 104,credits,course_credits,course_credits,"[""1.50""]",[],[],True,True,True,True,2,2,1,"[""bm25"", ""dense"", ""metadata""]",1,False,False,False,False,NOT_REQUIRED,True,ANSWER_RETURNED,semi_structured_relation,CSE 104 কোর্সের ক্রেডিট 1.50।,curricula_BSc-Curriculum-New.pdf,66,doc-4d373684ce4879ed066003f5-p000066-b0002-c0001,Course Code: CSE 104 Course Title: Structured Programming Lab Credits: 1.50 Prerequisite: None Objectives: Laboratory works and assignments will be based on CSE – 103,[],False,0,False,True,True,True,RELATION_EVIDENCE_VERIFIED,,0.32775799999944866,0.0,0.00038979999953880906,0.3315174000017578,4261158912,5620170752,224636928,4938051584,,False,False,False,True,0.5,True,True,True,True,True,True,True,True
da4978c4cfcbd608f980,Q041,banglish,CSE 104 Structured Programming Lab course-er credit koto?,CSE 104 Structured Programming Lab 1.50-credit course.,CSE 104 Structured Programming Lab 1.50-credit course.,52,DATASET_REFERENCE,SUPPORTED,DIRECT_RELATION_SUPPORT,STRONG,cse 104,credits,course_credits,course_credits,"[""1.50""]",[],[],True,True,True,True,2,2,1,"[""bm25"", ""dense"", ""metadata""]",1,False,False,False,False,NOT_REQUIRED,True,ANSWER_RETURNED,semi_structured_relation,CSE 104 course-er credit 1.50.,curricula_BSc-Curriculum-New.pdf,66,doc-4d373684ce4879ed066003f5-p000066-b0002-c0001,Course Code: CSE 104 Course Title: Structured Programming Lab Credits: 1.50 Prerequisite: None Objectives: Laboratory works and assignments will be based on CSE – 103,[],False,0,False,True,True,True,RELATION_EVIDENCE_VERIFIED,,0.22318989999621408,0.0,0.0003724000052898191,0.22824020000552991,4261208064,5620170752,228098048,4937981952,,False,False,False,True,0.5,True,True,True,True,True,True,True,True
da4978c4cfcbd608f980,Q042,english,How many credits is CSE 105 Discrete Mathematics?,CSE 105 Discrete Mathematics is a 3.00-credit course.,CSE 105 Discrete Mathematics is a 3.00-credit course.,52,DATASET_REFERENCE,SUPPORTED,DIRECT_RELATION_SUPPORT,STRONG,cse 105,credits,course_credits,course_credits,"[""3.00""]",[],[],True,True,True,True,2,2,1,"[""bm25"", ""dense"", ""metadata""]",1,False,False,False,False,NOT_REQUIRED,True,ANSWER_RETURNED,semi_structured_relation,CSE 105 carries 3.00 credits.,curricula_BSc-Curriculum-New.pdf,52,doc-4d373684ce4879ed066003f5-p000052-b0004-c0001,CSE 105 Discrete Mathematics 3.00 Nil,[],False,0,False,True,True,True,RELATION_EVIDENCE_VERIFIED,,0.2734917999987374,0.0,0.00028819999715778977,0.2783779000019422,4260667392,5620170752,211767296,4937666560,,False,False,True,True,1.0,True,True,True,True,True,True,True,True
da4978c4cfcbd608f980,Q042,bangla,CSE 105 Discrete Mathematics কোর্সটির ক্রেডিট কত?,CSE 105 Discrete Mathematics 3.00 ক্রেডিটের কোর্স।,CSE 105 Discrete Mathematics 3.00 ক্রেডিটের কোর্স।,52,DATASET_REFERENCE,SUPPORTED,DIRECT_RELATION_SUPPORT,STRONG,cse 105,credits,course_credits,course_credits,"[""3.00""]",[],[],True,True,True,True,2,2,1,"[""bm25"", ""dense"", ""metadata""]",1,False,False,False,False,NOT_REQUIRED,True,ANSWER_RETURNED,semi_structured_relation,CSE 105 কোর্সের ক্রেডিট 3.00।,curricula_BSc-Curriculum-New.pdf,52,doc-4d373684ce4879ed066003f5-p000052-b0004-c0001,CSE 105 Discrete Mathematics 3.00 Nil,[],False,0,False,True,True,True,RELATION_EVIDENCE_VERIFIED,,0.28089339999860385,0.0,0.0005090000049676746,0.287589300001855,4227383296,5620170752,212537344,4935155712,,False,False,True,True,1.0,True,True,True,True,True,True,True,True
da4978c4cfcbd608f980,Q042,banglish,CSE 105 Discrete Mathematics course-er credit koto?,CSE 105 Discrete Mathematics 3.00-credit course.,CSE 105 Discrete Mathematics 3.00-credit course.,52,DATASET_REFERENCE,SUPPORTED,DIRECT_RELATION_SUPPORT,STRONG,cse 105,credits,course_credits,course_credits,"[""3.00""]",[],[],True,True,True,True,2,2,1,"[""bm25"", ""dense"", ""metadata""]",1,False,False,False,False,NOT_REQUIRED,True,ANSWER_RETURNED,semi_structured_relation,CSE 105 course-er credit 3.00.,curricula_BSc-Curriculum-New.pdf,52,doc-4d373684ce4879ed066003f5-p000052-b0004-c0001,CSE 105 Discrete Mathematics 3.00 Nil,[],False,0,False,True,True,True,RELATION_EVIDENCE_VERIFIED,,0.27748869999777526,0.0,0.00039229999674716964,0.2859956000029342,4227399680,5620170752,205946880,4929228800,,False,False,True,True,1.0,True,True,True,True,True,True,True,True
da4978c4cfcbd608f980,Q043,english,How many credits is EEE 121 Electrical & Electronic Engineering I?,EEE 121 Electrical & Electronic Engineering I is a 3.00-credit course.,EEE 121 Electrical & Electronic Engineering I is a 3.00-credit course.,52,DATASET_REFERENCE,SUPPORTED,DIRECT_RELATION_SUPPORT,STRONG,eee 121,credits,course_credits,course_credits,"[""3.00""]",[],[],True,True,True,True,2,2,1,"[""bm25"", ""dense"", ""metadata""]",1,False,False,False,False,NOT_REQUIRED,True,ANSWER_RETURNED,semi_structured_relation,EEE 121 carries 3.00 credits.,curricula_BSc-Curriculum-New.pdf,52,doc-4d373684ce4879ed066003f5-p000052-b0005-c0001,EEE 121 Electrical & Electronic Engineering I 3.00 Nil,[],False,0,False,True,True,True,RELATION_EVIDENCE_VERIFIED,,0.390176100001554,0.0,0.0003304999991087243,0.39745530000072904,4226981888,5620170752,165478400,4925181952,,False,False,True,True,1.0,True,True,True,True,True,True,True,True
da4978c4cfcbd608f980,Q043,bangla,EEE 121 Electrical & Electronic Engineering I কোর্সটির ক্রেডিট কত?,EEE 121 Electrical & Electronic Engineering I 3.00 ক্রেডিটের কোর্স।,EEE 121 Electrical & Electronic Engineering I 3.00 ক্রেডিটের কোর্স।,52,DATASET_REFERENCE,SUPPORTED,DIRECT_RELATION_SUPPORT,STRONG,eee 121,credits,course_credits,course_credits,"[""3.00""]",[],[],True,True,True,True,2,2,1,"[""bm25"", ""dense"", ""metadata""]",1,False,False,False,False,NOT_REQUIRED,True,ANSWER_RETURNED,semi_structured_relation,EEE 121 কোর্সের ক্রেডিট 3.00।,curricula_BSc-Curriculum-New.pdf,52,doc-4d373684ce4879ed066003f5-p000052-b0005-c0001,EEE 121 Electrical & Electronic Engineering I 3.00 Nil,[],False,0,False,True,True,True,RELATION_EVIDENCE_VERIFIED,,0.3673211999994237,0.0,0.0005855999988853,0.37931399999797577,4088487936,5620170752,212373504,4920664064,,False,False,True,True,1.0,True,True,True,True,True,True,True,True
da4978c4cfcbd608f980,Q043,banglish,EEE 121 Electrical & Electronic Engineering I course-er credit koto?,EEE 121 Electrical & Electronic Engineering I 3.00-credit course.,EEE 121 Electrical & Electronic Engineering I 3.00-credit course.,52,DATASET_REFERENCE,SUPPORTED,DIRECT_RELATION_SUPPORT,STRONG,eee 121,credits,course_credits,course_credits,"[""3.00""]",[],[],True,True,True,True,2,2,1,"[""bm25"", ""dense"", ""metadata""]",1,False,False,False,False,NOT_REQUIRED,True,ANSWER_RETURNED,semi_structured_relation,EEE 121 course-er credit 3.00.,curricula_BSc-Curriculum-New.pdf,52,doc-4d373684ce4879ed066003f5-p000052-b0005-c0001,EEE 121 Electrical & Electronic Engineering I 3.00 Nil,[],False,0,False,True,True,True,RELATION_EVIDENCE_VERIFIED,,0.5426488000011886,0.0,0.0004193999993731268,0.5482267000043066,4088410112,5620170752,185016320,4910469120,,False,False,True,True,1.0,True,True,True,True,True,True,True,True
da4978c4cfcbd608f980,Q044,english,How many credits is EEE 122 Electrical & Electronic Engineering I Lab?,EEE 122 Electrical & Electronic Engineering I Lab is a 1.50-credit course.,EEE 122 Electrical & Electronic Engineering I Lab is a 1.50-credit course.,52,DATASET_REFERENCE,SUPPORTED,DIRECT_RELATION_SUPPORT,STRONG,eee 122,credits,course_credits,course_credits,"[""1.50""]",[],[],True,True,True,True,2,2,1,"[""bm25"", ""dense"", ""metadata""]",1,False,False,False,False,NOT_REQUIRED,True,ANSWER_RETURNED,semi_structured_relation,EEE 122 carries 1.50 credits.,curricula_BSc-Curriculum-New.pdf,67,doc-4d373684ce4879ed066003f5-p000067-b0008-c0001,Course Code: EEE 122 Course Title: Electrical & Electronic Engineering I Lab Credits: 1.50 Prerequisite: None Laboratory work based on EEE 121 5.3 Second Year First Semester,[],False,0,False,True,True,True,RELATION_EVIDENCE_VERIFIED,,0.28589520000241464,0.0,0.00044720000005327165,0.29158030000689905,4088479744,5620170752,189169664,4910288896,,False,False,False,True,0.5,True,True,True,True,True,True,True,True
da4978c4cfcbd608f980,Q044,bangla,EEE 122 Electrical & Electronic Engineering I Lab কোর্সটির ক্রেডিট কত?,EEE 122 Electrical & Electronic Engineering I Lab 1.50 ক্রেডিটের কোর্স।,EEE 122 Electrical & Electronic Engineering I Lab 1.50 ক্রেডিটের কোর্স।,52,DATASET_REFERENCE,SUPPORTED,DIRECT_RELATION_SUPPORT,STRONG,eee 122,credits,course_credits,course_credits,"[""1.50""]",[],[],True,True,True,True,2,2,1,"[""bm25"", ""dense"", ""metadata""]",1,False,False,False,False,NOT_REQUIRED,True,ANSWER_RETURNED,semi_structured_relation,EEE 122 কোর্সের ক্রেডিট 1.50।,curricula_BSc-Curriculum-New.pdf,67,doc-4d373684ce4879ed066003f5-p000067-b0008-c0001,Course Code: EEE 122 Course Title: Electrical & Electronic Engineering I Lab Credits: 1.50 Prerequisite: None Laboratory work based on EEE 121 5.3 Second Year First Semester,[],False,0,False,True,True,True,RELATION_EVIDENCE_VERIFIED,,0.2731545999995433,0.0,0.00038470000436063856,0.28059299999586074,4071743488,5620170752,200818688,4910133248,,False,False,False,True,0.5,True,True,True,True,True,True,True,True
da4978c4cfcbd608f980,Q044,banglish,EEE 122 Electrical & Electronic Engineering I Lab course-er credit koto?,EEE 122 Electrical & Electronic Engineering I Lab 1.50-credit course.,EEE 122 Electrical & Electronic Engineering I Lab 1.50-credit course.,52,DATASET_REFERENCE,SUPPORTED,DIRECT_RELATION_SUPPORT,STRONG,eee 122,credits,course_credits,course_credits,"[""1.50""]",[],[],True,True,True,True,2,2,1,"[""bm25"", ""dense"", ""metadata""]",1,False,False,False,False,NOT_REQUIRED,True,ANSWER_RETURNED,semi_structured_relation,EEE 122 course-er credit 1.50.,curricula_BSc-Curriculum-New.pdf,67,doc-4d373684ce4879ed066003f5-p000067-b0008-c0001,Course Code: EEE 122 Course Title: Electrical & Electronic Engineering I Lab Credits: 1.50 Prerequisite: None Laboratory work based on EEE 121 5.3 Second Year First Semester,[],False,0,False,True,True,True,RELATION_EVIDENCE_VERIFIED,,0.2580152000009548,0.0,0.00045029999455437064,0.2631734000024153,4071768064,5620170752,182755328,4909953024,,False,False,False,True,0.5,True,True,True,True,True,True,True,True
da4978c4cfcbd608f980,Q045,english,How many credits is MTH 103 Math II: Linear Algebra?,MTH 103 Math II: Linear Algebra is a 3.00-credit course.,MTH 103 Math II: Linear Algebra is a 3.00-credit course.,52,DATASET_REFERENCE,SUPPORTED,DIRECT_RELATION_SUPPORT,STRONG,mth 103,credits,course_credits,course_credits,"[""3.00""]",[],[],True,True,True,True,2,2,1,"[""bm25"", ""dense"", ""metadata""]",1,False,False,False,False,NOT_REQUIRED,True,ANSWER_RETURNED,semi_structured_relation,MTH 103 carries 3.00 credits.,curricula_BSc-Curriculum-New.pdf,52,doc-4d373684ce4879ed066003f5-p000052-b0007-c0001,MTH 103 Math II: Linear Algebra 3.00 Nil,[],False,0,False,True,True,True,RELATION_EVIDENCE_VERIFIED,,0.2929008999999496,0.0,0.00023779999901307747,0.29642270000476856,4072034304,5620170752,168046592,4909838336,,False,False,True,True,1.0,True,True,True,True,True,True,True,True
da4978c4cfcbd608f980,Q045,bangla,MTH 103 Math II: Linear Algebra কোর্সটির ক্রেডিট কত?,MTH 103 Math II: Linear Algebra 3.00 ক্রেডিটের কোর্স।,MTH 103 Math II: Linear Algebra 3.00 ক্রেডিটের কোর্স।,52,DATASET_REFERENCE,SUPPORTED,DIRECT_RELATION_SUPPORT,STRONG,mth 103,credits,course_credits,course_credits,"[""3.00""]",[],[],True,True,True,True,2,2,1,"[""bm25"", ""dense"", ""metadata""]",1,False,False,False,False,NOT_REQUIRED,True,ANSWER_RETURNED,semi_structured_relation,MTH 103 কোর্সের ক্রেডিট 3.00।,curricula_BSc-Curriculum-New.pdf,52,doc-4d373684ce4879ed066003f5-p000052-b0007-c0001,MTH 103 Math II: Linear Algebra 3.00 Nil,[],False,0,False,True,True,True,RELATION_EVIDENCE_VERIFIED,,0.27626990000135265,0.0,0.0004306999981054105,0.28224970000155736,4055732224,5620170752,183603200,4909461504,,False,False,True,True,1.0,True,True,True,True,True,True,True,True
da4978c4cfcbd608f980,Q045,banglish,MTH 103 Math II: Linear Algebra course-er credit koto?,MTH 103 Math II: Linear Algebra 3.00-credit course.,MTH 103 Math II: Linear Algebra 3.00-credit course.,52,DATASET_REFERENCE,SUPPORTED,DIRECT_RELATION_SUPPORT,STRONG,mth 103,credits,course_credits,course_credits,"[""3.00""]",[],[],True,True,True,True,2,2,1,"[""bm25"", ""dense"", ""metadata""]",1,False,False,False,False,NOT_REQUIRED,True,ANSWER_RETURNED,semi_structured_relation,MTH 103 course-er credit 3.00.,curricula_BSc-Curriculum-New.pdf,64,doc-4d373684ce4879ed066003f5-p000064-b0012-c0001,Course Code: MTH 103 Course Title: Math II: Linear Algebra Credits: 3.00 Prerequisite: None,[],False,0,False,True,True,True,RELATION_EVIDENCE_VERIFIED,,0.2780358000018168,0.0,0.00042839999514399096,0.2845887000003131,4055732224,5620170752,175161344,4908797952,,False,False,False,True,0.5,True,True,True,True,True,True,True,True
da4978c4cfcbd608f980,Q046,english,How many credits is CHEM 111 Chemistry?,CHEM 111 Chemistry is a 3.00-credit course.,CHEM 111 Chemistry is a 3.00-credit course.,52,DATASET_REFERENCE,SUPPORTED,DIRECT_RELATION_SUPPORT,STRONG,chem 111,credits,course_credits,course_credits,"[""3.00""]",[],[],True,True,True,True,2,2,1,"[""bm25"", ""dense"", ""metadata""]",1,False,False,False,False,NOT_REQUIRED,True,ANSWER_RETURNED,semi_structured_relation,CHEM 111 carries 3.00 credits.,curricula_BSc-Curriculum-New.pdf,64,doc-4d373684ce4879ed066003f5-p000064-b0010-c0001,"Course Code: CHEM 111 Course Title: Credits: 3.00 Prerequisite: N/A Atomic structure, quantum numbers, electroni c conﬁguration, periodic table; Properties and uses of noble gases; Different types of chemical bonds and their properties; Molecular structure of compounds; Selective organic reactions; Different types of solutions and their compositions; Phase rule, phase diagram of monocomponent system; Properties of dilute solutions; Thermochemistry, chemical kinetics, chemical equilibria; Ionization of water and pH concept; Electrical properties of Solution. Text Books: 1. Physical Chemistry, Author: Bhall and Tully 2. Inorganic Chemistry, Author: Haider",[],False,0,False,True,True,True,RELATION_EVIDENCE_VERIFIED,,0.2888994999957504,0.0,0.0003372999999555759,0.29379189999599475,4055511040,5620170752,125198336,4908568576,,False,False,False,True,0.5,True,True,True,True,True,True,True,True
da4978c4cfcbd608f980,Q046,bangla,CHEM 111 Chemistry কোর্সটির ক্রেডিট কত?,CHEM 111 Chemistry 3.00 ক্রেডিটের কোর্স।,CHEM 111 Chemistry 3.00 ক্রেডিটের কোর্স।,52,DATASET_REFERENCE,SUPPORTED,DIRECT_RELATION_SUPPORT,STRONG,chem 111,credits,course_credits,course_credits,"[""3.00""]",[],[],True,True,True,True,2,2,1,"[""bm25"", ""dense"", ""metadata""]",1,False,False,False,False,NOT_REQUIRED,True,ANSWER_RETURNED,semi_structured_relation,CHEM 111 কোর্সের ক্রেডিট 3.00।,curricula_BSc-Curriculum-New.pdf,64,doc-4d373684ce4879ed066003f5-p000064-b0010-c0001,"Course Code: CHEM 111 Course Title: Credits: 3.00 Prerequisite: N/A Atomic structure, quantum numbers, electroni c conﬁguration, periodic table; Properties and uses of noble gases; Different types of chemical bonds and their properties; Molecular structure of compounds; Selective organic reactions; Different types of solutions and their compositions; Phase rule, phase diagram of monocomponent system; Properties of dilute solutions; Thermochemistry, chemical kinetics, chemical equilibria; Ionization of water and pH concept; Electrical properties of Solution. Text Books: 1. Physical Chemistry, Author: Bhall and Tully 2. Inorganic Chemistry, Author: Haider",[],False,0,False,True,True,True,RELATION_EVIDENCE_VERIFIED,,0.2558738999941852,0.0,0.0004626000009011477,0.26083030000154395,4044963840,5620170752,143585280,4908433408,,False,False,False,True,0.5,True,True,True,True,True,True,True,True
da4978c4cfcbd608f980,Q046,banglish,CHEM 111 Chemistry course-er credit koto?,CHEM 111 Chemistry 3.00-credit course.,CHEM 111 Chemistry 3.00-credit course.,52,DATASET_REFERENCE,SUPPORTED,DIRECT_RELATION_SUPPORT,STRONG,chem 111,credits,course_credits,course_credits,"[""3.00""]",[],[],True,True,True,True,2,2,1,"[""bm25"", ""dense"", ""metadata""]",1,False,False,False,False,NOT_REQUIRED,True,ANSWER_RETURNED,semi_structured_relation,CHEM 111 course-er credit 3.00.,curricula_BSc-Curriculum-New.pdf,64,doc-4d373684ce4879ed066003f5-p000064-b0010-c0001,"Course Code: CHEM 111 Course Title: Credits: 3.00 Prerequisite: N/A Atomic structure, quantum numbers, electroni c conﬁguration, periodic table; Properties and uses of noble gases; Different types of chemical bonds and their properties; Molecular structure of compounds; Selective organic reactions; Different types of solutions and their compositions; Phase rule, phase diagram of monocomponent system; Properties of dilute solutions; Thermochemistry, chemical kinetics, chemical equilibria; Ionization of water and pH concept; Electrical properties of Solution. Text Books: 1. Physical Chemistry, Author: Bhall and Tully 2. Inorganic Chemistry, Author: Haider",[],False,0,False,True,True,True,RELATION_EVIDENCE_VERIFIED,,0.2724949000039487,0.0,0.0004893999939667992,0.27890949999709846,4005834752,5620170752,154685440,4907147264,,False,False,False,True,0.5,True,True,True,True,True,True,True,True
da4978c4cfcbd608f980,Q047,english,How many credits is CHEM 112 Chemistry Lab?,CHEM 112 Chemistry Lab is a 1.50-credit course.,CHEM 112 Chemistry Lab is a 1.50-credit course.,52,DATASET_REFERENCE,SUPPORTED,DIRECT_STRUCTURED_SUPPORT,STRONG,chem 112,credits,,,[],[],[],True,True,,True,2,2,1,"[""bm25"", ""dense"", ""metadata""]",1,False,False,False,False,NOT_REQUIRED,True,ANSWER_RETURNED,structured_exact,CHEM 112 carries 1.50 credits.,curricula_BSc-Curriculum-New.pdf,52,doc-4d373684ce4879ed066003f5-p000052-b0009-c0001,CHEM 112 Chemistry Lab 1.50 Nil Total 19.50 Second Year First Semester Course Code Course Title Credits Pre- Requisite,[],False,0,False,True,True,True,FACTUAL_TOKENS_SUPPORTED,,0.2760865999953239,0.0,0.00029660000291187316,0.2817706999994698,4006359040,5620170752,141213696,4906938368,,False,False,True,True,1.0,True,True,True,True,True,True,True,True
da4978c4cfcbd608f980,Q047,bangla,CHEM 112 Chemistry Lab কোর্সটির ক্রেডিট কত?,CHEM 112 Chemistry Lab 1.50 ক্রেডিটের কোর্স।,CHEM 112 Chemistry Lab 1.50 ক্রেডিটের কোর্স।,52,DATASET_REFERENCE,SUPPORTED,DIRECT_STRUCTURED_SUPPORT,STRONG,chem 112,credits,,,[],[],[],True,True,,True,2,2,1,"[""bm25"", ""dense"", ""metadata""]",1,False,False,False,False,NOT_REQUIRED,True,ANSWER_RETURNED,structured_exact,CHEM 112 কোর্সটির ক্রেডিট 1.50।,curricula_BSc-Curriculum-New.pdf,52,doc-4d373684ce4879ed066003f5-p000052-b0009-c0001,CHEM 112 Chemistry Lab 1.50 Nil Total 19.50 Second Year First Semester Course Code Course Title Credits Pre- Requisite,[],False,0,False,True,True,True,FACTUAL_TOKENS_SUPPORTED,,0.23889889999554725,0.0,0.00045089999912306666,0.24542539999674773,4006363136,5620170752,137060352,4906680320,,False,False,True,True,1.0,True,True,True,True,True,True,True,True
da4978c4cfcbd608f980,Q047,banglish,CHEM 112 Chemistry Lab course-er credit koto?,CHEM 112 Chemistry Lab 1.50-credit course.,CHEM 112 Chemistry Lab 1.50-credit course.,52,DATASET_REFERENCE,SUPPORTED,DIRECT_STRUCTURED_SUPPORT,STRONG,chem 112,credits,,,[],[],[],True,True,,True,2,2,1,"[""bm25"", ""dense"", ""metadata""]",1,False,False,False,False,NOT_REQUIRED,True,ANSWER_RETURNED,structured_exact,CHEM 112 course-er credit 1.50.,curricula_BSc-Curriculum-New.pdf,52,doc-4d373684ce4879ed066003f5-p000052-b0009-c0001,CHEM 112 Chemistry Lab 1.50 Nil Total 19.50 Second Year First Semester Course Code Course Title Credits Pre- Requisite,[],False,0,False,True,True,True,FACTUAL_TOKENS_SUPPORTED,,0.23670220000349218,0.0,0.00030479999986710027,0.24399139999877661,3986202624,5620170752,152203264,4905336832,,False,False,True,True,1.0,True,True,True,True,True,True,True,True
da4978c4cfcbd608f980,Q048,english,How many credits is CSE 203 Object Oriented Programming I: Java?,CSE 203 Object Oriented Programming I: Java is a 3.00-credit course.,CSE 203 Object Oriented Programming I: Java is a 3.00-credit course.,52,DATASET_REFERENCE,SUPPORTED,DIRECT_RELATION_SUPPORT,STRONG,cse 203,credits,course_credits,course_credits,"[""3.00""]",[],[],True,True,True,True,2,2,1,"[""bm25"", ""dense"", ""metadata""]",1,False,False,False,False,NOT_REQUIRED,True,ANSWER_RETURNED,semi_structured_relation,CSE 203 carries 3.00 credits.,curricula_BSc-Curriculum-New.pdf,52,doc-4d373684ce4879ed066003f5-p000052-b0010-c0001,CSE 203 Object Oriented Programming I: Java 3.00 CSE 103,[],False,0,False,True,True,True,RELATION_EVIDENCE_VERIFIED,,0.29039970000303583,0.0,0.00030469999910565093,0.29767729999730363,3986624512,5620170752,153411584,4898033664,,False,False,True,True,1.0,True,True,True,True,True,True,True,True
da4978c4cfcbd608f980,Q048,bangla,CSE 203 Object Oriented Programming I: Java কোর্সটির ক্রেডিট কত?,CSE 203 Object Oriented Programming I: Java 3.00 ক্রেডিটের কোর্স।,CSE 203 Object Oriented Programming I: Java 3.00 ক্রেডিটের কোর্স।,52,DATASET_REFERENCE,SUPPORTED,DIRECT_RELATION_SUPPORT,STRONG,cse 203,credits,course_credits,course_credits,"[""3.00""]",[],[],True,True,True,True,2,2,1,"[""bm25"", ""dense"", ""metadata""]",1,False,False,False,False,NOT_REQUIRED,True,ANSWER_RETURNED,semi_structured_relation,CSE 203 কোর্সের ক্রেডিট 3.00।,curricula_BSc-Curriculum-New.pdf,52,doc-4d373684ce4879ed066003f5-p000052-b0010-c0001,CSE 203 Object Oriented Programming I: Java 3.00 CSE 103,[],False,0,False,True,True,True,RELATION_EVIDENCE_VERIFIED,,0.26347979999991367,0.0,0.0005200000014156103,0.2693814000012935,3987099648,5620170752,139018240,4897849344,,False,False,True,True,1.0,True,True,True,True,True,True,True,True
da4978c4cfcbd608f980,Q048,banglish,CSE 203 Object Oriented Programming I: Java course-er credit koto?,CSE 203 Object Oriented Programming I: Java 3.00-credit course.,CSE 203 Object Oriented Programming I: Java 3.00-credit course.,52,DATASET_REFERENCE,SUPPORTED,DIRECT_RELATION_SUPPORT,STRONG,cse 203,credits,course_credits,course_credits,"[""3.00""]",[],[],True,True,True,True,2,2,1,"[""bm25"", ""dense"", ""metadata""]",1,False,False,False,False,NOT_REQUIRED,True,ANSWER_RETURNED,semi_structured_relation,CSE 203 course-er credit 3.00.,curricula_BSc-Curriculum-New.pdf,52,doc-4d373684ce4879ed066003f5-p000052-b0010-c0001,CSE 203 Object Oriented Programming I: Java 3.00 CSE 103,[],False,0,False,True,True,True,RELATION_EVIDENCE_VERIFIED,,0.25320389999978943,0.0,0.0002476999943610281,0.2577495000005001,3986550784,5620170752,139264000,4897779712,,False,False,True,True,1.0,True,True,True,True,True,True,True,True
da4978c4cfcbd608f980,Q049,english,How many credits is CSE 204 Object Oriented Programming I Lab: Java Lab?,CSE 204 Object Oriented Programming I Lab: Java Lab is a 1.50-credit course.,CSE 204 Object Oriented Programming I Lab: Java Lab is a 1.50-credit course.,52,DATASET_REFERENCE,SUPPORTED,DIRECT_RELATION_SUPPORT,STRONG,cse 204,credits,course_credits,course_credits,"[""1.50""]",[],[],True,True,True,True,2,2,1,"[""bm25"", ""dense"", ""metadata""]",1,False,False,False,False,NOT_REQUIRED,True,ANSWER_RETURNED,semi_structured_relation,CSE 204 carries 1.50 credits.,curricula_BSc-Curriculum-New.pdf,70,doc-4d373684ce4879ed066003f5-p000070-b0007-c0001,Course Code: CSE 204 Course Title: Object Oriented Programming I: Java Lab Credits: 1.50 Prerequisite: None Laboratory work based on Object Oriented Programming: JA VA(CSE 203),[],False,0,False,True,True,True,RELATION_EVIDENCE_VERIFIED,,0.24279479999677278,0.0,0.00044209999759914353,0.24705939999694237,3969826816,5620170752,137170944,4897591296,,False,False,False,True,0.5,True,True,True,True,True,True,True,True
da4978c4cfcbd608f980,Q049,bangla,CSE 204 Object Oriented Programming I Lab: Java Lab কোর্সটির ক্রেডিট কত?,CSE 204 Object Oriented Programming I Lab: Java Lab 1.50 ক্রেডিটের কোর্স।,CSE 204 Object Oriented Programming I Lab: Java Lab 1.50 ক্রেডিটের কোর্স।,52,DATASET_REFERENCE,SUPPORTED,DIRECT_RELATION_SUPPORT,STRONG,cse 204,credits,course_credits,course_credits,"[""1.50""]",[],[],True,True,True,True,2,2,1,"[""bm25"", ""dense"", ""metadata""]",1,False,False,False,False,NOT_REQUIRED,True,ANSWER_RETURNED,semi_structured_relation,CSE 204 কোর্সের ক্রেডিট 1.50।,curricula_BSc-Curriculum-New.pdf,70,doc-4d373684ce4879ed066003f5-p000070-b0007-c0001,Course Code: CSE 204 Course Title: Object Oriented Programming I: Java Lab Credits: 1.50 Prerequisite: None Laboratory work based on Object Oriented Programming: JA VA(CSE 203),[],False,0,False,True,True,True,RELATION_EVIDENCE_VERIFIED,,0.2639318000001367,0.0,0.0003711000026669353,0.267378299999109,3969155072,5620170752,138686464,4893315071,,False,False,False,True,0.5,True,True,True,True,True,True,True,True
da4978c4cfcbd608f980,Q049,banglish,CSE 204 Object Oriented Programming I Lab: Java Lab course-er credit koto?,CSE 204 Object Oriented Programming I Lab: Java Lab 1.50-credit course.,CSE 204 Object Oriented Programming I Lab: Java Lab 1.50-credit course.,52,DATASET_REFERENCE,SUPPORTED,DIRECT_RELATION_SUPPORT,STRONG,cse 204,credits,course_credits,course_credits,"[""1.50""]",[],[],True,True,True,True,2,2,1,"[""bm25"", ""dense"", ""metadata""]",1,False,False,False,False,NOT_REQUIRED,True,ANSWER_RETURNED,semi_structured_relation,CSE 204 course-er credit 1.50.,curricula_BSc-Curriculum-New.pdf,52,doc-4d373684ce4879ed066003f5-p000052-b0011-c0001,CSE 204 Object Oriented Programming I Lab: Java Lab 1.50 Nil,[],False,0,False,True,True,True,RELATION_EVIDENCE_VERIFIED,,0.3591314000004786,0.0,0.000851099997817073,0.3677812999958405,3969015808,5620170752,129241088,4889120768,,False,False,True,True,1.0,True,True,True,True,True,True,True,True
da4978c4cfcbd608f980,Q050,english,How many credits is CSE 205 Data Structures?,CSE 205 Data Structures is a 3.00-credit course.,CSE 205 Data Structures is a 3.00-credit course.,52,DATASET_REFERENCE,SUPPORTED,DIRECT_STRUCTURED_SUPPORT,STRONG,cse 205,credits,,,[],[],[],True,True,,True,2,2,1,"[""bm25"", ""dense"", ""metadata""]",1,False,False,False,False,NOT_REQUIRED,True,ANSWER_RETURNED,structured_exact,CSE 205 carries 3.00 credits.,curricula_BSc-Curriculum-New.pdf,52,doc-4d373684ce4879ed066003f5-p000052-b0012-c0001,"CSE 205 Data Structures 3.00 CSE 101, CSE103, CSE 105",[],False,0,False,True,True,True,FACTUAL_TOKENS_SUPPORTED,,0.44269579999672715,0.0,0.0004015000013168901,0.44892350000009174,3969191936,5620170752,116703232,4887699456,,False,False,True,True,1.0,True,True,True,True,True,True,True,True
da4978c4cfcbd608f980,Q050,bangla,CSE 205 Data Structures কোর্সটির ক্রেডিট কত?,CSE 205 Data Structures 3.00 ক্রেডিটের কোর্স।,CSE 205 Data Structures 3.00 ক্রেডিটের কোর্স।,52,DATASET_REFERENCE,SUPPORTED,DIRECT_STRUCTURED_SUPPORT,STRONG,cse 205,credits,,,[],[],[],True,True,,True,2,2,1,"[""bm25"", ""dense"", ""metadata""]",1,False,False,False,False,NOT_REQUIRED,True,ANSWER_RETURNED,structured_exact,CSE 205 কোর্সটির ক্রেডিট 3.00।,curricula_BSc-Curriculum-New.pdf,68,doc-4d373684ce4879ed066003f5-p000068-b0002-c0001,"Course Code: CSE 205 Course Title: Data Structures Credits: 3.00 Prerequisite: CSE 101, CSE 103, CSE 105 Introduction to Data Structures, Purposes of data stru cture, operations. Complexity of Algorithms: Asymptotic Notation and Runtime Analysis of Algorithms, Array: Insertion, Deletion, Matrix representation of arrays, Multidimensional arrays, Pointers arrays, Record structures, Representation of records in memory; parallel arrays. Sparse matrices. Usefulness of sparse matrices. Strings: implementations and developing algorithms using strings. Linked List: Singly Linked Lists, Doubly Linked Lists and Circular Linked Lists. Basic Operations on Linked List (Insertion, Deletion, Searching, Sorting and Traverse). Stack: Basic Stack Operations (Push and Pop Operations), Infix, Postfix and Prefix Notation of Arithmetic Expressions, Conversions and Evaluations of Arithmetic Expressions Using Stack, Recursion: Direct and indirect recursion, Simulation of recursion, Depth of recursion, Removal of recursion. Towers of Hanoi using recursion. Queue: Basic Queue Operations (Insertion and Deletion), types of Queue, Linear Queue, Priority Queue, Circular Queue and Double-ended Queue, Searching – Sequential Searching, Binary Searching, Basic Sorting: Quick Sort, Merge Sort, Selection Sort, Inserting Sort, Radix Sort, Counting Sort, External Sort, Trees: Basic terminology, Binary Tree: Binary tree representation, Traversal of Binary Tree (Inorder, Preorder and Postorder), Application of Binary Trees. Set Representation, Counting Binary Trees, Binary Search Tree: BST representation, Basic",[],False,0,False,True,True,True,FACTUAL_TOKENS_SUPPORTED,,0.24322180000308435,0.0,0.0003299999953014776,0.24989569999888772,3968188416,5620170752,118206464,4881534976,,False,False,False,True,0.3333333333333333,True,True,True,True,True,True,True,True
da4978c4cfcbd608f980,Q050,banglish,CSE 205 Data Structures course-er credit koto?,CSE 205 Data Structures 3.00-credit course.,CSE 205 Data Structures 3.00-credit course.,52,DATASET_REFERENCE,SUPPORTED,DIRECT_STRUCTURED_SUPPORT,STRONG,cse 205,credits,,,[],[],[],True,True,,True,2,2,1,"[""bm25"", ""dense"", ""metadata""]",1,False,False,False,False,NOT_REQUIRED,True,ANSWER_RETURNED,structured_exact,CSE 205 course-er credit 3.00.,curricula_BSc-Curriculum-New.pdf,68,doc-4d373684ce4879ed066003f5-p000068-b0002-c0001,"Course Code: CSE 205 Course Title: Data Structures Credits: 3.00 Prerequisite: CSE 101, CSE 103, CSE 105 Introduction to Data Structures, Purposes of data stru cture, operations. Complexity of Algorithms: Asymptotic Notation and Runtime Analysis of Algorithms, Array: Insertion, Deletion, Matrix representation of arrays, Multidimensional arrays, Pointers arrays, Record structures, Representation of records in memory; parallel arrays. Sparse matrices. Usefulness of sparse matrices. Strings: implementations and developing algorithms using strings. Linked List: Singly Linked Lists, Doubly Linked Lists and Circular Linked Lists. Basic Operations on Linked List (Insertion, Deletion, Searching, Sorting and Traverse). Stack: Basic Stack Operations (Push and Pop Operations), Infix, Postfix and Prefix Notation of Arithmetic Expressions, Conversions and Evaluations of Arithmetic Expressions Using Stack, Recursion: Direct and indirect recursion, Simulation of recursion, Depth of recursion, Removal of recursion. Towers of Hanoi using recursion. Queue: Basic Queue Operations (Insertion and Deletion), types of Queue, Linear Queue, Priority Queue, Circular Queue and Double-ended Queue, Searching – Sequential Searching, Binary Searching, Basic Sorting: Quick Sort, Merge Sort, Selection Sort, Inserting Sort, Radix Sort, Counting Sort, External Sort, Trees: Basic terminology, Binary Tree: Binary tree representation, Traversal of Binary Tree (Inorder, Preorder and Postorder), Application of Binary Trees. Set Representation, Counting Binary Trees, Binary Search Tree: BST representation, Basic",[],False,0,False,True,True,True,FACTUAL_TOKENS_SUPPORTED,,0.22916930000064895,0.0,0.00031350000062957406,0.23456170000281418,3969110016,5620170752,108781568,4877873152,,False,False,False,True,0.5,True,True,True,True,True,True,True,True
da4978c4cfcbd608f980,Q051,english,How many credits is CSE 206 Data Structures Lab?,CSE 206 Data Structures Lab is a 1.50-credit course.,CSE 206 Data Structures Lab is a 1.50-credit course.,52,DATASET_REFERENCE,SUPPORTED,DIRECT_RELATION_SUPPORT,STRONG,cse 206,credits,course_credits,course_credits,"[""1.50""]",[],[],True,True,True,True,2,2,1,"[""bm25"", ""dense"", ""metadata""]",1,False,False,False,False,NOT_REQUIRED,True,ANSWER_RETURNED,semi_structured_relation,CSE 206 carries 1.50 credits.,curricula_BSc-Curriculum-New.pdf,69,doc-4d373684ce4879ed066003f5-p000069-b0003-c0001,"Course Code: CSE 206 Course Title: Data Structures Lab Credits: 1.50 Prerequisite: None Objectives: Laboratory assignments will be based on Course CSE -205. Students will be able to implement different data strcutures; like Array, String, Linked List, Stack, Queue, Tree, and Graph in any programming language. They will be introduced with different sorting algorithms and advanced data structures. Text Book: 1. Data Structures, Seymour Lipschutz, Schaum‘s outlines, 2nd edition. 2. Data Structures and Program Design, Robert L. Kruse, Prentice Hall. 3. Data structures and problem solving using C++, Second edition Mark Allen Weiss, Pearson Addition Wesley Education. 4. Data Structures Using C and C++, Yedidyah Langsam, Moshe J. Augenstein, and Aaron M. Tenenbaum, Prentice Hall. 5. Data Structures, Edward M. Reigngold. Wilfred J. H ansen, Addison Wesley Publishing Company",[],False,0,False,True,True,True,RELATION_EVIDENCE_VERIFIED,,0.208787299998221,0.0,0.0003355000008014031,0.21589139999559848,3969175552,5620170752,103018496,4872724480,,False,False,False,True,0.5,True,True,True,True,True,True,True,True
da4978c4cfcbd608f980,Q051,bangla,CSE 206 Data Structures Lab কোর্সটির ক্রেডিট কত?,CSE 206 Data Structures Lab 1.50 ক্রেডিটের কোর্স।,CSE 206 Data Structures Lab 1.50 ক্রেডিটের কোর্স।,52,DATASET_REFERENCE,SUPPORTED,DIRECT_RELATION_SUPPORT,STRONG,cse 206,credits,course_credits,course_credits,"[""1.50""]",[],[],True,True,True,True,2,2,1,"[""bm25"", ""dense"", ""metadata""]",1,False,False,False,False,NOT_REQUIRED,True,ANSWER_RETURNED,semi_structured_relation,CSE 206 কোর্সের ক্রেডিট 1.50।,curricula_BSc-Curriculum-New.pdf,69,doc-4d373684ce4879ed066003f5-p000069-b0003-c0001,"Course Code: CSE 206 Course Title: Data Structures Lab Credits: 1.50 Prerequisite: None Objectives: Laboratory assignments will be based on Course CSE -205. Students will be able to implement different data strcutures; like Array, String, Linked List, Stack, Queue, Tree, and Graph in any programming language. They will be introduced with different sorting algorithms and advanced data structures. Text Book: 1. Data Structures, Seymour Lipschutz, Schaum‘s outlines, 2nd edition. 2. Data Structures and Program Design, Robert L. Kruse, Prentice Hall. 3. Data structures and problem solving using C++, Second edition Mark Allen Weiss, Pearson Addition Wesley Education. 4. Data Structures Using C and C++, Yedidyah Langsam, Moshe J. Augenstein, and Aaron M. Tenenbaum, Prentice Hall. 5. Data Structures, Edward M. Reigngold. Wilfred J. H ansen, Addison Wesley Publishing Company",[],False,0,False,True,True,True,RELATION_EVIDENCE_VERIFIED,,0.26049419999617385,0.0,0.00045790000149281695,0.26614409999456257,3953238016,5620170752,110075904,4863172608,,False,False,False,True,0.5,True,True,True,True,True,True,True,True
da4978c4cfcbd608f980,Q051,banglish,CSE 206 Data Structures Lab course-er credit koto?,CSE 206 Data Structures Lab 1.50-credit course.,CSE 206 Data Structures Lab 1.50-credit course.,52,DATASET_REFERENCE,SUPPORTED,DIRECT_STRUCTURED_SUPPORT,STRONG,cse 206,credits,,,[],[],[],True,True,,True,1,1,1,"[""bm25"", ""dense"", ""metadata""]",1,False,False,False,False,NOT_REQUIRED,True,ANSWER_RETURNED,structured_exact,CSE 206 course-er credit 1.50.,curricula_BSc-Curriculum-New.pdf,69,doc-4d373684ce4879ed066003f5-p000069-b0003-c0001,"Course Code: CSE 206 Course Title: Data Structures Lab Credits: 1.50 Prerequisite: None Objectives: Laboratory assignments will be based on Course CSE -205. Students will be able to implement different data strcutures; like Array, String, Linked List, Stack, Queue, Tree, and Graph in any programming language. They will be introduced with different sorting algorithms and advanced data structures. Text Book: 1. Data Structures, Seymour Lipschutz, Schaum‘s outlines, 2nd edition. 2. Data Structures and Program Design, Robert L. Kruse, Prentice Hall. 3. Data structures and problem solving using C++, Second edition Mark Allen Weiss, Pearson Addition Wesley Education. 4. Data Structures Using C and C++, Yedidyah Langsam, Moshe J. Augenstein, and Aaron M. Tenenbaum, Prentice Hall. 5. Data Structures, Edward M. Reigngold. Wilfred J. H ansen, Addison Wesley Publishing Company",[],False,0,False,True,True,True,FACTUAL_TOKENS_SUPPORTED,,0.22564669999701437,0.0,0.0003391999998711981,0.23164900000119815,3953238016,5620170752,111366144,4862144512,,False,False,False,False,0.0,True,True,True,True,True,True,True,True
da4978c4cfcbd608f980,Q052,english,How many credits is MTH 201 Math III: Multivariable Calculus?,MTH 201 Math III: Multivariable Calculus is a 3.00-credit course.,MTH 201 Math III: Multivariable Calculus is a 3.00-credit course.,52,DATASET_REFERENCE,SUPPORTED,DIRECT_STRUCTURED_SUPPORT,STRONG,mth 201,credits,,,[],[],[],True,True,,True,2,2,1,"[""bm25"", ""dense"", ""metadata""]",1,False,False,False,False,NOT_REQUIRED,True,ANSWER_RETURNED,structured_exact,MTH 201 carries 3.00 credits.,curricula_BSc-Curriculum-New.pdf,52,doc-4d373684ce4879ed066003f5-p000052-b0014-c0001,"MTH 201 Math III: Multivariable Calculus 3.00 MTH 103, MTH 101",[],False,0,False,True,True,True,FACTUAL_TOKENS_SUPPORTED,,0.2452731000012136,0.0,0.00043360000563552603,0.25095959999453044,3953512448,5620170752,86491136,4862009344,,False,False,True,True,1.0,True,True,True,True,True,True,True,True
da4978c4cfcbd608f980,Q052,bangla,MTH 201 Math III: Multivariable Calculus কোর্সটির ক্রেডিট কত?,MTH 201 Math III: Multivariable Calculus 3.00 ক্রেডিটের কোর্স।,MTH 201 Math III: Multivariable Calculus 3.00 ক্রেডিটের কোর্স।,52,DATASET_REFERENCE,SUPPORTED,DIRECT_STRUCTURED_SUPPORT,STRONG,mth 201,credits,,,[],[],[],True,True,,True,2,2,1,"[""bm25"", ""dense"", ""metadata""]",1,False,False,False,False,NOT_REQUIRED,True,ANSWER_RETURNED,structured_exact,MTH 201 কোর্সটির ক্রেডিট 3.00।,curricula_BSc-Curriculum-New.pdf,52,doc-4d373684ce4879ed066003f5-p000052-b0014-c0001,"MTH 201 Math III: Multivariable Calculus 3.00 MTH 103, MTH 101",[],False,0,False,True,True,True,FACTUAL_TOKENS_SUPPORTED,,0.2369295000025886,0.0,0.00043620000360533595,0.24217569999746047,3948605440,5620170752,82587648,4856254464,,False,False,True,True,1.0,True,True,True,True,True,True,True,True
da4978c4cfcbd608f980,Q052,banglish,MTH 201 Math III: Multivariable Calculus course-er credit koto?,MTH 201 Math III: Multivariable Calculus 3.00-credit course.,MTH 201 Math III: Multivariable Calculus 3.00-credit course.,52,DATASET_REFERENCE,SUPPORTED,DIRECT_STRUCTURED_SUPPORT,STRONG,mth 201,credits,,,[],[],[],True,True,,True,2,2,1,"[""bm25"", ""dense"", ""metadata""]",1,False,False,False,False,NOT_REQUIRED,True,ANSWER_RETURNED,structured_exact,MTH 201 course-er credit 3.00.,curricula_BSc-Curriculum-New.pdf,52,doc-4d373684ce4879ed066003f5-p000052-b0014-c0001,"MTH 201 Math III: Multivariable Calculus 3.00 MTH 103, MTH 101",[],False,0,False,True,True,True,FACTUAL_TOKENS_SUPPORTED,,0.234855200003949,0.0,0.00046039999870117754,0.24257760000182316,3920424960,5620170752,126865408,4851867648,,False,False,True,True,1.0,True,True,True,True,True,True,True,True
da4978c4cfcbd608f980,Q053,english,How many credits is EEE 221 Electrical & Electronic Engineering II?,EEE 221 Electrical & Electronic Engineering II is a 4.00-credit course.,EEE 221 Electrical & Electronic Engineering II is a 4.00-credit course.,52,DATASET_REFERENCE,SUPPORTED,DIRECT_RELATION_SUPPORT,STRONG,eee 221,credits,course_credits,course_credits,"[""4.00""]",[],[],True,True,True,True,2,2,1,"[""bm25"", ""dense"", ""metadata""]",1,False,False,False,False,NOT_REQUIRED,True,ANSWER_RETURNED,semi_structured_relation,EEE 221 carries 4.00 credits.,curricula_BSc-Curriculum-New.pdf,52,doc-4d373684ce4879ed066003f5-p000052-b0015-c0001,EEE 221 Electrical & Electronic EngineeringII 4.00 Nil,[],False,0,False,True,True,True,RELATION_EVIDENCE_VERIFIED,,0.23936230000254,0.0,0.00024869999469956383,0.2437588999964646,3918692352,5620170752,132452352,4850163712,,False,False,True,True,1.0,True,True,True,True,True,True,True,True
da4978c4cfcbd608f980,Q053,bangla,EEE 221 Electrical & Electronic Engineering II কোর্সটির ক্রেডিট কত?,EEE 221 Electrical & Electronic Engineering II 4.00 ক্রেডিটের কোর্স।,EEE 221 Electrical & Electronic Engineering II 4.00 ক্রেডিটের কোর্স।,52,DATASET_REFERENCE,SUPPORTED,DIRECT_RELATION_SUPPORT,STRONG,eee 221,credits,course_credits,course_credits,"[""4.00""]",[],[],True,True,True,True,2,2,1,"[""bm25"", ""dense"", ""metadata""]",1,False,False,False,False,NOT_REQUIRED,True,ANSWER_RETURNED,semi_structured_relation,EEE 221 কোর্সের ক্রেডিট 4.00।,curricula_BSc-Curriculum-New.pdf,52,doc-4d373684ce4879ed066003f5-p000052-b0015-c0001,EEE 221 Electrical & Electronic EngineeringII 4.00 Nil,[],False,0,False,True,True,True,RELATION_EVIDENCE_VERIFIED,,0.21306320000439882,0.0,0.00027320000663166866,0.21770370000012917,3920015360,5620170752,115343360,4842725375,,False,False,True,True,1.0,True,True,True,True,True,True,True,True
da4978c4cfcbd608f980,Q053,banglish,EEE 221 Electrical & Electronic Engineering II course-er credit koto?,EEE 221 Electrical & Electronic Engineering II 4.00-credit course.,EEE 221 Electrical & Electronic Engineering II 4.00-credit course.,52,DATASET_REFERENCE,SUPPORTED,DIRECT_RELATION_SUPPORT,STRONG,eee 221,credits,course_credits,course_credits,"[""4.00""]",[],[],True,True,True,True,2,2,1,"[""bm25"", ""dense"", ""metadata""]",1,False,False,False,False,NOT_REQUIRED,True,ANSWER_RETURNED,semi_structured_relation,EEE 221 course-er credit 4.00.,curricula_BSc-Curriculum-New.pdf,52,doc-4d373684ce4879ed066003f5-p000052-b0015-c0001,EEE 221 Electrical & Electronic EngineeringII 4.00 Nil,[],False,0,False,True,True,True,RELATION_EVIDENCE_VERIFIED,,0.22793459999957122,0.0,0.00033939999411813915,0.23372259999450762,3920060416,5620170752,117080064,4839469056,,False,False,True,True,1.0,True,True,True,True,True,True,True,True
da4978c4cfcbd608f980,Q054,english,How many credits is EEE 222 Electrical & Electronic Engineering II Lab?,EEE 222 Electrical & Electronic Engineering II Lab is a 1.50-credit course.,EEE 222 Electrical & Electronic Engineering II Lab is a 1.50-credit course.,52,DATASET_REFERENCE,SUPPORTED,DIRECT_RELATION_SUPPORT,STRONG,eee 222,credits,course_credits,course_credits,"[""1.50""]",[],[],True,True,True,True,2,2,1,"[""bm25"", ""dense"", ""metadata""]",1,False,False,False,False,NOT_REQUIRED,True,ANSWER_RETURNED,semi_structured_relation,EEE 222 carries 1.50 credits.,curricula_BSc-Curriculum-New.pdf,69,doc-4d373684ce4879ed066003f5-p000069-b0004-c0001,Course Code: EEE 222 Course Title: Electrical & Electronics Engineering II Lab Credits: 1.50 Prerequisite: None Laboratory work based on EEE 221.,[],False,0,False,True,True,True,RELATION_EVIDENCE_VERIFIED,,0.2448649999932968,0.0,0.00045729999692412093,0.2500999999974738,3918680064,5620170752,110022656,4836278272,,False,False,False,True,0.5,True,True,True,True,True,True,True,True
da4978c4cfcbd608f980,Q054,bangla,EEE 222 Electrical & Electronic Engineering II Lab কোর্সটির ক্রেডিট কত?,EEE 222 Electrical & Electronic Engineering II Lab 1.50 ক্রেডিটের কোর্স।,EEE 222 Electrical & Electronic Engineering II Lab 1.50 ক্রেডিটের কোর্স।,52,DATASET_REFERENCE,SUPPORTED,DIRECT_RELATION_SUPPORT,STRONG,eee 222,credits,course_credits,course_credits,"[""1.50""]",[],[],True,True,True,True,2,2,1,"[""bm25"", ""dense"", ""metadata""]",1,False,False,False,False,NOT_REQUIRED,True,ANSWER_RETURNED,semi_structured_relation,EEE 222 কোর্সের ক্রেডিট 1.50।,curricula_BSc-Curriculum-New.pdf,69,doc-4d373684ce4879ed066003f5-p000069-b0004-c0001,Course Code: EEE 222 Course Title: Electrical & Electronics Engineering II Lab Credits: 1.50 Prerequisite: None Laboratory work based on EEE 221.,[],False,0,False,True,True,True,RELATION_EVIDENCE_VERIFIED,,0.23204719999921508,0.0,0.0006139999968581833,0.23831900000368478,3920072704,5620170752,114720768,4836118527,,False,False,False,True,0.5,True,True,True,True,True,True,True,True
da4978c4cfcbd608f980,Q054,banglish,EEE 222 Electrical & Electronic Engineering II Lab course-er credit koto?,EEE 222 Electrical & Electronic Engineering II Lab 1.50-credit course.,EEE 222 Electrical & Electronic Engineering II Lab 1.50-credit course.,52,DATASET_REFERENCE,SUPPORTED,DIRECT_RELATION_SUPPORT,STRONG,eee 222,credits,course_credits,course_credits,"[""1.50""]",[],[],True,True,True,True,2,2,1,"[""bm25"", ""dense"", ""metadata""]",1,False,False,False,False,NOT_REQUIRED,True,ANSWER_RETURNED,semi_structured_relation,EEE 222 course-er credit 1.50.,curricula_BSc-Curriculum-New.pdf,69,doc-4d373684ce4879ed066003f5-p000069-b0004-c0001,Course Code: EEE 222 Course Title: Electrical & Electronics Engineering II Lab Credits: 1.50 Prerequisite: None Laboratory work based on EEE 221.,[],False,0,False,True,True,True,RELATION_EVIDENCE_VERIFIED,,0.24459599999681814,0.0,0.0004735000038635917,0.2491334000005736,3920113664,5620170752,115826688,4835823616,,False,False,False,True,0.5,True,True,True,True,True,True,True,True
da4978c4cfcbd608f980,Q055,english,How many credits is MTH 203 Probability & Statistics?,MTH 203 Probability & Statistics is a 3.00-credit course.,MTH 203 Probability & Statistics is a 3.00-credit course.,52,DATASET_REFERENCE,SUPPORTED,DIRECT_STRUCTURED_SUPPORT,STRONG,mth 203,credits,,,[],[],[],True,True,,True,2,2,1,"[""bm25"", ""dense"", ""metadata""]",1,False,False,False,False,NOT_REQUIRED,True,ANSWER_RETURNED,structured_exact,MTH 203 carries 3.00 credits.,curricula_BSc-Curriculum-New.pdf,52,doc-4d373684ce4879ed066003f5-p000052-b0017-c0001,MTH 203 Probability & Statistics 3.00 Nil Total 20.50,[],False,0,False,True,True,True,FACTUAL_TOKENS_SUPPORTED,,0.24219100000482285,0.0,0.0005079000038676895,0.2477324999999837,3920257024,5620170752,111202304,4830441472,,False,False,True,True,1.0,True,True,True,True,True,True,True,True
da4978c4cfcbd608f980,Q055,bangla,MTH 203 Probability & Statistics কোর্সটির ক্রেডিট কত?,MTH 203 Probability & Statistics 3.00 ক্রেডিটের কোর্স।,MTH 203 Probability & Statistics 3.00 ক্রেডিটের কোর্স।,52,DATASET_REFERENCE,SUPPORTED,DIRECT_STRUCTURED_SUPPORT,STRONG,mth 203,credits,,,[],[],[],True,True,,True,2,2,1,"[""bm25"", ""dense"", ""metadata""]",1,False,False,False,False,NOT_REQUIRED,True,ANSWER_RETURNED,structured_exact,MTH 203 কোর্সটির ক্রেডিট 3.00।,curricula_BSc-Curriculum-New.pdf,52,doc-4d373684ce4879ed066003f5-p000052-b0017-c0001,MTH 203 Probability & Statistics 3.00 Nil Total 20.50,[],False,0,False,True,True,True,FACTUAL_TOKENS_SUPPORTED,,0.23067679999803659,0.0,0.0004636000012396835,0.23623650000081398,3920437248,5620170752,107573248,4828758016,,False,False,True,True,1.0,True,True,True,True,True,True,True,True
da4978c4cfcbd608f980,Q055,banglish,MTH 203 Probability & Statistics course-er credit koto?,MTH 203 Probability & Statistics 3.00-credit course.,MTH 203 Probability & Statistics 3.00-credit course.,52,DATASET_REFERENCE,SUPPORTED,DIRECT_STRUCTURED_SUPPORT,STRONG,mth 203,credits,,,[],[],[],True,True,,True,2,2,1,"[""bm25"", ""dense"", ""metadata""]",1,False,False,False,False,NOT_REQUIRED,True,ANSWER_RETURNED,structured_exact,MTH 203 course-er credit 3.00.,curricula_BSc-Curriculum-New.pdf,52,doc-4d373684ce4879ed066003f5-p000052-b0017-c0001,MTH 203 Probability & Statistics 3.00 Nil Total 20.50,[],False,0,False,True,True,True,FACTUAL_TOKENS_SUPPORTED,,0.23335260000021663,0.0,0.0005127999975229613,0.2387689999959548,3920449536,5620170752,101154816,4828397568,,False,False,True,True,1.0,True,True,True,True,True,True,True,True
da4978c4cfcbd608f980,Q056,english,How many credits is CSE 207 Algorithms?,CSE 207 Algorithms is a 3.00-credit course.,CSE 207 Algorithms is a 3.00-credit course.,53,DATASET_REFERENCE,SUPPORTED,DIRECT_STRUCTURED_SUPPORT,STRONG,cse 207,credits,,,[],[],[],True,True,,True,2,2,1,"[""bm25"", ""dense"", ""metadata""]",1,False,False,False,False,NOT_REQUIRED,True,ANSWER_RETURNED,structured_exact,CSE 207 carries 3.00 credits.,curricula_BSc-Curriculum-New.pdf,71,doc-4d373684ce4879ed066003f5-p000071-b0003-c0001,"Course Code: CSE 207 Course Title: Algorithm Credits: 3.00 Prerequisite: CSE 103, CSE 205 Introduction: The role of algorithms in computing. Complexity analysis: Growth of function, asymptotic notations, orders, designing worst case and average-case. Recurrence relations : Substitution method, iteration method, master method. Divide and Conquer: Basic idea, control structure properties of D & C, applications of D & C. Dynamic Programming : Elements of Dynamic Programming, Comparison with D & C. Application of Dynamic programming in: Optimal binary search tree, 0/1 Knapsack problem. Greedy Method : Elements of greedy method, basic control structure, Application of Greedy method in: Minimum cost span ning tree, Huffman code, Job sequencing with deadline. Backtracking: Basic idea behind backtracking, control structure. Application of backtracking in: graph coloring problem, n -queens problems. Branch and Bound : Basic idea and control structure of Branch and Bound. FIFO branch and Bound, LC Branch and Bound, the l5 -puzzle problem. Graph related algorithms: Breadth First search, Depth First search, Topological sort, Dijkstra's shortest path algorithm, The Bellman -Ford algorithm for single source shortest p ath, The Floyd -War shall algorithm for all pair shortest path, Johnson's algorithm for sparse graph, Flow networks, the Ford -Fulkerson",[],False,0,False,True,True,True,FACTUAL_TOKENS_SUPPORTED,,0.4057073000003584,0.0,0.0004352000032668002,0.4134584999992512,3921088512,5620170752,79044608,4807471104,,False,False,False,True,0.5,True,True,True,True,True,True,True,True
da4978c4cfcbd608f980,Q056,bangla,CSE 207 Algorithms কোর্সটির ক্রেডিট কত?,CSE 207 Algorithms 3.00 ক্রেডিটের কোর্স।,CSE 207 Algorithms 3.00 ক্রেডিটের কোর্স।,53,DATASET_REFERENCE,SUPPORTED,DIRECT_STRUCTURED_SUPPORT,STRONG,cse 207,credits,,,[],[],[],True,True,,True,1,1,1,"[""bm25"", ""dense"", ""metadata""]",1,False,False,False,False,NOT_REQUIRED,True,ANSWER_RETURNED,structured_exact,CSE 207 কোর্সটির ক্রেডিট 3.00।,curricula_BSc-Curriculum-New.pdf,71,doc-4d373684ce4879ed066003f5-p000071-b0003-c0001,"Course Code: CSE 207 Course Title: Algorithm Credits: 3.00 Prerequisite: CSE 103, CSE 205 Introduction: The role of algorithms in computing. Complexity analysis: Growth of function, asymptotic notations, orders, designing worst case and average-case. Recurrence relations : Substitution method, iteration method, master method. Divide and Conquer: Basic idea, control structure properties of D & C, applications of D & C. Dynamic Programming : Elements of Dynamic Programming, Comparison with D & C. Application of Dynamic programming in: Optimal binary search tree, 0/1 Knapsack problem. Greedy Method : Elements of greedy method, basic control structure, Application of Greedy method in: Minimum cost span ning tree, Huffman code, Job sequencing with deadline. Backtracking: Basic idea behind backtracking, control structure. Application of backtracking in: graph coloring problem, n -queens problems. Branch and Bound : Basic idea and control structure of Branch and Bound. FIFO branch and Bound, LC Branch and Bound, the l5 -puzzle problem. Graph related algorithms: Breadth First search, Depth First search, Topological sort, Dijkstra's shortest path algorithm, The Bellman -Ford algorithm for single source shortest p ath, The Floyd -War shall algorithm for all pair shortest path, Johnson's algorithm for sparse graph, Flow networks, the Ford -Fulkerson",[],False,0,False,True,True,True,FACTUAL_TOKENS_SUPPORTED,,0.22349010000471026,0.0,0.00030780000088270754,0.22874210000009043,3904405504,5620170752,91066368,4806553600,,False,False,False,False,0.0,True,True,True,True,True,True,True,True
da4978c4cfcbd608f980,Q056,banglish,CSE 207 Algorithms course-er credit koto?,CSE 207 Algorithms 3.00-credit course.,CSE 207 Algorithms 3.00-credit course.,53,DATASET_REFERENCE,SUPPORTED,DIRECT_STRUCTURED_SUPPORT,STRONG,cse 207,credits,,,[],[],[],True,True,,True,2,2,1,"[""bm25"", ""dense"", ""metadata""]",1,False,False,False,False,NOT_REQUIRED,True,ANSWER_RETURNED,structured_exact,CSE 207 course-er credit 3.00.,curricula_BSc-Curriculum-New.pdf,71,doc-4d373684ce4879ed066003f5-p000071-b0003-c0001,"Course Code: CSE 207 Course Title: Algorithm Credits: 3.00 Prerequisite: CSE 103, CSE 205 Introduction: The role of algorithms in computing. Complexity analysis: Growth of function, asymptotic notations, orders, designing worst case and average-case. Recurrence relations : Substitution method, iteration method, master method. Divide and Conquer: Basic idea, control structure properties of D & C, applications of D & C. Dynamic Programming : Elements of Dynamic Programming, Comparison with D & C. Application of Dynamic programming in: Optimal binary search tree, 0/1 Knapsack problem. Greedy Method : Elements of greedy method, basic control structure, Application of Greedy method in: Minimum cost span ning tree, Huffman code, Job sequencing with deadline. Backtracking: Basic idea behind backtracking, control structure. Application of backtracking in: graph coloring problem, n -queens problems. Branch and Bound : Basic idea and control structure of Branch and Bound. FIFO branch and Bound, LC Branch and Bound, the l5 -puzzle problem. Graph related algorithms: Breadth First search, Depth First search, Topological sort, Dijkstra's shortest path algorithm, The Bellman -Ford algorithm for single source shortest p ath, The Floyd -War shall algorithm for all pair shortest path, Johnson's algorithm for sparse graph, Flow networks, the Ford -Fulkerson",[],False,0,False,True,True,True,FACTUAL_TOKENS_SUPPORTED,,0.2294073999946704,0.0,0.0005988000048091635,0.23679739999352023,3904413696,5620170752,88350720,4806078464,,False,False,False,True,0.5,True,True,True,True,True,True,True,True
da4978c4cfcbd608f980,Q057,english,How many credits is CSE 208 Algorithms Lab?,CSE 208 Algorithms Lab is a 1.50-credit course.,CSE 208 Algorithms Lab is a 1.50-credit course.,53,DATASET_REFERENCE,SUPPORTED,DIRECT_RELATION_SUPPORT,STRONG,cse 208,credits,course_credits,course_credits,"[""1.50""]",[],[],True,True,True,True,2,2,1,"[""bm25"", ""dense"", ""metadata""]",1,False,False,False,False,NOT_REQUIRED,True,ANSWER_RETURNED,semi_structured_relation,CSE 208 carries 1.50 credits.,curricula_BSc-Curriculum-New.pdf,72,doc-4d373684ce4879ed066003f5-p000072-b0005-c0001,Course Code: CSE 208 Course Title: Algorithm Lab Credits: 1.50 Prerequisite: None Objectives: Laboratory assignments will be based on Course CSE -207. Students will be given various algorithmic problems based on different algorithm domains. They will be able to learn algorithmic techniques and their relative performances.,[],False,0,False,True,True,True,RELATION_EVIDENCE_VERIFIED,,0.23263820000283886,0.0,0.00032639999699313194,0.23598219999985304,3904458752,5620170752,71589888,4804829184,,False,False,False,True,0.5,True,True,True,True,True,True,True,True
da4978c4cfcbd608f980,Q057,bangla,CSE 208 Algorithms Lab কোর্সটির ক্রেডিট কত?,CSE 208 Algorithms Lab 1.50 ক্রেডিটের কোর্স।,CSE 208 Algorithms Lab 1.50 ক্রেডিটের কোর্স।,53,DATASET_REFERENCE,SUPPORTED,DIRECT_RELATION_SUPPORT,STRONG,cse 208,credits,course_credits,course_credits,"[""1.50""]",[],[],True,True,True,True,2,2,1,"[""bm25"", ""dense"", ""metadata""]",1,False,False,False,False,NOT_REQUIRED,True,ANSWER_RETURNED,semi_structured_relation,CSE 208 কোর্সের ক্রেডিট 1.50।,curricula_BSc-Curriculum-New.pdf,72,doc-4d373684ce4879ed066003f5-p000072-b0005-c0001,Course Code: CSE 208 Course Title: Algorithm Lab Credits: 1.50 Prerequisite: None Objectives: Laboratory assignments will be based on Course CSE -207. Students will be given various algorithmic problems based on different algorithm domains. They will be able to learn algorithmic techniques and their relative performances.,[],False,0,False,True,True,True,RELATION_EVIDENCE_VERIFIED,,0.29970630000025267,0.0,0.00030669999978272244,0.30444720000377856,3902615552,5620170752,77225984,4804763648,,False,False,False,True,0.5,True,True,True,True,True,True,True,True
da4978c4cfcbd608f980,Q057,banglish,CSE 208 Algorithms Lab course-er credit koto?,CSE 208 Algorithms Lab 1.50-credit course.,CSE 208 Algorithms Lab 1.50-credit course.,53,DATASET_REFERENCE,SUPPORTED,DIRECT_STRUCTURED_SUPPORT,STRONG,cse 208,credits,,,[],[],[],True,True,,True,1,1,1,"[""bm25"", ""dense"", ""metadata""]",1,False,False,False,False,NOT_REQUIRED,True,ANSWER_RETURNED,structured_exact,CSE 208 course-er credit 1.50.,curricula_BSc-Curriculum-New.pdf,72,doc-4d373684ce4879ed066003f5-p000072-b0005-c0001,Course Code: CSE 208 Course Title: Algorithm Lab Credits: 1.50 Prerequisite: None Objectives: Laboratory assignments will be based on Course CSE -207. Students will be given various algorithmic problems based on different algorithm domains. They will be able to learn algorithmic techniques and their relative performances.,[],False,0,False,True,True,True,FACTUAL_TOKENS_SUPPORTED,,0.22436000000016065,0.0,0.00021879999985685572,0.2299087999999756,3885842432,5620170752,81612800,4801277952,,False,False,False,False,0.0,True,True,True,True,True,True,True,True
da4978c4cfcbd608f980,Q058,english,How many credits is CSE 209 Digital Logic & System Design?,CSE 209 Digital Logic & System Design is a 4.00-credit course.,CSE 209 Digital Logic & System Design is a 4.00-credit course.,53,DATASET_REFERENCE,SUPPORTED,DIRECT_RELATION_SUPPORT,STRONG,cse 209,credits,course_credits,course_credits,"[""4.00""]",[],[],True,True,True,True,2,2,1,"[""bm25"", ""dense"", ""metadata""]",1,False,False,False,False,NOT_REQUIRED,True,ANSWER_RETURNED,semi_structured_relation,CSE 209 carries 4.00 credits.,curricula_BSc-Curriculum-New.pdf,73,doc-4d373684ce4879ed066003f5-p000073-b0003-c0001,"Course Code: CSE 209 Course Title: Digital Logic & System Design Credits: 4.00 Prerequisite: None Boolean Algebra: truth tables, canonical and standard forms of functions, logic operations; Simplification of functions: Karnaugh map, SOP and POS methods, non -degenerate terms, don‘t care conditions, tabulation method; Logic gates: AND, OR, NOT and universal gates, NAND, NOR, wired -OR and wired-AND implementation; Combinational logic: half and full adder and subtractor, binary parallel adder, BCD adder, encoder and decoder, multiplexer and demultiplexer, Boolean function implementation using decoder and multiplexer; design and implementation of logic circuits; Sequential logic: latches, flip flops, flip flop excitation table; Counters: asynchronous and synchronous binary and BCD counters, Johnson counters and ring counters; Synchronous sequential circuits: state diagrams, state tables, state equations, Mealy and Moore type circuits, state reduction, state assignment, incompletely specified diagrams; Asynchronous Sequential circuits: fundamental and pulse mode circuits, race and cycles, methods of secondary assignment. Design the various Components of a Computer: Flag Registers Shi ft and Parallel Registers Memory Units, Control Unit. Design of Simple Microprocessor, (SAP1 & SAP2): Architecture, Instructions Set, Instruction Cycle, Programming Model) Text Book: 1. Digital Electronics- Author: Ronald J. Tocci, Publisher: Prentice Hall 2. Digital Logic and Computer Design - Author: M. Morris Mano, Publisher: Pearson Prentice Hall 3. Digital Computer Electronics - Author: Malvino - Brown, Publisher: TaTa-McGraw Hill",[],False,0,False,True,True,True,RELATION_EVIDENCE_VERIFIED,,0.2283677000013995,0.0,0.0003211999937775545,0.2332968999980949,3886211072,5620170752,79929344,4800671744,,False,False,False,True,0.5,True,True,True,True,True,True,True,True
da4978c4cfcbd608f980,Q058,bangla,CSE 209 Digital Logic & System Design কোর্সটির ক্রেডিট কত?,CSE 209 Digital Logic & System Design 4.00 ক্রেডিটের কোর্স।,CSE 209 Digital Logic & System Design 4.00 ক্রেডিটের কোর্স।,53,DATASET_REFERENCE,SUPPORTED,DIRECT_RELATION_SUPPORT,STRONG,cse 209,credits,course_credits,course_credits,"[""4.00""]",[],[],True,True,True,True,2,2,1,"[""bm25"", ""dense"", ""metadata""]",1,False,False,False,False,NOT_REQUIRED,True,ANSWER_RETURNED,semi_structured_relation,CSE 209 কোর্সের ক্রেডিট 4.00।,curricula_BSc-Curriculum-New.pdf,73,doc-4d373684ce4879ed066003f5-p000073-b0003-c0001,"Course Code: CSE 209 Course Title: Digital Logic & System Design Credits: 4.00 Prerequisite: None Boolean Algebra: truth tables, canonical and standard forms of functions, logic operations; Simplification of functions: Karnaugh map, SOP and POS methods, non -degenerate terms, don‘t care conditions, tabulation method; Logic gates: AND, OR, NOT and universal gates, NAND, NOR, wired -OR and wired-AND implementation; Combinational logic: half and full adder and subtractor, binary parallel adder, BCD adder, encoder and decoder, multiplexer and demultiplexer, Boolean function implementation using decoder and multiplexer; design and implementation of logic circuits; Sequential logic: latches, flip flops, flip flop excitation table; Counters: asynchronous and synchronous binary and BCD counters, Johnson counters and ring counters; Synchronous sequential circuits: state diagrams, state tables, state equations, Mealy and Moore type circuits, state reduction, state assignment, incompletely specified diagrams; Asynchronous Sequential circuits: fundamental and pulse mode circuits, race and cycles, methods of secondary assignment. Design the various Components of a Computer: Flag Registers Shi ft and Parallel Registers Memory Units, Control Unit. Design of Simple Microprocessor, (SAP1 & SAP2): Architecture, Instructions Set, Instruction Cycle, Programming Model) Text Book: 1. Digital Electronics- Author: Ronald J. Tocci, Publisher: Prentice Hall 2. Digital Logic and Computer Design - Author: M. Morris Mano, Publisher: Pearson Prentice Hall 3. Digital Computer Electronics - Author: Malvino - Brown, Publisher: TaTa-McGraw Hill",[],False,0,False,True,True,True,RELATION_EVIDENCE_VERIFIED,,0.21990539999387693,0.0,0.0007441999987349845,0.22606500000256347,3885092864,5620170752,93728768,4798324736,,False,False,False,True,0.5,True,True,True,True,True,True,True,True
da4978c4cfcbd608f980,Q058,banglish,CSE 209 Digital Logic & System Design course-er credit koto?,CSE 209 Digital Logic & System Design 4.00-credit course.,CSE 209 Digital Logic & System Design 4.00-credit course.,53,DATASET_REFERENCE,SUPPORTED,DIRECT_RELATION_SUPPORT,STRONG,cse 209,credits,course_credits,course_credits,"[""4.00""]",[],[],True,True,True,True,2,2,1,"[""bm25"", ""dense"", ""metadata""]",1,False,False,False,False,NOT_REQUIRED,True,ANSWER_RETURNED,semi_structured_relation,CSE 209 course-er credit 4.00.,curricula_BSc-Curriculum-New.pdf,73,doc-4d373684ce4879ed066003f5-p000073-b0003-c0001,"Course Code: CSE 209 Course Title: Digital Logic & System Design Credits: 4.00 Prerequisite: None Boolean Algebra: truth tables, canonical and standard forms of functions, logic operations; Simplification of functions: Karnaugh map, SOP and POS methods, non -degenerate terms, don‘t care conditions, tabulation method; Logic gates: AND, OR, NOT and universal gates, NAND, NOR, wired -OR and wired-AND implementation; Combinational logic: half and full adder and subtractor, binary parallel adder, BCD adder, encoder and decoder, multiplexer and demultiplexer, Boolean function implementation using decoder and multiplexer; design and implementation of logic circuits; Sequential logic: latches, flip flops, flip flop excitation table; Counters: asynchronous and synchronous binary and BCD counters, Johnson counters and ring counters; Synchronous sequential circuits: state diagrams, state tables, state equations, Mealy and Moore type circuits, state reduction, state assignment, incompletely specified diagrams; Asynchronous Sequential circuits: fundamental and pulse mode circuits, race and cycles, methods of secondary assignment. Design the various Components of a Computer: Flag Registers Shi ft and Parallel Registers Memory Units, Control Unit. Design of Simple Microprocessor, (SAP1 & SAP2): Architecture, Instructions Set, Instruction Cycle, Programming Model) Text Book: 1. Digital Electronics- Author: Ronald J. Tocci, Publisher: Prentice Hall 2. Digital Logic and Computer Design - Author: M. Morris Mano, Publisher: Pearson Prentice Hall 3. Digital Computer Electronics - Author: Malvino - Brown, Publisher: TaTa-McGraw Hill",[],False,0,False,True,True,True,RELATION_EVIDENCE_VERIFIED,,0.22063229999912437,0.0,0.0005301999990479089,0.22812379999959376,3885813760,5620170752,91455488,4796297216,,False,False,False,True,0.5,True,True,True,True,True,True,True,True
da4978c4cfcbd608f980,Q059,english,How many credits is CSE 210 Digital Logic & System Design Lab?,CSE 210 Digital Logic & System Design Lab is a 1.50-credit course.,CSE 210 Digital Logic & System Design Lab is a 1.50-credit course.,53,DATASET_REFERENCE,SUPPORTED,DIRECT_RELATION_SUPPORT,STRONG,cse 210,credits,course_credits,course_credits,"[""1.50""]",[],[],True,True,True,True,2,2,1,"[""bm25"", ""dense"", ""metadata""]",1,False,False,False,False,NOT_REQUIRED,True,ANSWER_RETURNED,semi_structured_relation,CSE 210 carries 1.50 credits.,curricula_BSc-Curriculum-New.pdf,73,doc-4d373684ce4879ed066003f5-p000073-b0004-c0001,Course Code: CSE 210 Course Title: Digital Logic & System Design Lab Credits: 1.50 Prerequisite: None Laboratory work will be based on the theory classes.,[],False,0,False,True,True,True,RELATION_EVIDENCE_VERIFIED,,0.23363969999627443,0.0,0.0005197999998927116,0.23976000000402564,3884482560,5620170752,88879104,4790509568,,False,False,False,True,0.5,True,True,True,True,True,True,True,True
da4978c4cfcbd608f980,Q059,bangla,CSE 210 Digital Logic & System Design Lab কোর্সটির ক্রেডিট কত?,CSE 210 Digital Logic & System Design Lab 1.50 ক্রেডিটের কোর্স।,CSE 210 Digital Logic & System Design Lab 1.50 ক্রেডিটের কোর্স।,53,DATASET_REFERENCE,SUPPORTED,DIRECT_RELATION_SUPPORT,STRONG,cse 210,credits,course_credits,course_credits,"[""1.50""]",[],[],True,True,True,True,2,2,1,"[""bm25"", ""dense"", ""metadata""]",1,False,False,False,False,NOT_REQUIRED,True,ANSWER_RETURNED,semi_structured_relation,CSE 210 কোর্সের ক্রেডিট 1.50।,curricula_BSc-Curriculum-New.pdf,73,doc-4d373684ce4879ed066003f5-p000073-b0004-c0001,Course Code: CSE 210 Course Title: Digital Logic & System Design Lab Credits: 1.50 Prerequisite: None Laboratory work will be based on the theory classes.,[],False,0,False,True,True,True,RELATION_EVIDENCE_VERIFIED,,0.22183790000417503,0.0,0.00047569999878760427,0.2268051999999443,3885879296,5620170752,84439040,4788719616,,False,False,False,True,0.5,True,True,True,True,True,True,True,True
da4978c4cfcbd608f980,Q059,banglish,CSE 210 Digital Logic & System Design Lab course-er credit koto?,CSE 210 Digital Logic & System Design Lab 1.50-credit course.,CSE 210 Digital Logic & System Design Lab 1.50-credit course.,53,DATASET_REFERENCE,SUPPORTED,DIRECT_RELATION_SUPPORT,STRONG,cse 210,credits,course_credits,course_credits,"[""1.50""]",[],[],True,True,True,True,2,2,1,"[""bm25"", ""dense"", ""metadata""]",1,False,False,False,False,NOT_REQUIRED,True,ANSWER_RETURNED,semi_structured_relation,CSE 210 course-er credit 1.50.,curricula_BSc-Curriculum-New.pdf,73,doc-4d373684ce4879ed066003f5-p000073-b0004-c0001,Course Code: CSE 210 Course Title: Digital Logic & System Design Lab Credits: 1.50 Prerequisite: None Laboratory work will be based on the theory classes.,[],False,0,False,True,True,True,RELATION_EVIDENCE_VERIFIED,,0.22417549999954645,0.0,0.000425900005211588,0.23002020000421908,3885924352,5620170752,87445504,4781191168,,False,False,False,True,0.5,True,True,True,True,True,True,True,True
da4978c4cfcbd608f980,Q060,english,How many credits is CSE 211 Database Systems?,CSE 211 Database Systems is a 3.00-credit course.,CSE 211 Database Systems is a 3.00-credit course.,53,DATASET_REFERENCE,SUPPORTED,DIRECT_RELATION_SUPPORT,STRONG,cse 211,credits,course_credits,course_credits,"[""3.00""]",[],[],True,True,True,True,2,2,1,"[""bm25"", ""dense"", ""metadata""]",1,False,False,False,False,NOT_REQUIRED,True,ANSWER_RETURNED,semi_structured_relation,CSE 211 carries 3.00 credits.,curricula_BSc-Curriculum-New.pdf,73,doc-4d373684ce4879ed066003f5-p000073-b0005-c0001,"Course Code: CSE 211 Course Title: Database Systems Credits: 3.00 Prerequisite: None Introduction: Purpose of Database Systems, Data Abstraction, Data Models, Instances and Sc hemes, Data Independence, Data Definition Language, Data Manipulation Language, Database Manager, Database administrator, Database Users, Overall System Structure, Advantages and Disadvantage of a Database Systems. Data Mining and analysis, Database",[],False,0,False,True,True,True,RELATION_EVIDENCE_VERIFIED,,0.22403990000020713,0.0,0.0003875999973388389,0.2293578000026173,3885576192,5620170752,79659008,4770140160,,False,False,False,True,0.5,True,True,True,True,True,True,True,True
da4978c4cfcbd608f980,Q060,bangla,CSE 211 Database Systems কোর্সটির ক্রেডিট কত?,CSE 211 Database Systems 3.00 ক্রেডিটের কোর্স।,CSE 211 Database Systems 3.00 ক্রেডিটের কোর্স।,53,DATASET_REFERENCE,SUPPORTED,DIRECT_RELATION_SUPPORT,STRONG,cse 211,credits,course_credits,course_credits,"[""3.00""]",[],[],True,True,True,True,2,2,1,"[""bm25"", ""dense"", ""metadata""]",1,False,False,False,False,NOT_REQUIRED,True,ANSWER_RETURNED,semi_structured_relation,CSE 211 কোর্সের ক্রেডিট 3.00।,curricula_BSc-Curriculum-New.pdf,73,doc-4d373684ce4879ed066003f5-p000073-b0005-c0001,"Course Code: CSE 211 Course Title: Database Systems Credits: 3.00 Prerequisite: None Introduction: Purpose of Database Systems, Data Abstraction, Data Models, Instances and Sc hemes, Data Independence, Data Definition Language, Data Manipulation Language, Database Manager, Database administrator, Database Users, Overall System Structure, Advantages and Disadvantage of a Database Systems. Data Mining and analysis, Database",[],False,0,False,True,True,True,RELATION_EVIDENCE_VERIFIED,,0.22705929999938235,0.0,0.0005470999967656098,0.23258579999674112,3885600768,5620170752,80486400,4766851071,,False,False,False,True,0.5,True,True,True,True,True,True,True,True
da4978c4cfcbd608f980,Q060,banglish,CSE 211 Database Systems course-er credit koto?,CSE 211 Database Systems 3.00-credit course.,CSE 211 Database Systems 3.00-credit course.,53,DATASET_REFERENCE,SUPPORTED,DIRECT_RELATION_SUPPORT,STRONG,cse 211,credits,course_credits,course_credits,"[""3.00""]",[],[],True,True,True,True,2,2,1,"[""bm25"", ""dense"", ""metadata""]",1,False,False,False,False,NOT_REQUIRED,True,ANSWER_RETURNED,semi_structured_relation,CSE 211 course-er credit 3.00.,curricula_BSc-Curriculum-New.pdf,73,doc-4d373684ce4879ed066003f5-p000073-b0005-c0001,"Course Code: CSE 211 Course Title: Database Systems Credits: 3.00 Prerequisite: None Introduction: Purpose of Database Systems, Data Abstraction, Data Models, Instances and Sc hemes, Data Independence, Data Definition Language, Data Manipulation Language, Database Manager, Database administrator, Database Users, Overall System Structure, Advantages and Disadvantage of a Database Systems. Data Mining and analysis, Database",[],False,0,False,True,True,True,RELATION_EVIDENCE_VERIFIED,,0.2281135000012,0.0,0.0004006999952252954,0.2333056999996188,3865964544,5620170752,85479424,4765474816,,False,False,False,True,0.5,True,True,True,True,True,True,True,True
da4978c4cfcbd608f980,Q061,english,How many credits is CSE 212 Database Systems Lab?,CSE 212 Database Systems Lab is a 1.50-credit course.,CSE 212 Database Systems Lab is a 1.50-credit course.,53,DATASET_REFERENCE,SUPPORTED,DIRECT_RELATION_SUPPORT,STRONG,cse 212,credits,course_credits,course_credits,"[""1.50""]",[],[],True,True,True,True,2,2,1,"[""bm25"", ""dense"", ""metadata""]",1,False,False,False,False,NOT_REQUIRED,True,ANSWER_RETURNED,semi_structured_relation,CSE 212 carries 1.50 credits.,curricula_BSc-Curriculum-New.pdf,74,doc-4d373684ce4879ed066003f5-p000074-b0012-c0001,Course Code: CSE 212 Course Title: Database Systems Lab Credits: 1.50 Prerequisite: None Laboratory works based on theory classes.,[],False,0,False,True,True,True,RELATION_EVIDENCE_VERIFIED,,0.21249050000187708,0.0,0.00048439999955007806,0.21662329999526264,3866501120,5620170752,80494592,4760121344,,False,False,False,True,0.5,True,True,True,True,True,True,True,True
da4978c4cfcbd608f980,Q061,bangla,CSE 212 Database Systems Lab কোর্সটির ক্রেডিট কত?,CSE 212 Database Systems Lab 1.50 ক্রেডিটের কোর্স।,CSE 212 Database Systems Lab 1.50 ক্রেডিটের কোর্স।,53,DATASET_REFERENCE,SUPPORTED,DIRECT_RELATION_SUPPORT,STRONG,cse 212,credits,course_credits,course_credits,"[""1.50""]",[],[],True,True,True,True,2,2,1,"[""bm25"", ""dense"", ""metadata""]",1,False,False,False,False,NOT_REQUIRED,True,ANSWER_RETURNED,semi_structured_relation,CSE 212 কোর্সের ক্রেডিট 1.50।,curricula_BSc-Curriculum-New.pdf,74,doc-4d373684ce4879ed066003f5-p000074-b0012-c0001,Course Code: CSE 212 Course Title: Database Systems Lab Credits: 1.50 Prerequisite: None Laboratory works based on theory classes.,[],False,0,False,True,True,True,RELATION_EVIDENCE_VERIFIED,,0.22422519999963697,0.0,0.00032469999860040843,0.22825659999944037,3866509312,5620170752,82833408,4759396352,,False,False,False,True,0.5,True,True,True,True,True,True,True,True
da4978c4cfcbd608f980,Q061,banglish,CSE 212 Database Systems Lab course-er credit koto?,CSE 212 Database Systems Lab 1.50-credit course.,CSE 212 Database Systems Lab 1.50-credit course.,53,DATASET_REFERENCE,SUPPORTED,DIRECT_RELATION_SUPPORT,STRONG,cse 212,credits,course_credits,course_credits,"[""1.50""]",[],[],True,True,True,True,2,2,1,"[""bm25"", ""dense"", ""metadata""]",1,False,False,False,False,NOT_REQUIRED,True,ANSWER_RETURNED,semi_structured_relation,CSE 212 course-er credit 1.50.,curricula_BSc-Curriculum-New.pdf,74,doc-4d373684ce4879ed066003f5-p000074-b0012-c0001,Course Code: CSE 212 Course Title: Database Systems Lab Credits: 1.50 Prerequisite: None Laboratory works based on theory classes.,[],False,0,False,True,True,True,RELATION_EVIDENCE_VERIFIED,,0.21014470000227448,0.0,0.00036469999758992344,0.21684359999926528,3866509312,5620170752,73887744,4749877248,,False,False,False,True,0.5,True,True,True,True,True,True,True,True
da4978c4cfcbd608f980,Q062,english,How many credits is MTH 205 Math IV: Differential Equations and Fourier and Laplace Transformations?,MTH 205 Math IV: Differential Equations and Fourier and Laplace Transformations is a 3.00-credit course.,MTH 205 Math IV: Differential Equations and Fourier and Laplace Transformations is a 3.00-credit course.,53,DATASET_REFERENCE,SUPPORTED,DIRECT_STRUCTURED_SUPPORT,STRONG,mth 205,credits,,,[],[],[],True,True,,True,2,2,1,"[""bm25"", ""dense"", ""metadata""]",1,False,False,False,False,NOT_REQUIRED,True,ANSWER_RETURNED,structured_exact,MTH 205 carries 3.00 credits.,curricula_BSc-Curriculum-New.pdf,53,doc-4d373684ce4879ed066003f5-p000053-b0008-c0001,MTH 205 Math IV: Differential Equations and Fourier and Laplace Transformations. 3.00 MTH 201,[],False,0,False,True,True,True,FACTUAL_TOKENS_SUPPORTED,,0.2805724999998347,0.0,0.0004524000032688491,0.2866068000002997,3846631424,5620170752,76267520,4733583359,,False,False,True,True,1.0,True,True,True,True,True,True,True,True
da4978c4cfcbd608f980,Q062,bangla,MTH 205 Math IV: Differential Equations and Fourier and Laplace Transformations কোর্সটির ক্রেডিট কত?,MTH 205 Math IV: Differential Equations and Fourier and Laplace Transformations 3.00 ক্রেডিটের কোর্স।,MTH 205 Math IV: Differential Equations and Fourier and Laplace Transformations 3.00 ক্রেডিটের কোর্স।,53,DATASET_REFERENCE,SUPPORTED,DIRECT_STRUCTURED_SUPPORT,STRONG,mth 205,credits,,,[],[],[],True,True,,True,2,2,1,"[""bm25"", ""dense"", ""metadata""]",1,False,False,False,False,NOT_REQUIRED,True,ANSWER_RETURNED,structured_exact,MTH 205 কোর্সটির ক্রেডিট 3.00।,curricula_BSc-Curriculum-New.pdf,53,doc-4d373684ce4879ed066003f5-p000053-b0008-c0001,MTH 205 Math IV: Differential Equations and Fourier and Laplace Transformations. 3.00 MTH 201,[],False,0,False,True,True,True,FACTUAL_TOKENS_SUPPORTED,,0.38513439999951515,0.0,0.000753400003304705,0.39236220000020694,3843563520,5620170752,68501504,4720758783,,False,False,True,True,1.0,True,True,True,True,True,True,True,True
da4978c4cfcbd608f980,Q062,banglish,MTH 205 Math IV: Differential Equations and Fourier and Laplace Transformations course-er credit koto?,MTH 205 Math IV: Differential Equations and Fourier and Laplace Transformations 3.00-credit course.,MTH 205 Math IV: Differential Equations and Fourier and Laplace Transformations 3.00-credit course.,53,DATASET_REFERENCE,SUPPORTED,DIRECT_STRUCTURED_SUPPORT,STRONG,mth 205,credits,,,[],[],[],True,True,,True,2,2,1,"[""bm25"", ""dense"", ""metadata""]",1,False,False,False,False,NOT_REQUIRED,True,ANSWER_RETURNED,structured_exact,MTH 205 course-er credit 3.00.,curricula_BSc-Curriculum-New.pdf,53,doc-4d373684ce4879ed066003f5-p000053-b0008-c0001,MTH 205 Math IV: Differential Equations and Fourier and Laplace Transformations. 3.00 MTH 201,[],False,0,False,True,True,True,FACTUAL_TOKENS_SUPPORTED,,0.2447838000007323,0.0,0.00043279999954393134,0.2511201000015717,3835928576,5620170752,62803968,4719542272,,False,False,True,True,1.0,True,True,True,True,True,True,True,True
da4978c4cfcbd608f980,Q063,english,How many credits is ECN 201 Economics?,ECN 201 Economics is a 2.00-credit course.,ECN 201 Economics is a 2.00-credit course.,53,DATASET_REFERENCE,SUPPORTED,DIRECT_STRUCTURED_SUPPORT,STRONG,ecn 201,credits,,,[],[],[],True,True,,True,2,2,1,"[""bm25"", ""dense"", ""metadata""]",1,False,False,False,False,NOT_REQUIRED,True,ANSWER_RETURNED,structured_exact,ECN 201 carries 2.00 credits.,curricula_BSc-Curriculum-New.pdf,53,doc-4d373684ce4879ed066003f5-p000053-b0009-c0001,ECN 201 Economics 2.00 Nil Total 19.50 Third Year First Semester Course Code Course Title Credits Pre- Requisite,[],False,0,False,True,True,True,FACTUAL_TOKENS_SUPPORTED,,0.20682910000323318,0.0,0.0004042000000481494,0.2158211999994819,3784712192,5620170752,73187328,4715057152,,False,False,True,True,1.0,True,True,True,True,True,True,True,True
da4978c4cfcbd608f980,Q063,bangla,ECN 201 Economics কোর্সটির ক্রেডিট কত?,ECN 201 Economics 2.00 ক্রেডিটের কোর্স।,ECN 201 Economics 2.00 ক্রেডিটের কোর্স।,53,DATASET_REFERENCE,SUPPORTED,DIRECT_STRUCTURED_SUPPORT,STRONG,ecn 201,credits,,,[],[],[],True,True,,True,2,2,1,"[""bm25"", ""dense"", ""metadata""]",1,False,False,False,False,NOT_REQUIRED,True,ANSWER_RETURNED,structured_exact,ECN 201 কোর্সটির ক্রেডিট 2.00।,curricula_BSc-Curriculum-New.pdf,53,doc-4d373684ce4879ed066003f5-p000053-b0009-c0001,ECN 201 Economics 2.00 Nil Total 19.50 Third Year First Semester Course Code Course Title Credits Pre- Requisite,[],False,0,False,True,True,True,FACTUAL_TOKENS_SUPPORTED,,0.24686749999818858,0.0,0.0003252000024076551,0.25352180000481894,3774005248,5620170752,64118784,4714717184,,False,False,True,True,1.0,True,True,True,True,True,True,True,True
da4978c4cfcbd608f980,Q063,banglish,ECN 201 Economics course-er credit koto?,ECN 201 Economics 2.00-credit course.,ECN 201 Economics 2.00-credit course.,53,DATASET_REFERENCE,SUPPORTED,DIRECT_STRUCTURED_SUPPORT,STRONG,ecn 201,credits,,,[],[],[],True,True,,True,2,2,1,"[""bm25"", ""dense"", ""metadata""]",1,False,False,False,False,NOT_REQUIRED,True,ANSWER_RETURNED,structured_exact,ECN 201 course-er credit 2.00.,curricula_BSc-Curriculum-New.pdf,53,doc-4d373684ce4879ed066003f5-p000053-b0009-c0001,ECN 201 Economics 2.00 Nil Total 19.50 Third Year First Semester Course Code Course Title Credits Pre- Requisite,[],False,0,False,True,True,True,FACTUAL_TOKENS_SUPPORTED,,0.20949810000456637,0.0,0.0002884999994421378,0.2140367999963928,3755401216,5620170752,57339904,4709998592,,False,False,True,True,1.0,True,True,True,True,True,True,True,True
da4978c4cfcbd608f980,Q064,english,How many credits is CSE 303 Data Communications?,CSE 303 Data Communications is a 3.00-credit course.,CSE 303 Data Communications is a 3.00-credit course.,53,DATASET_REFERENCE,SUPPORTED,DIRECT_STRUCTURED_SUPPORT,STRONG,cse 303,credits,,,[],[],[],True,True,,True,2,2,1,"[""bm25"", ""dense"", ""metadata""]",1,False,False,False,False,NOT_REQUIRED,True,ANSWER_RETURNED,structured_exact,CSE 303 carries 3.00 credits.,curricula_BSc-Curriculum-New.pdf,78,doc-4d373684ce4879ed066003f5-p000078-b0006-c0001,"Course Code: CSE 303 Course Title: Data Communications Credits: 3.00 Prerequisite: ECE 201, PHY 101, MTH 205 Introduction to data communication model, Data communication task, Data communication standards and organization, protocol architecture, TCP/IP model and OSI model : data representation, signal encoding and signal analysis; Data Transmission Channel: channel capacity, transmission line characteristics, Baseband and Broadband transmission; Guided and unguided transmission media; Transmission networks; Transmission modulation techniques, modems and interfaces; Multiplexing techniques; Introduction to error handling and switching techniques. Introduction to modulation techniques: pulse modulation, pulse amplitude modulation, pulse width modulat ion and pulse position modulation; pulse code modulation: quantization, delta modulation; TDM, FDM, OOK, FSK, PSK, QPSK; representation of noise, threshold effects in PCM and FM; asynchronous and synchronous communications; Data link control: Line configurations, flow control and error control techniques - sliding window, stop and wait ARQ, selective reject ARQ and HDLC protocol. Reference Books: 1. Behrouz A. Forouzan, Data Communications and Networking, 4 th Edition. McGraw-Hill. 2. William Stallings, Data and C omputer Communications, Published by Pearson, 8th Edition",[],False,0,False,True,True,True,FACTUAL_TOKENS_SUPPORTED,,0.2414980999965337,0.0,0.0003144000002066605,0.24692330000107177,3736760320,5620170752,54616064,4708614144,,False,False,False,True,0.5,True,True,True,True,True,True,True,True
da4978c4cfcbd608f980,Q064,bangla,CSE 303 Data Communications কোর্সটির ক্রেডিট কত?,CSE 303 Data Communications 3.00 ক্রেডিটের কোর্স।,CSE 303 Data Communications 3.00 ক্রেডিটের কোর্স।,53,DATASET_REFERENCE,SUPPORTED,DIRECT_STRUCTURED_SUPPORT,STRONG,cse 303,credits,,,[],[],[],True,True,,True,2,2,1,"[""bm25"", ""dense"", ""metadata""]",1,False,False,False,False,NOT_REQUIRED,True,ANSWER_RETURNED,structured_exact,CSE 303 কোর্সটির ক্রেডিট 3.00।,curricula_BSc-Curriculum-New.pdf,78,doc-4d373684ce4879ed066003f5-p000078-b0006-c0001,"Course Code: CSE 303 Course Title: Data Communications Credits: 3.00 Prerequisite: ECE 201, PHY 101, MTH 205 Introduction to data communication model, Data communication task, Data communication standards and organization, protocol architecture, TCP/IP model and OSI model : data representation, signal encoding and signal analysis; Data Transmission Channel: channel capacity, transmission line characteristics, Baseband and Broadband transmission; Guided and unguided transmission media; Transmission networks; Transmission modulation techniques, modems and interfaces; Multiplexing techniques; Introduction to error handling and switching techniques. Introduction to modulation techniques: pulse modulation, pulse amplitude modulation, pulse width modulat ion and pulse position modulation; pulse code modulation: quantization, delta modulation; TDM, FDM, OOK, FSK, PSK, QPSK; representation of noise, threshold effects in PCM and FM; asynchronous and synchronous communications; Data link control: Line configurations, flow control and error control techniques - sliding window, stop and wait ARQ, selective reject ARQ and HDLC protocol. Reference Books: 1. Behrouz A. Forouzan, Data Communications and Networking, 4 th Edition. McGraw-Hill. 2. William Stallings, Data and C omputer Communications, Published by Pearson, 8th Edition",[],False,0,False,True,True,True,FACTUAL_TOKENS_SUPPORTED,,0.24006029999873135,0.0,0.00034619999496499076,0.24601409999741009,3716222976,5620170752,39673856,4701024256,,False,False,False,True,0.5,True,True,True,True,True,True,True,True
da4978c4cfcbd608f980,Q064,banglish,CSE 303 Data Communications course-er credit koto?,CSE 303 Data Communications 3.00-credit course.,CSE 303 Data Communications 3.00-credit course.,53,DATASET_REFERENCE,SUPPORTED,DIRECT_STRUCTURED_SUPPORT,STRONG,cse 303,credits,,,[],[],[],True,True,,True,2,2,1,"[""bm25"", ""dense"", ""metadata""]",1,False,False,False,False,NOT_REQUIRED,True,ANSWER_RETURNED,structured_exact,CSE 303 course-er credit 3.00.,curricula_BSc-Curriculum-New.pdf,78,doc-4d373684ce4879ed066003f5-p000078-b0006-c0001,"Course Code: CSE 303 Course Title: Data Communications Credits: 3.00 Prerequisite: ECE 201, PHY 101, MTH 205 Introduction to data communication model, Data communication task, Data communication standards and organization, protocol architecture, TCP/IP model and OSI model : data representation, signal encoding and signal analysis; Data Transmission Channel: channel capacity, transmission line characteristics, Baseband and Broadband transmission; Guided and unguided transmission media; Transmission networks; Transmission modulation techniques, modems and interfaces; Multiplexing techniques; Introduction to error handling and switching techniques. Introduction to modulation techniques: pulse modulation, pulse amplitude modulation, pulse width modulat ion and pulse position modulation; pulse code modulation: quantization, delta modulation; TDM, FDM, OOK, FSK, PSK, QPSK; representation of noise, threshold effects in PCM and FM; asynchronous and synchronous communications; Data link control: Line configurations, flow control and error control techniques - sliding window, stop and wait ARQ, selective reject ARQ and HDLC protocol. Reference Books: 1. Behrouz A. Forouzan, Data Communications and Networking, 4 th Edition. McGraw-Hill. 2. William Stallings, Data and C omputer Communications, Published by Pearson, 8th Edition",[],False,0,False,True,True,True,FACTUAL_TOKENS_SUPPORTED,,0.355104800000845,0.0,0.0004845000003115274,0.3627621999985422,3653148672,5620170752,58904576,4700921856,,False,False,False,True,0.5,True,True,True,True,True,True,True,True
da4978c4cfcbd608f980,Q065,english,How many credits is CSE 304 Data Communications Lab?,CSE 304 Data Communications Lab is a 0.75-credit course.,CSE 304 Data Communications Lab is a 0.75-credit course.,53,DATASET_REFERENCE,SUPPORTED,DIRECT_RELATION_SUPPORT,STRONG,cse 304,credits,course_credits,course_credits,"[""0.75""]",[],[],True,True,True,True,2,2,1,"[""bm25"", ""dense"", ""metadata""]",1,False,False,False,False,NOT_REQUIRED,True,ANSWER_RETURNED,semi_structured_relation,CSE 304 carries 0.75 credits.,curricula_BSc-Curriculum-New.pdf,53,doc-4d373684ce4879ed066003f5-p000053-b0011-c0001,CSE 304 Data Communications Lab 0.75 Nil,[],False,0,False,True,True,True,RELATION_EVIDENCE_VERIFIED,,0.2745772000052966,0.0,0.00024539999867556617,0.27810069999395637,3637456896,5620170752,63365120,4700737536,,False,False,True,True,1.0,True,True,True,True,True,True,True,True
da4978c4cfcbd608f980,Q065,bangla,CSE 304 Data Communications Lab কোর্সটির ক্রেডিট কত?,CSE 304 Data Communications Lab 0.75 ক্রেডিটের কোর্স।,CSE 304 Data Communications Lab 0.75 ক্রেডিটের কোর্স।,53,DATASET_REFERENCE,SUPPORTED,DIRECT_RELATION_SUPPORT,STRONG,cse 304,credits,course_credits,course_credits,"[""0.75""]",[],[],True,True,True,True,2,2,1,"[""bm25"", ""dense"", ""metadata""]",1,False,False,False,False,NOT_REQUIRED,True,ANSWER_RETURNED,semi_structured_relation,CSE 304 কোর্সের ক্রেডিট 0.75।,curricula_BSc-Curriculum-New.pdf,53,doc-4d373684ce4879ed066003f5-p000053-b0011-c0001,CSE 304 Data Communications Lab 0.75 Nil,[],False,0,False,True,True,True,RELATION_EVIDENCE_VERIFIED,,0.2516990000003716,0.0,0.0006581000052392483,0.2591510999991442,3620110336,5620170752,66678784,4696223744,,False,False,False,True,0.5,True,True,True,True,True,True,True,True
da4978c4cfcbd608f980,Q065,banglish,CSE 304 Data Communications Lab course-er credit koto?,CSE 304 Data Communications Lab 0.75-credit course.,CSE 304 Data Communications Lab 0.75-credit course.,53,DATASET_REFERENCE,SUPPORTED,DIRECT_RELATION_SUPPORT,STRONG,cse 304,credits,course_credits,course_credits,"[""0.75""]",[],[],True,True,True,True,2,2,1,"[""bm25"", ""dense"", ""metadata""]",1,False,False,False,False,NOT_REQUIRED,True,ANSWER_RETURNED,semi_structured_relation,CSE 304 course-er credit 0.75.,curricula_BSc-Curriculum-New.pdf,78,doc-4d373684ce4879ed066003f5-p000078-b0007-c0001,Course Code: CSE 304 Course Title: Data Communications Lab Credits: 3.00 Prerequisite: None Laboratory works based on theory classes,[],False,0,False,True,True,True,RELATION_EVIDENCE_VERIFIED,,0.31918169999698875,0.0,0.0004186000005574897,0.32576520000293385,3603333120,5620170752,49287168,4696190976,,False,False,False,True,0.5,True,True,True,True,True,True,True,True
da4978c4cfcbd608f980,Q066,english,How many credits is CSE 305 System Analysis and Design?,CSE 305 System Analysis and Design is a 3.00-credit course.,CSE 305 System Analysis and Design is a 3.00-credit course.,53,DATASET_REFERENCE,SUPPORTED,DIRECT_RELATION_SUPPORT,STRONG,cse 305,credits,course_credits,course_credits,"[""3.00""]",[],[],True,True,True,True,2,2,1,"[""bm25"", ""dense"", ""metadata""]",1,False,False,False,False,NOT_REQUIRED,True,ANSWER_RETURNED,semi_structured_relation,CSE 305 carries 3.00 credits.,curricula_BSc-Curriculum-New.pdf,53,doc-4d373684ce4879ed066003f5-p000053-b0012-c0001,CSE 305 System Analysis and Design 3.00 CSE 211,[],False,0,False,True,True,True,RELATION_EVIDENCE_VERIFIED,,0.23964710000291234,0.0,0.00023320000036619604,0.24533789999986766,3586723840,5620170752,52203520,4695912448,,False,False,True,True,1.0,True,True,True,True,True,True,True,True
da4978c4cfcbd608f980,Q066,bangla,CSE 305 System Analysis and Design কোর্সটির ক্রেডিট কত?,CSE 305 System Analysis and Design 3.00 ক্রেডিটের কোর্স।,CSE 305 System Analysis and Design 3.00 ক্রেডিটের কোর্স।,53,DATASET_REFERENCE,SUPPORTED,DIRECT_RELATION_SUPPORT,STRONG,cse 305,credits,course_credits,course_credits,"[""3.00""]",[],[],True,True,True,True,2,2,1,"[""bm25"", ""dense"", ""metadata""]",1,False,False,False,False,NOT_REQUIRED,True,ANSWER_RETURNED,semi_structured_relation,CSE 305 কোর্সের ক্রেডিট 3.00।,curricula_BSc-Curriculum-New.pdf,53,doc-4d373684ce4879ed066003f5-p000053-b0012-c0001,CSE 305 System Analysis and Design 3.00 CSE 211,[],False,0,False,True,True,True,RELATION_EVIDENCE_VERIFIED,,0.24178829999436857,0.0,0.000676800002111122,0.2505377000052249,3568574464,5620170752,52670464,4692951040,,False,False,True,True,1.0,True,True,True,True,True,True,True,True
da4978c4cfcbd608f980,Q066,banglish,CSE 305 System Analysis and Design course-er credit koto?,CSE 305 System Analysis and Design 3.00-credit course.,CSE 305 System Analysis and Design 3.00-credit course.,53,DATASET_REFERENCE,SUPPORTED,DIRECT_RELATION_SUPPORT,STRONG,cse 305,credits,course_credits,course_credits,"[""3.00""]",[],[],True,True,True,True,2,2,1,"[""bm25"", ""dense"", ""metadata""]",1,False,False,False,False,NOT_REQUIRED,True,ANSWER_RETURNED,semi_structured_relation,CSE 305 course-er credit 3.00.,curricula_BSc-Curriculum-New.pdf,75,doc-4d373684ce4879ed066003f5-p000075-b0003-c0001,"Course Code: CSE 305 Course Title: System Analysis and Design Credits: 3.00 Prerequisite: CSE 211 Introduction to System analysis, concepts, understanding and modeling organization Systems, System development life cycle(SDLC), structured analysis and struc tured design, object oriented analysis and design, Different types of information, Qualities of information, Analysis оf Information requirements for modern organizations, Role, tasks and attributes of a Systems Analyst, Sources of information, Information gathering techniques, Requirements specifications; Steps of systems analysis; System analysis toolkit: CASE tools, prototyping, software life cycle, SOW(statement of work), CB analysis, value(cost of money), NPV analysis, CPM , PERT, Requirement modeling, Agile modeling, Data and process modeling, Object modeling, Development strategies, Output and user interface design, Data design, Designing input/output, Designing file, database, user interface, Dataflow diagram, System architecture, Analysis process: Object oriented System analysis, introduction to UML, Use case",[],False,0,False,True,True,True,RELATION_EVIDENCE_VERIFIED,,0.25674140000046464,0.0,0.0004811999970115721,0.26320279999345075,3493081088,5620170752,68026368,4690677760,,False,False,False,True,0.5,True,True,True,True,True,True,True,True
da4978c4cfcbd608f980,Q067,english,How many credits is CSE 306 System Analysis & Design Lab?,CSE 306 System Analysis & Design Lab is a 0.75-credit course.,CSE 306 System Analysis & Design Lab is a 0.75-credit course.,53,DATASET_REFERENCE,SUPPORTED,DIRECT_RELATION_SUPPORT,STRONG,cse 306,credits,course_credits,course_credits,"[""0.75""]",[],[],True,True,True,True,2,2,1,"[""bm25"", ""dense"", ""metadata""]",1,False,False,False,False,NOT_REQUIRED,True,ANSWER_RETURNED,semi_structured_relation,CSE 306 carries 0.75 credits.,curricula_BSc-Curriculum-New.pdf,53,doc-4d373684ce4879ed066003f5-p000053-b0013-c0001,CSE 306 System Analysis & Design Lab 0.75 CSE 212,[],False,0,False,True,True,True,RELATION_EVIDENCE_VERIFIED,,0.3439910000015516,0.0,0.0004619999963324517,0.35122129999945173,3465285632,5620170752,59564032,4690120704,,False,False,True,True,1.0,True,True,True,True,True,True,True,True
da4978c4cfcbd608f980,Q067,bangla,CSE 306 System Analysis & Design Lab কোর্সটির ক্রেডিট কত?,CSE 306 System Analysis & Design Lab 0.75 ক্রেডিটের কোর্স।,CSE 306 System Analysis & Design Lab 0.75 ক্রেডিটের কোর্স।,53,DATASET_REFERENCE,SUPPORTED,DIRECT_RELATION_SUPPORT,STRONG,cse 306,credits,course_credits,course_credits,"[""0.75""]",[],[],True,True,True,True,2,2,1,"[""bm25"", ""dense"", ""metadata""]",1,False,False,False,False,NOT_REQUIRED,True,ANSWER_RETURNED,semi_structured_relation,CSE 306 কোর্সের ক্রেডিট 0.75।,curricula_BSc-Curriculum-New.pdf,53,doc-4d373684ce4879ed066003f5-p000053-b0013-c0001,CSE 306 System Analysis & Design Lab 0.75 CSE 212,[],False,0,False,True,True,True,RELATION_EVIDENCE_VERIFIED,,0.2862648000009358,0.0,0.0003453999961493537,0.29091210000478895,3446546432,5620170752,50696192,4689932288,,False,False,True,True,1.0,True,True,True,True,True,True,True,True
da4978c4cfcbd608f980,Q067,banglish,CSE 306 System Analysis & Design Lab course-er credit koto?,CSE 306 System Analysis & Design Lab 0.75-credit course.,CSE 306 System Analysis & Design Lab 0.75-credit course.,53,DATASET_REFERENCE,SUPPORTED,DIRECT_RELATION_SUPPORT,STRONG,cse 306,credits,course_credits,course_credits,"[""0.75""]",[],[],True,True,True,True,2,2,1,"[""bm25"", ""dense"", ""metadata""]",1,False,False,False,False,NOT_REQUIRED,True,ANSWER_RETURNED,semi_structured_relation,CSE 306 course-er credit 0.75.,curricula_BSc-Curriculum-New.pdf,76,doc-4d373684ce4879ed066003f5-p000076-b0005-c0001,"Course Code: CSE 306 Course Title: System Analysis & Design Lab Credits: 0.75 Prerequisite: CSE 212 This Lab consists of practice and presentation of the system analysis and designing tools. Students demonstrate the techniques and skills of analyzing and designing a system in order to build an automated solution (software). The software pr oject will be fixed at the beginning of the semester, preferably pre -defined from Database Systems Course. In every lab, students go through formal presentation of their software analysis and design - starting from information gathering up to any modeling tool.",[],False,0,False,True,True,True,RELATION_EVIDENCE_VERIFIED,,0.22752980000223033,0.0,0.0003077999936067499,0.23218540000380017,3428315136,5620170752,42852352,4688855040,,False,False,False,True,0.5,True,True,True,True,True,True,True,True
da4978c4cfcbd608f980,Q068,english,How many credits is CSE 307 Theory of Computation?,CSE 307 Theory of Computation is a 3.00-credit course.,CSE 307 Theory of Computation is a 3.00-credit course.,53,DATASET_REFERENCE,SUPPORTED,DIRECT_RELATION_SUPPORT,STRONG,cse 307,credits,course_credits,course_credits,"[""3.00""]",[],[],True,True,True,True,2,2,1,"[""bm25"", ""dense"", ""metadata""]",1,False,False,False,False,NOT_REQUIRED,True,ANSWER_RETURNED,semi_structured_relation,CSE 307 carries 3.00 credits.,curricula_BSc-Curriculum-New.pdf,53,doc-4d373684ce4879ed066003f5-p000053-b0014-c0001,CSE 307 Theory of Computation 3.00 CSE 207,[],False,0,False,True,True,True,RELATION_EVIDENCE_VERIFIED,,0.27169050000520656,0.0,0.00023440000222763047,0.27521770000021206,3385999360,5620170752,78757888,4688850944,,False,False,True,True,1.0,True,True,True,True,True,True,True,True
da4978c4cfcbd608f980,Q068,bangla,CSE 307 Theory of Computation কোর্সটির ক্রেডিট কত?,CSE 307 Theory of Computation 3.00 ক্রেডিটের কোর্স।,CSE 307 Theory of Computation 3.00 ক্রেডিটের কোর্স।,53,DATASET_REFERENCE,SUPPORTED,DIRECT_RELATION_SUPPORT,STRONG,cse 307,credits,course_credits,course_credits,"[""3.00""]",[],[],True,True,True,True,2,2,1,"[""bm25"", ""dense"", ""metadata""]",1,False,False,False,False,NOT_REQUIRED,True,ANSWER_RETURNED,semi_structured_relation,CSE 307 কোর্সের ক্রেডিট 3.00।,curricula_BSc-Curriculum-New.pdf,53,doc-4d373684ce4879ed066003f5-p000053-b0014-c0001,CSE 307 Theory of Computation 3.00 CSE 207,[],False,0,False,True,True,True,RELATION_EVIDENCE_VERIFIED,,0.5082909999982803,0.0,0.00033350000012433156,0.5146133000016562,3387375616,5620170752,21061632,4683489280,,False,False,True,True,1.0,True,True,True,True,True,True,True,True
da4978c4cfcbd608f980,Q068,banglish,CSE 307 Theory of Computation course-er credit koto?,CSE 307 Theory of Computation 3.00-credit course.,CSE 307 Theory of Computation 3.00-credit course.,53,DATASET_REFERENCE,SUPPORTED,DIRECT_RELATION_SUPPORT,STRONG,cse 307,credits,course_credits,course_credits,"[""3.00""]",[],[],True,True,True,True,2,2,1,"[""bm25"", ""dense"", ""metadata""]",1,False,False,False,False,NOT_REQUIRED,True,ANSWER_RETURNED,semi_structured_relation,CSE 307 course-er credit 3.00.,curricula_BSc-Curriculum-New.pdf,53,doc-4d373684ce4879ed066003f5-p000053-b0014-c0001,CSE 307 Theory of Computation 3.00 CSE 207,[],False,0,False,True,True,True,RELATION_EVIDENCE_VERIFIED,,0.24670809999952326,0.0,0.00023829999554436654,0.2500575000012759,3370647552,5620170752,18251776,4673802240,,False,False,True,True,1.0,True,True,True,True,True,True,True,True
da4978c4cfcbd608f980,Q069,english,How many credits is CSE 309 Object Oriented Programming II: Visual and Web Programming?,CSE 309 Object Oriented Programming II: Visual and Web Programming is a 3.00-credit course.,CSE 309 Object Oriented Programming II: Visual and Web Programming is a 3.00-credit course.,53,DATASET_REFERENCE,SUPPORTED,DIRECT_STRUCTURED_SUPPORT,STRONG,cse 309,credits,,,[],[],[],True,True,,True,2,2,1,"[""bm25"", ""dense"", ""metadata""]",1,False,False,False,False,NOT_REQUIRED,True,ANSWER_RETURNED,structured_exact,CSE 309 carries 3.00 credits.,curricula_BSc-Curriculum-New.pdf,53,doc-4d373684ce4879ed066003f5-p000053-b0015-c0001,"CSE 309 Object Oriented Programming II:Visual and Web Programming 3.00 CSE 203, CSE 211",[],False,0,False,True,True,True,FACTUAL_TOKENS_SUPPORTED,,0.23290260000067065,0.0,0.000400099997932557,0.240632100001676,3283841024,5620170752,96968704,4665991168,,False,False,True,True,1.0,True,True,True,True,True,True,True,True
da4978c4cfcbd608f980,Q069,bangla,CSE 309 Object Oriented Programming II: Visual and Web Programming কোর্সটির ক্রেডিট কত?,CSE 309 Object Oriented Programming II: Visual and Web Programming 3.00 ক্রেডিটের কোর্স।,CSE 309 Object Oriented Programming II: Visual and Web Programming 3.00 ক্রেডিটের কোর্স।,53,DATASET_REFERENCE,SUPPORTED,DIRECT_STRUCTURED_SUPPORT,STRONG,cse 309,credits,,,[],[],[],True,True,,True,2,2,1,"[""bm25"", ""dense"", ""metadata""]",1,False,False,False,False,NOT_REQUIRED,True,ANSWER_RETURNED,structured_exact,CSE 309 কোর্সটির ক্রেডিট 3.00।,curricula_BSc-Curriculum-New.pdf,53,doc-4d373684ce4879ed066003f5-p000053-b0015-c0001,"CSE 309 Object Oriented Programming II:Visual and Web Programming 3.00 CSE 203, CSE 211",[],False,0,False,True,True,True,FACTUAL_TOKENS_SUPPORTED,,0.271260200002871,0.0,0.0005136999971000478,0.2811024000038742,3283435520,5620170752,87658496,4657643520,,False,False,True,True,1.0,True,True,True,True,True,True,True,True
da4978c4cfcbd608f980,Q069,banglish,CSE 309 Object Oriented Programming II: Visual and Web Programming course-er credit koto?,CSE 309 Object Oriented Programming II: Visual and Web Programming 3.00-credit course.,CSE 309 Object Oriented Programming II: Visual and Web Programming 3.00-credit course.,53,DATASET_REFERENCE,SUPPORTED,DIRECT_STRUCTURED_SUPPORT,STRONG,cse 309,credits,,,[],[],[],True,True,,True,2,2,1,"[""bm25"", ""dense"", ""metadata""]",1,False,False,False,False,NOT_REQUIRED,True,ANSWER_RETURNED,structured_exact,CSE 309 course-er credit 3.00.,curricula_BSc-Curriculum-New.pdf,53,doc-4d373684ce4879ed066003f5-p000053-b0015-c0001,"CSE 309 Object Oriented Programming II:Visual and Web Programming 3.00 CSE 203, CSE 211",[],False,0,False,True,True,True,FACTUAL_TOKENS_SUPPORTED,,0.234515600001032,0.0,0.0005233000047155656,0.2429861999989953,3283517440,5620170752,79785984,4653940736,,False,False,True,True,1.0,True,True,True,True,True,True,True,True
da4978c4cfcbd608f980,Q070,english,How many credits is CSE 310 Object Oriented Programming II Lab: Visual and Web Programming Lab?,CSE 310 Object Oriented Programming II Lab: Visual and Web Programming Lab is a 1.50-credit course.,CSE 310 Object Oriented Programming II Lab: Visual and Web Programming Lab is a 1.50-credit course.,53,DATASET_REFERENCE,SUPPORTED,DIRECT_RELATION_SUPPORT,STRONG,cse 310,credits,course_credits,course_credits,"[""1.50""]",[],[],True,True,True,True,2,2,1,"[""bm25"", ""dense"", ""metadata""]",1,False,False,False,False,NOT_REQUIRED,True,ANSWER_RETURNED,semi_structured_relation,CSE 310 carries 1.50 credits.,curricula_BSc-Curriculum-New.pdf,77,doc-4d373684ce4879ed066003f5-p000077-b0005-c0001,Course Code: CSE 310 Course Title: Object Oriented Programming II Lab:Visual and Web Programming Lab Credits: 1.50 Prerequisite: None Laboratory work based on Visual and Web Programming (CSE 211).,[],False,0,False,True,True,True,RELATION_EVIDENCE_VERIFIED,,0.3010515999994823,0.0,0.0007052000000840053,0.30696719999832567,3266699264,5620170752,101318656,4659531776,,False,False,False,True,0.5,True,True,True,True,True,True,True,True
da4978c4cfcbd608f980,Q070,bangla,CSE 310 Object Oriented Programming II Lab: Visual and Web Programming Lab কোর্সটির ক্রেডিট কত?,CSE 310 Object Oriented Programming II Lab: Visual and Web Programming Lab 1.50 ক্রেডিটের কোর্স।,CSE 310 Object Oriented Programming II Lab: Visual and Web Programming Lab 1.50 ক্রেডিটের কোর্স।,53,DATASET_REFERENCE,SUPPORTED,DIRECT_RELATION_SUPPORT,STRONG,cse 310,credits,course_credits,course_credits,"[""1.50""]",[],[],True,True,True,True,2,2,1,"[""bm25"", ""dense"", ""metadata""]",1,False,False,False,False,NOT_REQUIRED,True,ANSWER_RETURNED,semi_structured_relation,CSE 310 কোর্সের ক্রেডিট 1.50।,curricula_BSc-Curriculum-New.pdf,53,doc-4d373684ce4879ed066003f5-p000053-b0016-c0001,CSE 310 Object Oriented Programming II Lab:Visual and Web Programming Lab 1.50 Nil,[],False,0,False,True,True,True,RELATION_EVIDENCE_VERIFIED,,0.2341247000003932,0.0,0.00030529999639838934,0.23761759999615606,3266699264,5620170752,102535168,4649361408,,False,False,True,True,1.0,True,True,True,True,True,True,True,True
da4978c4cfcbd608f980,Q070,banglish,CSE 310 Object Oriented Programming II Lab: Visual and Web Programming Lab course-er credit koto?,CSE 310 Object Oriented Programming II Lab: Visual and Web Programming Lab 1.50-credit course.,CSE 310 Object Oriented Programming II Lab: Visual and Web Programming Lab 1.50-credit course.,53,DATASET_REFERENCE,SUPPORTED,DIRECT_RELATION_SUPPORT,STRONG,cse 310,credits,course_credits,course_credits,"[""1.50""]",[],[],True,True,True,True,2,2,1,"[""bm25"", ""dense"", ""metadata""]",1,False,False,False,False,NOT_REQUIRED,True,ANSWER_RETURNED,semi_structured_relation,CSE 310 course-er credit 1.50.,curricula_BSc-Curriculum-New.pdf,53,doc-4d373684ce4879ed066003f5-p000053-b0016-c0001,CSE 310 Object Oriented Programming II Lab:Visual and Web Programming Lab 1.50 Nil,[],False,0,False,True,True,True,RELATION_EVIDENCE_VERIFIED,,0.22280679999676067,0.0,0.00046010000369278714,0.22819049999816343,3267117056,5620170752,101748736,4649353216,,False,False,True,True,1.0,True,True,True,True,True,True,True,True
da4978c4cfcbd608f980,Q071,english,How many credits is CSE 311 Microprocessors & Assembly Language?,CSE 311 Microprocessors & Assembly Language is a 3.00-credit course.,CSE 311 Microprocessors & Assembly Language is a 3.00-credit course.,53,DATASET_REFERENCE,SUPPORTED,DIRECT_RELATION_SUPPORT,STRONG,cse 311,credits,course_credits,course_credits,"[""3.00""]",[],[],True,True,True,True,3,2,1,"[""bm25"", ""dense"", ""metadata""]",1,False,False,False,False,NOT_REQUIRED,True,ANSWER_RETURNED,semi_structured_relation,CSE 311 carries 3.00 credits.,curricula_BSc-Curriculum-New.pdf,77,doc-4d373684ce4879ed066003f5-p000077-b0006-c0002,"Course Code: CSE 311 Course Title: Microprocessors& Assembly Language Credits: 3.00 Prerequisite: None Microprocessors and Microcomputers, Evolution of microprocessors, Microprocessor applications. Architecture of a general purpose Microprocessor and its operation Common instruction types, addressing modes intel 8086 Mic roprocessor: Internal architecture, register structure, the processor status and the flag registers, programming model, addressing modes, instruction set; I/O Pin diagram and Control signals; I/O port organization and accessing; Interrupts and Interrupt Ha nding system design using 8086. Architectural overview of Intel Family of general purpose Processors. Cache Memory, TLB Structure. Memory Management in Intel 80X86 Family; segmentation and Real Mode Memory Management: segmentation and segmented to physical address translation, segment wraparound; Protected Mode Memory Management; segmentation and virtual addressing, segment selectors segment descriptor tables, segment descriptor, Intel 80386 and 80486 segment register formats, Paged memory operation, page D irectory and page table address translation. Linear to physical address translation. Interrupts and Exception in Intel 80 x 86 family of processors, type of Interrupts, Maskable and Non -maskable interrupts exception classes and processor defined exceptions . Interrupts in real mode and protected mode. Interrupt descriptor tables, Interrupt Gates and Trap Gates, Task Gates. Interrupts Priorities. Protection :Segment level, Page level, privileges. Task Switch Segment and Taste switching, virtual 86 Mode. Input and Output: I/O address spaces, Port organization, Memory mapped I/O, Handshaking I/O instruction, memory mapped I/O in protected mode, Protection issues in Intel 80x86 family -privilege levels, Introduction to IBM PC assembly language, , Flow control ins tructions, Logic, shift and rotate instructions, The stack and introduction to procedures, Multiplication and Course Code: CSE 311 Course Title: Microprocessors& Assembly Language Credits: 3.00 Prerequisite: None I/O instruction, memory mapped I/O in protected mode, Protection issues in Intel 80x86 family -privilege levels, Introduction to IBM PC assembly language, , Flow control ins tructions, Logic, shift and rotate instructions, The stack and introduction to procedures, Multiplication and division instructions, Arrays and addressing modes, The string instructions, text display and keyboard programming,",[],False,0,False,True,True,True,RELATION_EVIDENCE_VERIFIED,,0.25564800000574905,0.0,0.0003378999972483143,0.26027249999606283,3266572288,5620170752,101453824,4649340928,,False,False,False,True,0.5,True,True,True,True,True,True,True,True
da4978c4cfcbd608f980,Q071,bangla,CSE 311 Microprocessors & Assembly Language কোর্সটির ক্রেডিট কত?,CSE 311 Microprocessors & Assembly Language 3.00 ক্রেডিটের কোর্স।,CSE 311 Microprocessors & Assembly Language 3.00 ক্রেডিটের কোর্স।,53,DATASET_REFERENCE,SUPPORTED,DIRECT_RELATION_SUPPORT,STRONG,cse 311,credits,course_credits,course_credits,"[""3.00""]",[],[],True,True,True,True,3,2,1,"[""bm25"", ""dense"", ""metadata""]",1,False,False,False,False,NOT_REQUIRED,True,ANSWER_RETURNED,semi_structured_relation,CSE 311 কোর্সের ক্রেডিট 3.00।,curricula_BSc-Curriculum-New.pdf,77,doc-4d373684ce4879ed066003f5-p000077-b0006-c0002,"Course Code: CSE 311 Course Title: Microprocessors& Assembly Language Credits: 3.00 Prerequisite: None Microprocessors and Microcomputers, Evolution of microprocessors, Microprocessor applications. Architecture of a general purpose Microprocessor and its operation Common instruction types, addressing modes intel 8086 Mic roprocessor: Internal architecture, register structure, the processor status and the flag registers, programming model, addressing modes, instruction set; I/O Pin diagram and Control signals; I/O port organization and accessing; Interrupts and Interrupt Ha nding system design using 8086. Architectural overview of Intel Family of general purpose Processors. Cache Memory, TLB Structure. Memory Management in Intel 80X86 Family; segmentation and Real Mode Memory Management: segmentation and segmented to physical address translation, segment wraparound; Protected Mode Memory Management; segmentation and virtual addressing, segment selectors segment descriptor tables, segment descriptor, Intel 80386 and 80486 segment register formats, Paged memory operation, page D irectory and page table address translation. Linear to physical address translation. Interrupts and Exception in Intel 80 x 86 family of processors, type of Interrupts, Maskable and Non -maskable interrupts exception classes and processor defined exceptions . Interrupts in real mode and protected mode. Interrupt descriptor tables, Interrupt Gates and Trap Gates, Task Gates. Interrupts Priorities. Protection :Segment level, Page level, privileges. Task Switch Segment and Taste switching, virtual 86 Mode. Input and Output: I/O address spaces, Port organization, Memory mapped I/O, Handshaking I/O instruction, memory mapped I/O in protected mode, Protection issues in Intel 80x86 family -privilege levels, Introduction to IBM PC assembly language, , Flow control ins tructions, Logic, shift and rotate instructions, The stack and introduction to procedures, Multiplication and Course Code: CSE 311 Course Title: Microprocessors& Assembly Language Credits: 3.00 Prerequisite: None I/O instruction, memory mapped I/O in protected mode, Protection issues in Intel 80x86 family -privilege levels, Introduction to IBM PC assembly language, , Flow control ins tructions, Logic, shift and rotate instructions, The stack and introduction to procedures, Multiplication and division instructions, Arrays and addressing modes, The string instructions, text display and keyboard programming,",[],False,0,False,True,True,True,RELATION_EVIDENCE_VERIFIED,,0.22348780000174884,0.0,0.0004954999967594631,0.23087829999712994,3266961408,5620170752,94539776,4649209856,,False,False,False,True,0.5,True,True,True,True,True,True,True,True
da4978c4cfcbd608f980,Q071,banglish,CSE 311 Microprocessors & Assembly Language course-er credit koto?,CSE 311 Microprocessors & Assembly Language 3.00-credit course.,CSE 311 Microprocessors & Assembly Language 3.00-credit course.,53,DATASET_REFERENCE,SUPPORTED,DIRECT_RELATION_SUPPORT,STRONG,cse 311,credits,course_credits,course_credits,"[""3.00""]",[],[],True,True,True,True,3,2,1,"[""bm25"", ""dense"", ""metadata""]",1,False,False,False,False,NOT_REQUIRED,True,ANSWER_RETURNED,semi_structured_relation,CSE 311 course-er credit 3.00.,curricula_BSc-Curriculum-New.pdf,77,doc-4d373684ce4879ed066003f5-p000077-b0006-c0002,"Course Code: CSE 311 Course Title: Microprocessors& Assembly Language Credits: 3.00 Prerequisite: None Microprocessors and Microcomputers, Evolution of microprocessors, Microprocessor applications. Architecture of a general purpose Microprocessor and its operation Common instruction types, addressing modes intel 8086 Mic roprocessor: Internal architecture, register structure, the processor status and the flag registers, programming model, addressing modes, instruction set; I/O Pin diagram and Control signals; I/O port organization and accessing; Interrupts and Interrupt Ha nding system design using 8086. Architectural overview of Intel Family of general purpose Processors. Cache Memory, TLB Structure. Memory Management in Intel 80X86 Family; segmentation and Real Mode Memory Management: segmentation and segmented to physical address translation, segment wraparound; Protected Mode Memory Management; segmentation and virtual addressing, segment selectors segment descriptor tables, segment descriptor, Intel 80386 and 80486 segment register formats, Paged memory operation, page D irectory and page table address translation. Linear to physical address translation. Interrupts and Exception in Intel 80 x 86 family of processors, type of Interrupts, Maskable and Non -maskable interrupts exception classes and processor defined exceptions . Interrupts in real mode and protected mode. Interrupt descriptor tables, Interrupt Gates and Trap Gates, Task Gates. Interrupts Priorities. Protection :Segment level, Page level, privileges. Task Switch Segment and Taste switching, virtual 86 Mode. Input and Output: I/O address spaces, Port organization, Memory mapped I/O, Handshaking I/O instruction, memory mapped I/O in protected mode, Protection issues in Intel 80x86 family -privilege levels, Introduction to IBM PC assembly language, , Flow control ins tructions, Logic, shift and rotate instructions, The stack and introduction to procedures, Multiplication and Course Code: CSE 311 Course Title: Microprocessors& Assembly Language Credits: 3.00 Prerequisite: None I/O instruction, memory mapped I/O in protected mode, Protection issues in Intel 80x86 family -privilege levels, Introduction to IBM PC assembly language, , Flow control ins tructions, Logic, shift and rotate instructions, The stack and introduction to procedures, Multiplication and division instructions, Arrays and addressing modes, The string instructions, text display and keyboard programming,",[],False,0,False,True,True,True,RELATION_EVIDENCE_VERIFIED,,0.2954198000006727,0.0,0.001276700000744313,0.30470259999856353,3267526656,5620170752,88862720,4649091072,,False,False,False,True,0.5,True,True,True,True,True,True,True,True
da4978c4cfcbd608f980,Q072,english,How many credits is CSE 312 Microprocessors & Assembly Lab?,CSE 312 Microprocessors & Assembly Lab is a 1.50-credit course.,CSE 312 Microprocessors & Assembly Lab is a 1.50-credit course.,54,DATASET_REFERENCE,SUPPORTED,DIRECT_RELATION_SUPPORT,STRONG,cse 312,credits,course_credits,course_credits,"[""1.50""]",[],[],True,True,True,True,2,2,1,"[""bm25"", ""dense"", ""metadata""]",1,False,False,False,False,NOT_REQUIRED,True,ANSWER_RETURNED,semi_structured_relation,CSE 312 carries 1.50 credits.,curricula_BSc-Curriculum-New.pdf,54,doc-4d373684ce4879ed066003f5-p000054-b0002-c0001,CSE 312 Microprocessors& Assembly Lab 1.50 Nil,[],False,0,False,True,True,True,RELATION_EVIDENCE_VERIFIED,,0.2514298999958555,0.0,0.00024590000248281285,0.25477699999464676,3266183168,5620170752,79507456,4648226816,,False,False,True,True,1.0,True,True,True,True,True,True,True,True
da4978c4cfcbd608f980,Q072,bangla,CSE 312 Microprocessors & Assembly Lab কোর্সটির ক্রেডিট কত?,CSE 312 Microprocessors & Assembly Lab 1.50 ক্রেডিটের কোর্স।,CSE 312 Microprocessors & Assembly Lab 1.50 ক্রেডিটের কোর্স।,54,DATASET_REFERENCE,SUPPORTED,DIRECT_RELATION_SUPPORT,STRONG,cse 312,credits,course_credits,course_credits,"[""1.50""]",[],[],True,True,True,True,2,2,1,"[""bm25"", ""dense"", ""metadata""]",1,False,False,False,False,NOT_REQUIRED,True,ANSWER_RETURNED,semi_structured_relation,CSE 312 কোর্সের ক্রেডিট 1.50।,curricula_BSc-Curriculum-New.pdf,78,doc-4d373684ce4879ed066003f5-p000078-b0005-c0001,Course Code: CSE 312 Course Title: Microprocessors& Assembly Lab Credits: 1.50 Prerequisite: None Laboratory work will be based on the theory classes.,[],False,0,False,True,True,True,RELATION_EVIDENCE_VERIFIED,,0.25984320000134176,0.0,0.0003409999990253709,0.2636367000013706,3266326528,5620170752,51527680,4642463744,,False,False,False,True,0.5,True,True,True,True,True,True,True,True
da4978c4cfcbd608f980,Q072,banglish,CSE 312 Microprocessors & Assembly Lab course-er credit koto?,CSE 312 Microprocessors & Assembly Lab 1.50-credit course.,CSE 312 Microprocessors & Assembly Lab 1.50-credit course.,54,DATASET_REFERENCE,SUPPORTED,DIRECT_RELATION_SUPPORT,STRONG,cse 312,credits,course_credits,course_credits,"[""1.50""]",[],[],True,True,True,True,2,2,1,"[""bm25"", ""dense"", ""metadata""]",1,False,False,False,False,NOT_REQUIRED,True,ANSWER_RETURNED,semi_structured_relation,CSE 312 course-er credit 1.50.,curricula_BSc-Curriculum-New.pdf,78,doc-4d373684ce4879ed066003f5-p000078-b0005-c0001,Course Code: CSE 312 Course Title: Microprocessors& Assembly Lab Credits: 1.50 Prerequisite: None Laboratory work will be based on the theory classes.,[],False,0,False,True,True,True,RELATION_EVIDENCE_VERIFIED,,0.24102530000527622,0.0,0.000317000005452428,0.2450477000020328,3197255680,5620170752,107548672,4642250752,,False,False,False,True,0.5,True,True,True,True,True,True,True,True
da4978c4cfcbd608f980,Q073,english,How many credits is HSS 301 English II: English for Communications?,HSS 301 English II: English for Communications is a 2.00-credit course.,HSS 301 English II: English for Communications is a 2.00-credit course.,54,DATASET_REFERENCE,SUPPORTED,DIRECT_STRUCTURED_SUPPORT,STRONG,hss 301,credits,,,[],[],[],True,True,,True,3,2,1,"[""bm25"", ""dense"", ""metadata""]",1,False,False,False,False,NOT_REQUIRED,True,ANSWER_RETURNED,structured_exact,HSS 301 carries 2.00 credits.,curricula_BSc-Curriculum-New.pdf,75,doc-4d373684ce4879ed066003f5-p000075-b0002-c0001,"Course Code: HSS 301 Course Title: English II : English for Communications Credits: 2.00 Prerequisite: HSS 101 Introduction: Issues of technical writing and effective oral presentation in Computer Science and Engineeri ng; Writing styles of definitions: propositions, theorems and proofs; Preparation of reports : research papers, technical papers etc. Theses and books: abstract, preface, contents, bibliography and index; Writing of book reviews and referee reports; Writing tools: LATEX; Diagram drawing software; presentation tools. Theory and Process of communication ; Barriers to Effective communication; Communication skills: Reading, Writing, Listening, and Speaking skills; Written communication : The writing process, writing formal letter, resume/CV, memos and formal reports etc. Tender writing, Job Vacancy Announcement, Auction Announcement. Oral communication: Use of visual aids in communication; Communicating in today‘s workplace: Professionalism, Teamwork, speaking skill. Effective Business Meeting; Internal Communication. Oral reports /reporting work place data, Presentation skills, interviews, and communication over telephone etc. Reading: Reading for main ideas, using contexts for vocabulary, scanning for details, making inferences, reading reports and various articles, papers, etc. Recommended Texts: 1. Writing and presenting reports, Author: Eunson B, John Wiley 2. Writing Tools: 50 Essential Strategies for Every, Author: Roy Peter Clark 3. How to Write Technical Rep orts: Understandable Structure, Good Design, Convincing Presentation, Author: Lutz Hering, Heike Hering 4. LaTeX: A Document Preparation System, Author: Leslie Lamport 5. Basic Business Communication (7 th edition), by Rayomond V. Lesikar, John D. Petit, Marie E. Flatley 6. Effective Business Communications, by Murphy, Herta A, Hildebrandt, Herbert W, and Thomas, Jane P. 7. The Business Communication handbook Author: Dwyer J, Course Code: HSS 301 Course Title: English II : English for Communications Credits: 2.00 Prerequisite: HSS 101 5. Basic Business Communication (7 th edition), by Rayomond V. Lesikar, John D. Petit, Marie E. Flatley 6. Effective Business Communications, by Murphy, Herta A, Hildebrandt, Herbert W, and Thomas, Jane P. 7. The Business Communication handbook Author: Dwyer J, Prentice - Hall 8. Essentials of Business Communication Author: Mary Ellen Guffey, Dana Loewy",[],False,0,False,True,True,True,FACTUAL_TOKENS_SUPPORTED,,0.25183210000250256,0.0,0.0007031000059214421,0.26163820000510896,3195863040,5620170752,110809088,4630917120,,False,False,True,True,1.0,True,True,True,True,True,True,True,True
da4978c4cfcbd608f980,Q073,bangla,HSS 301 English II: English for Communications কোর্সটির ক্রেডিট কত?,HSS 301 English II: English for Communications 2.00 ক্রেডিটের কোর্স।,HSS 301 English II: English for Communications 2.00 ক্রেডিটের কোর্স।,54,DATASET_REFERENCE,SUPPORTED,DIRECT_STRUCTURED_SUPPORT,STRONG,hss 301,credits,,,[],[],[],True,True,,True,3,2,1,"[""bm25"", ""dense"", ""metadata""]",1,False,False,False,False,NOT_REQUIRED,True,ANSWER_RETURNED,structured_exact,HSS 301 কোর্সটির ক্রেডিট 2.00।,curricula_BSc-Curriculum-New.pdf,75,doc-4d373684ce4879ed066003f5-p000075-b0002-c0001,"Course Code: HSS 301 Course Title: English II : English for Communications Credits: 2.00 Prerequisite: HSS 101 Introduction: Issues of technical writing and effective oral presentation in Computer Science and Engineeri ng; Writing styles of definitions: propositions, theorems and proofs; Preparation of reports : research papers, technical papers etc. Theses and books: abstract, preface, contents, bibliography and index; Writing of book reviews and referee reports; Writing tools: LATEX; Diagram drawing software; presentation tools. Theory and Process of communication ; Barriers to Effective communication; Communication skills: Reading, Writing, Listening, and Speaking skills; Written communication : The writing process, writing formal letter, resume/CV, memos and formal reports etc. Tender writing, Job Vacancy Announcement, Auction Announcement. Oral communication: Use of visual aids in communication; Communicating in today‘s workplace: Professionalism, Teamwork, speaking skill. Effective Business Meeting; Internal Communication. Oral reports /reporting work place data, Presentation skills, interviews, and communication over telephone etc. Reading: Reading for main ideas, using contexts for vocabulary, scanning for details, making inferences, reading reports and various articles, papers, etc. Recommended Texts: 1. Writing and presenting reports, Author: Eunson B, John Wiley 2. Writing Tools: 50 Essential Strategies for Every, Author: Roy Peter Clark 3. How to Write Technical Rep orts: Understandable Structure, Good Design, Convincing Presentation, Author: Lutz Hering, Heike Hering 4. LaTeX: A Document Preparation System, Author: Leslie Lamport 5. Basic Business Communication (7 th edition), by Rayomond V. Lesikar, John D. Petit, Marie E. Flatley 6. Effective Business Communications, by Murphy, Herta A, Hildebrandt, Herbert W, and Thomas, Jane P. 7. The Business Communication handbook Author: Dwyer J, Course Code: HSS 301 Course Title: English II : English for Communications Credits: 2.00 Prerequisite: HSS 101 5. Basic Business Communication (7 th edition), by Rayomond V. Lesikar, John D. Petit, Marie E. Flatley 6. Effective Business Communications, by Murphy, Herta A, Hildebrandt, Herbert W, and Thomas, Jane P. 7. The Business Communication handbook Author: Dwyer J, Prentice - Hall 8. Essentials of Business Communication Author: Mary Ellen Guffey, Dana Loewy",[],False,0,False,True,True,True,FACTUAL_TOKENS_SUPPORTED,,0.25510030000441475,0.0,0.0006532999977935106,0.2645522000020719,3197251584,5620170752,107622400,4630753280,,False,False,True,True,1.0,True,True,True,True,True,True,True,True
da4978c4cfcbd608f980,Q073,banglish,HSS 301 English II: English for Communications course-er credit koto?,HSS 301 English II: English for Communications 2.00-credit course.,HSS 301 English II: English for Communications 2.00-credit course.,54,DATASET_REFERENCE,SUPPORTED,DIRECT_STRUCTURED_SUPPORT,STRONG,hss 301,credits,,,[],[],[],True,True,,True,3,2,1,"[""bm25"", ""dense"", ""metadata""]",1,False,False,False,False,NOT_REQUIRED,True,ANSWER_RETURNED,structured_exact,HSS 301 course-er credit 2.00.,curricula_BSc-Curriculum-New.pdf,75,doc-4d373684ce4879ed066003f5-p000075-b0002-c0002,"Course Code: HSS 301 Course Title: English II : English for Communications Credits: 2.00 Prerequisite: HSS 101 Introduction: Issues of technical writing and effective oral presentation in Computer Science and Engineeri ng; Writing styles of definitions: propositions, theorems and proofs; Preparation of reports : research papers, technical papers etc. Theses and books: abstract, preface, contents, bibliography and index; Writing of book reviews and referee reports; Writing tools: LATEX; Diagram drawing software; presentation tools. Theory and Process of communication ; Barriers to Effective communication; Communication skills: Reading, Writing, Listening, and Speaking skills; Written communication : The writing process, writing formal letter, resume/CV, memos and formal reports etc. Tender writing, Job Vacancy Announcement, Auction Announcement. Oral communication: Use of visual aids in communication; Communicating in today‘s workplace: Professionalism, Teamwork, speaking skill. Effective Business Meeting; Internal Communication. Oral reports /reporting work place data, Presentation skills, interviews, and communication over telephone etc. Reading: Reading for main ideas, using contexts for vocabulary, scanning for details, making inferences, reading reports and various articles, papers, etc. Recommended Texts: 1. Writing and presenting reports, Author: Eunson B, John Wiley 2. Writing Tools: 50 Essential Strategies for Every, Author: Roy Peter Clark 3. How to Write Technical Rep orts: Understandable Structure, Good Design, Convincing Presentation, Author: Lutz Hering, Heike Hering 4. LaTeX: A Document Preparation System, Author: Leslie Lamport 5. Basic Business Communication (7 th edition), by Rayomond V. Lesikar, John D. Petit, Marie E. Flatley 6. Effective Business Communications, by Murphy, Herta A, Hildebrandt, Herbert W, and Thomas, Jane P. 7. The Business Communication handbook Author: Dwyer J, Course Code: HSS 301 Course Title: English II : English for Communications Credits: 2.00 Prerequisite: HSS 101 5. Basic Business Communication (7 th edition), by Rayomond V. Lesikar, John D. Petit, Marie E. Flatley 6. Effective Business Communications, by Murphy, Herta A, Hildebrandt, Herbert W, and Thomas, Jane P. 7. The Business Communication handbook Author: Dwyer J, Prentice - Hall 8. Essentials of Business Communication Author: Mary Ellen Guffey, Dana Loewy",[],False,0,False,True,True,True,FACTUAL_TOKENS_SUPPORTED,,0.20674529999814695,0.0,0.0004465000019990839,0.21539450000273064,3197292544,5620170752,145043456,4628639744,,False,False,True,True,1.0,True,True,True,True,True,True,True,True
da4978c4cfcbd608f980,Q074,english,How many credits is CSE 313 Numerical Methods?,CSE 313 Numerical Methods is a 3.00-credit course.,CSE 313 Numerical Methods is a 3.00-credit course.,54,DATASET_REFERENCE,SUPPORTED,DIRECT_STRUCTURED_SUPPORT,STRONG,cse 313,credits,,,[],[],[],True,True,,True,2,2,1,"[""bm25"", ""dense"", ""metadata""]",1,False,False,False,False,NOT_REQUIRED,True,ANSWER_RETURNED,structured_exact,CSE 313 carries 3.00 credits.,curricula_BSc-Curriculum-New.pdf,79,doc-4d373684ce4879ed066003f5-p000079-b0006-c0001,"Course Code: CSE 313 Course Title: Numerical Methods Credits: 3.00 Prerequisite MTH 205, CSE 205 Numerical Methods in Computer Science, Errors and Accuracy: Truncation, rounding off and algorithmic errors, absolute and relative errors, propagation of errors, error estimation. Iterative process: Solution of f(x)=0, e xistence and convergence of a root, convergence of the iterative method, geometrical representation, Aitken‘s 2-process of acceleration. System of Linear Equations: Cramers rule, Gauss elimination method, Gauss- Jordan elimination, Triangularisation metho d of factorization process (Choleski‘s process), Iterative methods - Jacobi‘s method, Gauss - Seidel method, Comparison of various methods. Solution of Non – Linear equations: Interval Bisection Method, Newton - Raphson method, Secant method, Regula - Falsi method, Newton - Raphson method for polynomial evaluation, Nested multiplication. Finite Differences and Interpolation: Difference Operators, Factorial Notation, Differences of zero Definition and Differences of x (-n), Forward and Backward Differences, Shift Operator, Central Difference Operators, Averaging Operator, Divided Differences, Finite differences and differentiation, Errors in a difference table. Finite difference Interpolation: Newton‘s forward interpolation formula, Newton – Gregory formula for b ackward interpolation, Newton‘s formula",[],False,0,False,True,True,True,FACTUAL_TOKENS_SUPPORTED,,0.2804606999998214,0.0,0.0003118999957223423,0.28695629999856465,3196686336,5620170752,189767680,4676116480,,False,False,False,True,0.5,True,True,True,True,True,True,True,True
da4978c4cfcbd608f980,Q074,bangla,CSE 313 Numerical Methods কোর্সটির ক্রেডিট কত?,CSE 313 Numerical Methods 3.00 ক্রেডিটের কোর্স।,CSE 313 Numerical Methods 3.00 ক্রেডিটের কোর্স।,54,DATASET_REFERENCE,SUPPORTED,DIRECT_STRUCTURED_SUPPORT,STRONG,cse 313,credits,,,[],[],[],True,True,,True,2,2,1,"[""bm25"", ""dense"", ""metadata""]",1,False,False,False,False,NOT_REQUIRED,True,ANSWER_RETURNED,structured_exact,CSE 313 কোর্সটির ক্রেডিট 3.00।,curricula_BSc-Curriculum-New.pdf,79,doc-4d373684ce4879ed066003f5-p000079-b0006-c0001,"Course Code: CSE 313 Course Title: Numerical Methods Credits: 3.00 Prerequisite MTH 205, CSE 205 Numerical Methods in Computer Science, Errors and Accuracy: Truncation, rounding off and algorithmic errors, absolute and relative errors, propagation of errors, error estimation. Iterative process: Solution of f(x)=0, e xistence and convergence of a root, convergence of the iterative method, geometrical representation, Aitken‘s 2-process of acceleration. System of Linear Equations: Cramers rule, Gauss elimination method, Gauss- Jordan elimination, Triangularisation metho d of factorization process (Choleski‘s process), Iterative methods - Jacobi‘s method, Gauss - Seidel method, Comparison of various methods. Solution of Non – Linear equations: Interval Bisection Method, Newton - Raphson method, Secant method, Regula - Falsi method, Newton - Raphson method for polynomial evaluation, Nested multiplication. Finite Differences and Interpolation: Difference Operators, Factorial Notation, Differences of zero Definition and Differences of x (-n), Forward and Backward Differences, Shift Operator, Central Difference Operators, Averaging Operator, Divided Differences, Finite differences and differentiation, Errors in a difference table. Finite difference Interpolation: Newton‘s forward interpolation formula, Newton – Gregory formula for b ackward interpolation, Newton‘s formula",[],False,0,False,True,True,True,FACTUAL_TOKENS_SUPPORTED,,0.21216519999870798,0.0,0.0004650000046240166,0.21952299999975367,3197382656,5620170752,184860672,4676038656,,False,False,False,True,0.3333333333333333,True,True,True,True,True,True,True,True
da4978c4cfcbd608f980,Q074,banglish,CSE 313 Numerical Methods course-er credit koto?,CSE 313 Numerical Methods 3.00-credit course.,CSE 313 Numerical Methods 3.00-credit course.,54,DATASET_REFERENCE,SUPPORTED,DIRECT_STRUCTURED_SUPPORT,STRONG,cse 313,credits,,,[],[],[],True,True,,True,2,2,1,"[""bm25"", ""dense"", ""metadata""]",1,False,False,False,False,NOT_REQUIRED,True,ANSWER_RETURNED,structured_exact,CSE 313 course-er credit 3.00.,curricula_BSc-Curriculum-New.pdf,79,doc-4d373684ce4879ed066003f5-p000079-b0006-c0001,"Course Code: CSE 313 Course Title: Numerical Methods Credits: 3.00 Prerequisite MTH 205, CSE 205 Numerical Methods in Computer Science, Errors and Accuracy: Truncation, rounding off and algorithmic errors, absolute and relative errors, propagation of errors, error estimation. Iterative process: Solution of f(x)=0, e xistence and convergence of a root, convergence of the iterative method, geometrical representation, Aitken‘s 2-process of acceleration. System of Linear Equations: Cramers rule, Gauss elimination method, Gauss- Jordan elimination, Triangularisation metho d of factorization process (Choleski‘s process), Iterative methods - Jacobi‘s method, Gauss - Seidel method, Comparison of various methods. Solution of Non – Linear equations: Interval Bisection Method, Newton - Raphson method, Secant method, Regula - Falsi method, Newton - Raphson method for polynomial evaluation, Nested multiplication. Finite Differences and Interpolation: Difference Operators, Factorial Notation, Differences of zero Definition and Differences of x (-n), Forward and Backward Differences, Shift Operator, Central Difference Operators, Averaging Operator, Divided Differences, Finite differences and differentiation, Errors in a difference table. Finite difference Interpolation: Newton‘s forward interpolation formula, Newton – Gregory formula for b ackward interpolation, Newton‘s formula",[],False,0,False,True,True,True,FACTUAL_TOKENS_SUPPORTED,,0.4320493000050192,0.0,0.0005674999993061647,0.4402619999964372,3197382656,5620170752,169226240,4675166208,,False,False,False,True,0.5,True,True,True,True,True,True,True,True
da4978c4cfcbd608f980,Q075,english,How many credits is CSE 314 Numerical Methods Lab?,CSE 314 Numerical Methods Lab is a 0.75-credit course.,CSE 314 Numerical Methods Lab is a 0.75-credit course.,54,DATASET_REFERENCE,SUPPORTED,DIRECT_RELATION_SUPPORT,STRONG,cse 314,credits,course_credits,course_credits,"[""0.75""]",[],[],True,True,True,True,2,2,1,"[""bm25"", ""dense"", ""metadata""]",1,False,False,False,False,NOT_REQUIRED,True,ANSWER_RETURNED,semi_structured_relation,CSE 314 carries 0.75 credits.,curricula_BSc-Curriculum-New.pdf,54,doc-4d373684ce4879ed066003f5-p000054-b0005-c0001,CSE 314 Numerical Methods Lab 0.75 CSE 206,[],False,0,False,True,True,True,RELATION_EVIDENCE_VERIFIED,,0.3006655999997747,0.0,0.0004278999986127019,0.3064299000034225,3140591616,5620170752,165670912,4672438272,,False,False,True,True,1.0,True,True,True,True,True,True,True,True
da4978c4cfcbd608f980,Q075,bangla,CSE 314 Numerical Methods Lab কোর্সটির ক্রেডিট কত?,CSE 314 Numerical Methods Lab 0.75 ক্রেডিটের কোর্স।,CSE 314 Numerical Methods Lab 0.75 ক্রেডিটের কোর্স।,54,DATASET_REFERENCE,SUPPORTED,DIRECT_RELATION_SUPPORT,STRONG,cse 314,credits,course_credits,course_credits,"[""0.75""]",[],[],True,True,True,True,2,2,1,"[""bm25"", ""dense"", ""metadata""]",1,False,False,False,False,NOT_REQUIRED,True,ANSWER_RETURNED,semi_structured_relation,CSE 314 কোর্সের ক্রেডিট 0.75।,curricula_BSc-Curriculum-New.pdf,80,doc-4d373684ce4879ed066003f5-p000080-b0007-c0001,Course Code: CSE 314 Course Title: Numerical Methods Lab Credits: 0.75 Prerequisite: CSE 206 Objectives: Laboratory assignments will be based on Course CSE-313.,[],False,0,False,True,True,True,RELATION_EVIDENCE_VERIFIED,,0.32693709999875864,0.0,0.0005139999993843958,0.3332472999973106,2488913920,5620170752,674852864,4671524864,,False,False,False,True,0.5,True,True,True,True,True,True,True,True
da4978c4cfcbd608f980,Q075,banglish,CSE 314 Numerical Methods Lab course-er credit koto?,CSE 314 Numerical Methods Lab 0.75-credit course.,CSE 314 Numerical Methods Lab 0.75-credit course.,54,DATASET_REFERENCE,SUPPORTED,DIRECT_RELATION_SUPPORT,STRONG,cse 314,credits,course_credits,course_credits,"[""0.75""]",[],[],True,True,True,True,2,2,1,"[""bm25"", ""dense"", ""metadata""]",1,False,False,False,False,NOT_REQUIRED,True,ANSWER_RETURNED,semi_structured_relation,CSE 314 course-er credit 0.75.,curricula_BSc-Curriculum-New.pdf,80,doc-4d373684ce4879ed066003f5-p000080-b0007-c0001,Course Code: CSE 314 Course Title: Numerical Methods Lab Credits: 0.75 Prerequisite: CSE 206 Objectives: Laboratory assignments will be based on Course CSE-313.,[],False,0,False,True,True,True,RELATION_EVIDENCE_VERIFIED,,0.3397647999954643,0.0,0.000651299997116439,0.34989040000073146,1934143488,5620170752,1176936448,4674150400,,False,False,False,True,0.5,True,True,True,True,True,True,True,True
da4978c4cfcbd608f980,Q076,english,How many credits is CSE 315 Peripheral & Interfacing?,CSE 315 Peripheral & Interfacing is a 3.00-credit course.,CSE 315 Peripheral & Interfacing is a 3.00-credit course.,54,DATASET_REFERENCE,SUPPORTED,DIRECT_STRUCTURED_SUPPORT,STRONG,cse 315,credits,,,[],[],[],True,True,,True,2,2,1,"[""bm25"", ""dense"", ""metadata""]",1,False,False,False,False,NOT_REQUIRED,True,ANSWER_RETURNED,structured_exact,CSE 315 carries 3.00 credits.,curricula_BSc-Curriculum-New.pdf,54,doc-4d373684ce4879ed066003f5-p000054-b0006-c0001,"CSE 315 Peripheral & Interfacing 3.00 CSE 209, CSE 311",[],False,0,False,True,True,True,FACTUAL_TOKENS_SUPPORTED,,0.37730459999875166,0.0,0.0005721000052290037,0.38575119999586605,1591214080,5620170752,1487417344,4673118208,,False,False,True,True,1.0,True,True,True,True,True,True,True,True
da4978c4cfcbd608f980,Q076,bangla,CSE 315 Peripheral & Interfacing কোর্সটির ক্রেডিট কত?,CSE 315 Peripheral & Interfacing 3.00 ক্রেডিটের কোর্স।,CSE 315 Peripheral & Interfacing 3.00 ক্রেডিটের কোর্স।,54,DATASET_REFERENCE,SUPPORTED,DIRECT_STRUCTURED_SUPPORT,STRONG,cse 315,credits,,,[],[],[],True,True,,True,2,2,1,"[""bm25"", ""dense"", ""metadata""]",1,False,False,False,False,NOT_REQUIRED,True,ANSWER_RETURNED,structured_exact,CSE 315 কোর্সটির ক্রেডিট 3.00।,curricula_BSc-Curriculum-New.pdf,81,doc-4d373684ce4879ed066003f5-p000081-b0002-c0001,"Course Code: CSE 315 Course Title: Peripheral & Interfacing Credits: 3.00 Prerequisite: CSE 209, CSE 311 Interfacing Basics : Interfacing components and their characteristics. Storage devices: RAM, ROM, Cache memory, Hard disk drive, CD, DVD, Blue Ray and Flash memory. Controllers: Programmable interrupt controller and DMA controller. Computer Ports: Parallel, Serial, USB and FireWire. Basic I/O : I/O systems & I/O devices. Converters: Programmable peripheral interface, Interface to A/D and D/A conv erter. Input devices : Keyboard, Mouse, Touchpad, Webcam, Barcode reader, Thumb scanner, 2D scanners: Flatbed, Sheet -fed, Handheld, Drum; 3D scanner. Output devices: 2D monitors: LCD, TFT and LED; 3D monitor; 2D printers: Dot Matrix, Ink jet, LASER; 3D prin ter; CNC. Computer cards: Graphics, Sound and LAN; Interfacing Components : Transistor, MOSFET and Chips; Bridge Circuits: Relay and Opto -isolator; Motors: DC, Stepper, Servo; Solenoids. Books recommended: 1. Computer Peripherals - Barry Wilinson, McGraw-Hill. 2. Microprocessor & Interfacing – Dauglas V Hall, McGraw-Hill.",[],False,0,False,True,True,True,FACTUAL_TOKENS_SUPPORTED,,0.2878710000004503,0.0,0.0004964999970979989,0.29717340000206605,1592610816,5620170752,1478094848,4673085440,,False,False,False,True,0.5,True,True,True,True,True,True,True,True
da4978c4cfcbd608f980,Q076,banglish,CSE 315 Peripheral & Interfacing course-er credit koto?,CSE 315 Peripheral & Interfacing 3.00-credit course.,CSE 315 Peripheral & Interfacing 3.00-credit course.,54,DATASET_REFERENCE,SUPPORTED,DIRECT_STRUCTURED_SUPPORT,STRONG,cse 315,credits,,,[],[],[],True,True,,True,2,2,1,"[""bm25"", ""dense"", ""metadata""]",1,False,False,False,False,NOT_REQUIRED,True,ANSWER_RETURNED,structured_exact,CSE 315 course-er credit 3.00.,curricula_BSc-Curriculum-New.pdf,54,doc-4d373684ce4879ed066003f5-p000054-b0006-c0001,"CSE 315 Peripheral & Interfacing 3.00 CSE 209, CSE 311",[],False,0,False,True,True,True,FACTUAL_TOKENS_SUPPORTED,,0.2569660000008298,0.0,0.0004811000035260804,0.2633419000048889,1592524800,5620170752,1509605376,4673048576,,False,False,True,True,1.0,True,True,True,True,True,True,True,True
da4978c4cfcbd608f980,Q077,english,How many credits is CSE 316 Peripheral & Interfacing Lab?,CSE 316 Peripheral & Interfacing Lab is a 1.50-credit course.,CSE 316 Peripheral & Interfacing Lab is a 1.50-credit course.,54,DATASET_REFERENCE,SUPPORTED,DIRECT_STRUCTURED_SUPPORT,STRONG,cse 316,credits,,,[],[],[],True,True,,True,2,2,1,"[""bm25"", ""dense"", ""metadata""]",1,False,False,False,False,NOT_REQUIRED,True,ANSWER_RETURNED,structured_exact,CSE 316 carries 1.50 credits.,curricula_BSc-Curriculum-New.pdf,54,doc-4d373684ce4879ed066003f5-p000054-b0007-c0001,"CSE 316 Peripheral &Interfacing Lab 1.50 CSE 210, CSE 312 Third Year Second Semester Course Code Course Title Credits Pre- Requisite",[],False,0,False,True,True,True,FACTUAL_TOKENS_SUPPORTED,,0.33426370000233874,0.0,0.0005182000022614375,0.34095650000381283,1591271424,5620170752,1563848704,4672888832,,False,False,True,True,1.0,True,True,True,True,True,True,True,True
da4978c4cfcbd608f980,Q077,bangla,CSE 316 Peripheral & Interfacing Lab কোর্সটির ক্রেডিট কত?,CSE 316 Peripheral & Interfacing Lab 1.50 ক্রেডিটের কোর্স।,CSE 316 Peripheral & Interfacing Lab 1.50 ক্রেডিটের কোর্স।,54,DATASET_REFERENCE,SUPPORTED,DIRECT_STRUCTURED_SUPPORT,STRONG,cse 316,credits,,,[],[],[],True,True,,True,2,2,1,"[""bm25"", ""dense"", ""metadata""]",1,False,False,False,False,NOT_REQUIRED,True,ANSWER_RETURNED,structured_exact,CSE 316 কোর্সটির ক্রেডিট 1.50।,curricula_BSc-Curriculum-New.pdf,81,doc-4d373684ce4879ed066003f5-p000081-b0003-c0001,"Course Code: CSE 316 Course Title: Peripheral &Interfacing Lab Credits: 1.50 Prerequisite: CSE 210, CSE 312 Assigned by Course teacher based on theory, CSE 315.",[],False,0,False,True,True,True,FACTUAL_TOKENS_SUPPORTED,,0.27794079999875976,0.0,0.00048400000378023833,0.28268609999940963,1592680448,5620170752,1554206720,4672815104,,False,False,False,True,0.5,True,True,True,True,True,True,True,True
da4978c4cfcbd608f980,Q077,banglish,CSE 316 Peripheral & Interfacing Lab course-er credit koto?,CSE 316 Peripheral & Interfacing Lab 1.50-credit course.,CSE 316 Peripheral & Interfacing Lab 1.50-credit course.,54,DATASET_REFERENCE,SUPPORTED,DIRECT_STRUCTURED_SUPPORT,STRONG,cse 316,credits,,,[],[],[],True,True,,True,2,2,1,"[""bm25"", ""dense"", ""metadata""]",1,False,False,False,False,NOT_REQUIRED,True,ANSWER_RETURNED,structured_exact,CSE 316 course-er credit 1.50.,curricula_BSc-Curriculum-New.pdf,54,doc-4d373684ce4879ed066003f5-p000054-b0007-c0001,"CSE 316 Peripheral &Interfacing Lab 1.50 CSE 210, CSE 312 Third Year Second Semester Course Code Course Title Credits Pre- Requisite",[],False,0,False,True,True,True,FACTUAL_TOKENS_SUPPORTED,,0.22132109999802196,0.0,0.00040549999539507553,0.22694389999378473,1592721408,5620170752,1552236544,4672704512,,False,False,True,True,1.0,True,True,True,True,True,True,True,True
da4978c4cfcbd608f980,Q078,english,How many credits is CSE 317 Computer Architecture?,CSE 317 Computer Architecture is a 3.00-credit course.,CSE 317 Computer Architecture is a 3.00-credit course.,54,DATASET_REFERENCE,SUPPORTED,DIRECT_RELATION_SUPPORT,STRONG,cse 317,credits,course_credits,course_credits,"[""3.00""]",[],[],True,True,True,True,2,2,1,"[""bm25"", ""dense"", ""metadata""]",1,False,False,False,False,NOT_REQUIRED,True,ANSWER_RETURNED,semi_structured_relation,CSE 317 carries 3.00 credits.,curricula_BSc-Curriculum-New.pdf,54,doc-4d373684ce4879ed066003f5-p000054-b0008-c0001,CSE 317 Computer Architecture 3.00 CSE 209,[],False,0,False,True,True,True,RELATION_EVIDENCE_VERIFIED,,0.24702650000108406,0.0,0.0003837999975075945,0.25663820000045234,1592471552,5620170752,1541046272,4672487424,,False,False,True,True,1.0,True,True,True,True,True,True,True,True
da4978c4cfcbd608f980,Q078,bangla,CSE 317 Computer Architecture কোর্সটির ক্রেডিট কত?,CSE 317 Computer Architecture 3.00 ক্রেডিটের কোর্স।,CSE 317 Computer Architecture 3.00 ক্রেডিটের কোর্স।,54,DATASET_REFERENCE,SUPPORTED,DIRECT_RELATION_SUPPORT,STRONG,cse 317,credits,course_credits,course_credits,"[""3.00""]",[],[],True,True,True,True,2,2,1,"[""bm25"", ""dense"", ""metadata""]",1,False,False,False,False,NOT_REQUIRED,True,ANSWER_RETURNED,semi_structured_relation,CSE 317 কোর্সের ক্রেডিট 3.00।,curricula_BSc-Curriculum-New.pdf,54,doc-4d373684ce4879ed066003f5-p000054-b0008-c0001,CSE 317 Computer Architecture 3.00 CSE 209,[],False,0,False,True,True,True,RELATION_EVIDENCE_VERIFIED,,0.26597290000063367,0.0,0.00024410000332864001,0.27070760000060545,1592479744,5620170752,1524121600,4672372736,,False,False,True,True,1.0,True,True,True,True,True,True,True,True
da4978c4cfcbd608f980,Q078,banglish,CSE 317 Computer Architecture course-er credit koto?,CSE 317 Computer Architecture 3.00-credit course.,CSE 317 Computer Architecture 3.00-credit course.,54,DATASET_REFERENCE,SUPPORTED,DIRECT_RELATION_SUPPORT,STRONG,cse 317,credits,course_credits,course_credits,"[""3.00""]",[],[],True,True,True,True,2,2,1,"[""bm25"", ""dense"", ""metadata""]",1,False,False,False,False,NOT_REQUIRED,True,ANSWER_RETURNED,semi_structured_relation,CSE 317 course-er credit 3.00.,curricula_BSc-Curriculum-New.pdf,54,doc-4d373684ce4879ed066003f5-p000054-b0008-c0001,CSE 317 Computer Architecture 3.00 CSE 209,[],False,0,False,True,True,True,RELATION_EVIDENCE_VERIFIED,,0.3288161999953445,0.0,0.000439799994637724,0.3387185000028694,1592479744,5620170752,1461096448,4672282624,,False,False,True,True,1.0,True,True,True,True,True,True,True,True
da4978c4cfcbd608f980,Q079,english,How many credits is CSE 319 Computer Networks?,CSE 319 Computer Networks is a 3.00-credit course.,CSE 319 Computer Networks is a 3.00-credit course.,54,DATASET_REFERENCE,SUPPORTED,DIRECT_RELATION_SUPPORT,STRONG,cse 319,credits,course_credits,course_credits,"[""3.00""]",[],[],True,True,True,True,2,2,1,"[""bm25"", ""dense"", ""metadata""]",1,False,False,False,False,NOT_REQUIRED,True,ANSWER_RETURNED,semi_structured_relation,CSE 319 carries 3.00 credits.,curricula_BSc-Curriculum-New.pdf,80,doc-4d373684ce4879ed066003f5-p000080-b0008-c0001,"Course Code: CSE 319 Course Title: Computer Networks Credits: 3.00 Prerequisite: CSE 303 Introduction to Networking, Networking Devices, Network architectures. Network Classification, Industry , Network Model and Protocols, Network Topology, Error Detection & Correction Schemes and Implementation of those Schemes, IP Overview, IPv4, IPv6, Transition from IPv4 to IPv6, IPv6 Facilities, Subnetting and supernetting - CIDR, Routing an d Routing Protocols, Transport Layer Protocols: TCP and UDP ,Local Area Networks, Satellite Networks, Servers: DNS-Mail-Proxy-DHCP, Firewalls, ISP-IIG-IGW-ICX-ITC-SMC, Configuration and Design Concept, ATM Network, VoIP, Security Issues in Networking, Diff erent Security Protocols, Hacking, Ethical Hacking, Encrypt ion, VPN, IPSec, Firewall, SSL. Text Books: 1. Computer Networking: A Top -Down Approach - James Kurose and Keith Ross, Addison-Wesley 2. Computer Networks - Andrew S. Tanenbaum and David J. Wetheral, Prentice Hall 3. Data Communications and Networking - Behrouz A. Forouzan, 4. Data and Computer Communications, William Stallings, Pearson",[],False,0,False,True,True,True,RELATION_EVIDENCE_VERIFIED,,0.37883270000020275,0.0,0.0005724000002373941,0.38693339999736054,1592610816,5620170752,1431863296,4669382656,,False,False,False,True,0.5,True,True,True,True,True,True,True,True
da4978c4cfcbd608f980,Q079,bangla,CSE 319 Computer Networks কোর্সটির ক্রেডিট কত?,CSE 319 Computer Networks 3.00 ক্রেডিটের কোর্স।,CSE 319 Computer Networks 3.00 ক্রেডিটের কোর্স।,54,DATASET_REFERENCE,SUPPORTED,DIRECT_RELATION_SUPPORT,STRONG,cse 319,credits,course_credits,course_credits,"[""3.00""]",[],[],True,True,True,True,2,2,1,"[""bm25"", ""dense"", ""metadata""]",1,False,False,False,False,NOT_REQUIRED,True,ANSWER_RETURNED,semi_structured_relation,CSE 319 কোর্সের ক্রেডিট 3.00।,curricula_BSc-Curriculum-New.pdf,80,doc-4d373684ce4879ed066003f5-p000080-b0008-c0001,"Course Code: CSE 319 Course Title: Computer Networks Credits: 3.00 Prerequisite: CSE 303 Introduction to Networking, Networking Devices, Network architectures. Network Classification, Industry , Network Model and Protocols, Network Topology, Error Detection & Correction Schemes and Implementation of those Schemes, IP Overview, IPv4, IPv6, Transition from IPv4 to IPv6, IPv6 Facilities, Subnetting and supernetting - CIDR, Routing an d Routing Protocols, Transport Layer Protocols: TCP and UDP ,Local Area Networks, Satellite Networks, Servers: DNS-Mail-Proxy-DHCP, Firewalls, ISP-IIG-IGW-ICX-ITC-SMC, Configuration and Design Concept, ATM Network, VoIP, Security Issues in Networking, Diff erent Security Protocols, Hacking, Ethical Hacking, Encrypt ion, VPN, IPSec, Firewall, SSL. Text Books: 1. Computer Networking: A Top -Down Approach - James Kurose and Keith Ross, Addison-Wesley 2. Computer Networks - Andrew S. Tanenbaum and David J. Wetheral, Prentice Hall 3. Data Communications and Networking - Behrouz A. Forouzan, 4. Data and Computer Communications, William Stallings, Pearson",[],False,0,False,True,True,True,RELATION_EVIDENCE_VERIFIED,,0.27221530000679195,0.0,0.00032749999809311703,0.27986199999577366,1592619008,5620170752,1432141824,4669337600,,False,False,False,True,0.3333333333333333,True,True,True,True,True,True,True,True
da4978c4cfcbd608f980,Q079,banglish,CSE 319 Computer Networks course-er credit koto?,CSE 319 Computer Networks 3.00-credit course.,CSE 319 Computer Networks 3.00-credit course.,54,DATASET_REFERENCE,SUPPORTED,DIRECT_STRUCTURED_SUPPORT,STRONG,cse 319,credits,,,[],[],[],True,True,,True,1,1,1,"[""bm25"", ""dense"", ""metadata""]",1,False,False,False,False,NOT_REQUIRED,True,ANSWER_RETURNED,structured_exact,CSE 319 course-er credit 3.00.,curricula_BSc-Curriculum-New.pdf,80,doc-4d373684ce4879ed066003f5-p000080-b0008-c0001,"Course Code: CSE 319 Course Title: Computer Networks Credits: 3.00 Prerequisite: CSE 303 Introduction to Networking, Networking Devices, Network architectures. Network Classification, Industry , Network Model and Protocols, Network Topology, Error Detection & Correction Schemes and Implementation of those Schemes, IP Overview, IPv4, IPv6, Transition from IPv4 to IPv6, IPv6 Facilities, Subnetting and supernetting - CIDR, Routing an d Routing Protocols, Transport Layer Protocols: TCP and UDP ,Local Area Networks, Satellite Networks, Servers: DNS-Mail-Proxy-DHCP, Firewalls, ISP-IIG-IGW-ICX-ITC-SMC, Configuration and Design Concept, ATM Network, VoIP, Security Issues in Networking, Diff erent Security Protocols, Hacking, Ethical Hacking, Encrypt ion, VPN, IPSec, Firewall, SSL. Text Books: 1. Computer Networking: A Top -Down Approach - James Kurose and Keith Ross, Addison-Wesley 2. Computer Networks - Andrew S. Tanenbaum and David J. Wetheral, Prentice Hall 3. Data Communications and Networking - Behrouz A. Forouzan, 4. Data and Computer Communications, William Stallings, Pearson",[],False,0,False,True,True,True,FACTUAL_TOKENS_SUPPORTED,,0.2555486999990535,0.0,0.000356700002157595,0.26487489999999525,1592619008,5620170752,1421135872,4669026304,,False,False,False,False,0.0,True,True,True,True,True,True,True,True
da4978c4cfcbd608f980,Q080,english,How many credits is CSE 320 Computer Networks Lab?,CSE 320 Computer Networks Lab is a 1.50-credit course.,CSE 320 Computer Networks Lab is a 1.50-credit course.,54,DATASET_REFERENCE,SUPPORTED,DIRECT_RELATION_SUPPORT,STRONG,cse 320,credits,course_credits,course_credits,"[""1.50""]",[],[],True,True,True,True,1,1,1,"[""bm25"", ""dense"", ""metadata""]",1,False,False,False,False,NOT_REQUIRED,True,ANSWER_RETURNED,semi_structured_relation,CSE 320 carries 1.50 credits.,curricula_BSc-Curriculum-New.pdf,54,doc-4d373684ce4879ed066003f5-p000054-b0010-c0001,CSE 320 Computer Networks Lab 1.50 Nil,[],False,0,False,True,True,True,RELATION_EVIDENCE_VERIFIED,,0.28398179999931017,0.0,0.0003164999943692237,0.28847379999933764,1592668160,5620170752,1415258112,4668776448,,False,False,True,True,1.0,True,True,True,True,True,True,True,True
da4978c4cfcbd608f980,Q080,bangla,CSE 320 Computer Networks Lab কোর্সটির ক্রেডিট কত?,CSE 320 Computer Networks Lab 1.50 ক্রেডিটের কোর্স।,CSE 320 Computer Networks Lab 1.50 ক্রেডিটের কোর্স।,54,DATASET_REFERENCE,SUPPORTED,DIRECT_RELATION_SUPPORT,STRONG,cse 320,credits,course_credits,course_credits,"[""1.50""]",[],[],True,True,True,True,1,1,1,"[""bm25"", ""dense"", ""metadata""]",2,False,False,False,False,NOT_REQUIRED,True,ANSWER_RETURNED,semi_structured_relation,CSE 320 কোর্সের ক্রেডিট 1.50।,curricula_BSc-Curriculum-New.pdf,54,doc-4d373684ce4879ed066003f5-p000054-b0010-c0001,CSE 320 Computer Networks Lab 1.50 Nil,[],False,0,False,True,True,True,RELATION_EVIDENCE_VERIFIED,,0.27807129999564495,0.0,0.0004478999981074594,0.2855563999983133,1592668160,5620170752,1406603264,4666781696,,False,False,False,True,0.5,True,True,True,True,False,True,False,True
da4978c4cfcbd608f980,Q080,banglish,CSE 320 Computer Networks Lab course-er credit koto?,CSE 320 Computer Networks Lab 1.50-credit course.,CSE 320 Computer Networks Lab 1.50-credit course.,54,DATASET_REFERENCE,SUPPORTED,DIRECT_RELATION_SUPPORT,STRONG,cse 320,credits,course_credits,course_credits,"[""1.50""]",[],[],True,True,True,True,1,1,1,"[""bm25"", ""dense"", ""metadata""]",2,False,False,False,False,NOT_REQUIRED,True,ANSWER_RETURNED,semi_structured_relation,CSE 320 course-er credit 1.50.,curricula_BSc-Curriculum-New.pdf,54,doc-4d373684ce4879ed066003f5-p000054-b0010-c0001,CSE 320 Computer Networks Lab 1.50 Nil,[],False,0,False,True,True,True,RELATION_EVIDENCE_VERIFIED,,0.4509355999980471,0.0,0.00020539999968605116,0.45601629999873694,1592668160,5620170752,1403277312,4666753024,,False,False,False,True,0.5,True,True,True,True,False,True,False,True
da4978c4cfcbd608f980,Q081,english,What prerequisite is listed for CSE 101 Introduction to Computer Science & Programming Methodology?,No prerequisite is listed for CSE 101 Introduction to Computer Science & Programming Methodology.,No prerequisite is listed for CSE 101 Introduction to Computer Science & Programming Methodology.,51,DATASET_REFERENCE,SUPPORTED,DIRECT_RELATION_SUPPORT,STRONG,cse 101,prerequisite,course_prerequisite,course_prerequisite,"[""Nil""]",[],[],True,True,True,True,3,2,1,"[""bm25"", ""dense"", ""metadata""]",1,False,False,False,False,NOT_REQUIRED,True,ANSWER_RETURNED,semi_structured_relation,The prerequisite for CSE 101 is none listed.,curricula_BSc-Curriculum-New.pdf,60,doc-4d373684ce4879ed066003f5-p000060-b0002-c0001,"Course Code: CSE 101 Course Title: Introduction to Computer Science & Programming Methodology Credits: 3.00 Prerequisite: None Introduction to computer science, what is computer, Fundamental parts of a computer, sto rage and memory management (RAM, ROM, Hard disk) system overview of a computer, I/O devices, software and hardware, basic knowledge of computer, Files and folders, Command prompt, Microsoft office, Shortcut command keys, web ideas, Number System: Binary, Decimal, Octal, Hexadecimal number system and their conversion. Introduction to structured programming, Flowchart: what is flowchart, expressions of flowchart, importance of flow chart. Pseudo code: pseudo code and expression of pseudo code. Algorithm: Algorithm writing, relationship among algorithm, pseudo code and flow chart, code to flowchart and vice versa conversion. Introduction to C program, Skeleton of C program, Compiler: overview of compiler, importance and functionality, output standard libr ary function as printf(), input standard library function as scanf(), Data types and Variable: different data types, variable types and their sizes, conversion among them, scope: global variable, local variable, static variable, auto variable . Operators: Types of operator in C, functionality of operators, increment – decrement operators, precedence of operators. Header files, library files, object files and their importance. Conditional Operators: if-else structure, switchcase structure, selection structure, statement and expression. Control Flow: for loop structure, while loop structure, do -while structure, sum of the series, co-ordinate geometry, design pattern using loop. Debugging: debug a sample program using compiler. Function: argument and parameter of a function, return types, inline declaration, forward declaration of a function. Macro: types of macro, sample macro program, macro as preprocessor, Course Code: CSE 101 Course Title: Introduction to Computer Science & Programming Credits: 3.00 Prerequisite: None series, co-ordinate geometry, design pattern using loop. Debugging: debug a sample program using compiler. Function: argument and parameter of a function, return types, inline declaration, forward declaration of a function. Macro: types of macro, sample macro program, macro as preprocessor, difference between macro and function, advantages and disadvantages of macro. Bitwise operator: introduction to bitwise operators, their functionality and truth table of basic and, or, xor, nor algebraic functions . Arrays: introduction to array, declaration and definition of an array, types of array, multidimensional array, size calculation of di fferent types of array, scanning array, programs using array, matrix multiplication using array, insertion, deletion, replacement, search from an array, advantages of array over variable. Scientific calculator using C program. References: 1. Teach yourself C by Herbert Schildt. Publisher: Osborne McGraw-Hill 2. C programming Language by Brian W. Kernighan, Dennis M. Ritchie Publisher: Prentice Hall",[],False,0,False,True,True,True,RELATION_EVIDENCE_VERIFIED,,0.27291300000069896,0.0,0.0005594999965978786,0.2846455999970203,1593298944,5620170752,1385775104,4665147392,,False,False,False,True,0.5,True,True,True,True,True,True,True,True
da4978c4cfcbd608f980,Q081,bangla,CSE 101 Introduction to Computer Science & Programming Methodology কোর্সের prerequisite কী দেওয়া আছে?,CSE 101 Introduction to Computer Science & Programming Methodology কোর্সের জন্য কোনো prerequisite দেওয়া নেই।,CSE 101 Introduction to Computer Science & Programming Methodology কোর্সের জন্য কোনো prerequisite দেওয়া নেই।,51,DATASET_REFERENCE,SUPPORTED,DIRECT_RELATION_SUPPORT,STRONG,cse 101,prerequisite,course_prerequisite,course_prerequisite,"[""Nil""]",[],[],True,True,True,True,3,2,1,"[""bm25"", ""dense"", ""metadata""]",1,False,False,False,False,NOT_REQUIRED,True,ANSWER_RETURNED,semi_structured_relation,CSE 101 কোর্সের পূর্বশর্ত: none listed।,curricula_BSc-Curriculum-New.pdf,60,doc-4d373684ce4879ed066003f5-p000060-b0002-c0001,"Course Code: CSE 101 Course Title: Introduction to Computer Science & Programming Methodology Credits: 3.00 Prerequisite: None Introduction to computer science, what is computer, Fundamental parts of a computer, sto rage and memory management (RAM, ROM, Hard disk) system overview of a computer, I/O devices, software and hardware, basic knowledge of computer, Files and folders, Command prompt, Microsoft office, Shortcut command keys, web ideas, Number System: Binary, Decimal, Octal, Hexadecimal number system and their conversion. Introduction to structured programming, Flowchart: what is flowchart, expressions of flowchart, importance of flow chart. Pseudo code: pseudo code and expression of pseudo code. Algorithm: Algorithm writing, relationship among algorithm, pseudo code and flow chart, code to flowchart and vice versa conversion. Introduction to C program, Skeleton of C program, Compiler: overview of compiler, importance and functionality, output standard libr ary function as printf(), input standard library function as scanf(), Data types and Variable: different data types, variable types and their sizes, conversion among them, scope: global variable, local variable, static variable, auto variable . Operators: Types of operator in C, functionality of operators, increment – decrement operators, precedence of operators. Header files, library files, object files and their importance. Conditional Operators: if-else structure, switchcase structure, selection structure, statement and expression. Control Flow: for loop structure, while loop structure, do -while structure, sum of the series, co-ordinate geometry, design pattern using loop. Debugging: debug a sample program using compiler. Function: argument and parameter of a function, return types, inline declaration, forward declaration of a function. Macro: types of macro, sample macro program, macro as preprocessor, Course Code: CSE 101 Course Title: Introduction to Computer Science & Programming Credits: 3.00 Prerequisite: None series, co-ordinate geometry, design pattern using loop. Debugging: debug a sample program using compiler. Function: argument and parameter of a function, return types, inline declaration, forward declaration of a function. Macro: types of macro, sample macro program, macro as preprocessor, difference between macro and function, advantages and disadvantages of macro. Bitwise operator: introduction to bitwise operators, their functionality and truth table of basic and, or, xor, nor algebraic functions . Arrays: introduction to array, declaration and definition of an array, types of array, multidimensional array, size calculation of di fferent types of array, scanning array, programs using array, matrix multiplication using array, insertion, deletion, replacement, search from an array, advantages of array over variable. Scientific calculator using C program. References: 1. Teach yourself C by Herbert Schildt. Publisher: Osborne McGraw-Hill 2. C programming Language by Brian W. Kernighan, Dennis M. Ritchie Publisher: Prentice Hall",[],False,0,False,True,True,True,RELATION_EVIDENCE_VERIFIED,,0.31829560000187485,0.0,0.0005145000031916425,0.32780300000013085,1593094144,5620170752,1387864064,4661993472,,False,False,True,True,1.0,True,True,True,True,True,True,True,True
da4978c4cfcbd608f980,Q081,banglish,CSE 101 Introduction to Computer Science & Programming Methodology course-er prerequisite ki deya ache?,CSE 101 Introduction to Computer Science & Programming Methodology course-er jonno kono prerequisite deya nei.,CSE 101 Introduction to Computer Science & Programming Methodology course-er jonno kono prerequisite deya nei.,51,DATASET_REFERENCE,SUPPORTED,DIRECT_RELATION_SUPPORT,STRONG,cse 101,prerequisite,course_prerequisite,course_prerequisite,"[""Nil""]",[],[],True,True,True,True,3,2,1,"[""bm25"", ""dense"", ""metadata""]",1,False,False,False,False,NOT_REQUIRED,True,ANSWER_RETURNED,semi_structured_relation,CSE 101 course-er kono prerequisite deya nei.,curricula_BSc-Curriculum-New.pdf,60,doc-4d373684ce4879ed066003f5-p000060-b0002-c0001,"Course Code: CSE 101 Course Title: Introduction to Computer Science & Programming Methodology Credits: 3.00 Prerequisite: None Introduction to computer science, what is computer, Fundamental parts of a computer, sto rage and memory management (RAM, ROM, Hard disk) system overview of a computer, I/O devices, software and hardware, basic knowledge of computer, Files and folders, Command prompt, Microsoft office, Shortcut command keys, web ideas, Number System: Binary, Decimal, Octal, Hexadecimal number system and their conversion. Introduction to structured programming, Flowchart: what is flowchart, expressions of flowchart, importance of flow chart. Pseudo code: pseudo code and expression of pseudo code. Algorithm: Algorithm writing, relationship among algorithm, pseudo code and flow chart, code to flowchart and vice versa conversion. Introduction to C program, Skeleton of C program, Compiler: overview of compiler, importance and functionality, output standard libr ary function as printf(), input standard library function as scanf(), Data types and Variable: different data types, variable types and their sizes, conversion among them, scope: global variable, local variable, static variable, auto variable . Operators: Types of operator in C, functionality of operators, increment – decrement operators, precedence of operators. Header files, library files, object files and their importance. Conditional Operators: if-else structure, switchcase structure, selection structure, statement and expression. Control Flow: for loop structure, while loop structure, do -while structure, sum of the series, co-ordinate geometry, design pattern using loop. Debugging: debug a sample program using compiler. Function: argument and parameter of a function, return types, inline declaration, forward declaration of a function. Macro: types of macro, sample macro program, macro as preprocessor, Course Code: CSE 101 Course Title: Introduction to Computer Science & Programming Credits: 3.00 Prerequisite: None series, co-ordinate geometry, design pattern using loop. Debugging: debug a sample program using compiler. Function: argument and parameter of a function, return types, inline declaration, forward declaration of a function. Macro: types of macro, sample macro program, macro as preprocessor, difference between macro and function, advantages and disadvantages of macro. Bitwise operator: introduction to bitwise operators, their functionality and truth table of basic and, or, xor, nor algebraic functions . Arrays: introduction to array, declaration and definition of an array, types of array, multidimensional array, size calculation of di fferent types of array, scanning array, programs using array, matrix multiplication using array, insertion, deletion, replacement, search from an array, advantages of array over variable. Scientific calculator using C program. References: 1. Teach yourself C by Herbert Schildt. Publisher: Osborne McGraw-Hill 2. C programming Language by Brian W. Kernighan, Dennis M. Ritchie Publisher: Prentice Hall",[],False,0,False,True,True,True,RELATION_EVIDENCE_VERIFIED,,0.2914654000051087,0.0,0.0006548999954247847,0.30223470000055386,1593556992,5620170752,1385365504,4661047296,,False,False,True,True,1.0,True,True,True,True,True,True,True,True
da4978c4cfcbd608f980,Q082,english,What prerequisite is listed for CSE 102 Introduction to Computer Sc. & Programming Methodology Lab?,No prerequisite is listed for CSE 102 Introduction to Computer Sc. & Programming Methodology Lab.,No prerequisite is listed for CSE 102 Introduction to Computer Sc. & Programming Methodology Lab.,51,DATASET_REFERENCE,SUPPORTED,DIRECT_STRUCTURED_SUPPORT,STRONG,cse 102,prerequisite,,,[],[],[],True,True,,True,2,2,1,"[""bm25"", ""dense"", ""metadata""]",1,False,False,False,False,NOT_REQUIRED,True,ANSWER_RETURNED,structured_exact,CSE 102 has no listed prerequisite.,curricula_BSc-Curriculum-New.pdf,51,doc-4d373684ce4879ed066003f5-p000051-b0003-c0001,CSE 102 Introduction to Computer Sc. & Programming Methodology Lab 1.50 Nil,[],False,0,False,True,True,True,FACTUAL_TOKENS_SUPPORTED,,0.2599687000038102,0.0,0.0005418000000645407,0.2647088000012445,1593393152,5620170752,1365151744,4660953088,,False,False,True,True,1.0,True,True,True,True,True,True,True,True
da4978c4cfcbd608f980,Q082,bangla,CSE 102 Introduction to Computer Sc. & Programming Methodology Lab কোর্সের prerequisite কী দেওয়া আছে?,CSE 102 Introduction to Computer Sc. & Programming Methodology Lab কোর্সের জন্য কোনো prerequisite দেওয়া নেই।,CSE 102 Introduction to Computer Sc. & Programming Methodology Lab কোর্সের জন্য কোনো prerequisite দেওয়া নেই।,51,DATASET_REFERENCE,SUPPORTED,DIRECT_STRUCTURED_SUPPORT,STRONG,cse 102,prerequisite,,,[],[],[],True,True,,True,2,2,1,"[""bm25"", ""dense"", ""metadata""]",1,False,False,False,False,NOT_REQUIRED,True,ANSWER_RETURNED,structured_exact,CSE 102 কোর্সের কোনো পূর্বশর্ত দেওয়া নেই।,curricula_BSc-Curriculum-New.pdf,51,doc-4d373684ce4879ed066003f5-p000051-b0003-c0001,CSE 102 Introduction to Computer Sc. & Programming Methodology Lab 1.50 Nil,[],False,0,False,True,True,True,FACTUAL_TOKENS_SUPPORTED,,0.3052988999988884,0.0,0.0007120000009308569,0.3127609000002849,1593008128,5620170752,1361313792,4660879360,,False,False,True,True,1.0,True,True,True,True,True,True,True,True
da4978c4cfcbd608f980,Q082,banglish,CSE 102 Introduction to Computer Sc. & Programming Methodology Lab course-er prerequisite ki deya ache?,CSE 102 Introduction to Computer Sc. & Programming Methodology Lab course-er jonno kono prerequisite deya nei.,CSE 102 Introduction to Computer Sc. & Programming Methodology Lab course-er jonno kono prerequisite deya nei.,51,DATASET_REFERENCE,SUPPORTED,DIRECT_STRUCTURED_SUPPORT,STRONG,cse 102,prerequisite,,,[],[],[],True,True,,True,2,2,1,"[""bm25"", ""dense"", ""metadata""]",1,False,False,False,False,NOT_REQUIRED,True,ANSWER_RETURNED,structured_exact,CSE 102 course-er kono prerequisite deya nei.,curricula_BSc-Curriculum-New.pdf,61,doc-4d373684ce4879ed066003f5-p000061-b0004-c0001,Course Code: CSE 102 Course Title: Introduction to Computer Science & Programming Methodology Lab Credits: 1.50 Prerequisite: None Objective: Laboratory works and assignments will be based on CSE-101,[],False,0,False,True,True,True,FACTUAL_TOKENS_SUPPORTED,,0.3375309000039124,0.0,0.0007550000009359792,0.34450359999755165,1592995840,5620170752,1358245888,4660690944,,False,False,True,True,1.0,True,True,True,True,True,True,True,True
da4978c4cfcbd608f980,Q083,english,What prerequisite is listed for HSS 101 English I: Written and Spoken English?,No prerequisite is listed for HSS 101 English I: Written and Spoken English.,No prerequisite is listed for HSS 101 English I: Written and Spoken English.,51,DATASET_REFERENCE,SUPPORTED,DIRECT_RELATION_SUPPORT,STRONG,hss 101,prerequisite,course_prerequisite,course_prerequisite,"[""Nil""]",[],[],True,True,True,True,1,1,1,"[""bm25"", ""dense"", ""metadata""]",2,False,False,False,False,NOT_REQUIRED,True,ANSWER_RETURNED,semi_structured_relation,The prerequisite for HSS 101 is none listed.,curricula_BSc-Curriculum-New.pdf,51,doc-4d373684ce4879ed066003f5-p000051-b0004-c0001,HSS 101 English I: Written and Spoken English 3.00 Nil,[],False,0,False,True,True,True,RELATION_EVIDENCE_VERIFIED,,0.2864716000040062,0.0,0.0003837000040221028,0.29304920000140555,1593552896,5620170752,1357279232,4653498368,,False,False,False,True,0.5,True,True,True,True,False,True,False,True
da4978c4cfcbd608f980,Q083,bangla,HSS 101 English I: Written and Spoken English কোর্সের prerequisite কী দেওয়া আছে?,HSS 101 English I: Written and Spoken English কোর্সের জন্য কোনো prerequisite দেওয়া নেই।,HSS 101 English I: Written and Spoken English কোর্সের জন্য কোনো prerequisite দেওয়া নেই।,51,DATASET_REFERENCE,SUPPORTED,DIRECT_RELATION_SUPPORT,STRONG,hss 101,prerequisite,course_prerequisite,course_prerequisite,"[""Nil""]",[],[],True,True,True,True,1,1,1,"[""bm25"", ""dense"", ""metadata""]",2,False,False,False,False,NOT_REQUIRED,True,ANSWER_RETURNED,semi_structured_relation,HSS 101 কোর্সের পূর্বশর্ত: none listed।,curricula_BSc-Curriculum-New.pdf,51,doc-4d373684ce4879ed066003f5-p000051-b0004-c0001,HSS 101 English I: Written and Spoken English 3.00 Nil,[],False,0,False,True,True,True,RELATION_EVIDENCE_VERIFIED,,0.2607757000005222,0.0,0.0003508000008878298,0.264729400005308,1595015168,5620170752,1350795264,4649623552,,False,False,False,True,0.5,True,True,True,True,False,True,False,True
da4978c4cfcbd608f980,Q083,banglish,HSS 101 English I: Written and Spoken English course-er prerequisite ki deya ache?,HSS 101 English I: Written and Spoken English course-er jonno kono prerequisite deya nei.,HSS 101 English I: Written and Spoken English course-er jonno kono prerequisite deya nei.,51,DATASET_REFERENCE,SUPPORTED,DIRECT_RELATION_SUPPORT,STRONG,hss 101,prerequisite,course_prerequisite,course_prerequisite,"[""Nil""]",[],[],True,True,True,True,1,1,1,"[""bm25"", ""dense"", ""metadata""]",2,False,False,False,False,NOT_REQUIRED,True,ANSWER_RETURNED,semi_structured_relation,HSS 101 course-er kono prerequisite deya nei.,curricula_BSc-Curriculum-New.pdf,51,doc-4d373684ce4879ed066003f5-p000051-b0004-c0001,HSS 101 English I: Written and Spoken English 3.00 Nil,[],False,0,False,True,True,True,RELATION_EVIDENCE_VERIFIED,,0.28109029999905033,0.0,0.0004574999984470196,0.2855755999989924,1594302464,5620170752,1354059776,4639428608,,False,False,False,True,0.5,True,True,True,True,False,True,False,True
da4978c4cfcbd608f980,Q084,english,What prerequisite is listed for HSS 111(A) Bangladesh Studies: Society and Culture?,No prerequisite is listed for HSS 111(A) Bangladesh Studies: Society and Culture.,No prerequisite is listed for HSS 111(A) Bangladesh Studies: Society and Culture.,51,DATASET_REFERENCE,SUPPORTED,DIRECT_RELATION_SUPPORT,STRONG,hss 111(a),prerequisite,course_prerequisite,course_prerequisite,"[""Nil""]",[],[],True,True,True,True,1,1,1,"[""bm25"", ""dense"", ""metadata""]",1,False,False,False,False,NOT_REQUIRED,True,ANSWER_RETURNED,semi_structured_relation,The prerequisite for HSS 111(A) is none listed.,curricula_BSc-Curriculum-New.pdf,51,doc-4d373684ce4879ed066003f5-p000051-b0005-c0001,HSS 111(A) Bangladesh Studies: Society and Culture 2.00 Nil,[],False,0,False,True,True,True,RELATION_EVIDENCE_VERIFIED,,0.30411979999917094,0.0,0.00033059999987017363,0.309174099995289,1593356288,5620170752,1342918656,4639313920,,False,False,True,True,1.0,True,True,True,True,True,True,True,True
da4978c4cfcbd608f980,Q084,bangla,HSS 111(A) Bangladesh Studies: Society and Culture কোর্সের prerequisite কী দেওয়া আছে?,HSS 111(A) Bangladesh Studies: Society and Culture কোর্সের জন্য কোনো prerequisite দেওয়া নেই।,HSS 111(A) Bangladesh Studies: Society and Culture কোর্সের জন্য কোনো prerequisite দেওয়া নেই।,51,DATASET_REFERENCE,SUPPORTED,DIRECT_RELATION_SUPPORT,STRONG,hss 111(a),prerequisite,course_prerequisite,course_prerequisite,"[""Nil""]",[],[],True,True,True,True,1,1,1,"[""bm25"", ""dense"", ""metadata""]",1,False,False,False,False,NOT_REQUIRED,True,ANSWER_RETURNED,semi_structured_relation,HSS 111(A) কোর্সের পূর্বশর্ত: none listed।,curricula_BSc-Curriculum-New.pdf,51,doc-4d373684ce4879ed066003f5-p000051-b0005-c0001,HSS 111(A) Bangladesh Studies: Society and Culture 2.00 Nil,[],False,0,False,True,True,True,RELATION_EVIDENCE_VERIFIED,,0.2978330999976606,0.0,0.0004594999991240911,0.30277429999841843,1593421824,5620170752,1334751232,4638085120,,False,False,True,True,1.0,True,True,True,True,True,True,True,True
da4978c4cfcbd608f980,Q084,banglish,HSS 111(A) Bangladesh Studies: Society and Culture course-er prerequisite ki deya ache?,HSS 111(A) Bangladesh Studies: Society and Culture course-er jonno kono prerequisite deya nei.,HSS 111(A) Bangladesh Studies: Society and Culture course-er jonno kono prerequisite deya nei.,51,DATASET_REFERENCE,SUPPORTED,DIRECT_RELATION_SUPPORT,STRONG,hss 111(a),prerequisite,course_prerequisite,course_prerequisite,"[""Nil""]",[],[],True,True,True,True,1,1,1,"[""bm25"", ""dense"", ""metadata""]",1,False,False,False,False,NOT_REQUIRED,True,ANSWER_RETURNED,semi_structured_relation,HSS 111(A) course-er kono prerequisite deya nei.,curricula_BSc-Curriculum-New.pdf,51,doc-4d373684ce4879ed066003f5-p000051-b0005-c0001,HSS 111(A) Bangladesh Studies: Society and Culture 2.00 Nil,[],False,0,False,True,True,True,RELATION_EVIDENCE_VERIFIED,,0.26846159999695374,0.0,0.0003837000040221028,0.2734870999993291,1593425920,5620170752,1325359104,4638019584,,False,False,True,True,1.0,True,True,True,True,True,True,True,True
da4978c4cfcbd608f980,Q085,english,What prerequisite is listed for HSS 111(B) Bangladesh Studies: Bangladesh History?,No prerequisite is listed for HSS 111(B) Bangladesh Studies: Bangladesh History.,No prerequisite is listed for HSS 111(B) Bangladesh Studies: Bangladesh History.,51,DATASET_REFERENCE,SUPPORTED,DIRECT_RELATION_SUPPORT,STRONG,hss 111(b),prerequisite,course_prerequisite,course_prerequisite,"[""Nil""]",[],[],True,True,True,True,1,1,1,"[""bm25"", ""dense"", ""metadata""]",1,False,False,False,False,NOT_REQUIRED,True,ANSWER_RETURNED,semi_structured_relation,The prerequisite for HSS 111(B) is none listed.,curricula_BSc-Curriculum-New.pdf,51,doc-4d373684ce4879ed066003f5-p000051-b0006-c0001,HSS 111(B) Bangladesh Studies: Bangladesh History 2.00 Nil,[],False,0,False,True,True,True,RELATION_EVIDENCE_VERIFIED,,0.30865579999954207,0.0,0.0004228999969200231,0.3143251000001328,1593339904,5620170752,1326624768,4638011392,,False,False,True,True,1.0,True,True,True,True,True,True,True,True
da4978c4cfcbd608f980,Q085,bangla,HSS 111(B) Bangladesh Studies: Bangladesh History কোর্সের prerequisite কী দেওয়া আছে?,HSS 111(B) Bangladesh Studies: Bangladesh History কোর্সের জন্য কোনো prerequisite দেওয়া নেই।,HSS 111(B) Bangladesh Studies: Bangladesh History কোর্সের জন্য কোনো prerequisite দেওয়া নেই।,51,DATASET_REFERENCE,SUPPORTED,DIRECT_RELATION_SUPPORT,STRONG,hss 111(b),prerequisite,course_prerequisite,course_prerequisite,"[""Nil""]",[],[],True,True,True,True,1,1,1,"[""bm25"", ""dense"", ""metadata""]",1,False,False,False,False,NOT_REQUIRED,True,ANSWER_RETURNED,semi_structured_relation,HSS 111(B) কোর্সের পূর্বশর্ত: none listed।,curricula_BSc-Curriculum-New.pdf,51,doc-4d373684ce4879ed066003f5-p000051-b0006-c0001,HSS 111(B) Bangladesh Studies: Bangladesh History 2.00 Nil,[],False,0,False,True,True,True,RELATION_EVIDENCE_VERIFIED,,0.2950046999976621,0.0,0.0004079999998793937,0.3017713000008371,1594806272,5620170752,1323667456,4636569600,,False,False,True,True,1.0,True,True,True,True,True,True,True,True
da4978c4cfcbd608f980,Q085,banglish,HSS 111(B) Bangladesh Studies: Bangladesh History course-er prerequisite ki deya ache?,HSS 111(B) Bangladesh Studies: Bangladesh History course-er jonno kono prerequisite deya nei.,HSS 111(B) Bangladesh Studies: Bangladesh History course-er jonno kono prerequisite deya nei.,51,DATASET_REFERENCE,SUPPORTED,DIRECT_RELATION_SUPPORT,STRONG,hss 111(b),prerequisite,course_prerequisite,course_prerequisite,"[""Nil""]",[],[],True,True,True,True,1,1,1,"[""bm25"", ""dense"", ""metadata""]",1,False,False,False,False,NOT_REQUIRED,True,ANSWER_RETURNED,semi_structured_relation,HSS 111(B) course-er kono prerequisite deya nei.,curricula_BSc-Curriculum-New.pdf,51,doc-4d373684ce4879ed066003f5-p000051-b0006-c0001,HSS 111(B) Bangladesh Studies: Bangladesh History 2.00 Nil,[],False,0,False,True,True,True,RELATION_EVIDENCE_VERIFIED,,0.28012350000062725,0.0,0.00034050000249408185,0.2876862000048277,1594318848,5620170752,1311256576,4636164096,,False,False,True,True,1.0,True,True,True,True,True,True,True,True
da4978c4cfcbd608f980,Q086,english,What prerequisite is listed for PHY 101 Physics?,No prerequisite is listed for PHY 101 Physics.,No prerequisite is listed for PHY 101 Physics.,51,DATASET_REFERENCE,SUPPORTED,DIRECT_RELATION_SUPPORT,STRONG,phy 101,prerequisite,course_prerequisite,course_prerequisite,"[""Nil""]",[],[],True,True,True,True,2,2,1,"[""bm25"", ""dense"", ""metadata""]",1,False,False,False,False,NOT_REQUIRED,True,ANSWER_RETURNED,semi_structured_relation,The prerequisite for PHY 101 is none listed.,curricula_BSc-Curriculum-New.pdf,62,doc-4d373684ce4879ed066003f5-p000062-b0007-c0001,"Course Code: PHY 101 Course Title: Physics Credits: 3.00 Prerequisite: None Heat and Thermodynamics: Principle of temperature measurements: platinum resistance thermometer, thermo -electric thermometer, pyrometer; Kinetic theory of gases: Maxwell's distribution of molecular speeds, mean free path, equipartition of energy, Brownian motion, Van der Waal's equation of state, review of the First Law of thermodynamics and its application, reversible and irreversible processes, Second Law of thermodynamics, Carnot cycle; Efficiency of heat engines, Carnot's Theorem, entropy and disorder, thermodynamic functions, Maxw ell relations, Clausius -Clapeyron Equation, Gibbs Phase Rule, Third Law of thermodynamics. Structure of Matter: Crystalline and non -crystalline solids, single crystal and polycrystal solids, unit cell, crystal systems, coordinations number, crystal planes and directions, sodium chloride and CsCl structure, packing factor, Miller indices, relation between interplanar spacing and Miller indices, Bragg's Law, methods of determination of interplanar spacing from diffraction patterns; Defects in solids: point defects, line defects; Bonds in solids, inter -atomic distances, calculation of cohesive and bonding energy; Introduction to band theory: distinction",[],False,0,False,True,True,True,RELATION_EVIDENCE_VERIFIED,,0.24509419999958482,0.0,0.0002469000028213486,0.25066309999965597,1593090048,5620170752,1315930112,4636061696,,False,False,True,True,1.0,True,True,True,True,True,True,True,True
da4978c4cfcbd608f980,Q086,bangla,PHY 101 Physics কোর্সের prerequisite কী দেওয়া আছে?,PHY 101 Physics কোর্সের জন্য কোনো prerequisite দেওয়া নেই।,PHY 101 Physics কোর্সের জন্য কোনো prerequisite দেওয়া নেই।,51,DATASET_REFERENCE,SUPPORTED,DIRECT_RELATION_SUPPORT,STRONG,phy 101,prerequisite,course_prerequisite,course_prerequisite,"[""Nil""]",[],[],True,True,True,True,2,2,1,"[""bm25"", ""dense"", ""metadata""]",1,False,False,False,False,NOT_REQUIRED,True,ANSWER_RETURNED,semi_structured_relation,PHY 101 কোর্সের পূর্বশর্ত: none listed।,curricula_BSc-Curriculum-New.pdf,62,doc-4d373684ce4879ed066003f5-p000062-b0007-c0001,"Course Code: PHY 101 Course Title: Physics Credits: 3.00 Prerequisite: None Heat and Thermodynamics: Principle of temperature measurements: platinum resistance thermometer, thermo -electric thermometer, pyrometer; Kinetic theory of gases: Maxwell's distribution of molecular speeds, mean free path, equipartition of energy, Brownian motion, Van der Waal's equation of state, review of the First Law of thermodynamics and its application, reversible and irreversible processes, Second Law of thermodynamics, Carnot cycle; Efficiency of heat engines, Carnot's Theorem, entropy and disorder, thermodynamic functions, Maxw ell relations, Clausius -Clapeyron Equation, Gibbs Phase Rule, Third Law of thermodynamics. Structure of Matter: Crystalline and non -crystalline solids, single crystal and polycrystal solids, unit cell, crystal systems, coordinations number, crystal planes and directions, sodium chloride and CsCl structure, packing factor, Miller indices, relation between interplanar spacing and Miller indices, Bragg's Law, methods of determination of interplanar spacing from diffraction patterns; Defects in solids: point defects, line defects; Bonds in solids, inter -atomic distances, calculation of cohesive and bonding energy; Introduction to band theory: distinction",[],False,0,False,True,True,True,RELATION_EVIDENCE_VERIFIED,,0.24881999999342952,0.0,0.0004984000042895786,0.25516049999714596,1592688640,5620170752,1305804800,4635836416,,False,False,False,True,0.5,True,True,True,True,True,True,True,True
da4978c4cfcbd608f980,Q086,banglish,PHY 101 Physics course-er prerequisite ki deya ache?,PHY 101 Physics course-er jonno kono prerequisite deya nei.,PHY 101 Physics course-er jonno kono prerequisite deya nei.,51,DATASET_REFERENCE,SUPPORTED,DIRECT_RELATION_SUPPORT,STRONG,phy 101,prerequisite,course_prerequisite,course_prerequisite,"[""Nil""]",[],[],True,True,True,True,2,2,1,"[""bm25"", ""dense"", ""metadata""]",1,False,False,False,False,NOT_REQUIRED,True,ANSWER_RETURNED,semi_structured_relation,PHY 101 course-er kono prerequisite deya nei.,curricula_BSc-Curriculum-New.pdf,62,doc-4d373684ce4879ed066003f5-p000062-b0007-c0001,"Course Code: PHY 101 Course Title: Physics Credits: 3.00 Prerequisite: None Heat and Thermodynamics: Principle of temperature measurements: platinum resistance thermometer, thermo -electric thermometer, pyrometer; Kinetic theory of gases: Maxwell's distribution of molecular speeds, mean free path, equipartition of energy, Brownian motion, Van der Waal's equation of state, review of the First Law of thermodynamics and its application, reversible and irreversible processes, Second Law of thermodynamics, Carnot cycle; Efficiency of heat engines, Carnot's Theorem, entropy and disorder, thermodynamic functions, Maxw ell relations, Clausius -Clapeyron Equation, Gibbs Phase Rule, Third Law of thermodynamics. Structure of Matter: Crystalline and non -crystalline solids, single crystal and polycrystal solids, unit cell, crystal systems, coordinations number, crystal planes and directions, sodium chloride and CsCl structure, packing factor, Miller indices, relation between interplanar spacing and Miller indices, Bragg's Law, methods of determination of interplanar spacing from diffraction patterns; Defects in solids: point defects, line defects; Bonds in solids, inter -atomic distances, calculation of cohesive and bonding energy; Introduction to band theory: distinction",[],False,0,False,True,True,True,RELATION_EVIDENCE_VERIFIED,,0.30706089999875985,0.0,0.0005439000015030615,0.3140426999962074,1593507840,5620170752,1264795648,4635000832,,False,False,False,True,0.5,True,True,True,True,True,True,True,True
da4978c4cfcbd608f980,Q087,english,What prerequisite is listed for PHY 102 Physics Lab?,No prerequisite is listed for PHY 102 Physics Lab.,No prerequisite is listed for PHY 102 Physics Lab.,51,DATASET_REFERENCE,SUPPORTED,DIRECT_RELATION_SUPPORT,STRONG,phy 102,prerequisite,course_prerequisite,course_prerequisite,"[""Nil""]",[],[],True,True,True,True,2,2,1,"[""bm25"", ""dense"", ""metadata""]",1,False,False,False,False,NOT_REQUIRED,True,ANSWER_RETURNED,semi_structured_relation,The prerequisite for PHY 102 is none listed.,curricula_BSc-Curriculum-New.pdf,63,doc-4d373684ce4879ed066003f5-p000063-b0004-c0001,"Course Code: PHY 102 Course Title: Physics Lab Credits: 1.5 Prerequisite: None Lab work based on theory, assigned by the course teacher.",[],False,0,False,True,True,True,RELATION_EVIDENCE_VERIFIED,,0.2755191000032937,0.0,0.0003073999978369102,0.2812019999983022,1560813568,5620170752,1321811968,4634456064,,False,False,True,True,1.0,True,True,True,True,True,True,True,True
da4978c4cfcbd608f980,Q087,bangla,PHY 102 Physics Lab কোর্সের prerequisite কী দেওয়া আছে?,PHY 102 Physics Lab কোর্সের জন্য কোনো prerequisite দেওয়া নেই।,PHY 102 Physics Lab কোর্সের জন্য কোনো prerequisite দেওয়া নেই।,51,DATASET_REFERENCE,SUPPORTED,DIRECT_RELATION_SUPPORT,STRONG,phy 102,prerequisite,course_prerequisite,course_prerequisite,"[""Nil""]",[],[],True,True,True,True,2,2,1,"[""bm25"", ""dense"", ""metadata""]",1,False,False,False,False,NOT_REQUIRED,True,ANSWER_RETURNED,semi_structured_relation,PHY 102 কোর্সের পূর্বশর্ত: none listed।,curricula_BSc-Curriculum-New.pdf,63,doc-4d373684ce4879ed066003f5-p000063-b0004-c0001,"Course Code: PHY 102 Course Title: Physics Lab Credits: 1.5 Prerequisite: None Lab work based on theory, assigned by the course teacher.",[],False,0,False,True,True,True,RELATION_EVIDENCE_VERIFIED,,0.42639940000663046,0.0,0.0004619999963324517,0.43054010000196286,1560846336,5620170752,1342066688,4660506624,,False,False,False,True,0.5,True,True,True,True,True,True,True,True
da4978c4cfcbd608f980,Q087,banglish,PHY 102 Physics Lab course-er prerequisite ki deya ache?,PHY 102 Physics Lab course-er jonno kono prerequisite deya nei.,PHY 102 Physics Lab course-er jonno kono prerequisite deya nei.,51,DATASET_REFERENCE,SUPPORTED,DIRECT_RELATION_SUPPORT,STRONG,phy 102,prerequisite,course_prerequisite,course_prerequisite,"[""Nil""]",[],[],True,True,True,True,2,2,1,"[""bm25"", ""dense"", ""metadata""]",1,False,False,False,False,NOT_REQUIRED,True,ANSWER_RETURNED,semi_structured_relation,PHY 102 course-er kono prerequisite deya nei.,curricula_BSc-Curriculum-New.pdf,63,doc-4d373684ce4879ed066003f5-p000063-b0004-c0001,"Course Code: PHY 102 Course Title: Physics Lab Credits: 1.5 Prerequisite: None Lab work based on theory, assigned by the course teacher.",[],False,0,False,True,True,True,RELATION_EVIDENCE_VERIFIED,,0.26144700000440935,0.0,0.00038520000089192763,0.2659533000041847,1560723456,5620170752,1357242368,4676190208,,False,False,False,True,0.5,True,True,True,True,True,True,True,True
da4978c4cfcbd608f980,Q088,english,"What prerequisite is listed for MTH 101 Math I: Basic Calculus, Co-ordinate Geometry?","No prerequisite is listed for MTH 101 Math I: Basic Calculus, Co-ordinate Geometry.","No prerequisite is listed for MTH 101 Math I: Basic Calculus, Co-ordinate Geometry.",51,DATASET_REFERENCE,CONFLICTING_EVIDENCE,CONFLICTING_VALUES,WEAK,mth 101,prerequisite,,,[],[],[],True,True,,,2,2,1,"[""bm25"", ""dense"", ""metadata""]",1,False,True,False,,NOT_ATTEMPTED,False,CONFLICTING_EVIDENCE,conflicting,The university documents contain conflicting information about this.,curricula_BSc-Curriculum-New.pdf,51,doc-4d373684ce4879ed066003f5-p000051-b0009-c0001,"MTH 101 Math I: Basic Calcu lus, Coordinate Geometry 3.00 Nil Total 19.00","[{""source"": ""curricula_BSc-Curriculum-New.pdf"", ""page"": 51, ""excerpt"": ""MTH 101 Math I: Basic Calcu lus, Coordinate Geometry 3.00 Nil Total 19.00""}, {""source"": ""curricula_BSc-Curriculum-New.pdf"", ""page"": 63, ""excerpt"": ""Course Code: MTH 101 Course Title: Math I Credits: 3.00 Prerequisite: N/A Three dimensional geometry: Co-ordinates in three dimensions, direction cosines and direction ratios, planes, sphere, straight line and conicoids (basic definition and properties only). Concept of functions : Function, domain and range of a function, graphs of simple functions (exponential, logarithmic and trigonometric), inverse function, func…""}]",False,0,False,True,True,,GENERATION_NOT_USED,,0.34440510000422364,0.0,0.0002592000018921681,0.3509511000011116,1561063424,5620170752,1338552320,4676104192,,False,False,True,True,1.0,True,True,True,True,True,True,True,False
da4978c4cfcbd608f980,Q088,bangla,"MTH 101 Math I: Basic Calculus, Co-ordinate Geometry কোর্সের prerequisite কী দেওয়া আছে?","MTH 101 Math I: Basic Calculus, Co-ordinate Geometry কোর্সের জন্য কোনো prerequisite দেওয়া নেই।","MTH 101 Math I: Basic Calculus, Co-ordinate Geometry কোর্সের জন্য কোনো prerequisite দেওয়া নেই।",51,DATASET_REFERENCE,CONFLICTING_EVIDENCE,CONFLICTING_VALUES,WEAK,mth 101,prerequisite,,,[],[],[],True,True,,,2,2,1,"[""bm25"", ""dense"", ""metadata""]",1,False,True,False,,NOT_ATTEMPTED,False,CONFLICTING_EVIDENCE,conflicting,বিশ্ববিদ্যালয়ের নথিতে এই বিষয়ে পরস্পরবিরোধী তথ্য রয়েছে।,curricula_BSc-Curriculum-New.pdf,63,doc-4d373684ce4879ed066003f5-p000063-b0005-c0001,"Course Code: MTH 101 Course Title: Math I Credits: 3.00 Prerequisite: N/A Three dimensional geometry: Co-ordinates in three dimensions, direction cosines and direction ratios, planes, sphere, straight line and conicoids (basic definition and properties only). Concept of functions : Function, domain and range of a function, graphs of simple functions (exponential, logarithmic and trigonometric), inverse function, func…","[{""source"": ""curricula_BSc-Curriculum-New.pdf"", ""page"": 63, ""excerpt"": ""Course Code: MTH 101 Course Title: Math I Credits: 3.00 Prerequisite: N/A Three dimensional geometry: Co-ordinates in three dimensions, direction cosines and direction ratios, planes, sphere, straight line and conicoids (basic definition and properties only). Concept of functions : Function, domain and range of a function, graphs of simple functions (exponential, logarithmic and trigonometric), inverse function, func…""}, {""source"": ""curricula_BSc-Curriculum-New.pdf"", ""page"": 51, ""excerpt"": ""MTH 101 Math I: Basic Calcu lus, Coordinate Geometry 3.00 Nil Total 19.00""}]",False,0,False,True,True,,GENERATION_NOT_USED,,0.3001820999998017,0.0,0.00019559999782359228,0.3027905999988434,1560473600,5620170752,1318674432,4675817472,,False,False,False,True,0.5,True,True,True,True,True,True,True,False
da4978c4cfcbd608f980,Q088,banglish,"MTH 101 Math I: Basic Calculus, Co-ordinate Geometry course-er prerequisite ki deya ache?","MTH 101 Math I: Basic Calculus, Co-ordinate Geometry course-er jonno kono prerequisite deya nei.","MTH 101 Math I: Basic Calculus, Co-ordinate Geometry course-er jonno kono prerequisite deya nei.",51,DATASET_REFERENCE,CONFLICTING_EVIDENCE,CONFLICTING_VALUES,WEAK,mth 101,prerequisite,,,[],[],[],True,True,,,2,2,1,"[""bm25"", ""dense"", ""metadata""]",1,False,True,False,,NOT_ATTEMPTED,False,CONFLICTING_EVIDENCE,conflicting,University document-gulote ei bishoye conflicting tothyo ache.,curricula_BSc-Curriculum-New.pdf,51,doc-4d373684ce4879ed066003f5-p000051-b0009-c0001,"MTH 101 Math I: Basic Calcu lus, Coordinate Geometry 3.00 Nil Total 19.00","[{""source"": ""curricula_BSc-Curriculum-New.pdf"", ""page"": 51, ""excerpt"": ""MTH 101 Math I: Basic Calcu lus, Coordinate Geometry 3.00 Nil Total 19.00""}, {""source"": ""curricula_BSc-Curriculum-New.pdf"", ""page"": 63, ""excerpt"": ""Course Code: MTH 101 Course Title: Math I Credits: 3.00 Prerequisite: N/A Three dimensional geometry: Co-ordinates in three dimensions, direction cosines and direction ratios, planes, sphere, straight line and conicoids (basic definition and properties only). Concept of functions : Function, domain and range of a function, graphs of simple functions (exponential, logarithmic and trigonometric), inverse function, func…""}]",False,0,False,True,True,,GENERATION_NOT_USED,,0.2674907999971765,0.0,0.0002406999992672354,0.2711589000027743,1560965120,5620170752,1312165888,4670746624,,False,False,True,True,1.0,True,True,True,True,True,True,True,False
da4978c4cfcbd608f980,Q089,english,What prerequisite is listed for CSE 103 Structured Programming?,The listed prerequisite for CSE 103 Structured Programming is CSE 101.,The listed prerequisite for CSE 103 Structured Programming is CSE 101.,52,DATASET_REFERENCE,SUPPORTED,DIRECT_RELATION_SUPPORT,STRONG,cse 103,prerequisite,course_prerequisite,course_prerequisite,"[""CSE 101""]",[],[],True,True,True,True,2,2,1,"[""bm25"", ""dense"", ""metadata""]",1,False,False,False,False,NOT_REQUIRED,True,ANSWER_RETURNED,semi_structured_relation,The prerequisite for CSE 103 is CSE 101.,curricula_BSc-Curriculum-New.pdf,66,doc-4d373684ce4879ed066003f5-p000066-b0001-c0001,"Course Code: CSE 103 Course Title: Structured Programming Credits: 3.00 Prerequisite: CSE 101 Character Strings: Variable length character strings, String manipulat ion, Dynamic memory allocation. Recursive functions: Defining and working procedure, base condition. Structures: Concepts, Accessing members, Arrays of structures. Pointers: Fundamentals, declarations, Pointers and structures/arrays, Operations on Pointers, Pointers to function, Pointer and memory address, Arrays of Pointers. File Operations: opening and closing a file, Operation on a file, Binary I/O, Random access. Additional features: Low level programming, Bitwise operations, The preprocessor, Compiler d irectives, command line arguments. C++: Introduction to C++ and Object Oriented Programming, I/O system in C++, file system in C++, Array, Pointers, References and Dynamic memory allocation in C++. Text Books: 1. C++ The Complete Reference (5 th Edition) – Herbert Schildt – McGraw-Hill Education 2. Programming in ANSI C (3 rd Edition) – E. Balagurusamy - Tata McGraw-Hill Education Reference Books: 1. Teach yourself C+ + (3 rd Edition) - Herbert Schildt - McGraw-Hill Education 2. C++ - How to Program – Deitel & Deitel - Prentice Hall",[],False,0,False,True,True,True,RELATION_EVIDENCE_VERIFIED,,0.25371350000204984,0.0,0.0003778000027523376,0.2615146000025561,1560227840,5620170752,1372143616,4670717952,,False,False,True,True,1.0,True,True,True,True,True,True,True,True
da4978c4cfcbd608f980,Q089,bangla,CSE 103 Structured Programming কোর্সের prerequisite কী দেওয়া আছে?,CSE 103 Structured Programming কোর্সের prerequisite হিসেবে CSE 101 দেওয়া আছে।,CSE 103 Structured Programming কোর্সের prerequisite হিসেবে CSE 101 দেওয়া আছে।,52,DATASET_REFERENCE,SUPPORTED,DIRECT_RELATION_SUPPORT,STRONG,cse 103,prerequisite,course_prerequisite,course_prerequisite,"[""CSE 101""]",[],[],True,True,True,True,2,2,1,"[""bm25"", ""dense"", ""metadata""]",1,False,False,False,False,NOT_REQUIRED,True,ANSWER_RETURNED,semi_structured_relation,CSE 103 কোর্সের পূর্বশর্ত: CSE 101।,curricula_BSc-Curriculum-New.pdf,52,doc-4d373684ce4879ed066003f5-p000052-b0002-c0001,CSE 103 Structured Programming 3.00 CSE 101,[],False,0,False,True,True,True,RELATION_EVIDENCE_VERIFIED,,0.25492620000295574,0.0,0.0003980999972554855,0.2611650999970152,1560862720,5620170752,1367609344,4670717952,,False,False,True,True,1.0,True,True,True,True,True,True,True,True
da4978c4cfcbd608f980,Q089,banglish,CSE 103 Structured Programming course-er prerequisite ki deya ache?,CSE 103 Structured Programming course-er prerequisite hisebe CSE 101 deya ache.,CSE 103 Structured Programming course-er prerequisite hisebe CSE 101 deya ache.,52,DATASET_REFERENCE,SUPPORTED,DIRECT_RELATION_SUPPORT,STRONG,cse 103,prerequisite,course_prerequisite,course_prerequisite,"[""CSE 101""]",[],[],True,True,True,True,2,2,1,"[""bm25"", ""dense"", ""metadata""]",1,False,False,False,False,NOT_REQUIRED,True,ANSWER_RETURNED,semi_structured_relation,CSE 103 course-er prerequisite CSE 101.,curricula_BSc-Curriculum-New.pdf,66,doc-4d373684ce4879ed066003f5-p000066-b0001-c0001,"Course Code: CSE 103 Course Title: Structured Programming Credits: 3.00 Prerequisite: CSE 101 Character Strings: Variable length character strings, String manipulat ion, Dynamic memory allocation. Recursive functions: Defining and working procedure, base condition. Structures: Concepts, Accessing members, Arrays of structures. Pointers: Fundamentals, declarations, Pointers and structures/arrays, Operations on Pointers, Pointers to function, Pointer and memory address, Arrays of Pointers. File Operations: opening and closing a file, Operation on a file, Binary I/O, Random access. Additional features: Low level programming, Bitwise operations, The preprocessor, Compiler d irectives, command line arguments. C++: Introduction to C++ and Object Oriented Programming, I/O system in C++, file system in C++, Array, Pointers, References and Dynamic memory allocation in C++. Text Books: 1. C++ The Complete Reference (5 th Edition) – Herbert Schildt – McGraw-Hill Education 2. Programming in ANSI C (3 rd Edition) – E. Balagurusamy - Tata McGraw-Hill Education Reference Books: 1. Teach yourself C+ + (3 rd Edition) - Herbert Schildt - McGraw-Hill Education 2. C++ - How to Program – Deitel & Deitel - Prentice Hall",[],False,0,False,True,True,True,RELATION_EVIDENCE_VERIFIED,,0.2834454000039841,0.0,0.00039339999784715474,0.288907800000743,1560985600,5620170752,1365749760,4670693376,,False,False,True,True,1.0,True,True,True,True,True,True,True,True
da4978c4cfcbd608f980,Q090,english,What prerequisite is listed for CSE 104 Structured Programming Lab?,No prerequisite is listed for CSE 104 Structured Programming Lab.,No prerequisite is listed for CSE 104 Structured Programming Lab.,52,DATASET_REFERENCE,SUPPORTED,DIRECT_RELATION_SUPPORT,STRONG,cse 104,prerequisite,course_prerequisite,course_prerequisite,"[""Nil""]",[],[],True,True,True,True,2,2,1,"[""bm25"", ""dense"", ""metadata""]",1,False,False,False,False,NOT_REQUIRED,True,ANSWER_RETURNED,semi_structured_relation,The prerequisite for CSE 104 is none listed.,curricula_BSc-Curriculum-New.pdf,66,doc-4d373684ce4879ed066003f5-p000066-b0002-c0001,Course Code: CSE 104 Course Title: Structured Programming Lab Credits: 1.50 Prerequisite: None Objectives: Laboratory works and assignments will be based on CSE – 103,[],False,0,False,True,True,True,RELATION_EVIDENCE_VERIFIED,,0.2518209999980172,0.0,0.0005758999977842905,0.2571511000060127,1560993792,5620170752,1385218048,4669423616,,False,False,False,True,0.5,True,True,True,True,True,True,True,True
da4978c4cfcbd608f980,Q090,bangla,CSE 104 Structured Programming Lab কোর্সের prerequisite কী দেওয়া আছে?,CSE 104 Structured Programming Lab কোর্সের জন্য কোনো prerequisite দেওয়া নেই।,CSE 104 Structured Programming Lab কোর্সের জন্য কোনো prerequisite দেওয়া নেই।,52,DATASET_REFERENCE,SUPPORTED,DIRECT_RELATION_SUPPORT,STRONG,cse 104,prerequisite,course_prerequisite,course_prerequisite,"[""Nil""]",[],[],True,True,True,True,2,2,1,"[""bm25"", ""dense"", ""metadata""]",1,False,False,False,False,NOT_REQUIRED,True,ANSWER_RETURNED,semi_structured_relation,CSE 104 কোর্সের পূর্বশর্ত: none listed।,curricula_BSc-Curriculum-New.pdf,66,doc-4d373684ce4879ed066003f5-p000066-b0002-c0001,Course Code: CSE 104 Course Title: Structured Programming Lab Credits: 1.50 Prerequisite: None Objectives: Laboratory works and assignments will be based on CSE – 103,[],False,0,False,True,True,True,RELATION_EVIDENCE_VERIFIED,,0.2627193999942392,0.0,0.0005134999955771491,0.2685914999965462,1560997888,5620170752,1371123712,4664209408,,False,False,False,True,0.5,True,True,True,True,True,True,True,True
da4978c4cfcbd608f980,Q090,banglish,CSE 104 Structured Programming Lab course-er prerequisite ki deya ache?,CSE 104 Structured Programming Lab course-er jonno kono prerequisite deya nei.,CSE 104 Structured Programming Lab course-er jonno kono prerequisite deya nei.,52,DATASET_REFERENCE,SUPPORTED,DIRECT_RELATION_SUPPORT,STRONG,cse 104,prerequisite,course_prerequisite,course_prerequisite,"[""Nil""]",[],[],True,True,True,True,2,2,1,"[""bm25"", ""dense"", ""metadata""]",1,False,False,False,False,NOT_REQUIRED,True,ANSWER_RETURNED,semi_structured_relation,CSE 104 course-er kono prerequisite deya nei.,curricula_BSc-Curriculum-New.pdf,66,doc-4d373684ce4879ed066003f5-p000066-b0002-c0001,Course Code: CSE 104 Course Title: Structured Programming Lab Credits: 1.50 Prerequisite: None Objectives: Laboratory works and assignments will be based on CSE – 103,[],False,0,False,True,True,True,RELATION_EVIDENCE_VERIFIED,,0.291519900005369,0.0,0.0005508999965968542,0.29794309999851976,1561944064,5620170752,1370824704,4664205312,,False,False,False,True,0.5,True,True,True,True,True,True,True,True
da4978c4cfcbd608f980,Q091,english,What prerequisite is listed for CSE 105 Discrete Mathematics?,No prerequisite is listed for CSE 105 Discrete Mathematics.,No prerequisite is listed for CSE 105 Discrete Mathematics.,52,DATASET_REFERENCE,SUPPORTED,DIRECT_RELATION_SUPPORT,STRONG,cse 105,prerequisite,course_prerequisite,course_prerequisite,"[""Nil""]",[],[],True,True,True,True,2,2,1,"[""bm25"", ""dense"", ""metadata""]",1,False,False,False,False,NOT_REQUIRED,True,ANSWER_RETURNED,semi_structured_relation,The prerequisite for CSE 105 is none listed.,curricula_BSc-Curriculum-New.pdf,66,doc-4d373684ce4879ed066003f5-p000066-b0003-c0001,"Course Code: CSE 105 Course Title: Discrete Mathematics Credits: 3.00 Prerequisite: None Mathematical Models & Foundations: Logic, Proposition, Propositional Equivalence, Propositional and Predicate Calculus: Predicates, predicate formulas, Quantifiers, Statements and Compound statements, tautologies and contradictions, logic al equivalence, algebra of propositions and conditionals, arguments and theory of inference of prepositional calculus. Methods of proof: Mathematical Induction. Sets: Set theory --Basic concepts of sets and elements, Venn diagram and membership table, set operations, algebra of sets duality classes of sets, power set. Relations between sets, Operations on sets. Functions: Basic properties. Classifications of functions. Counting: The basics of Counting, The Pigeonhole principle, Permutations and Combinations , Discrete Probability, Probability Theory. Advanced Counting Techniques: Recurrence Relations, Solving Recurrence Relations, Generating Functions. Functions and counting, inclusion -exclusion principle. Number Theory: Division Algorithms -GCD, LCM, Prime n umbers and prime factorization, modular arithmetic and congruence, modular exponentiation, Eucledian algorithm. Introduction to groups, rings and fields.",[],False,0,False,True,True,True,RELATION_EVIDENCE_VERIFIED,,0.2646995999966748,0.0,0.00023810000129742548,0.2714261000000988,1561751552,5620170752,1365942272,4664176640,,False,False,True,True,1.0,True,True,True,True,True,True,True,True
da4978c4cfcbd608f980,Q091,bangla,CSE 105 Discrete Mathematics কোর্সের prerequisite কী দেওয়া আছে?,CSE 105 Discrete Mathematics কোর্সের জন্য কোনো prerequisite দেওয়া নেই।,CSE 105 Discrete Mathematics কোর্সের জন্য কোনো prerequisite দেওয়া নেই।,52,DATASET_REFERENCE,SUPPORTED,DIRECT_RELATION_SUPPORT,STRONG,cse 105,prerequisite,course_prerequisite,course_prerequisite,"[""Nil""]",[],[],True,True,True,True,2,2,1,"[""bm25"", ""dense"", ""metadata""]",1,False,False,False,False,NOT_REQUIRED,True,ANSWER_RETURNED,semi_structured_relation,CSE 105 কোর্সের পূর্বশর্ত: none listed।,curricula_BSc-Curriculum-New.pdf,66,doc-4d373684ce4879ed066003f5-p000066-b0003-c0001,"Course Code: CSE 105 Course Title: Discrete Mathematics Credits: 3.00 Prerequisite: None Mathematical Models & Foundations: Logic, Proposition, Propositional Equivalence, Propositional and Predicate Calculus: Predicates, predicate formulas, Quantifiers, Statements and Compound statements, tautologies and contradictions, logic al equivalence, algebra of propositions and conditionals, arguments and theory of inference of prepositional calculus. Methods of proof: Mathematical Induction. Sets: Set theory --Basic concepts of sets and elements, Venn diagram and membership table, set operations, algebra of sets duality classes of sets, power set. Relations between sets, Operations on sets. Functions: Basic properties. Classifications of functions. Counting: The basics of Counting, The Pigeonhole principle, Permutations and Combinations , Discrete Probability, Probability Theory. Advanced Counting Techniques: Recurrence Relations, Solving Recurrence Relations, Generating Functions. Functions and counting, inclusion -exclusion principle. Number Theory: Division Algorithms -GCD, LCM, Prime n umbers and prime factorization, modular arithmetic and congruence, modular exponentiation, Eucledian algorithm. Introduction to groups, rings and fields.",[],False,0,False,True,True,True,RELATION_EVIDENCE_VERIFIED,,0.24924730000202544,0.0,0.00027510000654729083,0.2535312999971211,1561796608,5620170752,1350860800,4664164352,,False,False,True,True,1.0,True,True,True,True,True,True,True,True
da4978c4cfcbd608f980,Q091,banglish,CSE 105 Discrete Mathematics course-er prerequisite ki deya ache?,CSE 105 Discrete Mathematics course-er jonno kono prerequisite deya nei.,CSE 105 Discrete Mathematics course-er jonno kono prerequisite deya nei.,52,DATASET_REFERENCE,SUPPORTED,DIRECT_RELATION_SUPPORT,STRONG,cse 105,prerequisite,course_prerequisite,course_prerequisite,"[""Nil""]",[],[],True,True,True,True,2,2,1,"[""bm25"", ""dense"", ""metadata""]",1,False,False,False,False,NOT_REQUIRED,True,ANSWER_RETURNED,semi_structured_relation,CSE 105 course-er kono prerequisite deya nei.,curricula_BSc-Curriculum-New.pdf,66,doc-4d373684ce4879ed066003f5-p000066-b0003-c0001,"Course Code: CSE 105 Course Title: Discrete Mathematics Credits: 3.00 Prerequisite: None Mathematical Models & Foundations: Logic, Proposition, Propositional Equivalence, Propositional and Predicate Calculus: Predicates, predicate formulas, Quantifiers, Statements and Compound statements, tautologies and contradictions, logic al equivalence, algebra of propositions and conditionals, arguments and theory of inference of prepositional calculus. Methods of proof: Mathematical Induction. Sets: Set theory --Basic concepts of sets and elements, Venn diagram and membership table, set operations, algebra of sets duality classes of sets, power set. Relations between sets, Operations on sets. Functions: Basic properties. Classifications of functions. Counting: The basics of Counting, The Pigeonhole principle, Permutations and Combinations , Discrete Probability, Probability Theory. Advanced Counting Techniques: Recurrence Relations, Solving Recurrence Relations, Generating Functions. Functions and counting, inclusion -exclusion principle. Number Theory: Division Algorithms -GCD, LCM, Prime n umbers and prime factorization, modular arithmetic and congruence, modular exponentiation, Eucledian algorithm. Introduction to groups, rings and fields.",[],False,0,False,True,True,True,RELATION_EVIDENCE_VERIFIED,,0.2199663999999757,0.0,0.0003358000030857511,0.2255793000003905,1561182208,5620170752,1347952640,4664139776,,False,False,True,True,1.0,True,True,True,True,True,True,True,True
da4978c4cfcbd608f980,Q092,english,What prerequisite is listed for EEE 121 Electrical & Electronic Engineering I?,No prerequisite is listed for EEE 121 Electrical & Electronic Engineering I.,No prerequisite is listed for EEE 121 Electrical & Electronic Engineering I.,52,DATASET_REFERENCE,SUPPORTED,DIRECT_RELATION_SUPPORT,STRONG,eee 121,prerequisite,course_prerequisite,course_prerequisite,"[""Nil""]",[],[],True,True,True,True,2,2,1,"[""bm25"", ""dense"", ""metadata""]",1,False,False,False,False,NOT_REQUIRED,True,ANSWER_RETURNED,semi_structured_relation,The prerequisite for EEE 121 is none listed.,curricula_BSc-Curriculum-New.pdf,65,doc-4d373684ce4879ed066003f5-p000065-b0009-c0001,"Course Code: EEE 121 Course Title: Electrical & Electronic Engineering I Credits: 3.00 Prerequisite: None Basic concepts: current, voltage, emf, Ohm‘s law, Kirchoff‘s Current and Voltage Laws, Current and voltage divider rules, types of sources, source conversion methods, equivalent resistance, star -delta conversion; Network analysis and theorems : loop and nodal analysis, Superposition, Thevenin‘s, Norton‘s and Maximum Power transfer theorems; Introduction to Faraday‘s Law, Lenz‘s Law, Fleming‘s Left Hand and Right Hand Rules, Inductor and Capacitor; AC fundamentals: Amplitude, frequency, phase, power, Form factor, Crest factor, power factor, average value and effective value; AC analysis using phasor algebra; DC Transient analysis in RL and RC circuits; Introduction to semiconductors : Diode: characteristics, rectification; Zener diode: characteristics and applications; Bipolar Junction Transistor: characteristics, biasing, introduction to hybrid model, ac analysis; Field Effect Transistor: Characteristics. Books: 1. Electrical Technology – B L Thereja, Chand (S) & Co Ltd, India. 2. Introductory Circuit Analysis – R L Boylestad, Prentice Hall. 3. Circuits, Devices and Systems: A First Course in Electrical Engineering, Ralph J Smith & Richard C Dorf, Wiley. 4. Electronic Devices and Circuit Theory, R L Boylestad & Louis Nashelsky, Prentice Hall. 5. Schaum's Outline of Basic Circuit Analysis, John O‘Malley, McGraw- Hill.",[],False,0,False,True,True,True,RELATION_EVIDENCE_VERIFIED,,0.22053990000131307,0.0,0.0003358999965712428,0.2249073999992106,1561194496,5620170752,1350254592,4664135680,,False,False,False,True,0.5,True,True,True,True,True,True,True,True
da4978c4cfcbd608f980,Q092,bangla,EEE 121 Electrical & Electronic Engineering I কোর্সের prerequisite কী দেওয়া আছে?,EEE 121 Electrical & Electronic Engineering I কোর্সের জন্য কোনো prerequisite দেওয়া নেই।,EEE 121 Electrical & Electronic Engineering I কোর্সের জন্য কোনো prerequisite দেওয়া নেই।,52,DATASET_REFERENCE,SUPPORTED,DIRECT_RELATION_SUPPORT,STRONG,eee 121,prerequisite,course_prerequisite,course_prerequisite,"[""Nil""]",[],[],True,True,True,True,2,2,1,"[""bm25"", ""dense"", ""metadata""]",1,False,False,False,False,NOT_REQUIRED,True,ANSWER_RETURNED,semi_structured_relation,EEE 121 কোর্সের পূর্বশর্ত: none listed।,curricula_BSc-Curriculum-New.pdf,65,doc-4d373684ce4879ed066003f5-p000065-b0009-c0001,"Course Code: EEE 121 Course Title: Electrical & Electronic Engineering I Credits: 3.00 Prerequisite: None Basic concepts: current, voltage, emf, Ohm‘s law, Kirchoff‘s Current and Voltage Laws, Current and voltage divider rules, types of sources, source conversion methods, equivalent resistance, star -delta conversion; Network analysis and theorems : loop and nodal analysis, Superposition, Thevenin‘s, Norton‘s and Maximum Power transfer theorems; Introduction to Faraday‘s Law, Lenz‘s Law, Fleming‘s Left Hand and Right Hand Rules, Inductor and Capacitor; AC fundamentals: Amplitude, frequency, phase, power, Form factor, Crest factor, power factor, average value and effective value; AC analysis using phasor algebra; DC Transient analysis in RL and RC circuits; Introduction to semiconductors : Diode: characteristics, rectification; Zener diode: characteristics and applications; Bipolar Junction Transistor: characteristics, biasing, introduction to hybrid model, ac analysis; Field Effect Transistor: Characteristics. Books: 1. Electrical Technology – B L Thereja, Chand (S) & Co Ltd, India. 2. Introductory Circuit Analysis – R L Boylestad, Prentice Hall. 3. Circuits, Devices and Systems: A First Course in Electrical Engineering, Ralph J Smith & Richard C Dorf, Wiley. 4. Electronic Devices and Circuit Theory, R L Boylestad & Louis Nashelsky, Prentice Hall. 5. Schaum's Outline of Basic Circuit Analysis, John O‘Malley, McGraw- Hill.",[],False,0,False,True,True,True,RELATION_EVIDENCE_VERIFIED,,0.21675930000492372,0.0,0.000516800006153062,0.2237292999998317,1561198592,5620170752,1367293952,4664123392,,False,False,False,True,0.5,True,True,True,True,True,True,True,True
da4978c4cfcbd608f980,Q092,banglish,EEE 121 Electrical & Electronic Engineering I course-er prerequisite ki deya ache?,EEE 121 Electrical & Electronic Engineering I course-er jonno kono prerequisite deya nei.,EEE 121 Electrical & Electronic Engineering I course-er jonno kono prerequisite deya nei.,52,DATASET_REFERENCE,SUPPORTED,DIRECT_RELATION_SUPPORT,STRONG,eee 121,prerequisite,course_prerequisite,course_prerequisite,"[""Nil""]",[],[],True,True,True,True,2,2,1,"[""bm25"", ""dense"", ""metadata""]",1,False,False,False,False,NOT_REQUIRED,True,ANSWER_RETURNED,semi_structured_relation,EEE 121 course-er kono prerequisite deya nei.,curricula_BSc-Curriculum-New.pdf,65,doc-4d373684ce4879ed066003f5-p000065-b0009-c0001,"Course Code: EEE 121 Course Title: Electrical & Electronic Engineering I Credits: 3.00 Prerequisite: None Basic concepts: current, voltage, emf, Ohm‘s law, Kirchoff‘s Current and Voltage Laws, Current and voltage divider rules, types of sources, source conversion methods, equivalent resistance, star -delta conversion; Network analysis and theorems : loop and nodal analysis, Superposition, Thevenin‘s, Norton‘s and Maximum Power transfer theorems; Introduction to Faraday‘s Law, Lenz‘s Law, Fleming‘s Left Hand and Right Hand Rules, Inductor and Capacitor; AC fundamentals: Amplitude, frequency, phase, power, Form factor, Crest factor, power factor, average value and effective value; AC analysis using phasor algebra; DC Transient analysis in RL and RC circuits; Introduction to semiconductors : Diode: characteristics, rectification; Zener diode: characteristics and applications; Bipolar Junction Transistor: characteristics, biasing, introduction to hybrid model, ac analysis; Field Effect Transistor: Characteristics. Books: 1. Electrical Technology – B L Thereja, Chand (S) & Co Ltd, India. 2. Introductory Circuit Analysis – R L Boylestad, Prentice Hall. 3. Circuits, Devices and Systems: A First Course in Electrical Engineering, Ralph J Smith & Richard C Dorf, Wiley. 4. Electronic Devices and Circuit Theory, R L Boylestad & Louis Nashelsky, Prentice Hall. 5. Schaum's Outline of Basic Circuit Analysis, John O‘Malley, McGraw- Hill.",[],False,0,False,True,True,True,RELATION_EVIDENCE_VERIFIED,,0.25655250000272645,0.0,0.0006610000054934062,0.2645550000015646,1562144768,5620170752,1358180352,4664115200,,False,False,False,True,0.5,True,True,True,True,True,True,True,True
da4978c4cfcbd608f980,Q093,english,What prerequisite is listed for EEE 122 Electrical & Electronic Engineering I Lab?,No prerequisite is listed for EEE 122 Electrical & Electronic Engineering I Lab.,No prerequisite is listed for EEE 122 Electrical & Electronic Engineering I Lab.,52,DATASET_REFERENCE,SUPPORTED,DIRECT_RELATION_SUPPORT,STRONG,eee 122,prerequisite,course_prerequisite,course_prerequisite,"[""Nil""]",[],[],True,True,True,True,2,2,1,"[""bm25"", ""dense"", ""metadata""]",1,False,False,False,False,NOT_REQUIRED,True,ANSWER_RETURNED,semi_structured_relation,The prerequisite for EEE 122 is none listed.,curricula_BSc-Curriculum-New.pdf,67,doc-4d373684ce4879ed066003f5-p000067-b0008-c0001,Course Code: EEE 122 Course Title: Electrical & Electronic Engineering I Lab Credits: 1.50 Prerequisite: None Laboratory work based on EEE 121 5.3 Second Year First Semester,[],False,0,False,True,True,True,RELATION_EVIDENCE_VERIFIED,,0.26527830000122776,0.0,0.0005750000054831617,0.2707991999996011,1562144768,5620170752,1361473536,4664098816,,False,False,False,True,0.5,True,True,True,True,True,True,True,True
da4978c4cfcbd608f980,Q093,bangla,EEE 122 Electrical & Electronic Engineering I Lab কোর্সের prerequisite কী দেওয়া আছে?,EEE 122 Electrical & Electronic Engineering I Lab কোর্সের জন্য কোনো prerequisite দেওয়া নেই।,EEE 122 Electrical & Electronic Engineering I Lab কোর্সের জন্য কোনো prerequisite দেওয়া নেই।,52,DATASET_REFERENCE,SUPPORTED,DIRECT_RELATION_SUPPORT,STRONG,eee 122,prerequisite,course_prerequisite,course_prerequisite,"[""Nil""]",[],[],True,True,True,True,2,2,1,"[""bm25"", ""dense"", ""metadata""]",1,False,False,False,False,NOT_REQUIRED,True,ANSWER_RETURNED,semi_structured_relation,EEE 122 কোর্সের পূর্বশর্ত: none listed।,curricula_BSc-Curriculum-New.pdf,67,doc-4d373684ce4879ed066003f5-p000067-b0008-c0001,Course Code: EEE 122 Course Title: Electrical & Electronic Engineering I Lab Credits: 1.50 Prerequisite: None Laboratory work based on EEE 121 5.3 Second Year First Semester,[],False,0,False,True,True,True,RELATION_EVIDENCE_VERIFIED,,0.41249860000243643,0.0,0.0007365999990724958,0.41883810000581434,1562144768,5620170752,1353764864,4664090624,,False,False,False,True,0.5,True,True,True,True,True,True,True,True
da4978c4cfcbd608f980,Q093,banglish,EEE 122 Electrical & Electronic Engineering I Lab course-er prerequisite ki deya ache?,EEE 122 Electrical & Electronic Engineering I Lab course-er jonno kono prerequisite deya nei.,EEE 122 Electrical & Electronic Engineering I Lab course-er jonno kono prerequisite deya nei.,52,DATASET_REFERENCE,SUPPORTED,DIRECT_RELATION_SUPPORT,STRONG,eee 122,prerequisite,course_prerequisite,course_prerequisite,"[""Nil""]",[],[],True,True,True,True,2,2,1,"[""bm25"", ""dense"", ""metadata""]",1,False,False,False,False,NOT_REQUIRED,True,ANSWER_RETURNED,semi_structured_relation,EEE 122 course-er kono prerequisite deya nei.,curricula_BSc-Curriculum-New.pdf,67,doc-4d373684ce4879ed066003f5-p000067-b0008-c0001,Course Code: EEE 122 Course Title: Electrical & Electronic Engineering I Lab Credits: 1.50 Prerequisite: None Laboratory work based on EEE 121 5.3 Second Year First Semester,[],False,0,False,True,True,True,RELATION_EVIDENCE_VERIFIED,,0.23363439999957336,0.0,0.0003524999992805533,0.23742359999596374,1561935872,5620170752,1347821568,4664090624,,False,False,False,True,0.5,True,True,True,True,True,True,True,True
da4978c4cfcbd608f980,Q094,english,What prerequisite is listed for MTH 103 Math II: Linear Algebra?,No prerequisite is listed for MTH 103 Math II: Linear Algebra.,No prerequisite is listed for MTH 103 Math II: Linear Algebra.,52,DATASET_REFERENCE,SUPPORTED,DIRECT_RELATION_SUPPORT,STRONG,mth 103,prerequisite,course_prerequisite,course_prerequisite,"[""Nil""]",[],[],True,True,True,True,2,2,1,"[""bm25"", ""dense"", ""metadata""]",1,False,False,False,False,NOT_REQUIRED,True,ANSWER_RETURNED,semi_structured_relation,The prerequisite for MTH 103 is none listed.,curricula_BSc-Curriculum-New.pdf,64,doc-4d373684ce4879ed066003f5-p000064-b0012-c0001,Course Code: MTH 103 Course Title: Math II: Linear Algebra Credits: 3.00 Prerequisite: None,[],False,0,False,True,True,True,RELATION_EVIDENCE_VERIFIED,,0.2490384000047925,0.0,0.0004398000019136816,0.25642879999941215,1561378816,5620170752,1396330496,4663926784,,False,False,False,True,0.5,True,True,True,True,True,True,True,True
da4978c4cfcbd608f980,Q094,bangla,MTH 103 Math II: Linear Algebra কোর্সের prerequisite কী দেওয়া আছে?,MTH 103 Math II: Linear Algebra কোর্সের জন্য কোনো prerequisite দেওয়া নেই।,MTH 103 Math II: Linear Algebra কোর্সের জন্য কোনো prerequisite দেওয়া নেই।,52,DATASET_REFERENCE,SUPPORTED,DIRECT_RELATION_SUPPORT,STRONG,mth 103,prerequisite,course_prerequisite,course_prerequisite,"[""Nil""]",[],[],True,True,True,True,2,2,1,"[""bm25"", ""dense"", ""metadata""]",1,False,False,False,False,NOT_REQUIRED,True,ANSWER_RETURNED,semi_structured_relation,MTH 103 কোর্সের পূর্বশর্ত: none listed।,curricula_BSc-Curriculum-New.pdf,64,doc-4d373684ce4879ed066003f5-p000064-b0012-c0001,Course Code: MTH 103 Course Title: Math II: Linear Algebra Credits: 3.00 Prerequisite: None,[],False,0,False,True,True,True,RELATION_EVIDENCE_VERIFIED,,0.24187529999471735,0.0,0.0005597999988822266,0.2493730999995023,1562836992,5620170752,1378668544,4663918592,,False,False,False,True,0.5,True,True,True,True,True,True,True,True
da4978c4cfcbd608f980,Q094,banglish,MTH 103 Math II: Linear Algebra course-er prerequisite ki deya ache?,MTH 103 Math II: Linear Algebra course-er jonno kono prerequisite deya nei.,MTH 103 Math II: Linear Algebra course-er jonno kono prerequisite deya nei.,52,DATASET_REFERENCE,SUPPORTED,DIRECT_RELATION_SUPPORT,STRONG,mth 103,prerequisite,course_prerequisite,course_prerequisite,"[""Nil""]",[],[],True,True,True,True,2,2,1,"[""bm25"", ""dense"", ""metadata""]",1,False,False,False,False,NOT_REQUIRED,True,ANSWER_RETURNED,semi_structured_relation,MTH 103 course-er kono prerequisite deya nei.,curricula_BSc-Curriculum-New.pdf,64,doc-4d373684ce4879ed066003f5-p000064-b0012-c0001,Course Code: MTH 103 Course Title: Math II: Linear Algebra Credits: 3.00 Prerequisite: None,[],False,0,False,True,True,True,RELATION_EVIDENCE_VERIFIED,,0.23560160000488395,0.0,0.0004341999956523068,0.23967830000037793,1562361856,5620170752,1374044160,4663918592,,False,False,False,True,0.5,True,True,True,True,True,True,True,True
da4978c4cfcbd608f980,Q095,english,What prerequisite is listed for CHEM 111 Chemistry?,No prerequisite is listed for CHEM 111 Chemistry.,No prerequisite is listed for CHEM 111 Chemistry.,52,DATASET_REFERENCE,CONFLICTING_EVIDENCE,CONFLICTING_VALUES,WEAK,chem 111,prerequisite,,,[],[],[],True,True,,,2,2,1,"[""bm25"", ""dense"", ""metadata""]",1,False,True,False,,NOT_ATTEMPTED,False,CONFLICTING_EVIDENCE,conflicting,The university documents contain conflicting information about this.,curricula_BSc-Curriculum-New.pdf,64,doc-4d373684ce4879ed066003f5-p000064-b0010-c0001,"Course Code: CHEM 111 Course Title: Credits: 3.00 Prerequisite: N/A Atomic structure, quantum numbers, electroni c conﬁguration, periodic table; Properties and uses of noble gases; Different types of chemical bonds and their properties; Molecular structure of compounds; Selective organic reactions; Different types of solutions and their compositions; Phase rule, phase diagram of monocomponent system; Properties of di…","[{""source"": ""curricula_BSc-Curriculum-New.pdf"", ""page"": 64, ""excerpt"": ""Course Code: CHEM 111 Course Title: Credits: 3.00 Prerequisite: N/A Atomic structure, quantum numbers, electroni c conﬁguration, periodic table; Properties and uses of noble gases; Different types of chemical bonds and their properties; Molecular structure of compounds; Selective organic reactions; Different types of solutions and their compositions; Phase rule, phase diagram of monocomponent system; Properties of di…""}, {""source"": ""curricula_BSc-Curriculum-New.pdf"", ""page"": 52, ""excerpt"": ""CHEM 111 Chemistry 3.00 Nil""}]",False,0,False,True,True,,GENERATION_NOT_USED,,0.23718700000608806,0.0,0.0002342000007047318,0.24118059999455,1561133056,5620170752,1373061120,4663906304,,False,False,False,True,0.5,True,True,True,True,True,True,True,False
da4978c4cfcbd608f980,Q095,bangla,CHEM 111 Chemistry কোর্সের prerequisite কী দেওয়া আছে?,CHEM 111 Chemistry কোর্সের জন্য কোনো prerequisite দেওয়া নেই।,CHEM 111 Chemistry কোর্সের জন্য কোনো prerequisite দেওয়া নেই।,52,DATASET_REFERENCE,CONFLICTING_EVIDENCE,CONFLICTING_VALUES,WEAK,chem 111,prerequisite,,,[],[],[],True,True,,,2,2,1,"[""bm25"", ""dense"", ""metadata""]",1,False,True,False,,NOT_ATTEMPTED,False,CONFLICTING_EVIDENCE,conflicting,বিশ্ববিদ্যালয়ের নথিতে এই বিষয়ে পরস্পরবিরোধী তথ্য রয়েছে।,curricula_BSc-Curriculum-New.pdf,64,doc-4d373684ce4879ed066003f5-p000064-b0010-c0001,"Course Code: CHEM 111 Course Title: Credits: 3.00 Prerequisite: N/A Atomic structure, quantum numbers, electroni c conﬁguration, periodic table; Properties and uses of noble gases; Different types of chemical bonds and their properties; Molecular structure of compounds; Selective organic reactions; Different types of solutions and their compositions; Phase rule, phase diagram of monocomponent system; Properties of di…","[{""source"": ""curricula_BSc-Curriculum-New.pdf"", ""page"": 64, ""excerpt"": ""Course Code: CHEM 111 Course Title: Credits: 3.00 Prerequisite: N/A Atomic structure, quantum numbers, electroni c conﬁguration, periodic table; Properties and uses of noble gases; Different types of chemical bonds and their properties; Molecular structure of compounds; Selective organic reactions; Different types of solutions and their compositions; Phase rule, phase diagram of monocomponent system; Properties of di…""}, {""source"": ""curricula_BSc-Curriculum-New.pdf"", ""page"": 52, ""excerpt"": ""CHEM 111 Chemistry 3.00 Nil""}]",False,0,False,True,True,,GENERATION_NOT_USED,,0.2251112000012654,0.0,0.0002899000028264709,0.2277925000016694,1560723456,5620170752,1370013696,4663857152,,False,False,False,True,0.5,True,True,True,True,True,True,True,False
da4978c4cfcbd608f980,Q095,banglish,CHEM 111 Chemistry course-er prerequisite ki deya ache?,CHEM 111 Chemistry course-er jonno kono prerequisite deya nei.,CHEM 111 Chemistry course-er jonno kono prerequisite deya nei.,52,DATASET_REFERENCE,CONFLICTING_EVIDENCE,CONFLICTING_VALUES,WEAK,chem 111,prerequisite,,,[],[],[],True,True,,,2,2,1,"[""bm25"", ""dense"", ""metadata""]",1,False,True,False,,NOT_ATTEMPTED,False,CONFLICTING_EVIDENCE,conflicting,University document-gulote ei bishoye conflicting tothyo ache.,curricula_BSc-Curriculum-New.pdf,64,doc-4d373684ce4879ed066003f5-p000064-b0010-c0001,"Course Code: CHEM 111 Course Title: Credits: 3.00 Prerequisite: N/A Atomic structure, quantum numbers, electroni c conﬁguration, periodic table; Properties and uses of noble gases; Different types of chemical bonds and their properties; Molecular structure of compounds; Selective organic reactions; Different types of solutions and their compositions; Phase rule, phase diagram of monocomponent system; Properties of di…","[{""source"": ""curricula_BSc-Curriculum-New.pdf"", ""page"": 64, ""excerpt"": ""Course Code: CHEM 111 Course Title: Credits: 3.00 Prerequisite: N/A Atomic structure, quantum numbers, electroni c conﬁguration, periodic table; Properties and uses of noble gases; Different types of chemical bonds and their properties; Molecular structure of compounds; Selective organic reactions; Different types of solutions and their compositions; Phase rule, phase diagram of monocomponent system; Properties of di…""}, {""source"": ""curricula_BSc-Curriculum-New.pdf"", ""page"": 52, ""excerpt"": ""CHEM 111 Chemistry 3.00 Nil""}]",False,0,False,True,True,,GENERATION_NOT_USED,,0.25211590000253636,0.0,0.0002668000015546568,0.2556895000016084,1561542656,5620170752,1360269312,4663857152,,False,False,False,True,0.5,True,True,True,True,True,True,True,False
da4978c4cfcbd608f980,Q096,english,What prerequisite is listed for CHEM 112 Chemistry Lab?,No prerequisite is listed for CHEM 112 Chemistry Lab.,No prerequisite is listed for CHEM 112 Chemistry Lab.,52,DATASET_REFERENCE,SUPPORTED,DIRECT_STRUCTURED_SUPPORT,STRONG,chem 112,prerequisite,,,[],[],[],True,True,,True,1,1,1,"[""bm25"", ""dense"", ""metadata""]",1,False,False,False,False,NOT_REQUIRED,True,ANSWER_RETURNED,structured_exact,CHEM 112 has no listed prerequisite.,curricula_BSc-Curriculum-New.pdf,52,doc-4d373684ce4879ed066003f5-p000052-b0009-c0001,CHEM 112 Chemistry Lab 1.50 Nil Total 19.50 Second Year First Semester Course Code Course Title Credits Pre- Requisite,[],False,0,False,True,True,True,FACTUAL_TOKENS_SUPPORTED,,0.24762460000056308,0.0,0.00031260000105248764,0.2515841000058572,1561436160,5620170752,1361293312,4663848960,,False,False,True,True,1.0,True,True,True,True,True,True,True,True
da4978c4cfcbd608f980,Q096,bangla,CHEM 112 Chemistry Lab কোর্সের prerequisite কী দেওয়া আছে?,CHEM 112 Chemistry Lab কোর্সের জন্য কোনো prerequisite দেওয়া নেই।,CHEM 112 Chemistry Lab কোর্সের জন্য কোনো prerequisite দেওয়া নেই।,52,DATASET_REFERENCE,SUPPORTED,DIRECT_STRUCTURED_SUPPORT,STRONG,chem 112,prerequisite,,,[],[],[],True,True,,True,1,1,1,"[""bm25"", ""dense"", ""metadata""]",1,False,False,False,False,NOT_REQUIRED,True,ANSWER_RETURNED,structured_exact,CHEM 112 কোর্সের কোনো পূর্বশর্ত দেওয়া নেই।,curricula_BSc-Curriculum-New.pdf,52,doc-4d373684ce4879ed066003f5-p000052-b0009-c0001,CHEM 112 Chemistry Lab 1.50 Nil Total 19.50 Second Year First Semester Course Code Course Title Credits Pre- Requisite,[],False,0,False,True,True,True,FACTUAL_TOKENS_SUPPORTED,,0.2626994999955059,0.0,0.00035879999632015824,0.26749959999870043,1561464832,5620170752,1358290944,4663848960,,False,False,True,True,1.0,True,True,True,True,True,True,True,True
da4978c4cfcbd608f980,Q096,banglish,CHEM 112 Chemistry Lab course-er prerequisite ki deya ache?,CHEM 112 Chemistry Lab course-er jonno kono prerequisite deya nei.,CHEM 112 Chemistry Lab course-er jonno kono prerequisite deya nei.,52,DATASET_REFERENCE,SUPPORTED,DIRECT_STRUCTURED_SUPPORT,STRONG,chem 112,prerequisite,,,[],[],[],True,True,,True,1,1,1,"[""bm25"", ""dense"", ""metadata""]",1,False,False,False,False,NOT_REQUIRED,True,ANSWER_RETURNED,structured_exact,CHEM 112 course-er kono prerequisite deya nei.,curricula_BSc-Curriculum-New.pdf,52,doc-4d373684ce4879ed066003f5-p000052-b0009-c0001,CHEM 112 Chemistry Lab 1.50 Nil Total 19.50 Second Year First Semester Course Code Course Title Credits Pre- Requisite,[],False,0,False,True,True,True,FACTUAL_TOKENS_SUPPORTED,,0.22780799999600276,0.0,0.0003495999990263954,0.2330493999979808,1561341952,5620170752,1356095488,4662312960,,False,False,True,True,1.0,True,True,True,True,True,True,True,True
da4978c4cfcbd608f980,Q097,english,What prerequisite is listed for CSE 203 Object Oriented Programming I: Java?,The listed prerequisite for CSE 203 Object Oriented Programming I: Java is CSE 103.,The listed prerequisite for CSE 203 Object Oriented Programming I: Java is CSE 103.,52,DATASET_REFERENCE,SUPPORTED,DIRECT_RELATION_SUPPORT,STRONG,cse 203,prerequisite,course_prerequisite,course_prerequisite,"[""CSE 103""]",[],[],True,True,True,True,2,2,1,"[""bm25"", ""dense"", ""metadata""]",1,False,False,False,False,NOT_REQUIRED,True,ANSWER_RETURNED,semi_structured_relation,The prerequisite for CSE 203 is CSE 103.,curricula_BSc-Curriculum-New.pdf,70,doc-4d373684ce4879ed066003f5-p000070-b0006-c0001,"Course Code: CSE 203 Course Title: Object Oriented Programming I: Java Credits: 3.00 Prerequisite: CSE 103 Course Contents: Object-Oriented Fundamentals, Encapsulation, Polymorphism, Inheritance, Class, Object, Java Language Introduction, Variabl e Types and operators, Casting, Arrays, Introducing classes, Adding methods to class, constructor, String Handling, Garbage collection, Inheritance, Inner Class, Abstract Classes, Interfaces and Packages, Exception Handling, Java Input / Output, Multithreaded Programming and Synchronization, Applet, Event Handling, Networking with Java, Introducing the Swing, Utility Classes, Java Generics, Introduction to Android. Books: 1. Java The Complete Reference, 8th Edition by Herbert Schildt; McGraw-Hill Osborne 2. Effective Java (2nd Edition) by Joshua Bloch; Addison-Wesley",[],False,0,False,True,True,True,RELATION_EVIDENCE_VERIFIED,,0.22445020000304794,0.0,0.0003336000008857809,0.22821209999528946,1561391104,5620170752,1357053952,4662304768,,False,False,False,True,0.5,True,True,True,True,True,True,True,True
da4978c4cfcbd608f980,Q097,bangla,CSE 203 Object Oriented Programming I: Java কোর্সের prerequisite কী দেওয়া আছে?,CSE 203 Object Oriented Programming I: Java কোর্সের prerequisite হিসেবে CSE 103 দেওয়া আছে।,CSE 203 Object Oriented Programming I: Java কোর্সের prerequisite হিসেবে CSE 103 দেওয়া আছে।,52,DATASET_REFERENCE,SUPPORTED,DIRECT_RELATION_SUPPORT,STRONG,cse 203,prerequisite,course_prerequisite,course_prerequisite,"[""CSE 103""]",[],[],True,True,True,True,2,2,1,"[""bm25"", ""dense"", ""metadata""]",1,False,False,False,False,NOT_REQUIRED,True,ANSWER_RETURNED,semi_structured_relation,CSE 203 কোর্সের পূর্বশর্ত: CSE 103।,curricula_BSc-Curriculum-New.pdf,70,doc-4d373684ce4879ed066003f5-p000070-b0006-c0001,"Course Code: CSE 203 Course Title: Object Oriented Programming I: Java Credits: 3.00 Prerequisite: CSE 103 Course Contents: Object-Oriented Fundamentals, Encapsulation, Polymorphism, Inheritance, Class, Object, Java Language Introduction, Variabl e Types and operators, Casting, Arrays, Introducing classes, Adding methods to class, constructor, String Handling, Garbage collection, Inheritance, Inner Class, Abstract Classes, Interfaces and Packages, Exception Handling, Java Input / Output, Multithreaded Programming and Synchronization, Applet, Event Handling, Networking with Java, Introducing the Swing, Utility Classes, Java Generics, Introduction to Android. Books: 1. Java The Complete Reference, 8th Edition by Herbert Schildt; McGraw-Hill Osborne 2. Effective Java (2nd Edition) by Joshua Bloch; Addison-Wesley",[],False,0,False,True,True,True,RELATION_EVIDENCE_VERIFIED,,0.24720069999602856,0.0,0.0004953999959980138,0.25342280000040773,1562357760,5620170752,1357697024,4662288384,,False,False,False,True,0.5,True,True,True,True,True,True,True,True
da4978c4cfcbd608f980,Q097,banglish,CSE 203 Object Oriented Programming I: Java course-er prerequisite ki deya ache?,CSE 203 Object Oriented Programming I: Java course-er prerequisite hisebe CSE 103 deya ache.,CSE 203 Object Oriented Programming I: Java course-er prerequisite hisebe CSE 103 deya ache.,52,DATASET_REFERENCE,SUPPORTED,DIRECT_RELATION_SUPPORT,STRONG,cse 203,prerequisite,course_prerequisite,course_prerequisite,"[""CSE 103""]",[],[],True,True,True,True,2,2,1,"[""bm25"", ""dense"", ""metadata""]",1,False,False,False,False,NOT_REQUIRED,True,ANSWER_RETURNED,semi_structured_relation,CSE 203 course-er prerequisite CSE 103.,curricula_BSc-Curriculum-New.pdf,70,doc-4d373684ce4879ed066003f5-p000070-b0006-c0001,"Course Code: CSE 203 Course Title: Object Oriented Programming I: Java Credits: 3.00 Prerequisite: CSE 103 Course Contents: Object-Oriented Fundamentals, Encapsulation, Polymorphism, Inheritance, Class, Object, Java Language Introduction, Variabl e Types and operators, Casting, Arrays, Introducing classes, Adding methods to class, constructor, String Handling, Garbage collection, Inheritance, Inner Class, Abstract Classes, Interfaces and Packages, Exception Handling, Java Input / Output, Multithreaded Programming and Synchronization, Applet, Event Handling, Networking with Java, Introducing the Swing, Utility Classes, Java Generics, Introduction to Android. Books: 1. Java The Complete Reference, 8th Edition by Herbert Schildt; McGraw-Hill Osborne 2. Effective Java (2nd Edition) by Joshua Bloch; Addison-Wesley",[],False,0,False,True,True,True,RELATION_EVIDENCE_VERIFIED,,0.23965789999783738,0.0,0.0005794999960926361,0.24478570000064792,1561497600,5620170752,1361121280,4662239232,,False,False,False,True,0.5,True,True,True,True,True,True,True,True
da4978c4cfcbd608f980,Q098,english,What prerequisite is listed for CSE 204 Object Oriented Programming I Lab: Java Lab?,No prerequisite is listed for CSE 204 Object Oriented Programming I Lab: Java Lab.,No prerequisite is listed for CSE 204 Object Oriented Programming I Lab: Java Lab.,52,DATASET_REFERENCE,SUPPORTED,DIRECT_RELATION_SUPPORT,STRONG,cse 204,prerequisite,course_prerequisite,course_prerequisite,"[""Nil""]",[],[],True,True,True,True,2,2,1,"[""bm25"", ""dense"", ""metadata""]",1,False,False,False,False,NOT_REQUIRED,True,ANSWER_RETURNED,semi_structured_relation,The prerequisite for CSE 204 is none listed.,curricula_BSc-Curriculum-New.pdf,70,doc-4d373684ce4879ed066003f5-p000070-b0007-c0001,Course Code: CSE 204 Course Title: Object Oriented Programming I: Java Lab Credits: 1.50 Prerequisite: None Laboratory work based on Object Oriented Programming: JA VA(CSE 203),[],False,0,False,True,True,True,RELATION_EVIDENCE_VERIFIED,,0.237183900004311,0.0,0.00026249999791616574,0.24047600000631064,1561587712,5620170752,1370079232,4662239232,,False,False,True,True,1.0,True,True,True,True,True,True,True,True
da4978c4cfcbd608f980,Q098,bangla,CSE 204 Object Oriented Programming I Lab: Java Lab কোর্সের prerequisite কী দেওয়া আছে?,CSE 204 Object Oriented Programming I Lab: Java Lab কোর্সের জন্য কোনো prerequisite দেওয়া নেই।,CSE 204 Object Oriented Programming I Lab: Java Lab কোর্সের জন্য কোনো prerequisite দেওয়া নেই।,52,DATASET_REFERENCE,SUPPORTED,DIRECT_RELATION_SUPPORT,STRONG,cse 204,prerequisite,course_prerequisite,course_prerequisite,"[""Nil""]",[],[],True,True,True,True,2,2,1,"[""bm25"", ""dense"", ""metadata""]",1,False,False,False,False,NOT_REQUIRED,True,ANSWER_RETURNED,semi_structured_relation,CSE 204 কোর্সের পূর্বশর্ত: none listed।,curricula_BSc-Curriculum-New.pdf,70,doc-4d373684ce4879ed066003f5-p000070-b0007-c0001,Course Code: CSE 204 Course Title: Object Oriented Programming I: Java Lab Credits: 1.50 Prerequisite: None Laboratory work based on Object Oriented Programming: JA VA(CSE 203),[],False,0,False,True,True,True,RELATION_EVIDENCE_VERIFIED,,0.23761540000123205,0.0,0.0004394999996293336,0.24286350000329548,1561497600,5620170752,1362952192,4662235136,,False,False,True,True,1.0,True,True,True,True,True,True,True,True
da4978c4cfcbd608f980,Q098,banglish,CSE 204 Object Oriented Programming I Lab: Java Lab course-er prerequisite ki deya ache?,CSE 204 Object Oriented Programming I Lab: Java Lab course-er jonno kono prerequisite deya nei.,CSE 204 Object Oriented Programming I Lab: Java Lab course-er jonno kono prerequisite deya nei.,52,DATASET_REFERENCE,SUPPORTED,DIRECT_RELATION_SUPPORT,STRONG,cse 204,prerequisite,course_prerequisite,course_prerequisite,"[""Nil""]",[],[],True,True,True,True,2,2,1,"[""bm25"", ""dense"", ""metadata""]",1,False,False,False,False,NOT_REQUIRED,True,ANSWER_RETURNED,semi_structured_relation,CSE 204 course-er kono prerequisite deya nei.,curricula_BSc-Curriculum-New.pdf,70,doc-4d373684ce4879ed066003f5-p000070-b0007-c0001,Course Code: CSE 204 Course Title: Object Oriented Programming I: Java Lab Credits: 1.50 Prerequisite: None Laboratory work based on Object Oriented Programming: JA VA(CSE 203),[],False,0,False,True,True,True,RELATION_EVIDENCE_VERIFIED,,0.2274914000008721,0.0,0.00035989999742014334,0.23178029999689898,1561276416,5620170752,1361195008,4662235136,,False,False,False,True,0.5,True,True,True,True,True,True,True,True
da4978c4cfcbd608f980,Q099,english,What prerequisite is listed for CSE 205 Data Structures?,"The listed prerequisite for CSE 205 Data Structures is CSE 101, CSE 103, CSE 105.","The listed prerequisite for CSE 205 Data Structures is CSE 101, CSE 103, CSE 105.",52,DATASET_REFERENCE,SUPPORTED,DIRECT_STRUCTURED_SUPPORT,STRONG,cse 205,prerequisite,,,[],[],[],True,True,,True,2,2,1,"[""bm25"", ""dense"", ""metadata""]",1,False,False,False,False,NOT_REQUIRED,True,ANSWER_RETURNED,structured_exact,"The prerequisite for CSE 205 is CSE 101, CSE 103, CSE 105.",curricula_BSc-Curriculum-New.pdf,68,doc-4d373684ce4879ed066003f5-p000068-b0002-c0001,"Course Code: CSE 205 Course Title: Data Structures Credits: 3.00 Prerequisite: CSE 101, CSE 103, CSE 105 Introduction to Data Structures, Purposes of data stru cture, operations. Complexity of Algorithms: Asymptotic Notation and Runtime Analysis of Algorithms, Array: Insertion, Deletion, Matrix representation of arrays, Multidimensional arrays, Pointers arrays, Record structures, Representation of records in memory; parallel arrays. Sparse matrices. Usefulness of sparse matrices. Strings: implementations and developing algorithms using strings. Linked List: Singly Linked Lists, Doubly Linked Lists and Circular Linked Lists. Basic Operations on Linked List (Insertion, Deletion, Searching, Sorting and Traverse). Stack: Basic Stack Operations (Push and Pop Operations), Infix, Postfix and Prefix Notation of Arithmetic Expressions, Conversions and Evaluations of Arithmetic Expressions Using Stack, Recursion: Direct and indirect recursion, Simulation of recursion, Depth of recursion, Removal of recursion. Towers of Hanoi using recursion. Queue: Basic Queue Operations (Insertion and Deletion), types of Queue, Linear Queue, Priority Queue, Circular Queue and Double-ended Queue, Searching – Sequential Searching, Binary Searching, Basic Sorting: Quick Sort, Merge Sort, Selection Sort, Inserting Sort, Radix Sort, Counting Sort, External Sort, Trees: Basic terminology, Binary Tree: Binary tree representation, Traversal of Binary Tree (Inorder, Preorder and Postorder), Application of Binary Trees. Set Representation, Counting Binary Trees, Binary Search Tree: BST representation, Basic",[],False,0,False,True,True,True,FACTUAL_TOKENS_SUPPORTED,,0.25820460000250023,0.0,0.0005535000018426217,0.26818630000343546,1560313856,5620170752,1356865536,4662226944,,False,False,True,True,1.0,True,True,True,True,True,True,True,True
da4978c4cfcbd608f980,Q099,bangla,CSE 205 Data Structures কোর্সের prerequisite কী দেওয়া আছে?,"CSE 205 Data Structures কোর্সের prerequisite হিসেবে CSE 101, CSE 103, CSE 105 দেওয়া আছে।","CSE 205 Data Structures কোর্সের prerequisite হিসেবে CSE 101, CSE 103, CSE 105 দেওয়া আছে।",52,DATASET_REFERENCE,SUPPORTED,DIRECT_STRUCTURED_SUPPORT,STRONG,cse 205,prerequisite,,,[],[],[],True,True,,True,2,2,1,"[""bm25"", ""dense"", ""metadata""]",1,False,False,False,False,NOT_REQUIRED,True,ANSWER_RETURNED,structured_exact,"CSE 205 কোর্সটির prerequisite হলো CSE 101, CSE 103, CSE 105।",curricula_BSc-Curriculum-New.pdf,68,doc-4d373684ce4879ed066003f5-p000068-b0002-c0001,"Course Code: CSE 205 Course Title: Data Structures Credits: 3.00 Prerequisite: CSE 101, CSE 103, CSE 105 Introduction to Data Structures, Purposes of data stru cture, operations. Complexity of Algorithms: Asymptotic Notation and Runtime Analysis of Algorithms, Array: Insertion, Deletion, Matrix representation of arrays, Multidimensional arrays, Pointers arrays, Record structures, Representation of records in memory; parallel arrays. Sparse matrices. Usefulness of sparse matrices. Strings: implementations and developing algorithms using strings. Linked List: Singly Linked Lists, Doubly Linked Lists and Circular Linked Lists. Basic Operations on Linked List (Insertion, Deletion, Searching, Sorting and Traverse). Stack: Basic Stack Operations (Push and Pop Operations), Infix, Postfix and Prefix Notation of Arithmetic Expressions, Conversions and Evaluations of Arithmetic Expressions Using Stack, Recursion: Direct and indirect recursion, Simulation of recursion, Depth of recursion, Removal of recursion. Towers of Hanoi using recursion. Queue: Basic Queue Operations (Insertion and Deletion), types of Queue, Linear Queue, Priority Queue, Circular Queue and Double-ended Queue, Searching – Sequential Searching, Binary Searching, Basic Sorting: Quick Sort, Merge Sort, Selection Sort, Inserting Sort, Radix Sort, Counting Sort, External Sort, Trees: Basic terminology, Binary Tree: Binary tree representation, Traversal of Binary Tree (Inorder, Preorder and Postorder), Application of Binary Trees. Set Representation, Counting Binary Trees, Binary Search Tree: BST representation, Basic",[],False,0,False,True,True,True,FACTUAL_TOKENS_SUPPORTED,,0.25581709999823943,0.0,0.0004944999964209273,0.2640481999987969,1561088000,5620170752,1349926912,4662202368,,False,False,False,True,0.5,True,True,True,True,True,True,True,True
da4978c4cfcbd608f980,Q099,banglish,CSE 205 Data Structures course-er prerequisite ki deya ache?,"CSE 205 Data Structures course-er prerequisite hisebe CSE 101, CSE 103, CSE 105 deya ache.","CSE 205 Data Structures course-er prerequisite hisebe CSE 101, CSE 103, CSE 105 deya ache.",52,DATASET_REFERENCE,SUPPORTED,DIRECT_STRUCTURED_SUPPORT,STRONG,cse 205,prerequisite,,,[],[],[],True,True,,True,2,2,1,"[""bm25"", ""dense"", ""metadata""]",1,False,False,False,False,NOT_REQUIRED,True,ANSWER_RETURNED,structured_exact,"CSE 205 course-er prerequisite holo CSE 101, CSE 103, CSE 105.",curricula_BSc-Curriculum-New.pdf,68,doc-4d373684ce4879ed066003f5-p000068-b0002-c0001,"Course Code: CSE 205 Course Title: Data Structures Credits: 3.00 Prerequisite: CSE 101, CSE 103, CSE 105 Introduction to Data Structures, Purposes of data stru cture, operations. Complexity of Algorithms: Asymptotic Notation and Runtime Analysis of Algorithms, Array: Insertion, Deletion, Matrix representation of arrays, Multidimensional arrays, Pointers arrays, Record structures, Representation of records in memory; parallel arrays. Sparse matrices. Usefulness of sparse matrices. Strings: implementations and developing algorithms using strings. Linked List: Singly Linked Lists, Doubly Linked Lists and Circular Linked Lists. Basic Operations on Linked List (Insertion, Deletion, Searching, Sorting and Traverse). Stack: Basic Stack Operations (Push and Pop Operations), Infix, Postfix and Prefix Notation of Arithmetic Expressions, Conversions and Evaluations of Arithmetic Expressions Using Stack, Recursion: Direct and indirect recursion, Simulation of recursion, Depth of recursion, Removal of recursion. Towers of Hanoi using recursion. Queue: Basic Queue Operations (Insertion and Deletion), types of Queue, Linear Queue, Priority Queue, Circular Queue and Double-ended Queue, Searching – Sequential Searching, Binary Searching, Basic Sorting: Quick Sort, Merge Sort, Selection Sort, Inserting Sort, Radix Sort, Counting Sort, External Sort, Trees: Basic terminology, Binary Tree: Binary tree representation, Traversal of Binary Tree (Inorder, Preorder and Postorder), Application of Binary Trees. Set Representation, Counting Binary Trees, Binary Search Tree: BST representation, Basic",[],False,0,False,True,True,True,FACTUAL_TOKENS_SUPPORTED,,0.39949519999936456,0.0,0.00047140000242507085,0.4070662000012817,1561591808,5620170752,1339305984,4662185984,,False,False,False,True,0.5,True,True,True,True,True,True,True,True
da4978c4cfcbd608f980,Q100,english,What prerequisite is listed for CSE 206 Data Structures Lab?,No prerequisite is listed for CSE 206 Data Structures Lab.,No prerequisite is listed for CSE 206 Data Structures Lab.,52,DATASET_REFERENCE,SUPPORTED,DIRECT_RELATION_SUPPORT,STRONG,cse 206,prerequisite,course_prerequisite,course_prerequisite,"[""Nil""]",[],[],True,True,True,True,2,2,1,"[""bm25"", ""dense"", ""metadata""]",1,False,False,False,False,NOT_REQUIRED,True,ANSWER_RETURNED,semi_structured_relation,The prerequisite for CSE 206 is none listed.,curricula_BSc-Curriculum-New.pdf,69,doc-4d373684ce4879ed066003f5-p000069-b0003-c0001,"Course Code: CSE 206 Course Title: Data Structures Lab Credits: 1.50 Prerequisite: None Objectives: Laboratory assignments will be based on Course CSE -205. Students will be able to implement different data strcutures; like Array, String, Linked List, Stack, Queue, Tree, and Graph in any programming language. They will be introduced with different sorting algorithms and advanced data structures. Text Book: 1. Data Structures, Seymour Lipschutz, Schaum‘s outlines, 2nd edition. 2. Data Structures and Program Design, Robert L. Kruse, Prentice Hall. 3. Data structures and problem solving using C++, Second edition Mark Allen Weiss, Pearson Addition Wesley Education. 4. Data Structures Using C and C++, Yedidyah Langsam, Moshe J. Augenstein, and Aaron M. Tenenbaum, Prentice Hall. 5. Data Structures, Edward M. Reigngold. Wilfred J. H ansen, Addison Wesley Publishing Company",[],False,0,False,True,True,True,RELATION_EVIDENCE_VERIFIED,,0.22991439999896102,0.0,0.0004859000036958605,0.23630140000022948,1561661440,5620170752,1340424192,4662165504,,False,False,False,True,0.5,True,True,True,True,True,True,True,True
da4978c4cfcbd608f980,Q100,bangla,CSE 206 Data Structures Lab কোর্সের prerequisite কী দেওয়া আছে?,CSE 206 Data Structures Lab কোর্সের জন্য কোনো prerequisite দেওয়া নেই।,CSE 206 Data Structures Lab কোর্সের জন্য কোনো prerequisite দেওয়া নেই।,52,DATASET_REFERENCE,SUPPORTED,DIRECT_RELATION_SUPPORT,STRONG,cse 206,prerequisite,course_prerequisite,course_prerequisite,"[""Nil""]",[],[],True,True,True,True,2,2,1,"[""bm25"", ""dense"", ""metadata""]",1,False,False,False,False,NOT_REQUIRED,True,ANSWER_RETURNED,semi_structured_relation,CSE 206 কোর্সের পূর্বশর্ত: none listed।,curricula_BSc-Curriculum-New.pdf,69,doc-4d373684ce4879ed066003f5-p000069-b0003-c0001,"Course Code: CSE 206 Course Title: Data Structures Lab Credits: 1.50 Prerequisite: None Objectives: Laboratory assignments will be based on Course CSE -205. Students will be able to implement different data strcutures; like Array, String, Linked List, Stack, Queue, Tree, and Graph in any programming language. They will be introduced with different sorting algorithms and advanced data structures. Text Book: 1. Data Structures, Seymour Lipschutz, Schaum‘s outlines, 2nd edition. 2. Data Structures and Program Design, Robert L. Kruse, Prentice Hall. 3. Data structures and problem solving using C++, Second edition Mark Allen Weiss, Pearson Addition Wesley Education. 4. Data Structures Using C and C++, Yedidyah Langsam, Moshe J. Augenstein, and Aaron M. Tenenbaum, Prentice Hall. 5. Data Structures, Edward M. Reigngold. Wilfred J. H ansen, Addison Wesley Publishing Company",[],False,0,False,True,True,True,RELATION_EVIDENCE_VERIFIED,,0.2560164000024088,0.0,0.0007308999993256293,0.26322990000335267,1561661440,5620170752,1333133312,4662157312,,False,False,False,True,0.5,True,True,True,True,True,True,True,True
da4978c4cfcbd608f980,Q100,banglish,CSE 206 Data Structures Lab course-er prerequisite ki deya ache?,CSE 206 Data Structures Lab course-er jonno kono prerequisite deya nei.,CSE 206 Data Structures Lab course-er jonno kono prerequisite deya nei.,52,DATASET_REFERENCE,SUPPORTED,DIRECT_RELATION_SUPPORT,STRONG,cse 206,prerequisite,course_prerequisite,course_prerequisite,"[""Nil""]",[],[],True,True,True,True,2,2,1,"[""bm25"", ""dense"", ""metadata""]",1,False,False,False,False,NOT_REQUIRED,True,ANSWER_RETURNED,semi_structured_relation,CSE 206 course-er kono prerequisite deya nei.,curricula_BSc-Curriculum-New.pdf,69,doc-4d373684ce4879ed066003f5-p000069-b0003-c0001,"Course Code: CSE 206 Course Title: Data Structures Lab Credits: 1.50 Prerequisite: None Objectives: Laboratory assignments will be based on Course CSE -205. Students will be able to implement different data strcutures; like Array, String, Linked List, Stack, Queue, Tree, and Graph in any programming language. They will be introduced with different sorting algorithms and advanced data structures. Text Book: 1. Data Structures, Seymour Lipschutz, Schaum‘s outlines, 2nd edition. 2. Data Structures and Program Design, Robert L. Kruse, Prentice Hall. 3. Data structures and problem solving using C++, Second edition Mark Allen Weiss, Pearson Addition Wesley Education. 4. Data Structures Using C and C++, Yedidyah Langsam, Moshe J. Augenstein, and Aaron M. Tenenbaum, Prentice Hall. 5. Data Structures, Edward M. Reigngold. Wilfred J. H ansen, Addison Wesley Publishing Company",[],False,0,False,True,True,True,RELATION_EVIDENCE_VERIFIED,,0.2590118000007351,0.0,0.0006038000065018423,0.2651636000009603,1561518080,5620170752,1331949568,4662149120,,False,False,False,True,0.5,True,True,True,True,True,True,True,True
