question_id,language,question,reference,final_answer,answer_strategy,generation_used,generation_attempts,retry_used,support_status,target_language,language_validation_passed,language_validation_reason,runtime_language_validation_passed,grounding_validation_passed,grounding_validation_reason,fact_tokens_required,fact_tokens_preserved,fact_preservation_applicable,automatic_precision,automatic_recall,automatic_f1,source,page,supporting_excerpt,retrieval_seconds,answering_seconds,generation_seconds,retry_seconds,total_seconds,answer_bank_enabled,reranker_enabled
Q001,english,What is the title of the undergraduate prospectus?,"The title is Prospectus (Undergraduate Program) 2017-18 for the Department of Computer Science & Engineering, UAP.",I couldn't find enough information in the provided university documents to answer this reliably.,unsupported,False,0,False,insufficient,english,True,ENGLISH_BODY_VALID,True,True,FACTUAL_TOKENS_SUPPORTED,"[""18"", ""2017""]",False,True,0.07692307692307693,0.07142857142857142,0.07407407407407408,,,,2.7077423999999155,0.0013353999997889332,0.0,0.0,2.7118734000000586,False,False
Q001,bangla,আন্ডারগ্র্যাজুয়েট প্রসপেক্টাসটির শিরোনাম কী?,শিরোনামটি হলো UAP-এর Department of Computer Science & Engineering-এর Prospectus (Undergraduate Program) 2017-18।,"নির্ভরযোগ্যভাবে উত্তর দেওয়ার জন্য অনুগ্রহ করে কোন কোর্স, প্রোগ্রাম, নীতি বা বিষয় বোঝাচ্ছেন তা নির্দিষ্ট করুন।",ambiguous,False,0,False,ambiguous,bangla,True,BANGLA_BODY_MEANINGFUL,True,True,GENERATION_NOT_USED,"[""18"", ""2017""]",False,True,0.0,0.0,0.0,,,,0.22689009999976406,0.00035890000026483904,0.0,0.0,0.22892619999993258,False,False
Q001,banglish,Undergraduate prospectus-tar title ki?,Title holo UAP-er Department of Computer Science & Engineering-er Prospectus (Undergraduate Program) 2017-18.,Provided university document-e reliable answer deyar moto enough information paoa jayni.,unsupported,False,0,False,insufficient,banglish,True,BANGLISH_MARKERS_PRESENT,True,False,UNSUPPORTED_FACTUAL_TOKENS,"[""18"", ""2017""]",False,True,0.0,0.0,0.0,,,,2.8424012000000403,0.0017598999997971987,0.0,0.0,2.8480360999997174,False,False
Q002,english,Who published the prospectus?,"The prospectus was published by the Department of Computer Science & Engineering, University of Asia Pacific.","The prospectus was published by the Department of Computer Science & Engineering University of Asia Pacific, with Edition 13th Edition, published on July 2017, and the address of correspondence provided.",gguf_generation,True,1,False,supported,english,True,ENGLISH_BODY_VALID,True,True,FACTUAL_TOKENS_SUPPORTED,[],False,False,0.5217391304347826,0.9230769230769231,0.6666666666666667,curricula_BSc-Curriculum-New.pdf,2,"Published by Department of Computer Science & Engineering University of Asia Pacific 74/A, Green Road, Dhaka-1215 Edition 13th Edition, July 2017 Address of Correspondence",0.1750486999999339,7.636895999999979,7.636202499999854,0.0,7.8187707000001865,False,False
Q002,bangla,প্রসপেক্টাসটি কে প্রকাশ করেছে?,প্রসপেক্টাসটি University of Asia Pacific-এর Department of Computer Science & Engineering প্রকাশ করেছে।,তা বিবেচনা করা হয় না।,gguf_generation,True,2,True,supported,bangla,True,BANGLA_BODY_MEANINGFUL,True,True,FACTUAL_TOKENS_SUPPORTED,[],False,False,0.0,0.0,0.0,curricula_BSc-Curriculum-New.pdf,64,"4. E. Swokpwski, Calculus, Boston, USA: PWS Publisher.",0.29916899999989255,8.384166499999992,8.382020399999874,4.6075872000001254,8.686267800000223,False,False
Q002,banglish,Prospectus-ta ke publish koreche?,Prospectus-ta University of Asia Pacific-er Department of Computer Science & Engineering publish koreche.,The evidence suggests that faculty members and students of UAP are engaged in publishing their researches at IJCIT.,gguf_generation,True,1,False,supported,english,False,BANGLISH_BODY_PURE_ENGLISH,True,True,FACTUAL_TOKENS_SUPPORTED,[],False,False,0.05555555555555555,0.09090909090909091,0.06896551724137931,curricula_BSc-Curriculum-New.pdf,28,…onals who can make positive contribution in the development of this country. Most of the faculty members and students of UAP are engaged to publish their researches at IJCIT.,0.19224769999982527,2.98189020000018,2.98161970000001,0.0,3.1775103999998464,False,False
Q003,english,What edition and date are listed for the prospectus?,"The prospectus is the 13th Edition, July 2017.",I couldn't find enough information in the provided university documents to answer this reliably.,unsupported,False,0,False,insufficient,english,True,ENGLISH_BODY_VALID,True,True,FACTUAL_TOKENS_SUPPORTED,"[""2017"", ""july2017""]",False,True,0.07692307692307693,0.14285714285714285,0.1,,,,0.17556800000011208,0.0003328000002511544,0.0,0.0,0.17803679999997257,False,False
Q003,bangla,প্রসপেক্টাসে কোন সংস্করণ ও তারিখ দেওয়া আছে?,"প্রসপেক্টাসটি 13th Edition, July 2017।",প্রদত্ত বিশ্ববিদ্যালয়ের নথিতে নির্ভরযোগ্যভাবে উত্তর দেওয়ার মতো পর্যাপ্ত তথ্য পাওয়া যায়নি।,unsupported,False,0,False,insufficient,bangla,True,BANGLA_BODY_MEANINGFUL,True,True,GENERATION_NOT_USED,"[""2017"", ""july2017""]",False,True,0.0,0.0,0.0,,,,0.4619019000001572,0.0003980999999839696,0.0,0.0,0.46402530000023035,False,False
Q003,banglish,Prospectus-e kon edition ar date deya ache?,"Prospectus-ta 13th Edition, July 2017.",Provided university document-e reliable answer deyar moto enough information paoa jayni.,unsupported,False,0,False,insufficient,banglish,True,BANGLISH_MARKERS_PRESENT,True,True,GENERATION_NOT_USED,"[""2017"", ""july2017""]",False,True,0.0,0.0,0.0,,,,0.2164202999997542,0.0004689000002144894,0.0,0.0,0.2193876999999702,False,False
Q004,english,What email address is listed for correspondence with the CSE Head?,The correspondence email for the CSE Head is headcse@uap-bd.edu.,I couldn't find enough information in the provided university documents to answer this reliably.,unsupported,False,0,False,insufficient,english,True,ENGLISH_BODY_VALID,True,True,GENERATION_NOT_USED,"[""headcse@uap-bd.edu""]",False,True,0.07692307692307693,0.125,0.09523809523809525,,,,0.22334000000000742,0.0007558000002063636,0.0,0.0,0.22655510000004142,False,False
Q004,bangla,CSE Head-এর সঙ্গে যোগাযোগের জন্য কোন ইমেইল দেওয়া আছে?,CSE Head-এর যোগাযোগের ইমেইল হলো headcse@uap-bd.edu।,প্রাসঙ্গিক email address হলো headcse@uap-bd.edu।,structured_exact,False,0,False,supported,bangla,True,BANGLA_BODY_MEANINGFUL,True,True,FACTUAL_TOKENS_SUPPORTED,"[""headcse@uap-bd.edu""]",True,True,0.4,0.2857142857142857,0.3333333333333333,curricula_BSc-Curriculum-New.pdf,2,Head Department of Computer Science & Engineering University of Asia Pacific Phone: +(880-2) 9127226 E-mail: headcse@uap-bd.edu,0.22911700000031487,0.00014160000000629225,0.0,0.0,0.23305970000001253,False,False
Q004,banglish,CSE Head-er sathe correspondence-er jonno kon email deya ache?,CSE Head-er correspondence email holo headcse@uap-bd.edu.,Relevant email address holo headcse@uap-bd.edu.,structured_exact,False,0,False,supported,banglish,True,BANGLISH_MARKERS_PRESENT,True,True,FACTUAL_TOKENS_SUPPORTED,"[""headcse@uap-bd.edu""]",True,True,0.6,0.5,0.5454545454545454,curricula_BSc-Curriculum-New.pdf,2,Head Department of Computer Science & Engineering University of Asia Pacific Phone: +(880-2) 9127226 E-mail: headcse@uap-bd.edu,0.20933049999985087,0.00011889999996128608,0.0,0.0,0.21168600000009974,False,False
Q005,english,What does the disclaimer say about the prospectus information?,"The information in the prospectus is subject to change at the discretion of the Department of CSE, UAP.","The disclaimer states that the information contained in this prospectus is subject to change at the discretion of the Department of Computer Science & Engineering, UAP.",gguf_generation,True,1,False,supported,english,True,ENGLISH_BODY_VALID,True,True,FACTUAL_TOKENS_SUPPORTED,[],False,False,0.6190476190476191,0.9285714285714286,0.742857142857143,curricula_BSc-Curriculum-New.pdf,3,"Disclaimer The information contained in this prospectus is subject to change at the discretion of the Department of Computer Science & Engineering, UAP.",0.20321130000002086,4.988324100000227,4.9877405000002,0.0,5.197588100000303,False,False
Q005,bangla,প্রসপেক্টাসের তথ্য সম্পর্কে ডিসক্লেইমারে কী বলা হয়েছে?,"প্রসপেক্টাসের তথ্য Department of CSE, UAP-এর বিবেচনায় পরিবর্তনযোগ্য।",প্রদত্ত বিশ্ববিদ্যালয়ের নথিতে নির্ভরযোগ্যভাবে উত্তর দেওয়ার মতো পর্যাপ্ত তথ্য পাওয়া যায়নি।,unsupported,False,0,False,insufficient,bangla,True,BANGLA_BODY_MEANINGFUL,True,True,GENERATION_NOT_USED,[],False,False,0.09090909090909091,0.1111111111111111,0.09999999999999999,,,,0.19129519999978584,0.0022287000001597335,0.0,0.0,0.1957276000002821,False,False
Q005,banglish,Prospectus-er information niye disclaimer-e ki bola hoyeche?,"Prospectus-er information Department of CSE, UAP-er discretion-e change hote pare.",Provided university document-e reliable answer deyar moto enough information paoa jayni.,unsupported,True,2,True,insufficient,banglish,True,BANGLISH_MARKERS_PRESENT,True,False,GENERATION_REJECTED,[],False,False,0.09090909090909091,0.1,0.09523809523809525,,,,0.19273519999978816,6.654046600000129,6.652335400000084,3.0371264000000338,6.853151700000126,False,False
Q006,english,When was UAP established?,UAP was established in 1996.,I couldn't find enough information in the provided university documents to answer this reliably.,unsupported,False,0,False,insufficient,english,True,ENGLISH_BODY_VALID,True,True,FACTUAL_TOKENS_SUPPORTED,"[""1996"", ""in1996""]",False,True,0.07692307692307693,0.2,0.1111111111111111,,,,0.18460099999992963,0.00043349999987185583,0.0,0.0,0.18752990000029968,False,False
Q006,bangla,UAP কখন প্রতিষ্ঠিত হয়?,UAP 1996 সালে প্রতিষ্ঠিত হয়।,প্রদত্ত বিশ্ববিদ্যালয়ের নথিতে নির্ভরযোগ্যভাবে উত্তর দেওয়ার মতো পর্যাপ্ত তথ্য পাওয়া যায়নি।,unsupported,False,0,False,insufficient,bangla,True,BANGLA_BODY_MEANINGFUL,True,True,GENERATION_NOT_USED,"[""1996"", ""uap1996""]",False,True,0.0,0.0,0.0,,,,0.1858885999999984,0.0018746000000646745,0.0,0.0,0.18978229999993346,False,False
Q006,banglish,UAP kobe established hoy?,UAP 1996 shale established hoy.,UAP kobe 1996 dekha hoy.,gguf_generation,True,2,True,supported,banglish,True,BANGLISH_MARKERS_PRESENT,True,True,FACTUAL_TOKENS_SUPPORTED,"[""1996"", ""uap1996""]",False,True,0.6,0.6,0.6,curricula_BSc-Curriculum-New.pdf,8,"1. Introduction University of Asia Pacific (UAP) was established in 1996 with a vision to enhance the opportunities for higher education in Bangladesh. The University, under the Private University Act 1992, started its operation in 1996 by offering four -year Bachelor Degree Programs in Computer Science & Technology and Business Administration only. Now UAP offers undergraduate programs in nine disciplines and post-g…",0.6135762999997496,7.926012200000059,7.924088000000211,1.7518877000002249,8.547353899999962,False,False
Q007,english,Which two bachelor degree programs did UAP initially offer?,UAP initially offered four-year bachelor degree programs in Computer Science & Engineering and Business Administration.,UAP initially offered Bachelor Degree Programs in Computer Science & Technology and Business Administration.,gguf_generation,True,1,False,supported,english,True,ENGLISH_BODY_VALID,True,True,FACTUAL_TOKENS_SUPPORTED,[],False,False,0.9230769230769231,0.8571428571428571,0.888888888888889,curricula_BSc-Curriculum-New.pdf,8,"1. Introduction University of Asia Pacific (UAP) was established in 1996 with a vision to enhance the opportunities for higher education in Bangladesh. The University, under the Private University Act 1992, started its operation in 1996 by offering four -year Bachelor Degree Programs in Computer Science & Technology and Business Administration only. Now UAP offers undergraduate programs in nine disciplines and post-g…",0.1916691000001265,4.354279300000144,4.353629499999897,0.0,4.552849100000003,False,False
Q007,bangla,UAP শুরুতে কোন দুইটি ব্যাচেলর ডিগ্রি প্রোগ্রাম অফার করেছিল?,UAP শুরুতে Computer Science & Engineering এবং Business Administration-এ চার বছরের ব্যাচেলর ডিগ্রি প্রোগ্রাম অফার করেছিল।,প্রদত্ত বিশ্ববিদ্যালয়ের নথিতে নির্ভরযোগ্যভাবে উত্তর দেওয়ার মতো পর্যাপ্ত তথ্য পাওয়া যায়নি।,unsupported,False,0,False,insufficient,bangla,True,BANGLA_BODY_MEANINGFUL,True,True,GENERATION_NOT_USED,[],False,False,0.0,0.0,0.0,,,,0.1959259000000202,0.002228400000149122,0.0,0.0,0.20031709999966552,False,False
Q007,banglish,UAP shurute kon duita bachelor degree program offer korechilo?,UAP shurute Computer Science & Engineering ebong Business Administration-e four-year bachelor degree program offer korechilo.,Provided university document-e reliable answer deyar moto enough information paoa jayni.,unsupported,True,2,True,insufficient,banglish,True,BANGLISH_MARKERS_PRESENT,True,False,GENERATION_REJECTED,[],False,False,0.0,0.0,0.0,,,,0.19041880000031597,6.174636100000043,6.172708199999761,1.6465980999996646,6.371440800000073,False,False
Q008,english,How many B.Sc.Engg. graduates had received degrees according to the prospectus?,"According to the prospectus, B.Sc.Engg. degrees had been conferred on 2200 graduates.",I couldn't find enough information in the provided university documents to answer this reliably.,unsupported,True,1,False,insufficient,english,True,ENGLISH_BODY_VALID,True,False,GENERATION_REJECTED,"[""2200"", ""on2200""]",False,True,0.15384615384615385,0.16666666666666666,0.16,,,,0.21497599999975137,6.1465885000002345,6.146177699999953,0.0,6.367601899999954,False,False
Q008,bangla,প্রসপেক্টাস অনুযায়ী কতজন B.Sc.Engg. গ্র্যাজুয়েট ডিগ্রি পেয়েছে?,প্রসপেক্টাস অনুযায়ী 2200 জন গ্র্যাজুয়েটকে B.Sc.Engg. ডিগ্রি দেওয়া হয়েছে।,প্রদত্ত বিশ্ববিদ্যালয়ের নথিতে নির্ভরযোগ্যভাবে উত্তর দেওয়ার মতো পর্যাপ্ত তথ্য পাওয়া যায়নি।,unsupported,False,0,False,insufficient,bangla,True,BANGLA_BODY_MEANINGFUL,True,True,GENERATION_NOT_USED,"[""2200""]",False,True,0.0,0.0,0.0,,,,0.1986151000000973,0.003967000000102416,0.0,0.0,0.20442840000032447,False,False
Q008,banglish,Prospectus onujayi kotojon B.Sc.Engg. graduate degree peyechilo?,Prospectus onujayi 2200 graduate-ke B.Sc.Engg. degree deya hoyeche.,"The prospectus for the B.Sc.Engg. graduate degree mentions Prof. M. R. Kabir as a Ph.D., Catholic University of Leuven, Belgium, M.Sc.Engg., and Post Graduate Diploma holder.",gguf_generation,True,1,False,supported,english,False,BANGLISH_BODY_PURE_ENGLISH,True,True,FACTUAL_TOKENS_SUPPORTED,"[""2200"", ""onujayi2200""]",False,True,0.13043478260869565,0.375,0.19354838709677416,curricula_BSc-Curriculum-New.pdf,8,"Prof. M. R. Kabir Ph.D,Catholic University of Leuven, Belgium, M.Sc.Engg.Post Graduate Diploma,",0.1940598000001046,4.905013499999768,4.904789300000175,0.0,5.1035538000001,False,False
Q009,english,What accreditation did the CSE Department receive from IEB?,The CSE Department received IEB accreditation for the BSc in CSE program starting from August 2014.,"The CSE Department of IEB received the Certificate of Accreditation from the Engineers Institution Bangladesh (IEB) for the BSc in CSE program starting from August 2014. This accreditation enables CSE students to enjoy the privileges offered by Engineers Institution Bangladesh (IEB), including membership.",gguf_generation,True,1,False,supported,english,True,ENGLISH_BODY_VALID,True,True,FACTUAL_TOKENS_SUPPORTED,"[""2014"", ""august2014""]",True,True,0.4827586206896552,1.0,0.6511627906976745,curricula_BSc-Curriculum-New.pdf,6,IEB Affiliation Department of CSE has received the Certificate of Accreditation from the Engineers Institution Bangladesh (IEB) for the BSc in CSE program starting from August 2014. This will enable the CSE students to enjoy the privileges offered by Engineers Institution Bangladesh (IEB) including membership.,0.20443780000005063,7.393880399999944,7.393267499999638,0.0,7.603485699999965,False,False
Q009,bangla,CSE Department IEB থেকে কী স্বীকৃতি পেয়েছে?,CSE Department August 2014 থেকে BSc in CSE প্রোগ্রামের জন্য IEB accreditation পেয়েছে।,বাংলা বাক্যে পরিবর্তন: বাংলা বাক্যে পরিবর্তন: বাংলা বাক্যে পরিবর্তন: বাংলা বাক্যে পরিবর্তন: বাংলা বাক্যে পরিবর্তন: বাংলা বাক্যে পরিবর্তন: বাংলা বাক্যে পরিবর্তন: বাংলা বাক্যে পরিবর্ত,gguf_generation,True,2,True,supported,bangla,True,BANGLA_BODY_MEANINGFUL,True,True,FACTUAL_TOKENS_SUPPORTED,"[""2014"", ""august2014""]",False,True,0.0,0.0,0.0,curricula_BSc-Curriculum-New.pdf,6,IEB Affiliation Department of CSE has received the Certificate of Accreditation from the Engineers Institution Bangladesh (IEB) for the BSc in CSE program starting from August 2014. This will enable the CSE students to enjoy the privileges offered by Engineers Institution Bangladesh (IEB) including membership.,0.19006519999993543,27.53377169999976,27.5319070999999,15.449895599999763,27.728333100000327,False,False
Q009,banglish,CSE Department IEB theke ki accreditation peyechhe?,CSE Department August 2014 theke BSc in CSE program-er jonno IEB accreditation peyechhe.,Provided university document-e reliable answer deyar moto enough information paoa jayni.,unsupported,True,2,True,insufficient,banglish,True,BANGLISH_MARKERS_PRESENT,True,False,GENERATION_REJECTED,"[""2014"", ""august2014""]",False,True,0.0,0.0,0.0,,,,0.19203289999995832,11.160367199999655,11.158834399999705,4.840973099999701,11.356562099999792,False,False
Q010,english,Under which act did UAP start its operation?,UAP started its operation under the Private University Act 1992.,UAP started its operation under the Private University Act 1992.,gguf_generation,True,1,False,supported,english,True,ENGLISH_BODY_VALID,True,True,FACTUAL_TOKENS_SUPPORTED,"[""1992"", ""act1992""]",True,True,1.0,1.0,1.0,curricula_BSc-Curriculum-New.pdf,8,"1. Introduction University of Asia Pacific (UAP) was established in 1996 with a vision to enhance the opportunities for higher education in Bangladesh. The University, under the Private University Act 1992, started its operation in 1996 by offering four -year Bachelor Degree Programs in Computer Science & Technology and Business Administration only. Now UAP offers undergraduate programs in nine disciplines and post-g…",0.18782770000007076,4.522522399999616,4.520326099999693,0.0,4.7170945000002575,False,False
Q010,bangla,UAP কোন আইনের অধীনে কার্যক্রম শুরু করেছিল?,UAP Private University Act 1992-এর অধীনে কার্যক্রম শুরু করেছিল।,প্রদত্ত বিশ্ববিদ্যালয়ের নথিতে নির্ভরযোগ্যভাবে উত্তর দেওয়ার মতো পর্যাপ্ত তথ্য পাওয়া যায়নি।,unsupported,False,0,False,insufficient,bangla,True,BANGLA_BODY_MEANINGFUL,True,True,GENERATION_NOT_USED,"[""1992"", ""act1992""]",False,True,0.0,0.0,0.0,,,,0.32441659999994954,0.0020709999998871353,0.0,0.0,0.3287855999997191,False,False
Q010,banglish,UAP kon act-er odhine operation start korechilo?,UAP Private University Act 1992-er odhine operation start korechilo.,Provided university document-e reliable answer deyar moto enough information paoa jayni.,unsupported,True,2,True,insufficient,banglish,True,BANGLISH_MARKERS_PRESENT,True,False,GENERATION_REJECTED,"[""1992"", ""act1992""]",False,True,0.09090909090909091,0.1111111111111111,0.09999999999999999,,,,0.193617599999925,5.964046600000074,5.9624392000000626,1.6257709000001341,6.162804799999776,False,False
Q011,english,How many undergraduate and postgraduate disciplines does UAP offer according to the introduction?,The introduction says UAP offers undergraduate programs in nine disciplines and post-graduate programs in eight disciplines.,I couldn't find enough information in the provided university documents to answer this reliably.,unsupported,True,1,False,insufficient,english,True,ENGLISH_BODY_VALID,True,False,GENERATION_REJECTED,[],False,False,0.15384615384615385,0.14285714285714285,0.14814814814814817,,,,0.20030720000022484,4.777005500000087,4.776309200000014,0.0,4.989986099999896,False,False
Q011,bangla,ভূমিকায় UAP কয়টি আন্ডারগ্র্যাজুয়েট ও পোস্টগ্র্যাজুয়েট ডিসিপ্লিন অফার করে বলা হয়েছে?,ভূমিকায় বলা হয়েছে UAP নয়টি ডিসিপ্লিনে আন্ডারগ্র্যাজুয়েট এবং আটটি ডিসিপ্লিনে পোস্টগ্র্যাজুয়েট প্রোগ্রাম অফার করে।,প্রদত্ত বিশ্ববিদ্যালয়ের নথিতে নির্ভরযোগ্যভাবে উত্তর দেওয়ার মতো পর্যাপ্ত তথ্য পাওয়া যায়নি।,unsupported,False,0,False,insufficient,bangla,True,BANGLA_BODY_MEANINGFUL,True,True,GENERATION_NOT_USED,[],False,False,0.0,0.0,0.0,,,,0.24809209999966697,0.002605300000141142,0.0,0.0,0.2531776999999238,False,False
Q011,banglish,Introduction-e UAP koyta undergraduate ar postgraduate discipline offer kore bola hoyeche?,Introduction-e bola hoyeche UAP nine discipline-e undergraduate ar eight discipline-e post-graduate program offer kore.,Provided university document-e reliable answer deyar moto enough information paoa jayni.,unsupported,True,2,True,insufficient,banglish,True,BANGLISH_MARKERS_PRESENT,True,False,GENERATION_REJECTED,[],False,False,0.0,0.0,0.0,,,,0.19700450000027558,8.908845400000246,8.9067842999998,4.421063899999808,9.11139669999966,False,False
Q012,english,Who is named as the Vice-Chancellor in the prospectus?,Prof. Dr. Jamilur Reza Choudhury is named as the Vice-Chancellor.,I couldn't find enough information in the provided university documents to answer this reliably.,unsupported,False,0,False,insufficient,english,True,ENGLISH_BODY_VALID,True,True,GENERATION_NOT_USED,[],False,False,0.07692307692307693,0.1,0.08695652173913043,,,,0.19601580000016838,0.00044509999997899286,0.0,0.0,0.1987512999999126,False,False
Q012,bangla,প্রসপেক্টাসে Vice-Chancellor হিসেবে কার নাম দেওয়া আছে?,Prof. Dr. Jamilur Reza Choudhury-কে Vice-Chancellor হিসেবে উল্লেখ করা হয়েছে।,"নির্ভরযোগ্যভাবে উত্তর দেওয়ার জন্য অনুগ্রহ করে কোন কোর্স, প্রোগ্রাম, নীতি বা বিষয় বোঝাচ্ছেন তা নির্দিষ্ট করুন।",ambiguous,False,0,False,ambiguous,bangla,True,BANGLA_BODY_MEANINGFUL,True,True,GENERATION_NOT_USED,[],False,False,0.0,0.0,0.0,,,,0.18487620000041716,0.00028129999964221497,0.0,0.0,0.18722829999978785,False,False
Q012,banglish,Prospectus-e Vice-Chancellor hisebe kar naam deya ache?,Prof. Dr. Jamilur Reza Choudhury-ke Vice-Chancellor hisebe mention kora hoyeche.,Provided university document-e reliable answer deyar moto enough information paoa jayni.,unsupported,True,1,False,insufficient,banglish,True,BANGLISH_MARKERS_PRESENT,True,False,GENERATION_REJECTED,[],False,False,0.0,0.0,0.0,,,,0.2044514000003801,8.02847920000022,8.027912000000015,0.0,8.23653830000012,False,False
Q013,english,Where is the UAP Administration located?,"UAP Administration is located at 74/A, Green Road, Farmgate, Dhaka-1215, Bangladesh.","The UAP Administration is located at 74/A, Green Road, Farmgate, Dhaka - 1215, Bangladesh.",gguf_generation,True,1,False,supported,english,True,ENGLISH_BODY_VALID,True,True,FACTUAL_TOKENS_SUPPORTED,"[""1215"", ""74"", ""at74""]",True,True,0.7692307692307693,0.9090909090909091,0.8333333333333333,curricula_BSc-Curriculum-New.pdf,11,"1.6 The Campus UAP Administration 74/A, Green Road, Farmgate, Dhaka - 1215, Bangladesh PABX:+8802-58157091-4, +8802-58157096 Ext: 107, 114 FAX:+8802-58157097 Email: registrar@uap-bd.edu",0.19890920000034384,6.017098899999837,6.0165265999999065,0.0,6.222546599999987,False,False
Q013,bangla,UAP Administration কোথায় অবস্থিত?,"UAP Administration 74/A, Green Road, Farmgate, Dhaka-1215, Bangladesh-এ অবস্থিত।",প্রদত্ত বিশ্ববিদ্যালয়ের নথিতে নির্ভরযোগ্যভাবে উত্তর দেওয়ার মতো পর্যাপ্ত তথ্য পাওয়া যায়নি।,unsupported,True,2,True,insufficient,bangla,True,BANGLA_BODY_MEANINGFUL,True,False,GENERATION_REJECTED,"[""1215"", ""74""]",False,True,0.0,0.0,0.0,,,,0.18570790000012494,8.597474799999873,8.595777300000009,2.750978600000053,8.78844429999981,False,False
Q013,banglish,UAP Administration kothay located?,"UAP Administration 74/A, Green Road, Farmgate, Dhaka-1215, Bangladesh-e located.",Provided university document-e reliable answer deyar moto enough information paoa jayni.,unsupported,True,2,True,insufficient,banglish,True,BANGLISH_MARKERS_PRESENT,True,False,GENERATION_REJECTED,"[""1215"", ""74""]",False,True,0.0,0.0,0.0,,,,0.18593330000021524,8.82970350000005,8.827972700000373,2.9420075000002726,9.02117969999972,False,False
Q014,english,What is the admission office email address?,The admission office email addresses are admission@uap-bd.edu and registrar@uap-bd.edu.,I couldn't find enough information in the provided university documents to answer this reliably.,unsupported,False,0,False,insufficient,english,True,ENGLISH_BODY_VALID,True,True,FACTUAL_TOKENS_SUPPORTED,"[""admission@uap-bd.edu"", ""registrar@uap-bd.edu""]",False,True,0.07692307692307693,0.1111111111111111,0.09090909090909093,,,,0.19535009999981412,0.0006642000003012072,0.0,0.0,0.19875619999993432,False,False
Q014,bangla,Admission Office-এর ইমেইল ঠিকানা কী?,Admission Office-এর ইমেইল ঠিকানা হলো admission@uap-bd.edu এবং registrar@uap-bd.edu।,প্রাসঙ্গিক email address হলো admission@uap-bd.edu।,structured_exact,False,0,False,supported,bangla,True,BANGLA_BODY_MEANINGFUL,True,True,FACTUAL_TOKENS_SUPPORTED,"[""admission@uap-bd.edu"", ""registrar@uap-bd.edu""]",False,True,0.4,0.2222222222222222,0.2857142857142857,curricula_BSc-Curriculum-New.pdf,11,"…Road , Farmgate, Dhaka - 1215, Bangladesh Telephone: +8802-9126812 PABX: +8802-58157091-4, +8802-58157096 (Ext - 0, 120) FAX:+8802-58157097 Email: admission@uap-bd.edu,, registrar@uap-bd.edu Department of Architecture 74/A , Green Road, Farmgate,Dhaka - 1215, Bangladesh PABX:+8802-58157091-4, +8802-58157096 FAX:+8802-58157097 Email: headarch@uap-bd.edu Department of Business Administration R H Center , House # 74/B/1…",0.20159990000001926,0.00032389999978477135,0.0,0.0,0.20463099999960832,False,False
Q014,banglish,Admission Office-er email address ki?,Admission Office-er email address holo admission@uap-bd.edu ebong registrar@uap-bd.edu.,Provided university document-e reliable answer deyar moto enough information paoa jayni.,unsupported,False,0,False,insufficient,banglish,True,BANGLISH_MARKERS_PRESENT,True,False,UNSUPPORTED_FACTUAL_TOKENS,"[""admission@uap-bd.edu"", ""registrar@uap-bd.edu""]",False,True,0.0,0.0,0.0,,,,0.18045549999987998,0.0006184999997458362,0.0,0.0,0.1834947000002103,False,False
Q015,english,How many regular semesters are there in an academic year?,There are two regular semesters in an academic year: Fall and Spring.,I couldn't find enough information in the provided university documents to answer this reliably.,unsupported,False,0,False,insufficient,english,True,ENGLISH_BODY_VALID,True,True,FACTUAL_TOKENS_SUPPORTED,[],False,False,0.07692307692307693,0.08333333333333333,0.08,,,,0.31608830000004673,0.0004804999998668791,0.0,0.0,0.32062420000011116,False,False
Q015,bangla,একটি শিক্ষাবর্ষে কয়টি নিয়মিত সেমিস্টার থাকে?,একটি শিক্ষাবর্ষে দুটি নিয়মিত সেমিস্টার থাকে: Fall এবং Spring।,প্রদত্ত বিশ্ববিদ্যালয়ের নথিতে নির্ভরযোগ্যভাবে উত্তর দেওয়ার মতো পর্যাপ্ত তথ্য পাওয়া যায়নি।,unsupported,False,0,False,insufficient,bangla,True,BANGLA_BODY_MEANINGFUL,True,True,FACTUAL_TOKENS_SUPPORTED,[],False,False,0.0,0.0,0.0,,,,0.18630260000009002,0.0005908000002818881,0.0,0.0,0.18973899999991772,False,False
Q015,banglish,Ek academic year-e koyta regular semester thake?,Ek academic year-e duita regular semester thake: Fall ar Spring.,Provided university document-e reliable answer deyar moto enough information paoa jayni.,unsupported,False,0,False,insufficient,banglish,True,BANGLISH_MARKERS_PRESENT,True,False,UNSUPPORTED_FACTUAL_TOKENS,[],False,False,0.0,0.0,0.0,,,,0.17422369999985676,0.000456199999916862,0.0,0.0,0.17712090000031822,False,False
Q016,english,How long is a regular semester?,A regular semester totals 18 weeks.,I couldn't find enough information in the provided university documents to answer this reliably.,unsupported,False,0,False,insufficient,english,True,ENGLISH_BODY_VALID,True,True,FACTUAL_TOKENS_SUPPORTED,"[""18"", ""totals18""]",False,True,0.0,0.0,0.0,,,,0.17311470000004192,0.0005784999998468265,0.0,0.0,0.17679180000004635,False,False
Q016,bangla,একটি নিয়মিত সেমিস্টারের মোট মেয়াদ কত?,একটি নিয়মিত সেমিস্টারের মোট মেয়াদ 18 সপ্তাহ।,সেমিস্টারটি হলো Semester 20।,structured_exact,False,0,False,supported,bangla,True,BANGLA_BODY_MEANINGFUL,True,False,UNSUPPORTED_FACTUAL_TOKENS,"[""18""]",False,True,0.0,0.0,0.0,curricula_BSc-Curriculum-New.pdf,18,"Grading System The total performance of a student in a given course is based on a scheme of continuous assessments. For theoretical courses this continuous assessment is made through homework, assignments, attendance, quizzes etc., a mid semester and a semester final examina tion of three/two hours duration. The distribution of marks for a given course is as follows: Assessment 30% Mid Semester 20% Final Exam 50%",0.17448590000003605,0.00040899999976318213,0.0,0.0,0.1772307000001092,False,False
Q016,banglish,Ekta regular semester-er total duration koto?,Ekta regular semester total 18 weeks.,Provided university document-e reliable answer deyar moto enough information paoa jayni.,unsupported,False,0,False,insufficient,banglish,True,BANGLISH_MARKERS_PRESENT,True,False,UNSUPPORTED_FACTUAL_TOKENS,"[""18"", ""total18""]",False,True,0.0,0.0,0.0,,,,0.17430689999991955,0.0005489000000125088,0.0,0.0,0.17743749999999636,False,False
Q017,english,How many weeks of classes are in a regular semester?,A regular semester has 15 weeks of classes.,I couldn't find enough information in the provided university documents to answer this reliably.,unsupported,False,0,False,insufficient,english,True,ENGLISH_BODY_VALID,True,True,FACTUAL_TOKENS_SUPPORTED,"[""15"", ""has15""]",False,True,0.0,0.0,0.0,,,,0.17874709999978222,0.0004158000001552864,0.0,0.0,0.1823922000003222,False,False
Q017,bangla,নিয়মিত সেমিস্টারে ক্লাস কত সপ্তাহ হয়?,নিয়মিত সেমিস্টারে 15 সপ্তাহ ক্লাস হয়।,প্রদত্ত বিশ্ববিদ্যালয়ের নথিতে নির্ভরযোগ্যভাবে উত্তর দেওয়ার মতো পর্যাপ্ত তথ্য পাওয়া যায়নি।,unsupported,False,0,False,insufficient,bangla,True,BANGLA_BODY_MEANINGFUL,True,True,FACTUAL_TOKENS_SUPPORTED,"[""15""]",False,True,0.0,0.0,0.0,,,,0.1720156000001225,0.00047409999979208806,0.0,0.0,0.17468259999986913,False,False
Q017,banglish,Regular semester-e class koy shoptaho hoy?,Regular semester-e 15 weeks class hoy.,Provided university document-e reliable answer deyar moto enough information paoa jayni.,unsupported,False,0,False,insufficient,banglish,True,BANGLISH_MARKERS_PRESENT,True,False,UNSUPPORTED_FACTUAL_TOKENS,"[""15""]",False,True,0.0,0.0,0.0,,,,0.18167789999961315,0.0006327999999484746,0.0,0.0,0.1851950999998735,False,False
Q018,english,How is one credit assigned for theoretical courses?,"For theoretical courses, one lecture per week per semester is equivalent to one credit.","Please specify the course, program, policy, or other item you mean so I can answer reliably.",ambiguous,False,0,False,ambiguous,english,True,ENGLISH_BODY_VALID,True,True,GENERATION_NOT_USED,[],False,False,0.0,0.0,0.0,,,,0.19576790000019173,0.0003360999999131309,0.0,0.0,0.19825799999989613,False,False
Q018,bangla,থিওরেটিক্যাল কোর্সে এক ক্রেডিট কীভাবে নির্ধারিত হয়?,থিওরেটিক্যাল কোর্সে প্রতি সেমিস্টারে প্রতি সপ্তাহে এক লেকচার এক ক্রেডিটের সমান।,"নির্ভরযোগ্যভাবে উত্তর দেওয়ার জন্য অনুগ্রহ করে কোন কোর্স, প্রোগ্রাম, নীতি বা বিষয় বোঝাচ্ছেন তা নির্দিষ্ট করুন।",ambiguous,False,0,False,ambiguous,bangla,True,BANGLA_BODY_MEANINGFUL,True,True,GENERATION_NOT_USED,[],False,False,0.0,0.0,0.0,,,,0.19190889999981664,0.00027630000022327295,0.0,0.0,0.1940268000003016,False,False
Q018,banglish,Theoretical course-e one credit kivabe assigned hoy?,Theoretical course-e per week per semester one lecture one credit-er equivalent.,"Reliable answer-er jonno kon course, program, policy, ba item bujhacchen seta specify korun.",ambiguous,False,0,False,ambiguous,banglish,True,BANGLISH_MARKERS_PRESENT,True,True,GENERATION_NOT_USED,[],False,False,0.0,0.0,0.0,,,,0.18461439999964568,0.0003243000001020846,0.0,0.0,0.18686460000026273,False,False
Q019,english,What is Category 1 in the registration process?,Category 1 is for students who passed all prescribed semester courses and have no backlog.,Category 1 refers to students who have passed all the courses prescribed for the semester and have no backlog of courses. These students are eligible for registration in all courses prescribed for the next or following semesters.,gguf_generation,True,1,False,supported,english,True,ENGLISH_BODY_VALID,True,True,FACTUAL_TOKENS_SUPPORTED,"[""1""]",True,True,0.4444444444444444,0.8571428571428571,0.5853658536585367,curricula_BSc-Curriculum-New.pdf,18,"Category 1: Students, who have passed all the courses prescribed for the semester and have no backlog of courses. A student of Category -1 is eligible for registration in all courses prescribed for the next or following semesters.",0.18264790000012,6.173424200000227,6.172877600000447,0.0,6.36093320000009,False,False
Q019,bangla,রেজিস্ট্রেশন প্রক্রিয়ায় Category 1 কী?,Category 1 হলো যারা সেমিস্টারের সব নির্ধারিত কোর্সে পাস করেছে এবং কোনো backlog নেই।,প্রদত্ত বিশ্ববিদ্যালয়ের নথিতে নির্ভরযোগ্যভাবে উত্তর দেওয়ার মতো পর্যাপ্ত তথ্য পাওয়া যায়নি।,unsupported,False,0,False,insufficient,bangla,True,BANGLA_BODY_MEANINGFUL,True,True,GENERATION_NOT_USED,"[""1""]",False,True,0.0,0.0,0.0,,,,0.18388869999989765,0.0020051000001330976,0.0,0.0,0.18824570000015228,False,False
Q019,banglish,Registration process-e Category 1 ki?,Category 1 holo students jara semester-er shob prescribed course pass koreche ebong kono backlog nei.,Provided university document-e reliable answer deyar moto enough information paoa jayni.,unsupported,True,2,True,insufficient,banglish,True,BANGLISH_MARKERS_PRESENT,True,False,GENERATION_REJECTED,"[""1""]",False,True,0.0,0.0,0.0,,,,0.18971430000010514,15.140113100000235,15.138565599999765,11.34205159999965,15.33432139999968,False,False
Q020,english,What is the mark distribution for a theoretical course?,"The distribution is Assessment 30%, Mid Semester 20%, and Final Exam 50%.","Mark distribution:
- Final Exam: 50%
- Assessment: 30%",structured_list,False,0,False,supported,english,True,ENGLISH_BODY_VALID,True,False,UNSUPPORTED_FACTUAL_TOKENS,"[""20"", ""30"", ""50"", ""assessment30"", ""exam50"", ""semester20""]",False,True,0.7142857142857143,0.4166666666666667,0.5263157894736842,curricula_BSc-Curriculum-New.pdf,18,"Grading System The total performance of a student in a given course is based on a scheme of continuous assessments. For theoretical courses this continuous assessment is made through homework, assignments, attendance, quizzes etc., a mid semester and a semester final examina tion of three/two hours duration. The distribution of marks for a given course is as follows: Assessment 30% Mid Semester 20% Final Exam 50%",0.19682230000034906,0.002186399999573041,0.0,0.0,0.2013041999998677,False,False
Q020,bangla,থিওরেটিক্যাল কোর্সে মার্কস বণ্টন কী?,"বণ্টন হলো Assessment 30%, Mid Semester 20%, এবং Final Exam 50%।",প্রদত্ত বিশ্ববিদ্যালয়ের নথিতে নির্ভরযোগ্যভাবে উত্তর দেওয়ার মতো পর্যাপ্ত তথ্য পাওয়া যায়নি।,unsupported,False,0,False,insufficient,bangla,True,BANGLA_BODY_MEANINGFUL,True,True,GENERATION_NOT_USED,"[""20"", ""30"", ""50"", ""assessment30"", ""exam50"", ""semester20""]",False,True,0.0,0.0,0.0,,,,0.1842543000002479,0.002974399999857269,0.0,0.0,0.1891218000000663,False,False
Q020,banglish,Theoretical course-e marks distribution ki?,"Distribution holo Assessment 30%, Mid Semester 20%, ar Final Exam 50%.","Marks distribution-er details:
- Final Exam: 50%
- Assessment: 30%",structured_list,False,0,False,supported,banglish,True,BANGLISH_MARKERS_PRESENT,True,False,UNSUPPORTED_FACTUAL_TOKENS,"[""20"", ""30"", ""50"", ""assessment30"", ""exam50"", ""semester20""]",False,True,0.5,0.36363636363636365,0.4210526315789474,curricula_BSc-Curriculum-New.pdf,18,"Grading System The total performance of a student in a given course is based on a scheme of continuous assessments. For theoretical courses this continuous assessment is made through homework, assignments, attendance, quizzes etc., a mid semester and a semester final examina tion of three/two hours duration. The distribution of marks for a given course is as follows: Assessment 30% Mid Semester 20% Final Exam 50%",0.5213992999997572,0.000519800000347459,0.0,0.0,0.5262259999999515,False,False
Q021,english,What numeric mark earns an A+ grade?,A numeric grade of 80% and above earns A+ with grade point 4.00.,80% and above is awarded grade A+.,structured_exact,False,0,False,supported,english,True,ENGLISH_BODY_VALID,True,True,FACTUAL_TOKENS_SUPPORTED,"[""4.00"", ""80"", ""of80""]",False,True,0.5714285714285714,0.36363636363636365,0.4444444444444444,curricula_BSc-Curriculum-New.pdf,19,Numeric Grade Letter Grade Grade Point 80% and above A+ 4.00 75% to less than 80% A 3.75 70% to less than 75% A- 3.50 65% to less than 70% B+ 3.25 60% to less than 65% B 3.00 55% to less than 60% B- 2.75 50% to less than 55% C+ 2.50 45% to less than 50% C 2.25 40% to less than 45% D 2.00 Less than 40% F 0.00,0.30338830000027883,0.0006560000001627486,0.0,0.0,0.30670340000006036,False,False
Q021,bangla,কত নম্বর পেলে A+ গ্রেড হয়?,80% বা তার বেশি নম্বরে A+ গ্রেড এবং grade point 4.00 হয়।,প্রাসঙ্গিক grade হলো C।,structured_exact,False,0,False,supported,bangla,True,BANGLA_BODY_MEANINGFUL,True,True,FACTUAL_TOKENS_SUPPORTED,"[""4.00"", ""80""]",False,True,0.3333333333333333,0.08333333333333333,0.13333333333333333,curricula_BSc-Curriculum-New.pdf,19,"…ion: A student's performance is measured by the number of c redits that he/she has completed satisfactorily and the weighted average of the grade points that he/she has maintained. A minimum GPA is required to be maintained for satisfactory progress and a minimum number of earned credits should be acquired in Credits CreditssGradePoGPA   )int( Where grade points are points against letter grades A+, A, A -, B+, B,…",0.1871768000000884,0.00037040000006527407,0.0,0.0,0.19090520000008837,False,False
Q021,banglish,Koto marks pele A+ grade hoy?,80% and above marks-e A+ grade ar grade point 4.00 hoy.,Relevant grade holo C.,structured_exact,False,0,False,supported,banglish,True,BANGLISH_MARKERS_PRESENT,True,True,FACTUAL_TOKENS_SUPPORTED,"[""4.00"", ""80""]",False,True,0.25,0.1,0.14285714285714288,curricula_BSc-Curriculum-New.pdf,19,"S –– Exempted (For credit transfer courses) E –– Grade ‗F‘: If a student fails to achieve at least 40% marks in a course, he/she will get ‗F‘ grade in that course. B esides, absence in final examination at the end of each academic semester will also result ‗F‘ grade. Grade ‗E‘: A student transferred to UAP from another university or academic institution will earn ‗E‘ grades in the courses exempted at UAP. Grade ‗I‘ :…",0.22627009999996517,0.000498899999911373,0.0,0.0,0.2302918000000318,False,False
Q022,english,What happens if a student gets less than 40% in a course?,Less than 40% results in an F grade with grade point 0.00.,I couldn't find enough information in the provided university documents to answer this reliably.,unsupported,False,0,False,insufficient,english,True,ENGLISH_BODY_VALID,True,True,GENERATION_NOT_USED,"[""0.00"", ""40"", ""than40""]",False,True,0.07692307692307693,0.1,0.08695652173913043,,,,0.20000479999998788,0.0010982999997395382,0.0,0.0,0.20335419999992155,False,False
Q022,bangla,কোনো কোর্সে 40%-এর কম পেলে কী হয়?,40%-এর কম নম্বরে F গ্রেড এবং grade point 0.00 হয়।,প্রদত্ত বিশ্ববিদ্যালয়ের নথিতে নির্ভরযোগ্যভাবে উত্তর দেওয়ার মতো পর্যাপ্ত তথ্য পাওয়া যায়নি।,unsupported,False,0,False,insufficient,bangla,True,BANGLA_BODY_MEANINGFUL,True,True,FACTUAL_TOKENS_SUPPORTED,"[""0.00"", ""40""]",False,True,0.0,0.0,0.0,,,,0.19138780000002953,0.0005706000001737266,0.0,0.0,0.19744690000015908,False,False
Q022,banglish,Kono course-e 40%-er kom pele ki hoy?,40%-er kom marks-e F grade ar grade point 0.00 hoy.,Provided university document-e reliable answer deyar moto enough information paoa jayni.,unsupported,False,0,False,insufficient,banglish,True,BANGLISH_MARKERS_PRESENT,True,False,UNSUPPORTED_FACTUAL_TOKENS,"[""0.00"", ""40""]",False,True,0.0,0.0,0.0,,,,0.1763466000002154,0.0005783999999948719,0.0,0.0,0.18119519999982003,False,False
Q023,english,What attendance is required to sit for the final examination?,A student must attend at least 70% of all classes held in every course to sit for the final examination.,I couldn't find enough information in the provided university documents to answer this reliably.,unsupported,False,0,False,insufficient,english,True,ENGLISH_BODY_VALID,True,True,FACTUAL_TOKENS_SUPPORTED,"[""70"", ""least70""]",False,True,0.23076923076923078,0.15789473684210525,0.18749999999999997,,,,0.17902460000004794,0.0006179999995765684,0.0,0.0,0.1828259000003527,False,False
Q023,bangla,ফাইনাল পরীক্ষায় বসতে কত উপস্থিতি দরকার?,ফাইনাল পরীক্ষায় বসতে প্রত্যেক কোর্সে অনুষ্ঠিত ক্লাসের অন্তত 70% উপস্থিতি দরকার।,প্রদত্ত বিশ্ববিদ্যালয়ের নথিতে নির্ভরযোগ্যভাবে উত্তর দেওয়ার মতো পর্যাপ্ত তথ্য পাওয়া যায়নি।,unsupported,False,0,False,insufficient,bangla,True,BANGLA_BODY_MEANINGFUL,True,True,FACTUAL_TOKENS_SUPPORTED,"[""70""]",False,True,0.0,0.0,0.0,,,,0.18185570000014195,0.00023929999997562845,0.0,0.0,0.18438300000025265,False,False
Q023,banglish,Final exam-e boshte koto attendance dorkar?,Final exam-e boshte prottek course-e held classes-er at least 70% attendance dorkar.,Provided university document-e reliable answer deyar moto enough information paoa jayni.,unsupported,False,0,False,insufficient,banglish,True,BANGLISH_MARKERS_PRESENT,True,False,UNSUPPORTED_FACTUAL_TOKENS,"[""70"", ""least70""]",False,True,0.0,0.0,0.0,,,,0.18521750000036263,0.00030060000017329003,0.0,0.0,0.18804610000006505,False,False
Q024,english,What CGPA is required for a degree with honors?,A candidate is awarded a degree with honors if the CGPA is 3.75 or above.,I couldn't find enough information in the provided university documents to answer this reliably.,unsupported,False,0,False,insufficient,english,True,ENGLISH_BODY_VALID,True,True,FACTUAL_TOKENS_SUPPORTED,"[""3.75""]",False,True,0.07692307692307693,0.08333333333333333,0.08,,,,0.19073600000001534,0.00047199999971780926,0.0,0.0,0.193648999999823,False,False
Q024,bangla,ডিগ্রি উইথ অনার্সের জন্য কত CGPA দরকার?,CGPA 3.75 বা তার বেশি হলে degree with honors দেওয়া হয়।,প্রদত্ত বিশ্ববিদ্যালয়ের নথিতে নির্ভরযোগ্যভাবে উত্তর দেওয়ার মতো পর্যাপ্ত তথ্য পাওয়া যায়নি।,unsupported,False,0,False,insufficient,bangla,True,BANGLA_BODY_MEANINGFUL,True,True,FACTUAL_TOKENS_SUPPORTED,"[""3.75""]",False,True,0.0,0.0,0.0,,,,0.18721140000025116,0.0004391000002215151,0.0,0.0,0.18990819999999076,False,False
Q024,banglish,Degree with honors-er jonno koto CGPA dorkar?,CGPA 3.75 or above hole degree with honors deya hoy.,Provided university document-e reliable answer deyar moto enough information paoa jayni.,unsupported,False,0,False,insufficient,banglish,True,BANGLISH_MARKERS_PRESENT,True,False,UNSUPPORTED_FACTUAL_TOKENS,"[""3.75""]",False,True,0.0,0.0,0.0,,,,0.19224960000019564,0.0003561999997145904,0.0,0.0,0.1947863000000325,False,False
Q025,english,What CGPA is considered normal progress toward a degree?,A CGPA of 2.25 or better is considered normal progress toward a degree.,I couldn't find enough information in the provided university documents to answer this reliably.,unsupported,False,0,False,insufficient,english,True,ENGLISH_BODY_VALID,True,True,FACTUAL_TOKENS_SUPPORTED,"[""2.25""]",False,True,0.0,0.0,0.0,,,,0.30808710000019346,0.0005839999998897838,0.0,0.0,0.31167249999998603,False,False
Q025,bangla,ডিগ্রির দিকে normal progress হিসেবে কত CGPA ধরা হয়?,CGPA 2.25 বা তার বেশি হলে ডিগ্রির দিকে normal progress ধরা হয়।,প্রদত্ত বিশ্ববিদ্যালয়ের নথিতে নির্ভরযোগ্যভাবে উত্তর দেওয়ার মতো পর্যাপ্ত তথ্য পাওয়া যায়নি।,unsupported,False,0,False,insufficient,bangla,True,BANGLA_BODY_MEANINGFUL,True,True,FACTUAL_TOKENS_SUPPORTED,"[""2.25""]",False,True,0.0,0.0,0.0,,,,0.1810539000002791,0.0004411999998410465,0.0,0.0,0.18378460000030827,False,False
Q025,banglish,Degree-r dike normal progress hisebe koto CGPA dhora hoy?,CGPA 2.25 or better hole degree-r dike normal progress dhora hoy.,Provided university document-e reliable answer deyar moto enough information paoa jayni.,unsupported,False,0,False,insufficient,banglish,True,BANGLISH_MARKERS_PRESENT,True,False,UNSUPPORTED_FACTUAL_TOKENS,"[""2.25""]",False,True,0.0,0.0,0.0,,,,0.18037069999991218,0.000445900000158872,0.0,0.0,0.18324100000018007,False,False
Q026,english,What is the fee for re-examination of a final answer script?,The re-examination fee is Taka 200 per script.,The fee for re-examination of a final answer script is Taka 200/- (Tk. Two Hundred) only.,gguf_generation,True,1,False,supported,english,True,ENGLISH_BODY_VALID,True,True,FACTUAL_TOKENS_SUPPORTED,"[""200"", ""taka200""]",True,True,0.4,0.75,0.5217391304347827,curricula_BSc-Curriculum-New.pdf,20,Examination Rules Re -examination or Re -scrutiny of Answer Scripts Re-examination of final examination answer scripts may be permissible. A candidate can apply for re -examination of any answer script of final examination to the Controller of Examinati ons through their advisor and the head of the department on payment of Taka 200/ - (Tk. Two Hundred) only per script within 7 (seven) working days from the publicatio…,0.1920805000004293,4.406619199999568,4.40621850000025,0.0,4.601916099999926,False,False
Q026,bangla,ফাইনাল answer script re-examination-এর ফি কত?,প্রতি script re-examination-এর ফি Taka 200।,প্রদত্ত বিশ্ববিদ্যালয়ের নথিতে নির্ভরযোগ্যভাবে উত্তর দেওয়ার মতো পর্যাপ্ত তথ্য পাওয়া যায়নি।,unsupported,True,2,True,insufficient,bangla,True,BANGLA_BODY_MEANINGFUL,True,False,GENERATION_REJECTED,"[""200"", ""taka200""]",False,True,0.0,0.0,0.0,,,,0.18892200000027515,7.916355999999723,7.914576899999702,2.6142252999998163,8.108421800000087,False,False
Q026,banglish,Final answer script re-examination-er fee koto?,Per script re-examination fee Taka 200.,Provided university document-e reliable answer deyar moto enough information paoa jayni.,unsupported,True,2,True,insufficient,banglish,True,BANGLISH_MARKERS_PRESENT,True,False,GENERATION_REJECTED,"[""200"", ""taka200""]",False,True,0.0,0.0,0.0,,,,0.1910939000003964,19.94055019999996,19.93904350000048,15.241108600000189,20.135413900000003,False,False
Q027,english,Within how many working days must a re-examination application be submitted?,The application must be submitted within 7 working days from publication of final results.,I couldn't find enough information in the provided university documents to answer this reliably.,unsupported,False,0,False,insufficient,english,True,ENGLISH_BODY_VALID,True,True,FACTUAL_TOKENS_SUPPORTED,"[""7""]",False,True,0.07692307692307693,0.07692307692307693,0.07692307692307693,,,,0.1977268999999069,0.00040760000001682783,0.0,0.0,0.2029696999998123,False,False
Q027,bangla,Re-examination application কত working day-এর মধ্যে জমা দিতে হয়?,ফাইনাল ফল প্রকাশের 7 working day-এর মধ্যে application জমা দিতে হয়।,সময়কাল হলো 15 Weeks।,structured_exact,False,0,False,supported,bangla,True,BANGLA_BODY_MEANINGFUL,True,True,FACTUAL_TOKENS_SUPPORTED,"[""7""]",False,True,0.0,0.0,0.0,curricula_BSc-Curriculum-New.pdf,17,Classes 15 Weeks Recess before examination 1 Week Semester final examination 2 Weeks,0.23167459999967832,0.0002585000002000015,0.0,0.0,0.23498449999988225,False,False
Q027,banglish,Re-examination application koto working day-er moddhe submit korte hoy?,Final result publish howar 7 working day-er moddhe application submit korte hoy.,Provided university document-e reliable answer deyar moto enough information paoa jayni.,unsupported,False,0,False,insufficient,banglish,True,BANGLISH_MARKERS_PRESENT,True,False,UNSUPPORTED_FACTUAL_TOKENS,"[""7""]",False,True,0.0,0.0,0.0,,,,0.1843647000000601,0.00035570000000006985,0.0,0.0,0.18697969999993802,False,False
Q028,english,When is a student allowed to appear at a repeat examination?,"A student may appear at a repeat examination if they fail in three theory courses or less, not exceeding 10 credit hours.",I couldn't find enough information in the provided university documents to answer this reliably.,unsupported,False,0,False,insufficient,english,True,ENGLISH_BODY_VALID,True,True,FACTUAL_TOKENS_SUPPORTED,"[""10"", ""exceeding10""]",False,True,0.07692307692307693,0.05,0.060606060606060615,,,,0.18014809999976933,0.00032520000013391837,0.0,0.0,0.18331800000032672,False,False
Q028,bangla,কখন একজন শিক্ষার্থী repeat examination দিতে পারে?,তিনটি বা তার কম theory course-এ ফেল করলে এবং তা 10 credit hour-এর বেশি না হলে repeat examination দেওয়া যায়।,একজন শিক্ষার্থী একটি শিক্ষার্থী স্ট্রিং করে একটি শিক্ষার্থী স্ট্রিং করতে পারে যদি তিনি শিক্ষার্থী স্ট্রিং করতে পারে যদি তিনি শিক্ষার্থী স্ট্রিং করতে পারে যদি তিনি শিক্ষার্থী স,gguf_generation,True,2,True,supported,bangla,True,BANGLA_BODY_MEANINGFUL,True,True,FACTUAL_TOKENS_SUPPORTED,"[""10""]",False,True,0.0,0.0,0.0,curricula_BSc-Curriculum-New.pdf,20,Rules for Repeat Examination A student wo uld be allowed to appear at the Repeat Examination in case s/he fails in three theory courses or less but not exceeding 10 credit hours. The results of Repeat Examinations would be published within three weeks from the date of publication of the results of the Semester Final,0.19361479999997755,22.105469000000085,22.103669099999934,15.195543300000281,22.30236530000002,False,False
Q028,banglish,Kokhon ekjon student repeat examination dite pare?,"Tin ta ba tar kom theory course-e fail korle, 10 credit hour exceed na korle, repeat examination deya jay.",Provided university document-e reliable answer deyar moto enough information paoa jayni.,unsupported,True,1,False,insufficient,banglish,True,BANGLISH_MARKERS_PRESENT,True,False,GENERATION_REJECTED,"[""10""]",False,True,0.0,0.0,0.0,,,,0.193010299999969,9.400742400000127,9.400592399999823,0.0,9.596623100000215,False,False
Q029,english,What is the fee for a repeat examination course?,The repeat examination fee is Taka 3000 per course.,The fee for a repeat examination course is Taka 200.,gguf_generation,True,1,False,supported,english,True,ENGLISH_BODY_VALID,True,True,FACTUAL_TOKENS_SUPPORTED,"[""3000"", ""taka3000""]",False,True,0.6666666666666666,0.6666666666666666,0.6666666666666666,curricula_BSc-Curriculum-New.pdf,21,…xt semester would start. Repeat Examinations on theory courses would be held on 50 percent of marks for each course and the marks for Class Assessment and Mid Semester Examination would be carried. There shall be no repeat examinations for sessional courses. The maximum grade to be obtained by a student in a repeat examination would be ‗B‘ (equivalent to 60%). The following grading system would be followed in the rep…,0.1876841000002969,4.2887478000002375,4.288220899999942,0.0,4.479994199999965,False,False
Q029,bangla,Repeat examination-এর প্রতি কোর্সের ফি কত?,Repeat examination-এর ফি প্রতি course Taka 3000।,প্রদত্ত বিশ্ববিদ্যালয়ের নথিতে নির্ভরযোগ্যভাবে উত্তর দেওয়ার মতো পর্যাপ্ত তথ্য পাওয়া যায়নি।,unsupported,True,1,False,insufficient,bangla,True,BANGLA_BODY_MEANINGFUL,True,False,GENERATION_REJECTED,"[""3000"", ""taka3000""]",False,True,0.0,0.0,0.0,,,,0.18803139999999985,6.631114300000263,6.630605600000308,0.0,6.822119699999803,False,False
Q029,banglish,Repeat examination-er per course fee koto?,Repeat examination-er fee per course Taka 3000.,Provided university document-e reliable answer deyar moto enough information paoa jayni.,unsupported,True,2,True,insufficient,banglish,True,BANGLISH_MARKERS_PRESENT,True,False,GENERATION_REJECTED,"[""3000"", ""taka3000""]",False,True,0.0,0.0,0.0,,,,0.18417550000003757,6.359189799999967,6.3572936999999,1.7478706000001694,6.54672329999994,False,False
Q030,english,How many courses can a student repeat for grade improvement?,"For grade improvement, a student may repeat a maximum of four courses.",The grade is C.,structured_exact,False,0,False,supported,english,True,ENGLISH_BODY_VALID,True,True,FACTUAL_TOKENS_SUPPORTED,[],False,False,0.25,0.1,0.14285714285714288,curricula_BSc-Curriculum-New.pdf,21,"Category – A 1. The Provision for Improvement of grades applies to those only who obtained a grade C or lower in any course. Such candidates may be allowed to improve their grades by surrendering the earlier grade obtained by him/her. 2. For grade improvement purpose, a student will be allowed to repeat a maximum of four courses. 3. For availing s uch provision of grade improvement, a candidate shall apply to the Con…",0.18727560000024823,0.00030240000023695757,0.0,0.0,0.18988420000005135,False,False
Q030,bangla,Grade improvement-এর জন্য একজন শিক্ষার্থী সর্বোচ্চ কয়টি কোর্স repeat করতে পারে?,Grade improvement-এর জন্য একজন শিক্ষার্থী সর্বোচ্চ চারটি course repeat করতে পারে।,প্রাসঙ্গিক grade হলো C।,structured_exact,False,0,False,supported,bangla,True,BANGLA_BODY_MEANINGFUL,True,True,FACTUAL_TOKENS_SUPPORTED,[],False,False,0.3333333333333333,0.08333333333333333,0.13333333333333333,curricula_BSc-Curriculum-New.pdf,21,"Category – A 1. The Provision for Improvement of grades applies to those only who obtained a grade C or lower in any course. Such candidates may be allowed to improve their grades by surrendering the earlier grade obtained by him/her. 2. For grade improvement purpose, a student will be allowed to repeat a maximum of four courses. 3. For availing s uch provision of grade improvement, a candidate shall apply to the Con…",0.1793087999999443,0.00036289999979999266,0.0,0.0,0.18330629999991288,False,False
Q030,banglish,Grade improvement-er jonno ekjon student maximum koyta course repeat korte pare?,Grade improvement-er jonno ekjon student maximum four courses repeat korte pare.,Relevant grade holo C.,structured_exact,False,0,False,supported,banglish,True,BANGLISH_MARKERS_PRESENT,True,True,FACTUAL_TOKENS_SUPPORTED,[],False,False,0.25,0.09090909090909091,0.13333333333333333,curricula_BSc-Curriculum-New.pdf,21,"Category – A 1. The Provision for Improvement of grades applies to those only who obtained a grade C or lower in any course. Such candidates may be allowed to improve their grades by surrendering the earlier grade obtained by him/her. 2. For grade improvement purpose, a student will be allowed to repeat a maximum of four courses. 3. For availing s uch provision of grade improvement, a candidate shall apply to the Con…",0.18028140000023996,0.0003440000000409782,0.0,0.0,0.18329510000012306,False,False
Q031,english,What percentage of total seats is reserved for children of Freedom Fighters?,3% of total seats are reserved for the children of Freedom Fighters.,I couldn't find enough information in the provided university documents to answer this reliably.,unsupported,False,0,False,insufficient,english,True,ENGLISH_BODY_VALID,True,True,FACTUAL_TOKENS_SUPPORTED,"[""3""]",False,True,0.07692307692307693,0.09090909090909091,0.08333333333333334,,,,0.21174120000023322,0.0025235999996766623,0.0,0.0,0.2168704999999136,False,False
Q031,bangla,Freedom Fighters-এর সন্তানদের জন্য মোট আসনের কত শতাংশ সংরক্ষিত?,Freedom Fighters-এর সন্তানদের জন্য মোট আসনের 3% সংরক্ষিত।,অনুরোধ করা বিষয়টির বিষয়টির প্রাসঙ্গিক percentage 3%।,structured_exact,False,0,False,supported,bangla,True,BANGLA_BODY_MEANINGFUL,True,True,FACTUAL_TOKENS_SUPPORTED,"[""3""]",True,True,0.16666666666666666,0.1111111111111111,0.13333333333333333,curricula_BSc-Curriculum-New.pdf,22,Waiver Policy 3% of total seats are reserved for the children of Freedom Fighters and another 3% for meritorious but poor students from remote areas of Bangladesh. They will be offered full free education opportunity. 1. Top 3% students in each department will be offered 100% tuition waiver based on semester results. 2. Vice Chancellor‘s special tuition fee waiver will be offered in amount 10%-100% to poor but merito…,0.19006990000025326,0.00018039999986285693,0.0,0.0,0.19277509999983522,False,False
Q031,banglish,Freedom Fighters-er children-der jonno total seats-er koto percent reserved?,Freedom Fighters-er children-der jonno total seats-er 3% reserved.,Requested item-er item-er relevant percentage 3%.,structured_exact,False,0,False,supported,banglish,True,BANGLISH_MARKERS_PRESENT,True,False,UNSUPPORTED_FACTUAL_TOKENS,"[""3""]",True,True,0.0,0.0,0.0,curricula_BSc-Curriculum-New.pdf,22,Waiver Policy 3% of total seats are reserved for the children of Freedom Fighters and another 3% for meritorious but poor students from remote areas of Bangladesh. They will be offered full free education opportunity. 1. Top 3% students in each department will be offered 100% tuition waiver based on semester results. 2. Vice Chancellor‘s special tuition fee waiver will be offered in amount 10%-100% to poor but merito…,0.17888930000026448,0.00018279999994774698,0.0,0.0,0.1815215999999964,False,False
Q032,english,How many credits is CSE 101 Introduction to Computer Science & Programming Methodology?,CSE 101 Introduction to Computer Science & Programming Methodology is a 3.00-credit course.,CSE 101 carries 3.00 credits.,structured_exact,False,0,False,supported,english,True,ENGLISH_BODY_VALID,True,True,FACTUAL_TOKENS_SUPPORTED,"[""101"", ""3.00"", ""cse101""]",True,True,0.4,0.18181818181818182,0.25000000000000006,curricula_BSc-Curriculum-New.pdf,51,CSE 101 Introduction to Computer Science & Programming Methodology 3.00 Nil,0.18297660000007454,0.0004781000002367364,0.0,0.0,0.18660499999987223,False,False
Q032,bangla,CSE 101 Introduction to Computer Science & Programming Methodology কোর্সটির ক্রেডিট কত?,CSE 101 Introduction to Computer Science & Programming Methodology 3.00 ক্রেডিটের কোর্স।,CSE 101 কোর্সটির ক্রেডিট 3.00।,structured_exact,False,0,False,supported,bangla,True,BANGLA_BODY_MEANINGFUL,True,True,FACTUAL_TOKENS_SUPPORTED,"[""101"", ""3.00"", ""cse101""]",True,True,0.6,0.2727272727272727,0.37499999999999994,curricula_BSc-Curriculum-New.pdf,51,CSE 101 Introduction to Computer Science & Programming Methodology 3.00 Nil,0.18639900000016496,0.00043349999987185583,0.0,0.0,0.1900777000000744,False,False
Q032,banglish,CSE 101 Introduction to Computer Science & Programming Methodology course-er credit koto?,CSE 101 Introduction to Computer Science & Programming Methodology 3.00-credit course.,CSE 101 course-er credit 3.00.,structured_exact,False,0,False,supported,banglish,True,BANGLISH_MARKERS_PRESENT,True,True,FACTUAL_TOKENS_SUPPORTED,"[""101"", ""3.00"", ""cse101""]",True,True,0.4,0.2,0.26666666666666666,curricula_BSc-Curriculum-New.pdf,51,CSE 101 Introduction to Computer Science & Programming Methodology 3.00 Nil,0.17812589999994088,0.00043349999987185583,0.0,0.0,0.18215469999995548,False,False
Q033,english,How many credits is CSE 102 Introduction to Computer Sc. & Programming Methodology Lab?,CSE 102 Introduction to Computer Sc. & Programming Methodology Lab is a 1.50-credit course.,CSE 102 carries 1.50 credits.,structured_exact,False,0,False,supported,english,True,ENGLISH_BODY_VALID,True,True,FACTUAL_TOKENS_SUPPORTED,"[""1.50"", ""102"", ""cse102""]",True,True,0.4,0.16666666666666666,0.23529411764705882,curricula_BSc-Curriculum-New.pdf,51,CSE 102 Introduction to Computer Sc. & Programming Methodology Lab 1.50 Nil,0.3121925000000374,0.00015729999995528487,0.0,0.0,0.314592900000207,False,False
Q033,bangla,CSE 102 Introduction to Computer Sc. & Programming Methodology Lab কোর্সটির ক্রেডিট কত?,CSE 102 Introduction to Computer Sc. & Programming Methodology Lab 1.50 ক্রেডিটের কোর্স।,CSE 102 কোর্সটির ক্রেডিট 1.50।,structured_exact,False,0,False,supported,bangla,True,BANGLA_BODY_MEANINGFUL,True,True,FACTUAL_TOKENS_SUPPORTED,"[""1.50"", ""102"", ""cse102""]",True,True,0.6,0.25,0.35294117647058826,curricula_BSc-Curriculum-New.pdf,51,CSE 102 Introduction to Computer Sc. & Programming Methodology Lab 1.50 Nil,0.18695919999981925,0.000246400000378344,0.0,0.0,0.19038440000031187,False,False
Q033,banglish,CSE 102 Introduction to Computer Sc. & Programming Methodology Lab course-er credit koto?,CSE 102 Introduction to Computer Sc. & Programming Methodology Lab 1.50-credit course.,CSE 102 course-er credit 1.50.,structured_exact,False,0,False,supported,banglish,True,BANGLISH_MARKERS_PRESENT,True,True,FACTUAL_TOKENS_SUPPORTED,"[""1.50"", ""102"", ""cse102""]",True,True,0.4,0.18181818181818182,0.25000000000000006,curricula_BSc-Curriculum-New.pdf,51,CSE 102 Introduction to Computer Sc. & Programming Methodology Lab 1.50 Nil,0.17945729999973992,0.0002511000002414221,0.0,0.0,0.18260089999967022,False,False
Q034,english,How many credits is HSS 101 English I: Written and Spoken English?,HSS 101 English I: Written and Spoken English is a 3.00-credit course.,HSS 101 carries 1.50 credits.,structured_exact,False,0,False,supported,english,True,ENGLISH_BODY_VALID,True,True,FACTUAL_TOKENS_SUPPORTED,"[""101"", ""3.00"", ""hss101""]",False,True,0.4,0.2222222222222222,0.2857142857142857,curricula_BSc-Curriculum-New.pdf,61,"Course Code: HSS 101 Course Title: English I: Written and Spoken English Credits: 1.50 A. Written English: Writing Mechanics & Grammar: Spelling, Capitalization, Punctuation, Vocabulary Writing skills for formal and i nformal communications: Paragraph/ Essay/ Story Writing, Opinion Writing, Letter Writing – Formal and Informal, Memo Writing, Report Writing, E-mail Writing, Web Content Writing. Editing & Proofreading:…",0.17953810000017256,0.0002382000002398854,0.0,0.0,0.18377760000021226,False,False
Q034,bangla,HSS 101 English I: Written and Spoken English কোর্সটির ক্রেডিট কত?,HSS 101 English I: Written and Spoken English 3.00 ক্রেডিটের কোর্স।,HSS 101 কোর্সটির ক্রেডিট 1.50।,structured_exact,False,0,False,supported,bangla,True,BANGLA_BODY_MEANINGFUL,True,True,FACTUAL_TOKENS_SUPPORTED,"[""101"", ""3.00"", ""hss101""]",False,True,0.4,0.2222222222222222,0.2857142857142857,curricula_BSc-Curriculum-New.pdf,61,"Course Code: HSS 101 Course Title: English I: Written and Spoken English Credits: 1.50 A. Written English: Writing Mechanics & Grammar: Spelling, Capitalization, Punctuation, Vocabulary Writing skills for formal and i nformal communications: Paragraph/ Essay/ Story Writing, Opinion Writing, Letter Writing – Formal and Informal, Memo Writing, Report Writing, E-mail Writing, Web Content Writing. Editing & Proofreading:…",0.18971940000028553,0.0003090999998676125,0.0,0.0,0.194083800000044,False,False
Q034,banglish,HSS 101 English I: Written and Spoken English course-er credit koto?,HSS 101 English I: Written and Spoken English 3.00-credit course.,HSS 101 course-er credit 1.50.,structured_exact,False,0,False,supported,banglish,True,BANGLISH_MARKERS_PRESENT,True,True,FACTUAL_TOKENS_SUPPORTED,"[""101"", ""3.00"", ""hss101""]",False,True,0.4,0.25,0.3076923076923077,curricula_BSc-Curriculum-New.pdf,61,"Course Code: HSS 101 Course Title: English I: Written and Spoken English Credits: 1.50 A. Written English: Writing Mechanics & Grammar: Spelling, Capitalization, Punctuation, Vocabulary Writing skills for formal and i nformal communications: Paragraph/ Essay/ Story Writing, Opinion Writing, Letter Writing – Formal and Informal, Memo Writing, Report Writing, E-mail Writing, Web Content Writing. Editing & Proofreading:…",0.18176590000030046,0.00030569999989893404,0.0,0.0,0.1851488000002064,False,False
Q035,english,How many credits is HSS 111(A) Bangladesh Studies: Society and Culture?,HSS 111(A) Bangladesh Studies: Society and Culture is a 2.00-credit course.,I couldn't find enough information in the provided university documents to answer this reliably.,unsupported,False,0,False,insufficient,english,True,ENGLISH_BODY_VALID,True,True,FACTUAL_TOKENS_SUPPORTED,"[""111"", ""2.00"", ""hss111""]",False,True,0.0,0.0,0.0,,,,0.18512239999972735,0.000902100000075734,0.0,0.0,0.19133839999994962,False,False
Q035,bangla,HSS 111(A) Bangladesh Studies: Society and Culture কোর্সটির ক্রেডিট কত?,HSS 111(A) Bangladesh Studies: Society and Culture 2.00 ক্রেডিটের কোর্স।,প্রদত্ত বিশ্ববিদ্যালয়ের নথিতে নির্ভরযোগ্যভাবে উত্তর দেওয়ার মতো পর্যাপ্ত তথ্য পাওয়া যায়নি।,unsupported,False,0,False,insufficient,bangla,True,BANGLA_BODY_MEANINGFUL,True,True,FACTUAL_TOKENS_SUPPORTED,"[""111"", ""2.00"", ""hss111""]",False,True,0.0,0.0,0.0,,,,0.3249627000000146,0.00033250000024054316,0.0,0.0,0.3295253999999659,False,False
Q035,banglish,HSS 111(A) Bangladesh Studies: Society and Culture course-er credit koto?,HSS 111(A) Bangladesh Studies: Society and Culture 2.00-credit course.,Provided university document-e reliable answer deyar moto enough information paoa jayni.,unsupported,False,0,False,insufficient,banglish,True,BANGLISH_MARKERS_PRESENT,True,False,UNSUPPORTED_FACTUAL_TOKENS,"[""111"", ""2.00"", ""hss111""]",False,True,0.0,0.0,0.0,,,,0.1777434999999059,0.0002376000002186629,0.0,0.0,0.1800967999997738,False,False
Q036,english,How many credits is HSS 111(B) Bangladesh Studies: Bangladesh History?,HSS 111(B) Bangladesh Studies: Bangladesh History is a 2.00-credit course.,I couldn't find enough information in the provided university documents to answer this reliably.,unsupported,False,0,False,insufficient,english,True,ENGLISH_BODY_VALID,True,True,GENERATION_NOT_USED,"[""111"", ""2.00"", ""hss111""]",False,True,0.0,0.0,0.0,,,,0.19435380000004443,0.0016309000002365792,0.0,0.0,0.1978420999998889,False,False
Q036,bangla,HSS 111(B) Bangladesh Studies: Bangladesh History কোর্সটির ক্রেডিট কত?,HSS 111(B) Bangladesh Studies: Bangladesh History 2.00 ক্রেডিটের কোর্স।,প্রদত্ত বিশ্ববিদ্যালয়ের নথিতে নির্ভরযোগ্যভাবে উত্তর দেওয়ার মতো পর্যাপ্ত তথ্য পাওয়া যায়নি।,unsupported,False,0,False,insufficient,bangla,True,BANGLA_BODY_MEANINGFUL,True,True,GENERATION_NOT_USED,"[""111"", ""2.00"", ""hss111""]",False,True,0.0,0.0,0.0,,,,0.1815891000001102,0.0005727999996452127,0.0,0.0,0.1839679999998225,False,False
Q036,banglish,HSS 111(B) Bangladesh Studies: Bangladesh History course-er credit koto?,HSS 111(B) Bangladesh Studies: Bangladesh History 2.00-credit course.,Provided university document-e reliable answer deyar moto enough information paoa jayni.,unsupported,False,0,False,insufficient,banglish,True,BANGLISH_MARKERS_PRESENT,True,True,GENERATION_NOT_USED,"[""111"", ""2.00"", ""hss111""]",False,True,0.0,0.0,0.0,,,,0.17636810000021796,0.0004758999998557556,0.0,0.0,0.18008969999982583,False,False
Q037,english,How many credits is PHY 101 Physics?,PHY 101 Physics is a 3.00-credit course.,PHY 101 carries 3.00 credits.,structured_exact,False,0,False,supported,english,True,ENGLISH_BODY_VALID,True,True,FACTUAL_TOKENS_SUPPORTED,"[""101"", ""3.00"", ""phy101""]",True,True,0.4,0.3333333333333333,0.3636363636363636,curricula_BSc-Curriculum-New.pdf,51,PHY 101 Physics 3.00 Nil,0.17447919999995065,0.00020310000036261044,0.0,0.0,0.17693580000013753,False,False
Q037,bangla,PHY 101 Physics কোর্সটির ক্রেডিট কত?,PHY 101 Physics 3.00 ক্রেডিটের কোর্স।,PHY 101 কোর্সটির ক্রেডিট 3.00।,structured_exact,False,0,False,supported,bangla,True,BANGLA_BODY_MEANINGFUL,True,True,FACTUAL_TOKENS_SUPPORTED,"[""101"", ""3.00"", ""phy101""]",True,True,0.6,0.5,0.5454545454545454,curricula_BSc-Curriculum-New.pdf,62,"Course Code: PHY 101 Course Title: Physics Credits: 3.00 Prerequisite: None Heat and Thermodynamics: Principle of temperature measurements: platinum resistance thermometer, thermo -electric thermometer, pyrometer; Kinetic theory of gases: Maxwell's distribution of molecular speeds, mean free path, equipartition of energy, Brownian motion, Van der Waal's equation of state, review of the First Law of thermodynamics and…",0.1813483000000815,0.00020219999987602932,0.0,0.0,0.18373609999980545,False,False
Q037,banglish,PHY 101 Physics course-er credit koto?,PHY 101 Physics 3.00-credit course.,PHY 101 course-er credit 3.00.,structured_exact,False,0,False,supported,banglish,True,BANGLISH_MARKERS_PRESENT,True,True,FACTUAL_TOKENS_SUPPORTED,"[""101"", ""3.00"", ""phy101""]",True,True,0.4,0.4,0.4000000000000001,curricula_BSc-Curriculum-New.pdf,62,"Course Code: PHY 101 Course Title: Physics Credits: 3.00 Prerequisite: None Heat and Thermodynamics: Principle of temperature measurements: platinum resistance thermometer, thermo -electric thermometer, pyrometer; Kinetic theory of gases: Maxwell's distribution of molecular speeds, mean free path, equipartition of energy, Brownian motion, Van der Waal's equation of state, review of the First Law of thermodynamics and…",0.2587460999998257,0.0002746999998635147,0.0,0.0,0.2628676999997879,False,False
Q038,english,How many credits is PHY 102 Physics Lab?,PHY 102 Physics Lab is a 1.50-credit course.,PHY 102 carries 1.5 credits.,structured_exact,False,0,False,supported,english,True,ENGLISH_BODY_VALID,True,True,FACTUAL_TOKENS_SUPPORTED,"[""1.50"", ""102"", ""phy102""]",False,True,0.4,0.2857142857142857,0.3333333333333333,curricula_BSc-Curriculum-New.pdf,63,"Course Code: PHY 102 Course Title: Physics Lab Credits: 1.5 Prerequisite: None Lab work based on theory, assigned by the course teacher.",0.20547010000018417,0.00019359999987500487,0.0,0.0,0.20866939999996248,False,False
Q038,bangla,PHY 102 Physics Lab কোর্সটির ক্রেডিট কত?,PHY 102 Physics Lab 1.50 ক্রেডিটের কোর্স।,PHY 102 কোর্সটির ক্রেডিট 1.5।,structured_exact,False,0,False,supported,bangla,True,BANGLA_BODY_MEANINGFUL,True,True,FACTUAL_TOKENS_SUPPORTED,"[""1.50"", ""102"", ""phy102""]",False,True,0.4,0.2857142857142857,0.3333333333333333,curricula_BSc-Curriculum-New.pdf,63,"Course Code: PHY 102 Course Title: Physics Lab Credits: 1.5 Prerequisite: None Lab work based on theory, assigned by the course teacher.",0.20829170000024533,0.0001899999997476698,0.0,0.0,0.21244389999992563,False,False
Q038,banglish,PHY 102 Physics Lab course-er credit koto?,PHY 102 Physics Lab 1.50-credit course.,PHY 102 course-er credit 1.5.,structured_exact,False,0,False,supported,banglish,True,BANGLISH_MARKERS_PRESENT,True,True,FACTUAL_TOKENS_SUPPORTED,"[""1.50"", ""102"", ""phy102""]",False,True,0.4,0.3333333333333333,0.3636363636363636,curricula_BSc-Curriculum-New.pdf,63,"Course Code: PHY 102 Course Title: Physics Lab Credits: 1.5 Prerequisite: None Lab work based on theory, assigned by the course teacher.",0.3645198000003802,0.00013070000022707973,0.0,0.0,0.36704950000012104,False,False
Q039,english,"How many credits is MTH 101 Math I: Basic Calculus, Co-ordinate Geometry?","MTH 101 Math I: Basic Calculus, Co-ordinate Geometry is a 3.00-credit course.",MTH 101 carries 3.00 credits.,structured_exact,False,0,False,supported,english,True,ENGLISH_BODY_VALID,True,True,FACTUAL_TOKENS_SUPPORTED,"[""101"", ""3.00"", ""mth101""]",True,True,0.4,0.2,0.26666666666666666,curricula_BSc-Curriculum-New.pdf,51,"MTH 101 Math I: Basic Calcu lus, Coordinate Geometry 3.00 Nil Total 19.00",0.18902639999987514,0.00027099999988422496,0.0,0.0,0.1922660000000178,False,False
Q039,bangla,"MTH 101 Math I: Basic Calculus, Co-ordinate Geometry কোর্সটির ক্রেডিট কত?","MTH 101 Math I: Basic Calculus, Co-ordinate Geometry 3.00 ক্রেডিটের কোর্স।",MTH 101 কোর্সটির ক্রেডিট 3.00।,structured_exact,False,0,False,supported,bangla,True,BANGLA_BODY_MEANINGFUL,True,True,FACTUAL_TOKENS_SUPPORTED,"[""101"", ""3.00"", ""mth101""]",True,True,0.6,0.3,0.4,curricula_BSc-Curriculum-New.pdf,51,"MTH 101 Math I: Basic Calcu lus, Coordinate Geometry 3.00 Nil Total 19.00",0.1881306999998742,0.00021209999977145344,0.0,0.0,0.19079379999993762,False,False
Q039,banglish,"MTH 101 Math I: Basic Calculus, Co-ordinate Geometry course-er credit koto?","MTH 101 Math I: Basic Calculus, Co-ordinate Geometry 3.00-credit course.",MTH 101 course-er credit 3.00.,structured_exact,False,0,False,supported,banglish,True,BANGLISH_MARKERS_PRESENT,True,True,FACTUAL_TOKENS_SUPPORTED,"[""101"", ""3.00"", ""mth101""]",True,True,0.4,0.2222222222222222,0.2857142857142857,curricula_BSc-Curriculum-New.pdf,63,"Course Code: MTH 101 Course Title: Math I Credits: 3.00 Prerequisite: N/A Three dimensional geometry: Co-ordinates in three dimensions, direction cosines and direction ratios, planes, sphere, straight line and conicoids (basic definition and properties only). Concept of functions : Function, domain and range of a function, graphs of simple functions (exponential, logarithmic and trigonometric), inverse function, func…",0.17983319999984815,0.0002820999998220941,0.0,0.0,0.18397379999987606,False,False
Q040,english,How many credits is CSE 103 Structured Programming?,CSE 103 Structured Programming is a 3.00-credit course.,CSE 103 carries 3.00 credits.,structured_exact,False,0,False,supported,english,True,ENGLISH_BODY_VALID,True,True,FACTUAL_TOKENS_SUPPORTED,"[""103"", ""3.00"", ""cse103""]",True,True,0.4,0.2857142857142857,0.3333333333333333,curricula_BSc-Curriculum-New.pdf,52,CSE 103 Structured Programming 3.00 CSE 101,0.17759769999975106,0.00022209999997357954,0.0,0.0,0.18101449999994657,False,False
Q040,bangla,CSE 103 Structured Programming কোর্সটির ক্রেডিট কত?,CSE 103 Structured Programming 3.00 ক্রেডিটের কোর্স।,CSE 103 কোর্সটির ক্রেডিট 3.00।,structured_exact,False,0,False,supported,bangla,True,BANGLA_BODY_MEANINGFUL,True,True,FACTUAL_TOKENS_SUPPORTED,"[""103"", ""3.00"", ""cse103""]",True,True,0.6,0.42857142857142855,0.5,curricula_BSc-Curriculum-New.pdf,52,CSE 103 Structured Programming 3.00 CSE 101,0.17997109999987515,0.00024510000002919696,0.0,0.0,0.18392409999978554,False,False
Q040,banglish,CSE 103 Structured Programming course-er credit koto?,CSE 103 Structured Programming 3.00-credit course.,CSE 103 course-er credit 3.00.,structured_exact,False,0,False,supported,banglish,True,BANGLISH_MARKERS_PRESENT,True,True,FACTUAL_TOKENS_SUPPORTED,"[""103"", ""3.00"", ""cse103""]",True,True,0.4,0.3333333333333333,0.3636363636363636,curricula_BSc-Curriculum-New.pdf,52,CSE 103 Structured Programming 3.00 CSE 101,0.17417239999986123,0.0002943999998024083,0.0,0.0,0.17772240000022066,False,False
Q041,english,How many credits is CSE 104 Structured Programming Lab?,CSE 104 Structured Programming Lab is a 1.50-credit course.,CSE 104 carries 1.50 credits.,structured_exact,False,0,False,supported,english,True,ENGLISH_BODY_VALID,True,True,FACTUAL_TOKENS_SUPPORTED,"[""1.50"", ""104"", ""cse104""]",True,True,0.4,0.25,0.3076923076923077,curricula_BSc-Curriculum-New.pdf,66,Course Code: CSE 104 Course Title: Structured Programming Lab Credits: 1.50 Prerequisite: None Objectives: Laboratory works and assignments will be based on CSE – 103,0.18589430000020002,0.0001999999999497959,0.0,0.0,0.1888794000001326,False,False
Q041,bangla,CSE 104 Structured Programming Lab কোর্সটির ক্রেডিট কত?,CSE 104 Structured Programming Lab 1.50 ক্রেডিটের কোর্স।,CSE 104 কোর্সটির ক্রেডিট 1.50।,structured_exact,False,0,False,supported,bangla,True,BANGLA_BODY_MEANINGFUL,True,True,FACTUAL_TOKENS_SUPPORTED,"[""1.50"", ""104"", ""cse104""]",True,True,0.6,0.375,0.4615384615384615,curricula_BSc-Curriculum-New.pdf,66,Course Code: CSE 104 Course Title: Structured Programming Lab Credits: 1.50 Prerequisite: None Objectives: Laboratory works and assignments will be based on CSE – 103,0.18058789999986402,0.0001542999998491723,0.0,0.0,0.18295790000001944,False,False
Q041,banglish,CSE 104 Structured Programming Lab course-er credit koto?,CSE 104 Structured Programming Lab 1.50-credit course.,CSE 104 course-er credit 1.50.,structured_exact,False,0,False,supported,banglish,True,BANGLISH_MARKERS_PRESENT,True,True,FACTUAL_TOKENS_SUPPORTED,"[""1.50"", ""104"", ""cse104""]",True,True,0.4,0.2857142857142857,0.3333333333333333,curricula_BSc-Curriculum-New.pdf,66,Course Code: CSE 104 Course Title: Structured Programming Lab Credits: 1.50 Prerequisite: None Objectives: Laboratory works and assignments will be based on CSE – 103,0.17636059999995268,0.000158100000135164,0.0,0.0,0.17920209999965664,False,False
Q042,english,How many credits is CSE 105 Discrete Mathematics?,CSE 105 Discrete Mathematics is a 3.00-credit course.,CSE 105 carries 3.00 credits.,structured_exact,False,0,False,supported,english,True,ENGLISH_BODY_VALID,True,True,FACTUAL_TOKENS_SUPPORTED,"[""105"", ""3.00"", ""cse105""]",True,True,0.4,0.2857142857142857,0.3333333333333333,curricula_BSc-Curriculum-New.pdf,52,CSE 105 Discrete Mathematics 3.00 Nil,0.17652040000029956,0.0002768999997897481,0.0,0.0,0.18099600000005012,False,False
Q042,bangla,CSE 105 Discrete Mathematics কোর্সটির ক্রেডিট কত?,CSE 105 Discrete Mathematics 3.00 ক্রেডিটের কোর্স।,CSE 105 কোর্সটির ক্রেডিট 3.00।,structured_exact,False,0,False,supported,bangla,True,BANGLA_BODY_MEANINGFUL,True,True,FACTUAL_TOKENS_SUPPORTED,"[""105"", ""3.00"", ""cse105""]",True,True,0.6,0.42857142857142855,0.5,curricula_BSc-Curriculum-New.pdf,52,CSE 105 Discrete Mathematics 3.00 Nil,0.17907599999989543,0.00021500000002561137,0.0,0.0,0.18264670000007754,False,False
Q042,banglish,CSE 105 Discrete Mathematics course-er credit koto?,CSE 105 Discrete Mathematics 3.00-credit course.,CSE 105 course-er credit 3.00.,structured_exact,False,0,False,supported,banglish,True,BANGLISH_MARKERS_PRESENT,True,True,FACTUAL_TOKENS_SUPPORTED,"[""105"", ""3.00"", ""cse105""]",True,True,0.4,0.3333333333333333,0.3636363636363636,curricula_BSc-Curriculum-New.pdf,52,CSE 105 Discrete Mathematics 3.00 Nil,0.19077040000001944,0.000230599999667902,0.0,0.0,0.1943890000002284,False,False
Q043,english,How many credits is EEE 121 Electrical & Electronic Engineering I?,EEE 121 Electrical & Electronic Engineering I is a 3.00-credit course.,EEE 121 carries 3.00 credits.,structured_exact,False,0,False,supported,english,True,ENGLISH_BODY_VALID,True,True,FACTUAL_TOKENS_SUPPORTED,"[""121"", ""3.00"", ""eee121""]",True,True,0.4,0.25,0.3076923076923077,curricula_BSc-Curriculum-New.pdf,52,EEE 121 Electrical & Electronic Engineering I 3.00 Nil,0.21850810000023557,0.00021900000001551234,0.0,0.0,0.2218366000001879,False,False
Q043,bangla,EEE 121 Electrical & Electronic Engineering I কোর্সটির ক্রেডিট কত?,EEE 121 Electrical & Electronic Engineering I 3.00 ক্রেডিটের কোর্স।,EEE 121 কোর্সটির ক্রেডিট 3.00।,structured_exact,False,0,False,supported,bangla,True,BANGLA_BODY_MEANINGFUL,True,True,FACTUAL_TOKENS_SUPPORTED,"[""121"", ""3.00"", ""eee121""]",True,True,0.6,0.375,0.4615384615384615,curricula_BSc-Curriculum-New.pdf,52,EEE 121 Electrical & Electronic Engineering I 3.00 Nil,0.20212670000000799,0.00023259999989022617,0.0,0.0,0.20658289999983026,False,False
Q043,banglish,EEE 121 Electrical & Electronic Engineering I course-er credit koto?,EEE 121 Electrical & Electronic Engineering I 3.00-credit course.,EEE 121 course-er credit 3.00.,structured_exact,False,0,False,supported,banglish,True,BANGLISH_MARKERS_PRESENT,True,True,FACTUAL_TOKENS_SUPPORTED,"[""121"", ""3.00"", ""eee121""]",True,True,0.4,0.2857142857142857,0.3333333333333333,curricula_BSc-Curriculum-New.pdf,52,EEE 121 Electrical & Electronic Engineering I 3.00 Nil,0.20266290000017761,0.0002901999996538507,0.0,0.0,0.20611669999971127,False,False
Q044,english,How many credits is EEE 122 Electrical & Electronic Engineering I Lab?,EEE 122 Electrical & Electronic Engineering I Lab is a 1.50-credit course.,EEE 122 carries 1.50 credits.,structured_exact,False,0,False,supported,english,True,ENGLISH_BODY_VALID,True,True,FACTUAL_TOKENS_SUPPORTED,"[""1.50"", ""122"", ""eee122""]",True,True,0.4,0.2222222222222222,0.2857142857142857,curricula_BSc-Curriculum-New.pdf,67,Course Code: EEE 122 Course Title: Electrical & Electronic Engineering I Lab Credits: 1.50 Prerequisite: None Laboratory work based on EEE 121 5.3 Second Year First Semester,0.20850210000025982,0.00021809999998367857,0.0,0.0,0.2119487999998455,False,False
Q044,bangla,EEE 122 Electrical & Electronic Engineering I Lab কোর্সটির ক্রেডিট কত?,EEE 122 Electrical & Electronic Engineering I Lab 1.50 ক্রেডিটের কোর্স।,EEE 122 কোর্সটির ক্রেডিট 1.50।,structured_exact,False,0,False,supported,bangla,True,BANGLA_BODY_MEANINGFUL,True,True,FACTUAL_TOKENS_SUPPORTED,"[""1.50"", ""122"", ""eee122""]",True,True,0.6,0.3333333333333333,0.42857142857142855,curricula_BSc-Curriculum-New.pdf,67,Course Code: EEE 122 Course Title: Electrical & Electronic Engineering I Lab Credits: 1.50 Prerequisite: None Laboratory work based on EEE 121 5.3 Second Year First Semester,0.24315999999998894,0.00015900000016699778,0.0,0.0,0.24573430000009466,False,False
Q044,banglish,EEE 122 Electrical & Electronic Engineering I Lab course-er credit koto?,EEE 122 Electrical & Electronic Engineering I Lab 1.50-credit course.,EEE 122 course-er credit 1.50.,structured_exact,False,0,False,supported,banglish,True,BANGLISH_MARKERS_PRESENT,True,True,FACTUAL_TOKENS_SUPPORTED,"[""1.50"", ""122"", ""eee122""]",True,True,0.4,0.25,0.3076923076923077,curricula_BSc-Curriculum-New.pdf,67,Course Code: EEE 122 Course Title: Electrical & Electronic Engineering I Lab Credits: 1.50 Prerequisite: None Laboratory work based on EEE 121 5.3 Second Year First Semester,0.19186649999983274,0.0001536999998279498,0.0,0.0,0.19421479999982694,False,False
Q045,english,How many credits is MTH 103 Math II: Linear Algebra?,MTH 103 Math II: Linear Algebra is a 3.00-credit course.,MTH 103 carries 3.00 credits.,structured_exact,False,0,False,supported,english,True,ENGLISH_BODY_VALID,True,True,FACTUAL_TOKENS_SUPPORTED,"[""103"", ""3.00"", ""mth103""]",True,True,0.4,0.2222222222222222,0.2857142857142857,curricula_BSc-Curriculum-New.pdf,52,MTH 103 Math II: Linear Algebra 3.00 Nil,0.18424559999994017,0.00016109999978652922,0.0,0.0,0.1868878999998742,False,False
Q045,bangla,MTH 103 Math II: Linear Algebra কোর্সটির ক্রেডিট কত?,MTH 103 Math II: Linear Algebra 3.00 ক্রেডিটের কোর্স।,MTH 103 কোর্সটির ক্রেডিট 3.00।,structured_exact,False,0,False,supported,bangla,True,BANGLA_BODY_MEANINGFUL,True,True,FACTUAL_TOKENS_SUPPORTED,"[""103"", ""3.00"", ""mth103""]",True,True,0.6,0.3333333333333333,0.42857142857142855,curricula_BSc-Curriculum-New.pdf,52,MTH 103 Math II: Linear Algebra 3.00 Nil,0.3130690999996659,0.00016899999991437653,0.0,0.0,0.3159873999998126,False,False
Q045,banglish,MTH 103 Math II: Linear Algebra course-er credit koto?,MTH 103 Math II: Linear Algebra 3.00-credit course.,MTH 103 course-er credit 3.00.,structured_exact,False,0,False,supported,banglish,True,BANGLISH_MARKERS_PRESENT,True,True,FACTUAL_TOKENS_SUPPORTED,"[""103"", ""3.00"", ""mth103""]",True,True,0.4,0.25,0.3076923076923077,curricula_BSc-Curriculum-New.pdf,64,Course Code: MTH 103 Course Title: Math II: Linear Algebra Credits: 3.00 Prerequisite: None,0.21227090000002136,0.00017010000010486692,0.0,0.0,0.21546809999972538,False,False
Q046,english,How many credits is CHEM 111 Chemistry?,CHEM 111 Chemistry is a 3.00-credit course.,CHEM 111 carries 3.00 credits.,structured_exact,False,0,False,supported,english,True,ENGLISH_BODY_VALID,True,True,FACTUAL_TOKENS_SUPPORTED,"[""111"", ""3.00"", ""chem111""]",True,True,0.4,0.3333333333333333,0.3636363636363636,curricula_BSc-Curriculum-New.pdf,64,"Course Code: CHEM 111 Course Title: Credits: 3.00 Prerequisite: N/A Atomic structure, quantum numbers, electroni c conﬁguration, periodic table; Properties and uses of noble gases; Different types of chemical bonds and their properties; Molecular structure of compounds; Selective organic reactions; Different types of solutions and their compositions; Phase rule, phase diagram of monocomponent system; Properties of di…",0.20377540000026784,0.0002823000004354981,0.0,0.0,0.20797769999990123,False,False
Q046,bangla,CHEM 111 Chemistry কোর্সটির ক্রেডিট কত?,CHEM 111 Chemistry 3.00 ক্রেডিটের কোর্স।,CHEM 111 কোর্সটির ক্রেডিট 3.00।,structured_exact,False,0,False,supported,bangla,True,BANGLA_BODY_MEANINGFUL,True,True,FACTUAL_TOKENS_SUPPORTED,"[""111"", ""3.00"", ""chem111""]",True,True,0.6,0.5,0.5454545454545454,curricula_BSc-Curriculum-New.pdf,64,"Course Code: CHEM 111 Course Title: Credits: 3.00 Prerequisite: N/A Atomic structure, quantum numbers, electroni c conﬁguration, periodic table; Properties and uses of noble gases; Different types of chemical bonds and their properties; Molecular structure of compounds; Selective organic reactions; Different types of solutions and their compositions; Phase rule, phase diagram of monocomponent system; Properties of di…",0.20054060000029494,0.00026320000006307964,0.0,0.0,0.2069179999998596,False,False
Q046,banglish,CHEM 111 Chemistry course-er credit koto?,CHEM 111 Chemistry 3.00-credit course.,CHEM 111 course-er credit 3.00.,structured_exact,False,0,False,supported,banglish,True,BANGLISH_MARKERS_PRESENT,True,True,FACTUAL_TOKENS_SUPPORTED,"[""111"", ""3.00"", ""chem111""]",True,True,0.4,0.4,0.4000000000000001,curricula_BSc-Curriculum-New.pdf,64,"Course Code: CHEM 111 Course Title: Credits: 3.00 Prerequisite: N/A Atomic structure, quantum numbers, electroni c conﬁguration, periodic table; Properties and uses of noble gases; Different types of chemical bonds and their properties; Molecular structure of compounds; Selective organic reactions; Different types of solutions and their compositions; Phase rule, phase diagram of monocomponent system; Properties of di…",0.1954048999996303,0.00025910000022122404,0.0,0.0,0.19920799999999872,False,False
Q047,english,How many credits is CHEM 112 Chemistry Lab?,CHEM 112 Chemistry Lab is a 1.50-credit course.,CHEM 112 carries 1.50 credits.,structured_exact,False,0,False,supported,english,True,ENGLISH_BODY_VALID,True,True,FACTUAL_TOKENS_SUPPORTED,"[""1.50"", ""112"", ""chem112""]",True,True,0.4,0.2857142857142857,0.3333333333333333,curricula_BSc-Curriculum-New.pdf,52,CHEM 112 Chemistry Lab 1.50 Nil Total 19.50 Second Year First Semester Course Code Course Title Credits Pre- Requisite,0.20142289999967034,0.0002555999999458436,0.0,0.0,0.2045101000003342,False,False
Q047,bangla,CHEM 112 Chemistry Lab কোর্সটির ক্রেডিট কত?,CHEM 112 Chemistry Lab 1.50 ক্রেডিটের কোর্স।,CHEM 112 কোর্সটির ক্রেডিট 1.50।,structured_exact,False,0,False,supported,bangla,True,BANGLA_BODY_MEANINGFUL,True,True,FACTUAL_TOKENS_SUPPORTED,"[""1.50"", ""112"", ""chem112""]",True,True,0.6,0.42857142857142855,0.5,curricula_BSc-Curriculum-New.pdf,52,CHEM 112 Chemistry Lab 1.50 Nil Total 19.50 Second Year First Semester Course Code Course Title Credits Pre- Requisite,0.18527850000009494,0.0003034999999727006,0.0,0.0,0.1886611999998422,False,False
Q047,banglish,CHEM 112 Chemistry Lab course-er credit koto?,CHEM 112 Chemistry Lab 1.50-credit course.,CHEM 112 course-er credit 1.50.,structured_exact,False,0,False,supported,banglish,True,BANGLISH_MARKERS_PRESENT,True,True,FACTUAL_TOKENS_SUPPORTED,"[""1.50"", ""112"", ""chem112""]",True,True,0.4,0.3333333333333333,0.3636363636363636,curricula_BSc-Curriculum-New.pdf,52,CHEM 112 Chemistry Lab 1.50 Nil Total 19.50 Second Year First Semester Course Code Course Title Credits Pre- Requisite,0.17977029999974548,0.00027730000010706135,0.0,0.0,0.1828534999999647,False,False
Q048,english,How many credits is CSE 203 Object Oriented Programming I: Java?,CSE 203 Object Oriented Programming I: Java is a 3.00-credit course.,CSE 203 carries 3.00 credits.,structured_exact,False,0,False,supported,english,True,ENGLISH_BODY_VALID,True,True,FACTUAL_TOKENS_SUPPORTED,"[""203"", ""3.00"", ""cse203""]",True,True,0.4,0.2222222222222222,0.2857142857142857,curricula_BSc-Curriculum-New.pdf,52,CSE 203 Object Oriented Programming I: Java 3.00 CSE 103,0.1813507000001664,0.0003133000000161701,0.0,0.0,0.18498239999962607,False,False
Q048,bangla,CSE 203 Object Oriented Programming I: Java কোর্সটির ক্রেডিট কত?,CSE 203 Object Oriented Programming I: Java 3.00 ক্রেডিটের কোর্স।,CSE 203 কোর্সটির ক্রেডিট 3.00।,structured_exact,False,0,False,supported,bangla,True,BANGLA_BODY_MEANINGFUL,True,True,FACTUAL_TOKENS_SUPPORTED,"[""203"", ""3.00"", ""cse203""]",True,True,0.6,0.3333333333333333,0.42857142857142855,curricula_BSc-Curriculum-New.pdf,52,CSE 203 Object Oriented Programming I: Java 3.00 CSE 103,0.1793060999998488,0.00024059999987002811,0.0,0.0,0.1818343999998433,False,False
Q048,banglish,CSE 203 Object Oriented Programming I: Java course-er credit koto?,CSE 203 Object Oriented Programming I: Java 3.00-credit course.,CSE 203 course-er credit 3.00.,structured_exact,False,0,False,supported,banglish,True,BANGLISH_MARKERS_PRESENT,True,True,FACTUAL_TOKENS_SUPPORTED,"[""203"", ""3.00"", ""cse203""]",True,True,0.4,0.25,0.3076923076923077,curricula_BSc-Curriculum-New.pdf,52,CSE 203 Object Oriented Programming I: Java 3.00 CSE 103,0.17855069999995976,0.00023620000001756125,0.0,0.0,0.18087719999994079,False,False
Q049,english,How many credits is CSE 204 Object Oriented Programming I Lab: Java Lab?,CSE 204 Object Oriented Programming I Lab: Java Lab is a 1.50-credit course.,CSE 204 carries 1.50 credits.,structured_exact,False,0,False,supported,english,True,ENGLISH_BODY_VALID,True,True,FACTUAL_TOKENS_SUPPORTED,"[""1.50"", ""204"", ""cse204""]",True,True,0.4,0.2,0.26666666666666666,curricula_BSc-Curriculum-New.pdf,70,Course Code: CSE 204 Course Title: Object Oriented Programming I: Java Lab Credits: 1.50 Prerequisite: None Laboratory work based on Object Oriented Programming: JA VA(CSE 203),0.1796156999998857,0.0001554000000396627,0.0,0.0,0.18241410000018732,False,False
Q049,bangla,CSE 204 Object Oriented Programming I Lab: Java Lab কোর্সটির ক্রেডিট কত?,CSE 204 Object Oriented Programming I Lab: Java Lab 1.50 ক্রেডিটের কোর্স।,CSE 204 কোর্সটির ক্রেডিট 1.50।,structured_exact,False,0,False,supported,bangla,True,BANGLA_BODY_MEANINGFUL,True,True,FACTUAL_TOKENS_SUPPORTED,"[""1.50"", ""204"", ""cse204""]",True,True,0.6,0.3,0.4,curricula_BSc-Curriculum-New.pdf,70,Course Code: CSE 204 Course Title: Object Oriented Programming I: Java Lab Credits: 1.50 Prerequisite: None Laboratory work based on Object Oriented Programming: JA VA(CSE 203),0.25064990000009857,0.00022159999980431166,0.0,0.0,0.2545742000002065,False,False
Q049,banglish,CSE 204 Object Oriented Programming I Lab: Java Lab course-er credit koto?,CSE 204 Object Oriented Programming I Lab: Java Lab 1.50-credit course.,CSE 204 course-er credit 1.50.,structured_exact,False,0,False,supported,banglish,True,BANGLISH_MARKERS_PRESENT,True,True,FACTUAL_TOKENS_SUPPORTED,"[""1.50"", ""204"", ""cse204""]",True,True,0.4,0.2222222222222222,0.2857142857142857,curricula_BSc-Curriculum-New.pdf,52,CSE 204 Object Oriented Programming I Lab: Java Lab 1.50 Nil,0.20567609999989145,0.00022889999991093646,0.0,0.0,0.21045239999966725,False,False
Q050,english,How many credits is CSE 205 Data Structures?,CSE 205 Data Structures is a 3.00-credit course.,CSE 205 carries 3.00 credits.,structured_exact,False,0,False,supported,english,True,ENGLISH_BODY_VALID,True,True,FACTUAL_TOKENS_SUPPORTED,"[""205"", ""3.00"", ""cse205""]",True,True,0.4,0.2857142857142857,0.3333333333333333,curricula_BSc-Curriculum-New.pdf,52,"CSE 205 Data Structures 3.00 CSE 101, CSE103, CSE 105",0.20346010000002934,0.00024000000030355295,0.0,0.0,0.20645939999985785,False,False
Q050,bangla,CSE 205 Data Structures কোর্সটির ক্রেডিট কত?,CSE 205 Data Structures 3.00 ক্রেডিটের কোর্স।,CSE 205 কোর্সটির ক্রেডিট 3.00।,structured_exact,False,0,False,supported,bangla,True,BANGLA_BODY_MEANINGFUL,True,True,FACTUAL_TOKENS_SUPPORTED,"[""205"", ""3.00"", ""cse205""]",True,True,0.6,0.42857142857142855,0.5,curricula_BSc-Curriculum-New.pdf,68,"Course Code: CSE 205 Course Title: Data Structures Credits: 3.00 Prerequisite: CSE 101, CSE 103, CSE 105 Introduction to Data Structures, Purposes of data stru cture, operations. Complexity of Algorithms: Asymptotic Notation and Runtime Analysis of Algorithms, Array: Insertion, Deletion, Matrix representation of arrays, Multidimensional arrays, Pointers arrays, Record structures, Representation of records in memory;…",0.20974569999998494,0.0002368999998907384,0.0,0.0,0.21250860000009197,False,False
Q050,banglish,CSE 205 Data Structures course-er credit koto?,CSE 205 Data Structures 3.00-credit course.,CSE 205 course-er credit 3.00.,structured_exact,False,0,False,supported,banglish,True,BANGLISH_MARKERS_PRESENT,True,True,FACTUAL_TOKENS_SUPPORTED,"[""205"", ""3.00"", ""cse205""]",True,True,0.4,0.3333333333333333,0.3636363636363636,curricula_BSc-Curriculum-New.pdf,68,"Course Code: CSE 205 Course Title: Data Structures Credits: 3.00 Prerequisite: CSE 101, CSE 103, CSE 105 Introduction to Data Structures, Purposes of data stru cture, operations. Complexity of Algorithms: Asymptotic Notation and Runtime Analysis of Algorithms, Array: Insertion, Deletion, Matrix representation of arrays, Multidimensional arrays, Pointers arrays, Record structures, Representation of records in memory;…",0.20956440000009025,0.0003203000001121836,0.0,0.0,0.21419450000030338,False,False
Q051,english,How many credits is CSE 206 Data Structures Lab?,CSE 206 Data Structures Lab is a 1.50-credit course.,CSE 206 carries 1.50 credits.,structured_exact,False,0,False,supported,english,True,ENGLISH_BODY_VALID,True,True,FACTUAL_TOKENS_SUPPORTED,"[""1.50"", ""206"", ""cse206""]",True,True,0.4,0.25,0.3076923076923077,curricula_BSc-Curriculum-New.pdf,69,"Course Code: CSE 206 Course Title: Data Structures Lab Credits: 1.50 Prerequisite: None Objectives: Laboratory assignments will be based on Course CSE -205. Students will be able to implement different data strcutures; like Array, String, Linked List, Stack, Queue, Tree, and Graph in any programming language. They will be introduced with different sorting algorithms and advanced data structures. Text Book: 1. Data St…",0.20236260000001494,0.00028250000013940735,0.0,0.0,0.20641770000020188,False,False
Q051,bangla,CSE 206 Data Structures Lab কোর্সটির ক্রেডিট কত?,CSE 206 Data Structures Lab 1.50 ক্রেডিটের কোর্স।,CSE 206 কোর্সটির ক্রেডিট 1.50।,structured_exact,False,0,False,supported,bangla,True,BANGLA_BODY_MEANINGFUL,True,True,FACTUAL_TOKENS_SUPPORTED,"[""1.50"", ""206"", ""cse206""]",True,True,0.6,0.375,0.4615384615384615,curricula_BSc-Curriculum-New.pdf,69,"Course Code: CSE 206 Course Title: Data Structures Lab Credits: 1.50 Prerequisite: None Objectives: Laboratory assignments will be based on Course CSE -205. Students will be able to implement different data strcutures; like Array, String, Linked List, Stack, Queue, Tree, and Graph in any programming language. They will be introduced with different sorting algorithms and advanced data structures. Text Book: 1. Data St…",0.18331860000034794,0.00023609999971085927,0.0,0.0,0.18631460000005973,False,False
Q051,banglish,CSE 206 Data Structures Lab course-er credit koto?,CSE 206 Data Structures Lab 1.50-credit course.,CSE 206 course-er credit 1.50.,structured_exact,False,0,False,supported,banglish,True,BANGLISH_MARKERS_PRESENT,True,True,FACTUAL_TOKENS_SUPPORTED,"[""1.50"", ""206"", ""cse206""]",True,True,0.4,0.2857142857142857,0.3333333333333333,curricula_BSc-Curriculum-New.pdf,69,"Course Code: CSE 206 Course Title: Data Structures Lab Credits: 1.50 Prerequisite: None Objectives: Laboratory assignments will be based on Course CSE -205. Students will be able to implement different data strcutures; like Array, String, Linked List, Stack, Queue, Tree, and Graph in any programming language. They will be introduced with different sorting algorithms and advanced data structures. Text Book: 1. Data St…",0.4350126999997883,0.00020150000000285218,0.0,0.0,0.4383772000001045,False,False
Q052,english,How many credits is MTH 201 Math III: Multivariable Calculus?,MTH 201 Math III: Multivariable Calculus is a 3.00-credit course.,MTH 201 carries 3.00 credits.,structured_exact,False,0,False,supported,english,True,ENGLISH_BODY_VALID,True,True,FACTUAL_TOKENS_SUPPORTED,"[""201"", ""3.00"", ""mth201""]",True,True,0.4,0.2222222222222222,0.2857142857142857,curricula_BSc-Curriculum-New.pdf,52,"MTH 201 Math III: Multivariable Calculus 3.00 MTH 103, MTH 101",0.18867569999974876,0.00025430000005144393,0.0,0.0,0.19281769999997778,False,False
Q052,bangla,MTH 201 Math III: Multivariable Calculus কোর্সটির ক্রেডিট কত?,MTH 201 Math III: Multivariable Calculus 3.00 ক্রেডিটের কোর্স।,MTH 201 কোর্সটির ক্রেডিট 3.00।,structured_exact,False,0,False,supported,bangla,True,BANGLA_BODY_MEANINGFUL,True,True,FACTUAL_TOKENS_SUPPORTED,"[""201"", ""3.00"", ""mth201""]",True,True,0.6,0.3333333333333333,0.42857142857142855,curricula_BSc-Curriculum-New.pdf,52,"MTH 201 Math III: Multivariable Calculus 3.00 MTH 103, MTH 101",0.24491390000002866,0.00041379999993296224,0.0,0.0,0.24897809999993115,False,False
Q052,banglish,MTH 201 Math III: Multivariable Calculus course-er credit koto?,MTH 201 Math III: Multivariable Calculus 3.00-credit course.,MTH 201 course-er credit 3.00.,structured_exact,False,0,False,supported,banglish,True,BANGLISH_MARKERS_PRESENT,True,True,FACTUAL_TOKENS_SUPPORTED,"[""201"", ""3.00"", ""mth201""]",True,True,0.4,0.25,0.3076923076923077,curricula_BSc-Curriculum-New.pdf,52,"MTH 201 Math III: Multivariable Calculus 3.00 MTH 103, MTH 101",0.19995149999977002,0.00033509999957459513,0.0,0.0,0.20367589999978009,False,False
Q053,english,How many credits is EEE 221 Electrical & Electronic Engineering II?,EEE 221 Electrical & Electronic Engineering II is a 4.00-credit course.,EEE 221 carries 4.00 credits.,structured_exact,False,0,False,supported,english,True,ENGLISH_BODY_VALID,True,True,FACTUAL_TOKENS_SUPPORTED,"[""221"", ""4.00"", ""eee221""]",True,True,0.4,0.2222222222222222,0.2857142857142857,curricula_BSc-Curriculum-New.pdf,52,EEE 221 Electrical & Electronic EngineeringII 4.00 Nil,0.2047429000003831,0.00022039999976186664,0.0,0.0,0.20841020000034405,False,False
Q053,bangla,EEE 221 Electrical & Electronic Engineering II কোর্সটির ক্রেডিট কত?,EEE 221 Electrical & Electronic Engineering II 4.00 ক্রেডিটের কোর্স।,EEE 221 কোর্সটির ক্রেডিট 4.00।,structured_exact,False,0,False,supported,bangla,True,BANGLA_BODY_MEANINGFUL,True,True,FACTUAL_TOKENS_SUPPORTED,"[""221"", ""4.00"", ""eee221""]",True,True,0.6,0.3333333333333333,0.42857142857142855,curricula_BSc-Curriculum-New.pdf,52,EEE 221 Electrical & Electronic EngineeringII 4.00 Nil,0.20911519999981465,0.0002868999999918742,0.0,0.0,0.21271899999965171,False,False
Q053,banglish,EEE 221 Electrical & Electronic Engineering II course-er credit koto?,EEE 221 Electrical & Electronic Engineering II 4.00-credit course.,EEE 221 course-er credit 4.00.,structured_exact,False,0,False,supported,banglish,True,BANGLISH_MARKERS_PRESENT,True,True,FACTUAL_TOKENS_SUPPORTED,"[""221"", ""4.00"", ""eee221""]",True,True,0.4,0.25,0.3076923076923077,curricula_BSc-Curriculum-New.pdf,52,EEE 221 Electrical & Electronic EngineeringII 4.00 Nil,0.2100295999998707,0.00021980000019539148,0.0,0.0,0.21260239999992336,False,False
Q054,english,How many credits is EEE 222 Electrical & Electronic Engineering II Lab?,EEE 222 Electrical & Electronic Engineering II Lab is a 1.50-credit course.,EEE 222 carries 1.50 credits.,structured_exact,False,0,False,supported,english,True,ENGLISH_BODY_VALID,True,True,FACTUAL_TOKENS_SUPPORTED,"[""1.50"", ""222"", ""eee222""]",True,True,0.4,0.2,0.26666666666666666,curricula_BSc-Curriculum-New.pdf,69,Course Code: EEE 222 Course Title: Electrical & Electronics Engineering II Lab Credits: 1.50 Prerequisite: None Laboratory work based on EEE 221.,0.1925560999998197,0.00014520000013362733,0.0,0.0,0.19605090000004566,False,False
Q054,bangla,EEE 222 Electrical & Electronic Engineering II Lab কোর্সটির ক্রেডিট কত?,EEE 222 Electrical & Electronic Engineering II Lab 1.50 ক্রেডিটের কোর্স।,EEE 222 কোর্সটির ক্রেডিট 1.50।,structured_exact,False,0,False,supported,bangla,True,BANGLA_BODY_MEANINGFUL,True,True,FACTUAL_TOKENS_SUPPORTED,"[""1.50"", ""222"", ""eee222""]",True,True,0.6,0.3,0.4,curricula_BSc-Curriculum-New.pdf,69,Course Code: EEE 222 Course Title: Electrical & Electronics Engineering II Lab Credits: 1.50 Prerequisite: None Laboratory work based on EEE 221.,0.18446979999998803,0.0001938000000336615,0.0,0.0,0.18757060000007186,False,False
Q054,banglish,EEE 222 Electrical & Electronic Engineering II Lab course-er credit koto?,EEE 222 Electrical & Electronic Engineering II Lab 1.50-credit course.,EEE 222 course-er credit 1.50.,structured_exact,False,0,False,supported,banglish,True,BANGLISH_MARKERS_PRESENT,True,True,FACTUAL_TOKENS_SUPPORTED,"[""1.50"", ""222"", ""eee222""]",True,True,0.4,0.2222222222222222,0.2857142857142857,curricula_BSc-Curriculum-New.pdf,69,Course Code: EEE 222 Course Title: Electrical & Electronics Engineering II Lab Credits: 1.50 Prerequisite: None Laboratory work based on EEE 221.,0.18540000000029977,0.0001440000000911823,0.0,0.0,0.1879039999998895,False,False
Q055,english,How many credits is MTH 203 Probability & Statistics?,MTH 203 Probability & Statistics is a 3.00-credit course.,MTH 203 carries 3.00 credits.,structured_exact,False,0,False,supported,english,True,ENGLISH_BODY_VALID,True,True,FACTUAL_TOKENS_SUPPORTED,"[""203"", ""3.00"", ""mth203""]",True,True,0.4,0.2857142857142857,0.3333333333333333,curricula_BSc-Curriculum-New.pdf,52,MTH 203 Probability & Statistics 3.00 Nil Total 20.50,0.17420030000039333,0.00020459999996091938,0.0,0.0,0.17701529999976628,False,False
Q055,bangla,MTH 203 Probability & Statistics কোর্সটির ক্রেডিট কত?,MTH 203 Probability & Statistics 3.00 ক্রেডিটের কোর্স।,MTH 203 কোর্সটির ক্রেডিট 3.00।,structured_exact,False,0,False,supported,bangla,True,BANGLA_BODY_MEANINGFUL,True,True,FACTUAL_TOKENS_SUPPORTED,"[""203"", ""3.00"", ""mth203""]",True,True,0.6,0.42857142857142855,0.5,curricula_BSc-Curriculum-New.pdf,52,MTH 203 Probability & Statistics 3.00 Nil Total 20.50,0.17835139999988314,0.0002724000000853266,0.0,0.0,0.1815564000003178,False,False
Q055,banglish,MTH 203 Probability & Statistics course-er credit koto?,MTH 203 Probability & Statistics 3.00-credit course.,MTH 203 course-er credit 3.00.,structured_exact,False,0,False,supported,banglish,True,BANGLISH_MARKERS_PRESENT,True,True,FACTUAL_TOKENS_SUPPORTED,"[""203"", ""3.00"", ""mth203""]",True,True,0.4,0.3333333333333333,0.3636363636363636,curricula_BSc-Curriculum-New.pdf,52,MTH 203 Probability & Statistics 3.00 Nil Total 20.50,0.18084859999999026,0.00021330000026864582,0.0,0.0,0.1837388000003557,False,False
Q056,english,How many credits is CSE 207 Algorithms?,CSE 207 Algorithms is a 3.00-credit course.,CSE 207 carries 3.00 credits.,structured_exact,False,0,False,supported,english,True,ENGLISH_BODY_VALID,True,True,FACTUAL_TOKENS_SUPPORTED,"[""207"", ""3.00"", ""cse207""]",True,True,0.4,0.3333333333333333,0.3636363636363636,curricula_BSc-Curriculum-New.pdf,71,"Course Code: CSE 207 Course Title: Algorithm Credits: 3.00 Prerequisite: CSE 103, CSE 205 Introduction: The role of algorithms in computing. Complexity analysis: Growth of function, asymptotic notations, orders, designing worst case and average-case. Recurrence relations : Substitution method, iteration method, master method. Divide and Conquer: Basic idea, control structure properties of D & C, applications of D & C…",0.2052201999999852,0.0002870000002985762,0.0,0.0,0.20943800000031843,False,False
Q056,bangla,CSE 207 Algorithms কোর্সটির ক্রেডিট কত?,CSE 207 Algorithms 3.00 ক্রেডিটের কোর্স।,CSE 207 কোর্সটির ক্রেডিট 3.00।,structured_exact,False,0,False,supported,bangla,True,BANGLA_BODY_MEANINGFUL,True,True,FACTUAL_TOKENS_SUPPORTED,"[""207"", ""3.00"", ""cse207""]",True,True,0.6,0.5,0.5454545454545454,curricula_BSc-Curriculum-New.pdf,71,"Course Code: CSE 207 Course Title: Algorithm Credits: 3.00 Prerequisite: CSE 103, CSE 205 Introduction: The role of algorithms in computing. Complexity analysis: Growth of function, asymptotic notations, orders, designing worst case and average-case. Recurrence relations : Substitution method, iteration method, master method. Divide and Conquer: Basic idea, control structure properties of D & C, applications of D & C…",0.21040990000028614,0.000288899999759451,0.0,0.0,0.2152896000002329,False,False
Q056,banglish,CSE 207 Algorithms course-er credit koto?,CSE 207 Algorithms 3.00-credit course.,CSE 207 course-er credit 3.00.,structured_exact,False,0,False,supported,banglish,True,BANGLISH_MARKERS_PRESENT,True,True,FACTUAL_TOKENS_SUPPORTED,"[""207"", ""3.00"", ""cse207""]",True,True,0.4,0.4,0.4000000000000001,curricula_BSc-Curriculum-New.pdf,71,"Course Code: CSE 207 Course Title: Algorithm Credits: 3.00 Prerequisite: CSE 103, CSE 205 Introduction: The role of algorithms in computing. Complexity analysis: Growth of function, asymptotic notations, orders, designing worst case and average-case. Recurrence relations : Substitution method, iteration method, master method. Divide and Conquer: Basic idea, control structure properties of D & C, applications of D & C…",0.2124364000001151,0.00030060000017329003,0.0,0.0,0.21796649999987494,False,False
Q057,english,How many credits is CSE 208 Algorithms Lab?,CSE 208 Algorithms Lab is a 1.50-credit course.,CSE 208 carries 1.50 credits.,structured_exact,False,0,False,supported,english,True,ENGLISH_BODY_VALID,True,True,FACTUAL_TOKENS_SUPPORTED,"[""1.50"", ""208"", ""cse208""]",True,True,0.4,0.2857142857142857,0.3333333333333333,curricula_BSc-Curriculum-New.pdf,72,Course Code: CSE 208 Course Title: Algorithm Lab Credits: 1.50 Prerequisite: None Objectives: Laboratory assignments will be based on Course CSE -207. Students will be given various algorithmic problems based on different algorithm domains. They will be able to learn algorithmic techniques and their relative performances.,0.20948070000031294,0.0002594000002318353,0.0,0.0,0.21404389999997875,False,False
Q057,bangla,CSE 208 Algorithms Lab কোর্সটির ক্রেডিট কত?,CSE 208 Algorithms Lab 1.50 ক্রেডিটের কোর্স।,CSE 208 কোর্সটির ক্রেডিট 1.50।,structured_exact,False,0,False,supported,bangla,True,BANGLA_BODY_MEANINGFUL,True,True,FACTUAL_TOKENS_SUPPORTED,"[""1.50"", ""208"", ""cse208""]",True,True,0.6,0.42857142857142855,0.5,curricula_BSc-Curriculum-New.pdf,72,Course Code: CSE 208 Course Title: Algorithm Lab Credits: 1.50 Prerequisite: None Objectives: Laboratory assignments will be based on Course CSE -207. Students will be given various algorithmic problems based on different algorithm domains. They will be able to learn algorithmic techniques and their relative performances.,0.21746510000002672,0.0002495000003364112,0.0,0.0,0.22167809999973542,False,False
Q057,banglish,CSE 208 Algorithms Lab course-er credit koto?,CSE 208 Algorithms Lab 1.50-credit course.,CSE 208 course-er credit 1.50.,structured_exact,False,0,False,supported,banglish,True,BANGLISH_MARKERS_PRESENT,True,True,FACTUAL_TOKENS_SUPPORTED,"[""1.50"", ""208"", ""cse208""]",True,True,0.4,0.3333333333333333,0.3636363636363636,curricula_BSc-Curriculum-New.pdf,72,Course Code: CSE 208 Course Title: Algorithm Lab Credits: 1.50 Prerequisite: None Objectives: Laboratory assignments will be based on Course CSE -207. Students will be given various algorithmic problems based on different algorithm domains. They will be able to learn algorithmic techniques and their relative performances.,0.19163250000019616,0.00017500000012660166,0.0,0.0,0.19451399999979913,False,False
Q058,english,How many credits is CSE 209 Digital Logic & System Design?,CSE 209 Digital Logic & System Design is a 4.00-credit course.,CSE 209 carries 4.00 credits.,structured_exact,False,0,False,supported,english,True,ENGLISH_BODY_VALID,True,True,FACTUAL_TOKENS_SUPPORTED,"[""209"", ""4.00"", ""cse209""]",True,True,0.4,0.2222222222222222,0.2857142857142857,curricula_BSc-Curriculum-New.pdf,73,"Course Code: CSE 209 Course Title: Digital Logic & System Design Credits: 4.00 Prerequisite: None Boolean Algebra: truth tables, canonical and standard forms of functions, logic operations; Simplification of functions: Karnaugh map, SOP and POS methods, non -degenerate terms, don‘t care conditions, tabulation method; Logic gates: AND, OR, NOT and universal gates, NAND, NOR, wired -OR and wired-AND implementation; Com…",0.31656169999996564,0.00022220000028028153,0.0,0.0,0.3192751000001408,False,False
Q058,bangla,CSE 209 Digital Logic & System Design কোর্সটির ক্রেডিট কত?,CSE 209 Digital Logic & System Design 4.00 ক্রেডিটের কোর্স।,CSE 209 কোর্সটির ক্রেডিট 4.00।,structured_exact,False,0,False,supported,bangla,True,BANGLA_BODY_MEANINGFUL,True,True,FACTUAL_TOKENS_SUPPORTED,"[""209"", ""4.00"", ""cse209""]",True,True,0.6,0.3333333333333333,0.42857142857142855,curricula_BSc-Curriculum-New.pdf,73,"Course Code: CSE 209 Course Title: Digital Logic & System Design Credits: 4.00 Prerequisite: None Boolean Algebra: truth tables, canonical and standard forms of functions, logic operations; Simplification of functions: Karnaugh map, SOP and POS methods, non -degenerate terms, don‘t care conditions, tabulation method; Logic gates: AND, OR, NOT and universal gates, NAND, NOR, wired -OR and wired-AND implementation; Com…",0.17510140000013052,0.00022070000022722525,0.0,0.0,0.17763719999993555,False,False
Q058,banglish,CSE 209 Digital Logic & System Design course-er credit koto?,CSE 209 Digital Logic & System Design 4.00-credit course.,CSE 209 course-er credit 4.00.,structured_exact,False,0,False,supported,banglish,True,BANGLISH_MARKERS_PRESENT,True,True,FACTUAL_TOKENS_SUPPORTED,"[""209"", ""4.00"", ""cse209""]",True,True,0.4,0.25,0.3076923076923077,curricula_BSc-Curriculum-New.pdf,73,"Course Code: CSE 209 Course Title: Digital Logic & System Design Credits: 4.00 Prerequisite: None Boolean Algebra: truth tables, canonical and standard forms of functions, logic operations; Simplification of functions: Karnaugh map, SOP and POS methods, non -degenerate terms, don‘t care conditions, tabulation method; Logic gates: AND, OR, NOT and universal gates, NAND, NOR, wired -OR and wired-AND implementation; Com…",0.17822930000011183,0.0002696999999898253,0.0,0.0,0.18121370000017123,False,False
Q059,english,How many credits is CSE 210 Digital Logic & System Design Lab?,CSE 210 Digital Logic & System Design Lab is a 1.50-credit course.,CSE 210 carries 1.50 credits.,structured_exact,False,0,False,supported,english,True,ENGLISH_BODY_VALID,True,True,FACTUAL_TOKENS_SUPPORTED,"[""1.50"", ""210"", ""cse210""]",True,True,0.4,0.2,0.26666666666666666,curricula_BSc-Curriculum-New.pdf,73,Course Code: CSE 210 Course Title: Digital Logic & System Design Lab Credits: 1.50 Prerequisite: None Laboratory work will be based on the theory classes.,0.191957900000034,0.0002287000002070272,0.0,0.0,0.19603940000024522,False,False
Q059,bangla,CSE 210 Digital Logic & System Design Lab কোর্সটির ক্রেডিট কত?,CSE 210 Digital Logic & System Design Lab 1.50 ক্রেডিটের কোর্স।,CSE 210 কোর্সটির ক্রেডিট 1.50।,structured_exact,False,0,False,supported,bangla,True,BANGLA_BODY_MEANINGFUL,True,True,FACTUAL_TOKENS_SUPPORTED,"[""1.50"", ""210"", ""cse210""]",True,True,0.6,0.3,0.4,curricula_BSc-Curriculum-New.pdf,73,Course Code: CSE 210 Course Title: Digital Logic & System Design Lab Credits: 1.50 Prerequisite: None Laboratory work will be based on the theory classes.,0.23154219999969428,0.00015089999988049385,0.0,0.0,0.23451680000016495,False,False
Q059,banglish,CSE 210 Digital Logic & System Design Lab course-er credit koto?,CSE 210 Digital Logic & System Design Lab 1.50-credit course.,CSE 210 course-er credit 1.50.,structured_exact,False,0,False,supported,banglish,True,BANGLISH_MARKERS_PRESENT,True,True,FACTUAL_TOKENS_SUPPORTED,"[""1.50"", ""210"", ""cse210""]",True,True,0.4,0.2222222222222222,0.2857142857142857,curricula_BSc-Curriculum-New.pdf,73,Course Code: CSE 210 Course Title: Digital Logic & System Design Lab Credits: 1.50 Prerequisite: None Laboratory work will be based on the theory classes.,0.20904709999967963,0.00018430000000080327,0.0,0.0,0.21388919999981226,False,False
Q060,english,How many credits is CSE 211 Database Systems?,CSE 211 Database Systems is a 3.00-credit course.,CSE 211 carries 3.00 credits.,structured_exact,False,0,False,supported,english,True,ENGLISH_BODY_VALID,True,True,FACTUAL_TOKENS_SUPPORTED,"[""211"", ""3.00"", ""cse211""]",True,True,0.4,0.2857142857142857,0.3333333333333333,curricula_BSc-Curriculum-New.pdf,73,"Course Code: CSE 211 Course Title: Database Systems Credits: 3.00 Prerequisite: None Introduction: Purpose of Database Systems, Data Abstraction, Data Models, Instances and Sc hemes, Data Independence, Data Definition Language, Data Manipulation Language, Database Manager, Database administrator, Database Users, Overall System Structure, Advantages and Disadvantage of a Database Systems. Data Mining and analysis, Dat…",0.19861050000008618,0.00032400000009147334,0.0,0.0,0.20465809999996054,False,False
Q060,bangla,CSE 211 Database Systems কোর্সটির ক্রেডিট কত?,CSE 211 Database Systems 3.00 ক্রেডিটের কোর্স।,CSE 211 কোর্সটির ক্রেডিট 3.00।,structured_exact,False,0,False,supported,bangla,True,BANGLA_BODY_MEANINGFUL,True,True,FACTUAL_TOKENS_SUPPORTED,"[""211"", ""3.00"", ""cse211""]",True,True,0.6,0.42857142857142855,0.5,curricula_BSc-Curriculum-New.pdf,73,"Course Code: CSE 211 Course Title: Database Systems Credits: 3.00 Prerequisite: None Introduction: Purpose of Database Systems, Data Abstraction, Data Models, Instances and Sc hemes, Data Independence, Data Definition Language, Data Manipulation Language, Database Manager, Database administrator, Database Users, Overall System Structure, Advantages and Disadvantage of a Database Systems. Data Mining and analysis, Dat…",0.20163110000021334,0.00024589999975432875,0.0,0.0,0.20495789999995395,False,False
Q060,banglish,CSE 211 Database Systems course-er credit koto?,CSE 211 Database Systems 3.00-credit course.,CSE 211 course-er credit 3.00.,structured_exact,False,0,False,supported,banglish,True,BANGLISH_MARKERS_PRESENT,True,True,FACTUAL_TOKENS_SUPPORTED,"[""211"", ""3.00"", ""cse211""]",True,True,0.4,0.3333333333333333,0.3636363636363636,curricula_BSc-Curriculum-New.pdf,73,"Course Code: CSE 211 Course Title: Database Systems Credits: 3.00 Prerequisite: None Introduction: Purpose of Database Systems, Data Abstraction, Data Models, Instances and Sc hemes, Data Independence, Data Definition Language, Data Manipulation Language, Database Manager, Database administrator, Database Users, Overall System Structure, Advantages and Disadvantage of a Database Systems. Data Mining and analysis, Dat…",0.20028640000009545,0.00022739999985788018,0.0,0.0,0.20272079999995185,False,False
Q061,english,How many credits is CSE 212 Database Systems Lab?,CSE 212 Database Systems Lab is a 1.50-credit course.,CSE 212 carries 1.50 credits.,structured_exact,False,0,False,supported,english,True,ENGLISH_BODY_VALID,True,True,FACTUAL_TOKENS_SUPPORTED,"[""1.50"", ""212"", ""cse212""]",True,True,0.4,0.25,0.3076923076923077,curricula_BSc-Curriculum-New.pdf,74,Course Code: CSE 212 Course Title: Database Systems Lab Credits: 1.50 Prerequisite: None Laboratory works based on theory classes.,0.17903160000014395,0.000130899999930989,0.0,0.0,0.18146649999971487,False,False
Q061,bangla,CSE 212 Database Systems Lab কোর্সটির ক্রেডিট কত?,CSE 212 Database Systems Lab 1.50 ক্রেডিটের কোর্স।,CSE 212 কোর্সটির ক্রেডিট 1.50।,structured_exact,False,0,False,supported,bangla,True,BANGLA_BODY_MEANINGFUL,True,True,FACTUAL_TOKENS_SUPPORTED,"[""1.50"", ""212"", ""cse212""]",True,True,0.6,0.375,0.4615384615384615,curricula_BSc-Curriculum-New.pdf,74,Course Code: CSE 212 Course Title: Database Systems Lab Credits: 1.50 Prerequisite: None Laboratory works based on theory classes.,0.17548600000009174,0.00013800000033370452,0.0,0.0,0.17817490000015823,False,False
Q061,banglish,CSE 212 Database Systems Lab course-er credit koto?,CSE 212 Database Systems Lab 1.50-credit course.,CSE 212 course-er credit 1.50.,structured_exact,False,0,False,supported,banglish,True,BANGLISH_MARKERS_PRESENT,True,True,FACTUAL_TOKENS_SUPPORTED,"[""1.50"", ""212"", ""cse212""]",True,True,0.4,0.2857142857142857,0.3333333333333333,curricula_BSc-Curriculum-New.pdf,74,Course Code: CSE 212 Course Title: Database Systems Lab Credits: 1.50 Prerequisite: None Laboratory works based on theory classes.,0.17222480000009455,0.00013309999985722243,0.0,0.0,0.17461350000030507,False,False
Q062,english,How many credits is MTH 205 Math IV: Differential Equations and Fourier and Laplace Transformations?,MTH 205 Math IV: Differential Equations and Fourier and Laplace Transformations is a 3.00-credit course.,MTH 205 carries 3.00 credits.,structured_exact,False,0,False,supported,english,True,ENGLISH_BODY_VALID,True,True,FACTUAL_TOKENS_SUPPORTED,"[""205"", ""3.00"", ""mth205""]",True,True,0.4,0.15384615384615385,0.2222222222222222,curricula_BSc-Curriculum-New.pdf,53,MTH 205 Math IV: Differential Equations and Fourier and Laplace Transformations. 3.00 MTH 201,0.1898074999999153,0.00025120000009337673,0.0,0.0,0.19244860000026165,False,False
Q062,bangla,MTH 205 Math IV: Differential Equations and Fourier and Laplace Transformations কোর্সটির ক্রেডিট কত?,MTH 205 Math IV: Differential Equations and Fourier and Laplace Transformations 3.00 ক্রেডিটের কোর্স।,MTH 205 কোর্সটির ক্রেডিট 3.00।,structured_exact,False,0,False,supported,bangla,True,BANGLA_BODY_MEANINGFUL,True,True,FACTUAL_TOKENS_SUPPORTED,"[""205"", ""3.00"", ""mth205""]",True,True,0.6,0.23076923076923078,0.33333333333333337,curricula_BSc-Curriculum-New.pdf,53,MTH 205 Math IV: Differential Equations and Fourier and Laplace Transformations. 3.00 MTH 201,0.1868853000000854,0.00033660000008239876,0.0,0.0,0.19042799999988347,False,False
Q062,banglish,MTH 205 Math IV: Differential Equations and Fourier and Laplace Transformations course-er credit koto?,MTH 205 Math IV: Differential Equations and Fourier and Laplace Transformations 3.00-credit course.,MTH 205 course-er credit 3.00.,structured_exact,False,0,False,supported,banglish,True,BANGLISH_MARKERS_PRESENT,True,True,FACTUAL_TOKENS_SUPPORTED,"[""205"", ""3.00"", ""mth205""]",True,True,0.4,0.16666666666666666,0.23529411764705882,curricula_BSc-Curriculum-New.pdf,53,MTH 205 Math IV: Differential Equations and Fourier and Laplace Transformations. 3.00 MTH 201,0.20770979999997508,0.0003360999999131309,0.0,0.0,0.2134619999997085,False,False
Q063,english,How many credits is ECN 201 Economics?,ECN 201 Economics is a 2.00-credit course.,ECN 201 carries 2.00 credits.,structured_exact,False,0,False,supported,english,True,ENGLISH_BODY_VALID,True,True,FACTUAL_TOKENS_SUPPORTED,"[""2.00"", ""201"", ""ecn201""]",True,True,0.4,0.3333333333333333,0.3636363636363636,curricula_BSc-Curriculum-New.pdf,53,ECN 201 Economics 2.00 Nil Total 19.50 Third Year First Semester Course Code Course Title Credits Pre- Requisite,0.2089243999998871,0.00031559999979435815,0.0,0.0,0.21336710000014136,False,False
Q063,bangla,ECN 201 Economics কোর্সটির ক্রেডিট কত?,ECN 201 Economics 2.00 ক্রেডিটের কোর্স।,ECN 201 কোর্সটির ক্রেডিট 2.00।,structured_exact,False,0,False,supported,bangla,True,BANGLA_BODY_MEANINGFUL,True,True,FACTUAL_TOKENS_SUPPORTED,"[""2.00"", ""201"", ""ecn201""]",True,True,0.6,0.5,0.5454545454545454,curricula_BSc-Curriculum-New.pdf,53,ECN 201 Economics 2.00 Nil Total 19.50 Third Year First Semester Course Code Course Title Credits Pre- Requisite,0.21293850000029124,0.000330399999711517,0.0,0.0,0.21702749999985826,False,False
Q063,banglish,ECN 201 Economics course-er credit koto?,ECN 201 Economics 2.00-credit course.,ECN 201 course-er credit 2.00.,structured_exact,False,0,False,supported,banglish,True,BANGLISH_MARKERS_PRESENT,True,True,FACTUAL_TOKENS_SUPPORTED,"[""2.00"", ""201"", ""ecn201""]",True,True,0.4,0.4,0.4000000000000001,curricula_BSc-Curriculum-New.pdf,53,ECN 201 Economics 2.00 Nil Total 19.50 Third Year First Semester Course Code Course Title Credits Pre- Requisite,0.20980169999984355,0.00032000000010157237,0.0,0.0,0.21333099999992555,False,False
Q064,english,How many credits is CSE 303 Data Communications?,CSE 303 Data Communications is a 3.00-credit course.,CSE 303 carries 3.00 credits.,structured_exact,False,0,False,supported,english,True,ENGLISH_BODY_VALID,True,True,FACTUAL_TOKENS_SUPPORTED,"[""3.00"", ""303"", ""cse303""]",True,True,0.4,0.2857142857142857,0.3333333333333333,curricula_BSc-Curriculum-New.pdf,78,"Course Code: CSE 303 Course Title: Data Communications Credits: 3.00 Prerequisite: ECE 201, PHY 101, MTH 205 Introduction to data communication model, Data communication task, Data communication standards and organization, protocol architecture, TCP/IP model and OSI model : data representation, signal encoding and signal analysis; Data Transmission Channel: channel capacity, transmission line characteristics, Baseban…",0.21274960000027932,0.0002347999998164596,0.0,0.0,0.21647370000027877,False,False
Q064,bangla,CSE 303 Data Communications কোর্সটির ক্রেডিট কত?,CSE 303 Data Communications 3.00 ক্রেডিটের কোর্স।,CSE 303 কোর্সটির ক্রেডিট 3.00।,structured_exact,False,0,False,supported,bangla,True,BANGLA_BODY_MEANINGFUL,True,True,FACTUAL_TOKENS_SUPPORTED,"[""3.00"", ""303"", ""cse303""]",True,True,0.6,0.42857142857142855,0.5,curricula_BSc-Curriculum-New.pdf,78,"Course Code: CSE 303 Course Title: Data Communications Credits: 3.00 Prerequisite: ECE 201, PHY 101, MTH 205 Introduction to data communication model, Data communication task, Data communication standards and organization, protocol architecture, TCP/IP model and OSI model : data representation, signal encoding and signal analysis; Data Transmission Channel: channel capacity, transmission line characteristics, Baseban…",0.3494869999999537,0.00022929999977350235,0.0,0.0,0.35201210000013816,False,False
Q064,banglish,CSE 303 Data Communications course-er credit koto?,CSE 303 Data Communications 3.00-credit course.,CSE 303 course-er credit 3.00.,structured_exact,False,0,False,supported,banglish,True,BANGLISH_MARKERS_PRESENT,True,True,FACTUAL_TOKENS_SUPPORTED,"[""3.00"", ""303"", ""cse303""]",True,True,0.4,0.3333333333333333,0.3636363636363636,curricula_BSc-Curriculum-New.pdf,78,"Course Code: CSE 303 Course Title: Data Communications Credits: 3.00 Prerequisite: ECE 201, PHY 101, MTH 205 Introduction to data communication model, Data communication task, Data communication standards and organization, protocol architecture, TCP/IP model and OSI model : data representation, signal encoding and signal analysis; Data Transmission Channel: channel capacity, transmission line characteristics, Baseban…",0.1737268000001677,0.0002426999999443069,0.0,0.0,0.17774129999997967,False,False
Q065,english,How many credits is CSE 304 Data Communications Lab?,CSE 304 Data Communications Lab is a 0.75-credit course.,CSE 304 carries 3.00 credits.,structured_exact,False,0,False,supported,english,True,ENGLISH_BODY_VALID,True,True,FACTUAL_TOKENS_SUPPORTED,"[""0.75"", ""304"", ""cse304""]",False,True,0.4,0.25,0.3076923076923077,curricula_BSc-Curriculum-New.pdf,78,Course Code: CSE 304 Course Title: Data Communications Lab Credits: 3.00 Prerequisite: None Laboratory works based on theory classes,0.17789799999991374,0.00016820000018924475,0.0,0.0,0.18171830000028422,False,False
Q065,bangla,CSE 304 Data Communications Lab কোর্সটির ক্রেডিট কত?,CSE 304 Data Communications Lab 0.75 ক্রেডিটের কোর্স।,CSE 304 কোর্সটির ক্রেডিট 3.00।,structured_exact,False,0,False,supported,bangla,True,BANGLA_BODY_MEANINGFUL,True,True,FACTUAL_TOKENS_SUPPORTED,"[""0.75"", ""304"", ""cse304""]",False,True,0.4,0.25,0.3076923076923077,curricula_BSc-Curriculum-New.pdf,78,Course Code: CSE 304 Course Title: Data Communications Lab Credits: 3.00 Prerequisite: None Laboratory works based on theory classes,0.17881919999990714,0.00013829999988956843,0.0,0.0,0.1814779000001181,False,False
Q065,banglish,CSE 304 Data Communications Lab course-er credit koto?,CSE 304 Data Communications Lab 0.75-credit course.,CSE 304 course-er credit 3.00.,structured_exact,False,0,False,supported,banglish,True,BANGLISH_MARKERS_PRESENT,True,True,FACTUAL_TOKENS_SUPPORTED,"[""0.75"", ""304"", ""cse304""]",False,True,0.4,0.2857142857142857,0.3333333333333333,curricula_BSc-Curriculum-New.pdf,78,Course Code: CSE 304 Course Title: Data Communications Lab Credits: 3.00 Prerequisite: None Laboratory works based on theory classes,0.18860369999993054,0.00017320000006293412,0.0,0.0,0.1927629000001616,False,False
Q066,english,How many credits is CSE 305 System Analysis and Design?,CSE 305 System Analysis and Design is a 3.00-credit course.,CSE 305 carries 3.00 credits.,structured_exact,False,0,False,supported,english,True,ENGLISH_BODY_VALID,True,True,FACTUAL_TOKENS_SUPPORTED,"[""3.00"", ""305"", ""cse305""]",True,True,0.4,0.2222222222222222,0.2857142857142857,curricula_BSc-Curriculum-New.pdf,53,CSE 305 System Analysis and Design 3.00 CSE 211,0.21604810000008,0.0002816000001075736,0.0,0.0,0.2195255999999972,False,False
Q066,bangla,CSE 305 System Analysis and Design কোর্সটির ক্রেডিট কত?,CSE 305 System Analysis and Design 3.00 ক্রেডিটের কোর্স।,CSE 305 কোর্সটির ক্রেডিট 3.00।,structured_exact,False,0,False,supported,bangla,True,BANGLA_BODY_MEANINGFUL,True,True,FACTUAL_TOKENS_SUPPORTED,"[""3.00"", ""305"", ""cse305""]",True,True,0.6,0.3333333333333333,0.42857142857142855,curricula_BSc-Curriculum-New.pdf,53,CSE 305 System Analysis and Design 3.00 CSE 211,0.20085880000033285,0.0002223999999841908,0.0,0.0,0.20379159999993135,False,False
Q066,banglish,CSE 305 System Analysis and Design course-er credit koto?,CSE 305 System Analysis and Design 3.00-credit course.,CSE 305 course-er credit 3.00.,structured_exact,False,0,False,supported,banglish,True,BANGLISH_MARKERS_PRESENT,True,True,FACTUAL_TOKENS_SUPPORTED,"[""3.00"", ""305"", ""cse305""]",True,True,0.4,0.25,0.3076923076923077,curricula_BSc-Curriculum-New.pdf,75,"Course Code: CSE 305 Course Title: System Analysis and Design Credits: 3.00 Prerequisite: CSE 211 Introduction to System analysis, concepts, understanding and modeling organization Systems, System development life cycle(SDLC), structured analysis and struc tured design, object oriented analysis and design, Different types of information, Qualities of information, Analysis оf Information requirements for modern organi…",0.20203999999966982,0.00022719999969922355,0.0,0.0,0.20563929999980246,False,False
Q067,english,How many credits is CSE 306 System Analysis & Design Lab?,CSE 306 System Analysis & Design Lab is a 0.75-credit course.,CSE 306 carries 0.75 credits.,structured_exact,False,0,False,supported,english,True,ENGLISH_BODY_VALID,True,True,FACTUAL_TOKENS_SUPPORTED,"[""0.75"", ""306"", ""cse306""]",True,True,0.4,0.2222222222222222,0.2857142857142857,curricula_BSc-Curriculum-New.pdf,53,CSE 306 System Analysis & Design Lab 0.75 CSE 212,0.20264040000029127,0.00029319999975996325,0.0,0.0,0.20695040000009612,False,False
Q067,bangla,CSE 306 System Analysis & Design Lab কোর্সটির ক্রেডিট কত?,CSE 306 System Analysis & Design Lab 0.75 ক্রেডিটের কোর্স।,CSE 306 কোর্সটির ক্রেডিট 0.75।,structured_exact,False,0,False,supported,bangla,True,BANGLA_BODY_MEANINGFUL,True,True,FACTUAL_TOKENS_SUPPORTED,"[""0.75"", ""306"", ""cse306""]",True,True,0.6,0.3333333333333333,0.42857142857142855,curricula_BSc-Curriculum-New.pdf,53,CSE 306 System Analysis & Design Lab 0.75 CSE 212,0.2048911999995653,0.00021280000009937794,0.0,0.0,0.208324299999731,False,False
Q067,banglish,CSE 306 System Analysis & Design Lab course-er credit koto?,CSE 306 System Analysis & Design Lab 0.75-credit course.,CSE 306 course-er credit 0.75.,structured_exact,False,0,False,supported,banglish,True,BANGLISH_MARKERS_PRESENT,True,True,FACTUAL_TOKENS_SUPPORTED,"[""0.75"", ""306"", ""cse306""]",True,True,0.4,0.25,0.3076923076923077,curricula_BSc-Curriculum-New.pdf,76,"Course Code: CSE 306 Course Title: System Analysis & Design Lab Credits: 0.75 Prerequisite: CSE 212 This Lab consists of practice and presentation of the system analysis and designing tools. Students demonstrate the techniques and skills of analyzing and designing a system in order to build an automated solution (software). The software pr oject will be fixed at the beginning of the semester, preferably pre -defined…",0.18958410000004733,0.00027399999999033753,0.0,0.0,0.19284930000003442,False,False
Q068,english,How many credits is CSE 307 Theory of Computation?,CSE 307 Theory of Computation is a 3.00-credit course.,CSE 307 carries 3.00 credits.,structured_exact,False,0,False,supported,english,True,ENGLISH_BODY_VALID,True,True,FACTUAL_TOKENS_SUPPORTED,"[""3.00"", ""307"", ""cse307""]",True,True,0.4,0.25,0.3076923076923077,curricula_BSc-Curriculum-New.pdf,53,CSE 307 Theory of Computation 3.00 CSE 207,0.18175879999989775,0.00021470000001500011,0.0,0.0,0.18471619999991162,False,False
Q068,bangla,CSE 307 Theory of Computation কোর্সটির ক্রেডিট কত?,CSE 307 Theory of Computation 3.00 ক্রেডিটের কোর্স।,CSE 307 কোর্সটির ক্রেডিট 3.00।,structured_exact,False,0,False,supported,bangla,True,BANGLA_BODY_MEANINGFUL,True,True,FACTUAL_TOKENS_SUPPORTED,"[""3.00"", ""307"", ""cse307""]",True,True,0.6,0.375,0.4615384615384615,curricula_BSc-Curriculum-New.pdf,53,CSE 307 Theory of Computation 3.00 CSE 207,0.18443139999999403,0.00022249999983614543,0.0,0.0,0.18756409999969037,False,False
Q068,banglish,CSE 307 Theory of Computation course-er credit koto?,CSE 307 Theory of Computation 3.00-credit course.,CSE 307 course-er credit 3.00.,structured_exact,False,0,False,supported,banglish,True,BANGLISH_MARKERS_PRESENT,True,True,FACTUAL_TOKENS_SUPPORTED,"[""3.00"", ""307"", ""cse307""]",True,True,0.4,0.2857142857142857,0.3333333333333333,curricula_BSc-Curriculum-New.pdf,53,CSE 307 Theory of Computation 3.00 CSE 207,0.17646779999995488,0.00016320000031555537,0.0,0.0,0.17898809999996956,False,False
Q069,english,How many credits is CSE 309 Object Oriented Programming II: Visual and Web Programming?,CSE 309 Object Oriented Programming II: Visual and Web Programming is a 3.00-credit course.,CSE 309 carries 3.00 credits.,structured_exact,False,0,False,supported,english,True,ENGLISH_BODY_VALID,True,True,FACTUAL_TOKENS_SUPPORTED,"[""3.00"", ""309"", ""cse309""]",True,True,0.4,0.16666666666666666,0.23529411764705882,curricula_BSc-Curriculum-New.pdf,53,"CSE 309 Object Oriented Programming II:Visual and Web Programming 3.00 CSE 203, CSE 211",0.18220070000006672,0.0002472999999554304,0.0,0.0,0.1852075000001605,False,False
Q069,bangla,CSE 309 Object Oriented Programming II: Visual and Web Programming কোর্সটির ক্রেডিট কত?,CSE 309 Object Oriented Programming II: Visual and Web Programming 3.00 ক্রেডিটের কোর্স।,CSE 309 কোর্সটির ক্রেডিট 3.00।,structured_exact,False,0,False,supported,bangla,True,BANGLA_BODY_MEANINGFUL,True,True,FACTUAL_TOKENS_SUPPORTED,"[""3.00"", ""309"", ""cse309""]",True,True,0.6,0.25,0.35294117647058826,curricula_BSc-Curriculum-New.pdf,53,"CSE 309 Object Oriented Programming II:Visual and Web Programming 3.00 CSE 203, CSE 211",0.2181003000000601,0.0003334999996695842,0.0,0.0,0.22234789999993154,False,False
Q069,banglish,CSE 309 Object Oriented Programming II: Visual and Web Programming course-er credit koto?,CSE 309 Object Oriented Programming II: Visual and Web Programming 3.00-credit course.,CSE 309 course-er credit 3.00.,structured_exact,False,0,False,supported,banglish,True,BANGLISH_MARKERS_PRESENT,True,True,FACTUAL_TOKENS_SUPPORTED,"[""3.00"", ""309"", ""cse309""]",True,True,0.4,0.18181818181818182,0.25000000000000006,curricula_BSc-Curriculum-New.pdf,53,"CSE 309 Object Oriented Programming II:Visual and Web Programming 3.00 CSE 203, CSE 211",0.21547460000010688,0.00034099999993486563,0.0,0.0,0.21988250000003973,False,False
Q070,english,How many credits is CSE 310 Object Oriented Programming II Lab: Visual and Web Programming Lab?,CSE 310 Object Oriented Programming II Lab: Visual and Web Programming Lab is a 1.50-credit course.,CSE 310 carries 1.50 credits.,structured_exact,False,0,False,supported,english,True,ENGLISH_BODY_VALID,True,True,FACTUAL_TOKENS_SUPPORTED,"[""1.50"", ""310"", ""cse310""]",True,True,0.4,0.15384615384615385,0.2222222222222222,curricula_BSc-Curriculum-New.pdf,77,Course Code: CSE 310 Course Title: Object Oriented Programming II Lab:Visual and Web Programming Lab Credits: 1.50 Prerequisite: None Laboratory work based on Visual and Web Programming (CSE 211).,0.3808552000000418,0.00018930000032924,0.0,0.0,0.3843109999997978,False,False
Q070,bangla,CSE 310 Object Oriented Programming II Lab: Visual and Web Programming Lab কোর্সটির ক্রেডিট কত?,CSE 310 Object Oriented Programming II Lab: Visual and Web Programming Lab 1.50 ক্রেডিটের কোর্স।,CSE 310 কোর্সটির ক্রেডিট 1.50।,structured_exact,False,0,False,supported,bangla,True,BANGLA_BODY_MEANINGFUL,True,True,FACTUAL_TOKENS_SUPPORTED,"[""1.50"", ""310"", ""cse310""]",True,True,0.6,0.23076923076923078,0.33333333333333337,curricula_BSc-Curriculum-New.pdf,53,CSE 310 Object Oriented Programming II Lab:Visual and Web Programming Lab 1.50 Nil,0.21474409999973432,0.0002121000002262008,0.0,0.0,0.2177747000000636,False,False
Q070,banglish,CSE 310 Object Oriented Programming II Lab: Visual and Web Programming Lab course-er credit koto?,CSE 310 Object Oriented Programming II Lab: Visual and Web Programming Lab 1.50-credit course.,CSE 310 course-er credit 1.50.,structured_exact,False,0,False,supported,banglish,True,BANGLISH_MARKERS_PRESENT,True,True,FACTUAL_TOKENS_SUPPORTED,"[""1.50"", ""310"", ""cse310""]",True,True,0.4,0.16666666666666666,0.23529411764705882,curricula_BSc-Curriculum-New.pdf,53,CSE 310 Object Oriented Programming II Lab:Visual and Web Programming Lab 1.50 Nil,0.19028879999996207,0.00016760000016802223,0.0,0.0,0.19265739999991638,False,False
Q071,english,How many credits is CSE 311 Microprocessors & Assembly Language?,CSE 311 Microprocessors & Assembly Language is a 3.00-credit course.,CSE 311 carries 3.00 credits.,structured_exact,False,0,False,supported,english,True,ENGLISH_BODY_VALID,True,True,FACTUAL_TOKENS_SUPPORTED,"[""3.00"", ""311"", ""cse311""]",True,True,0.4,0.25,0.3076923076923077,curricula_BSc-Curriculum-New.pdf,77,"Course Code: CSE 311 Course Title: Microprocessors& Assembly Language Credits: 3.00 Prerequisite: None I/O instruction, memory mapped I/O in protected mode, Protection issues in Intel 80x86 family -privilege levels, Introduction to IBM PC assembly language, , Flow control ins tructions, Logic, shift and rotate instructions, The stack and introduction to procedures, Multiplication and division instructions, Arrays and…",0.1822730000003503,0.00044079999997848063,0.0,0.0,0.18595400000003792,False,False
Q071,bangla,CSE 311 Microprocessors & Assembly Language কোর্সটির ক্রেডিট কত?,CSE 311 Microprocessors & Assembly Language 3.00 ক্রেডিটের কোর্স।,CSE 311 কোর্সটির ক্রেডিট 3.00।,structured_exact,False,0,False,supported,bangla,True,BANGLA_BODY_MEANINGFUL,True,True,FACTUAL_TOKENS_SUPPORTED,"[""3.00"", ""311"", ""cse311""]",True,True,0.6,0.375,0.4615384615384615,curricula_BSc-Curriculum-New.pdf,77,"Course Code: CSE 311 Course Title: Microprocessors& Assembly Language Credits: 3.00 Prerequisite: None I/O instruction, memory mapped I/O in protected mode, Protection issues in Intel 80x86 family -privilege levels, Introduction to IBM PC assembly language, , Flow control ins tructions, Logic, shift and rotate instructions, The stack and introduction to procedures, Multiplication and division instructions, Arrays and…",0.1832072000001972,0.00043520000008356874,0.0,0.0,0.18680610000001252,False,False
Q071,banglish,CSE 311 Microprocessors & Assembly Language course-er credit koto?,CSE 311 Microprocessors & Assembly Language 3.00-credit course.,CSE 311 course-er credit 3.00.,structured_exact,False,0,False,supported,banglish,True,BANGLISH_MARKERS_PRESENT,True,True,FACTUAL_TOKENS_SUPPORTED,"[""3.00"", ""311"", ""cse311""]",True,True,0.4,0.2857142857142857,0.3333333333333333,curricula_BSc-Curriculum-New.pdf,77,"Course Code: CSE 311 Course Title: Microprocessors& Assembly Language Credits: 3.00 Prerequisite: None I/O instruction, memory mapped I/O in protected mode, Protection issues in Intel 80x86 family -privilege levels, Introduction to IBM PC assembly language, , Flow control ins tructions, Logic, shift and rotate instructions, The stack and introduction to procedures, Multiplication and division instructions, Arrays and…",0.178356000000349,0.00032959999998638523,0.0,0.0,0.181481900000108,False,False
Q072,english,How many credits is CSE 312 Microprocessors & Assembly Lab?,CSE 312 Microprocessors & Assembly Lab is a 1.50-credit course.,CSE 312 carries 1.50 credits.,structured_exact,False,0,False,supported,english,True,ENGLISH_BODY_VALID,True,True,FACTUAL_TOKENS_SUPPORTED,"[""1.50"", ""312"", ""cse312""]",True,True,0.4,0.25,0.3076923076923077,curricula_BSc-Curriculum-New.pdf,54,CSE 312 Microprocessors& Assembly Lab 1.50 Nil,0.1756854000000203,0.0001336000000264903,0.0,0.0,0.17835850000028586,False,False
Q072,bangla,CSE 312 Microprocessors & Assembly Lab কোর্সটির ক্রেডিট কত?,CSE 312 Microprocessors & Assembly Lab 1.50 ক্রেডিটের কোর্স।,CSE 312 কোর্সটির ক্রেডিট 1.50।,structured_exact,False,0,False,supported,bangla,True,BANGLA_BODY_MEANINGFUL,True,True,FACTUAL_TOKENS_SUPPORTED,"[""1.50"", ""312"", ""cse312""]",True,True,0.6,0.375,0.4615384615384615,curricula_BSc-Curriculum-New.pdf,78,Course Code: CSE 312 Course Title: Microprocessors& Assembly Lab Credits: 1.50 Prerequisite: None Laboratory work will be based on the theory classes.,0.18313680000028398,0.00014210000017556013,0.0,0.0,0.18553449999990335,False,False
Q072,banglish,CSE 312 Microprocessors & Assembly Lab course-er credit koto?,CSE 312 Microprocessors & Assembly Lab 1.50-credit course.,CSE 312 course-er credit 1.50.,structured_exact,False,0,False,supported,banglish,True,BANGLISH_MARKERS_PRESENT,True,True,FACTUAL_TOKENS_SUPPORTED,"[""1.50"", ""312"", ""cse312""]",True,True,0.4,0.2857142857142857,0.3333333333333333,curricula_BSc-Curriculum-New.pdf,78,Course Code: CSE 312 Course Title: Microprocessors& Assembly Lab Credits: 1.50 Prerequisite: None Laboratory work will be based on the theory classes.,0.19251699999995253,0.00018330000011701486,0.0,0.0,0.1960516999997708,False,False
Q073,english,How many credits is HSS 301 English II: English for Communications?,HSS 301 English II: English for Communications is a 2.00-credit course.,HSS 301 carries 2.00 credits.,structured_exact,False,0,False,supported,english,True,ENGLISH_BODY_VALID,True,True,FACTUAL_TOKENS_SUPPORTED,"[""2.00"", ""301"", ""hss301""]",True,True,0.4,0.2222222222222222,0.2857142857142857,curricula_BSc-Curriculum-New.pdf,75,"Course Code: HSS 301 Course Title: English II : English for Communications Credits: 2.00 Prerequisite: HSS 101 Introduction: Issues of technical writing and effective oral presentation in Computer Science and Engineeri ng; Writing styles of definitions: propositions, theorems and proofs; Preparation of reports : research papers, technical papers etc. Theses and books: abstract, preface, contents, bibliography and ind…",0.2111120999998093,0.0005736999996770464,0.0,0.0,0.21539260000008653,False,False
Q073,bangla,HSS 301 English II: English for Communications কোর্সটির ক্রেডিট কত?,HSS 301 English II: English for Communications 2.00 ক্রেডিটের কোর্স।,HSS 301 কোর্সটির ক্রেডিট 2.00।,structured_exact,False,0,False,supported,bangla,True,BANGLA_BODY_MEANINGFUL,True,True,FACTUAL_TOKENS_SUPPORTED,"[""2.00"", ""301"", ""hss301""]",True,True,0.6,0.3333333333333333,0.42857142857142855,curricula_BSc-Curriculum-New.pdf,75,"Course Code: HSS 301 Course Title: English II : English for Communications Credits: 2.00 Prerequisite: HSS 101 Introduction: Issues of technical writing and effective oral presentation in Computer Science and Engineeri ng; Writing styles of definitions: propositions, theorems and proofs; Preparation of reports : research papers, technical papers etc. Theses and books: abstract, preface, contents, bibliography and ind…",0.20640719999983048,0.0005295999999361811,0.0,0.0,0.211180300000251,False,False
Q073,banglish,HSS 301 English II: English for Communications course-er credit koto?,HSS 301 English II: English for Communications 2.00-credit course.,HSS 301 course-er credit 2.00.,structured_exact,False,0,False,supported,banglish,True,BANGLISH_MARKERS_PRESENT,True,True,FACTUAL_TOKENS_SUPPORTED,"[""2.00"", ""301"", ""hss301""]",True,True,0.4,0.25,0.3076923076923077,curricula_BSc-Curriculum-New.pdf,75,"Course Code: HSS 301 Course Title: English II : English for Communications Credits: 2.00 Prerequisite: HSS 101 5. Basic Business Communication (7 th edition), by Rayomond V. Lesikar, John D. Petit, Marie E. Flatley 6. Effective Business Communications, by Murphy, Herta A, Hildebrandt, Herbert W, and Thomas, Jane P. 7. The Business Communication handbook Author: Dwyer J, Prentice - Hall 8. Essentials of Business Commu…",0.20721170000024358,0.0005304999999680149,0.0,0.0,0.21129059999975652,False,False
Q074,english,How many credits is CSE 313 Numerical Methods?,CSE 313 Numerical Methods is a 3.00-credit course.,CSE 313 carries 3.00 credits.,structured_exact,False,0,False,supported,english,True,ENGLISH_BODY_VALID,True,True,FACTUAL_TOKENS_SUPPORTED,"[""3.00"", ""313"", ""cse313""]",True,True,0.4,0.2857142857142857,0.3333333333333333,curricula_BSc-Curriculum-New.pdf,79,"Course Code: CSE 313 Course Title: Numerical Methods Credits: 3.00 Prerequisite MTH 205, CSE 205 Numerical Methods in Computer Science, Errors and Accuracy: Truncation, rounding off and algorithmic errors, absolute and relative errors, propagation of errors, error estimation. Iterative process: Solution of f(x)=0, e xistence and convergence of a root, convergence of the iterative method, geometrical representation, A…",0.2098611000001256,0.00024069999972198275,0.0,0.0,0.21269149999989168,False,False
Q074,bangla,CSE 313 Numerical Methods কোর্সটির ক্রেডিট কত?,CSE 313 Numerical Methods 3.00 ক্রেডিটের কোর্স।,CSE 313 কোর্সটির ক্রেডিট 3.00।,structured_exact,False,0,False,supported,bangla,True,BANGLA_BODY_MEANINGFUL,True,True,FACTUAL_TOKENS_SUPPORTED,"[""3.00"", ""313"", ""cse313""]",True,True,0.6,0.42857142857142855,0.5,curricula_BSc-Curriculum-New.pdf,79,"Course Code: CSE 313 Course Title: Numerical Methods Credits: 3.00 Prerequisite MTH 205, CSE 205 Numerical Methods in Computer Science, Errors and Accuracy: Truncation, rounding off and algorithmic errors, absolute and relative errors, propagation of errors, error estimation. Iterative process: Solution of f(x)=0, e xistence and convergence of a root, convergence of the iterative method, geometrical representation, A…",0.18652669999983118,0.0002899000000979868,0.0,0.0,0.189701100000093,False,False
Q074,banglish,CSE 313 Numerical Methods course-er credit koto?,CSE 313 Numerical Methods 3.00-credit course.,CSE 313 course-er credit 3.00.,structured_exact,False,0,False,supported,banglish,True,BANGLISH_MARKERS_PRESENT,True,True,FACTUAL_TOKENS_SUPPORTED,"[""3.00"", ""313"", ""cse313""]",True,True,0.4,0.3333333333333333,0.3636363636363636,curricula_BSc-Curriculum-New.pdf,79,"Course Code: CSE 313 Course Title: Numerical Methods Credits: 3.00 Prerequisite MTH 205, CSE 205 Numerical Methods in Computer Science, Errors and Accuracy: Truncation, rounding off and algorithmic errors, absolute and relative errors, propagation of errors, error estimation. Iterative process: Solution of f(x)=0, e xistence and convergence of a root, convergence of the iterative method, geometrical representation, A…",0.17863859999988563,0.00022099999978308915,0.0,0.0,0.18119359999991502,False,False
Q075,english,How many credits is CSE 314 Numerical Methods Lab?,CSE 314 Numerical Methods Lab is a 0.75-credit course.,CSE 314 carries 0.75 credits.,structured_exact,False,0,False,supported,english,True,ENGLISH_BODY_VALID,True,True,FACTUAL_TOKENS_SUPPORTED,"[""0.75"", ""314"", ""cse314""]",True,True,0.4,0.25,0.3076923076923077,curricula_BSc-Curriculum-New.pdf,54,CSE 314 Numerical Methods Lab 0.75 CSE 206,0.17525049999994735,0.00014390000023922767,0.0,0.0,0.1790251000002172,False,False
Q075,bangla,CSE 314 Numerical Methods Lab কোর্সটির ক্রেডিট কত?,CSE 314 Numerical Methods Lab 0.75 ক্রেডিটের কোর্স।,CSE 314 কোর্সটির ক্রেডিট 0.75।,structured_exact,False,0,False,supported,bangla,True,BANGLA_BODY_MEANINGFUL,True,True,FACTUAL_TOKENS_SUPPORTED,"[""0.75"", ""314"", ""cse314""]",True,True,0.6,0.375,0.4615384615384615,curricula_BSc-Curriculum-New.pdf,80,Course Code: CSE 314 Course Title: Numerical Methods Lab Credits: 0.75 Prerequisite: CSE 206 Objectives: Laboratory assignments will be based on Course CSE-313.,0.1889547999999195,0.00019729999985429458,0.0,0.0,0.1919025000001966,False,False
Q075,banglish,CSE 314 Numerical Methods Lab course-er credit koto?,CSE 314 Numerical Methods Lab 0.75-credit course.,CSE 314 course-er credit 0.75.,structured_exact,False,0,False,supported,banglish,True,BANGLISH_MARKERS_PRESENT,True,True,FACTUAL_TOKENS_SUPPORTED,"[""0.75"", ""314"", ""cse314""]",True,True,0.4,0.2857142857142857,0.3333333333333333,curricula_BSc-Curriculum-New.pdf,80,Course Code: CSE 314 Course Title: Numerical Methods Lab Credits: 0.75 Prerequisite: CSE 206 Objectives: Laboratory assignments will be based on Course CSE-313.,0.17571379999981218,0.00014590000000680448,0.0,0.0,0.1785202000000936,False,False
Q076,english,How many credits is CSE 315 Peripheral & Interfacing?,CSE 315 Peripheral & Interfacing is a 3.00-credit course.,CSE 315 carries 3.00 credits.,structured_exact,False,0,False,supported,english,True,ENGLISH_BODY_VALID,True,True,FACTUAL_TOKENS_SUPPORTED,"[""3.00"", ""315"", ""cse315""]",True,True,0.4,0.2857142857142857,0.3333333333333333,curricula_BSc-Curriculum-New.pdf,54,"CSE 315 Peripheral & Interfacing 3.00 CSE 209, CSE 311",0.21232510000027105,0.00033699999994496466,0.0,0.0,0.2173899999997957,False,False
Q076,bangla,CSE 315 Peripheral & Interfacing কোর্সটির ক্রেডিট কত?,CSE 315 Peripheral & Interfacing 3.00 ক্রেডিটের কোর্স।,CSE 315 কোর্সটির ক্রেডিট 3.00।,structured_exact,False,0,False,supported,bangla,True,BANGLA_BODY_MEANINGFUL,True,True,FACTUAL_TOKENS_SUPPORTED,"[""3.00"", ""315"", ""cse315""]",True,True,0.6,0.42857142857142855,0.5,curricula_BSc-Curriculum-New.pdf,81,"Course Code: CSE 315 Course Title: Peripheral & Interfacing Credits: 3.00 Prerequisite: CSE 209, CSE 311 Interfacing Basics : Interfacing components and their characteristics. Storage devices: RAM, ROM, Cache memory, Hard disk drive, CD, DVD, Blue Ray and Flash memory. Controllers: Programmable interrupt controller and DMA controller. Computer Ports: Parallel, Serial, USB and FireWire. Basic I/O : I/O systems & I/O d…",0.3647304000000986,0.00026170000001002336,0.0,0.0,0.3682146000001012,False,False
Q076,banglish,CSE 315 Peripheral & Interfacing course-er credit koto?,CSE 315 Peripheral & Interfacing 3.00-credit course.,CSE 315 course-er credit 3.00.,structured_exact,False,0,False,supported,banglish,True,BANGLISH_MARKERS_PRESENT,True,True,FACTUAL_TOKENS_SUPPORTED,"[""3.00"", ""315"", ""cse315""]",True,True,0.4,0.3333333333333333,0.3636363636363636,curricula_BSc-Curriculum-New.pdf,54,"CSE 315 Peripheral & Interfacing 3.00 CSE 209, CSE 311",0.2112354000000778,0.0003210999998373154,0.0,0.0,0.21481930000027205,False,False
Q077,english,How many credits is CSE 316 Peripheral & Interfacing Lab?,CSE 316 Peripheral & Interfacing Lab is a 1.50-credit course.,CSE 316 carries 1.50 credits.,structured_exact,False,0,False,supported,english,True,ENGLISH_BODY_VALID,True,True,FACTUAL_TOKENS_SUPPORTED,"[""1.50"", ""316"", ""cse316""]",True,True,0.4,0.25,0.3076923076923077,curricula_BSc-Curriculum-New.pdf,54,"CSE 316 Peripheral &Interfacing Lab 1.50 CSE 210, CSE 312 Third Year Second Semester Course Code Course Title Credits Pre- Requisite",0.2458734000001641,0.00024919999987105257,0.0,0.0,0.249830700000075,False,False
Q077,bangla,CSE 316 Peripheral & Interfacing Lab কোর্সটির ক্রেডিট কত?,CSE 316 Peripheral & Interfacing Lab 1.50 ক্রেডিটের কোর্স।,CSE 316 কোর্সটির ক্রেডিট 1.50।,structured_exact,False,0,False,supported,bangla,True,BANGLA_BODY_MEANINGFUL,True,True,FACTUAL_TOKENS_SUPPORTED,"[""1.50"", ""316"", ""cse316""]",True,True,0.6,0.375,0.4615384615384615,curricula_BSc-Curriculum-New.pdf,81,"Course Code: CSE 316 Course Title: Peripheral &Interfacing Lab Credits: 1.50 Prerequisite: CSE 210, CSE 312 Assigned by Course teacher based on theory, CSE 315.",0.2034509000000071,0.00018659999977899133,0.0,0.0,0.20594849999997678,False,False
Q077,banglish,CSE 316 Peripheral & Interfacing Lab course-er credit koto?,CSE 316 Peripheral & Interfacing Lab 1.50-credit course.,CSE 316 course-er credit 1.50.,structured_exact,False,0,False,supported,banglish,True,BANGLISH_MARKERS_PRESENT,True,True,FACTUAL_TOKENS_SUPPORTED,"[""1.50"", ""316"", ""cse316""]",True,True,0.4,0.2857142857142857,0.3333333333333333,curricula_BSc-Curriculum-New.pdf,54,"CSE 316 Peripheral &Interfacing Lab 1.50 CSE 210, CSE 312 Third Year Second Semester Course Code Course Title Credits Pre- Requisite",0.18578310000020792,0.0001750999999785563,0.0,0.0,0.1882024999999885,False,False
Q078,english,How many credits is CSE 317 Computer Architecture?,CSE 317 Computer Architecture is a 3.00-credit course.,CSE 317 carries 3.00 credits.,structured_exact,False,0,False,supported,english,True,ENGLISH_BODY_VALID,True,True,FACTUAL_TOKENS_SUPPORTED,"[""3.00"", ""317"", ""cse317""]",True,True,0.4,0.2857142857142857,0.3333333333333333,curricula_BSc-Curriculum-New.pdf,54,CSE 317 Computer Architecture 3.00 CSE 209,0.17651799999975992,0.00021749999996245606,0.0,0.0,0.17911019999974087,False,False
Q078,bangla,CSE 317 Computer Architecture কোর্সটির ক্রেডিট কত?,CSE 317 Computer Architecture 3.00 ক্রেডিটের কোর্স।,CSE 317 কোর্সটির ক্রেডিট 3.00।,structured_exact,False,0,False,supported,bangla,True,BANGLA_BODY_MEANINGFUL,True,True,FACTUAL_TOKENS_SUPPORTED,"[""3.00"", ""317"", ""cse317""]",True,True,0.6,0.42857142857142855,0.5,curricula_BSc-Curriculum-New.pdf,54,CSE 317 Computer Architecture 3.00 CSE 209,0.2120783999998821,0.00028599999996004044,0.0,0.0,0.21543340000016542,False,False
Q078,banglish,CSE 317 Computer Architecture course-er credit koto?,CSE 317 Computer Architecture 3.00-credit course.,CSE 317 course-er credit 3.00.,structured_exact,False,0,False,supported,banglish,True,BANGLISH_MARKERS_PRESENT,True,True,FACTUAL_TOKENS_SUPPORTED,"[""3.00"", ""317"", ""cse317""]",True,True,0.4,0.3333333333333333,0.3636363636363636,curricula_BSc-Curriculum-New.pdf,54,CSE 317 Computer Architecture 3.00 CSE 209,0.1768555000003289,0.000215099999877566,0.0,0.0,0.18026620000000548,False,False
Q079,english,How many credits is CSE 319 Computer Networks?,CSE 319 Computer Networks is a 3.00-credit course.,CSE 319 carries 3.00 credits.,structured_exact,False,0,False,supported,english,True,ENGLISH_BODY_VALID,True,True,FACTUAL_TOKENS_SUPPORTED,"[""3.00"", ""319"", ""cse319""]",True,True,0.4,0.2857142857142857,0.3333333333333333,curricula_BSc-Curriculum-New.pdf,80,"Course Code: CSE 319 Course Title: Computer Networks Credits: 3.00 Prerequisite: CSE 303 Introduction to Networking, Networking Devices, Network architectures. Network Classification, Industry , Network Model and Protocols, Network Topology, Error Detection & Correction Schemes and Implementation of those Schemes, IP Overview, IPv4, IPv6, Transition from IPv4 to IPv6, IPv6 Facilities, Subnetting and supernetting - CI…",0.1721933000003446,0.00023569999984829337,0.0,0.0,0.17475880000029065,False,False
Q079,bangla,CSE 319 Computer Networks কোর্সটির ক্রেডিট কত?,CSE 319 Computer Networks 3.00 ক্রেডিটের কোর্স।,CSE 319 কোর্সটির ক্রেডিট 3.00।,structured_exact,False,0,False,supported,bangla,True,BANGLA_BODY_MEANINGFUL,True,True,FACTUAL_TOKENS_SUPPORTED,"[""3.00"", ""319"", ""cse319""]",True,True,0.6,0.42857142857142855,0.5,curricula_BSc-Curriculum-New.pdf,80,"Course Code: CSE 319 Course Title: Computer Networks Credits: 3.00 Prerequisite: CSE 303 Introduction to Networking, Networking Devices, Network architectures. Network Classification, Industry , Network Model and Protocols, Network Topology, Error Detection & Correction Schemes and Implementation of those Schemes, IP Overview, IPv4, IPv6, Transition from IPv4 to IPv6, IPv6 Facilities, Subnetting and supernetting - CI…",0.19747619999998278,0.00031609999996362603,0.0,0.0,0.20135019999997894,False,False
Q079,banglish,CSE 319 Computer Networks course-er credit koto?,CSE 319 Computer Networks 3.00-credit course.,CSE 319 course-er credit 3.00.,structured_exact,False,0,False,supported,banglish,True,BANGLISH_MARKERS_PRESENT,True,True,FACTUAL_TOKENS_SUPPORTED,"[""3.00"", ""319"", ""cse319""]",True,True,0.4,0.3333333333333333,0.3636363636363636,curricula_BSc-Curriculum-New.pdf,80,"Course Code: CSE 319 Course Title: Computer Networks Credits: 3.00 Prerequisite: CSE 303 Introduction to Networking, Networking Devices, Network architectures. Network Classification, Industry , Network Model and Protocols, Network Topology, Error Detection & Correction Schemes and Implementation of those Schemes, IP Overview, IPv4, IPv6, Transition from IPv4 to IPv6, IPv6 Facilities, Subnetting and supernetting - CI…",0.20504860000028202,0.0003571000002011715,0.0,0.0,0.20907250000027489,False,False
Q080,english,How many credits is CSE 320 Computer Networks Lab?,CSE 320 Computer Networks Lab is a 1.50-credit course.,Credit value: 1.50.,structured_exact,False,0,False,supported,english,True,ENGLISH_BODY_VALID,True,False,UNSUPPORTED_FACTUAL_TOKENS,"[""1.50"", ""320"", ""cse320""]",False,True,0.0,0.0,0.0,curricula_BSc-Curriculum-New.pdf,54,CSE 320 Computer Networks Lab 1.50 Nil,0.20324220000020432,0.0013951000000815839,0.0,0.0,0.2073881999999685,False,False
Q080,bangla,CSE 320 Computer Networks Lab কোর্সটির ক্রেডিট কত?,CSE 320 Computer Networks Lab 1.50 ক্রেডিটের কোর্স।,অনুরোধ করা বিষয়টির কোর্সটির ক্রেডিট 1.50।,structured_exact,False,0,False,supported,bangla,True,BANGLA_BODY_MEANINGFUL,True,True,FACTUAL_TOKENS_SUPPORTED,"[""1.50"", ""320"", ""cse320""]",False,True,0.16666666666666666,0.125,0.14285714285714288,curricula_BSc-Curriculum-New.pdf,54,CSE 320 Computer Networks Lab 1.50 Nil,0.20768210000005638,0.0002497999998922751,0.0,0.0,0.21127590000014607,False,False
Q080,banglish,CSE 320 Computer Networks Lab course-er credit koto?,CSE 320 Computer Networks Lab 1.50-credit course.,Requested item-er course-er credit 1.50.,structured_exact,False,0,False,supported,banglish,True,BANGLISH_MARKERS_PRESENT,True,False,UNSUPPORTED_FACTUAL_TOKENS,"[""1.50"", ""320"", ""cse320""]",False,True,0.0,0.0,0.0,curricula_BSc-Curriculum-New.pdf,54,CSE 320 Computer Networks Lab 1.50 Nil,0.20661329999984446,0.00019189999966329196,0.0,0.0,0.2095921999998609,False,False
Q081,english,What prerequisite is listed for CSE 101 Introduction to Computer Science & Programming Methodology?,No prerequisite is listed for CSE 101 Introduction to Computer Science & Programming Methodology.,The university documents contain conflicting evidence for this item.,conflicting,False,0,False,conflicting,english,True,ENGLISH_BODY_VALID,True,True,GENERATION_NOT_USED,"[""101"", ""cse101""]",False,True,0.1111111111111111,0.07692307692307693,0.09090909090909093,curricula_BSc-Curriculum-New.pdf,60,"Course Code: CSE 101 Course Title: Introduction to Computer Science & Programming Methodology Credits: 3.00 Prerequisite: None Introduction to computer science, what is computer, Fundamental parts of a computer, sto rage and memory management (RAM, ROM, Hard disk) system overview of a computer, I/O devices, software and hardware, basic knowledge of computer, Files and folders, Command prompt, Microsoft office, Shortc…",0.19983530000035898,0.0013586999998551619,0.0,0.0,0.20289499999989857,False,False
Q081,bangla,CSE 101 Introduction to Computer Science & Programming Methodology কোর্সের prerequisite কী দেওয়া আছে?,CSE 101 Introduction to Computer Science & Programming Methodology কোর্সের জন্য কোনো prerequisite দেওয়া নেই।,বিশ্ববিদ্যালয়ের নথিতে এই বিষয়ে পরস্পরবিরোধী তথ্য রয়েছে।,conflicting,False,0,False,conflicting,bangla,True,BANGLA_BODY_MEANINGFUL,True,True,GENERATION_NOT_USED,"[""101"", ""cse101""]",False,True,0.0,0.0,0.0,curricula_BSc-Curriculum-New.pdf,51,CSE 101 Introduction to Computer Science & Programming Methodology 3.00 Nil,0.18230420000008962,0.0010106999998242827,0.0,0.0,0.1855030000001534,False,False
Q081,banglish,CSE 101 Introduction to Computer Science & Programming Methodology course-er prerequisite ki deya ache?,CSE 101 Introduction to Computer Science & Programming Methodology course-er jonno kono prerequisite deya nei.,University document-gulote ei bishoye conflicting information ache.,conflicting,False,0,False,conflicting,banglish,True,BANGLISH_MARKERS_PRESENT,True,True,GENERATION_NOT_USED,"[""101"", ""cse101""]",False,True,0.0,0.0,0.0,curricula_BSc-Curriculum-New.pdf,51,CSE 101 Introduction to Computer Science & Programming Methodology 3.00 Nil,0.1869787999999062,0.0013064999998277926,0.0,0.0,0.19049859999995533,False,False
Q082,english,What prerequisite is listed for CSE 102 Introduction to Computer Sc. & Programming Methodology Lab?,No prerequisite is listed for CSE 102 Introduction to Computer Sc. & Programming Methodology Lab.,The prerequisite for CSE 102 is None.,structured_exact,False,0,False,supported,english,True,ENGLISH_BODY_VALID,True,True,FACTUAL_TOKENS_SUPPORTED,"[""102"", ""cse102""]",True,True,0.7142857142857143,0.35714285714285715,0.4761904761904762,curricula_BSc-Curriculum-New.pdf,61,Course Code: CSE 102 Course Title: Introduction to Computer Science & Programming Methodology Lab Credits: 1.50 Prerequisite: None Objective: Laboratory works and assignments will be based on CSE-101,0.19279109999979482,0.0012243999999554944,0.0,0.0,0.19705690000000686,False,False
Q082,bangla,CSE 102 Introduction to Computer Sc. & Programming Methodology Lab কোর্সের prerequisite কী দেওয়া আছে?,CSE 102 Introduction to Computer Sc. & Programming Methodology Lab কোর্সের জন্য কোনো prerequisite দেওয়া নেই।,CSE 102 কোর্সটির prerequisite হলো None।,structured_exact,False,0,False,supported,bangla,True,BANGLA_BODY_MEANINGFUL,True,True,FACTUAL_TOKENS_SUPPORTED,"[""102"", ""cse102""]",True,True,0.5,0.2,0.28571428571428575,curricula_BSc-Curriculum-New.pdf,61,Course Code: CSE 102 Course Title: Introduction to Computer Science & Programming Methodology Lab Credits: 1.50 Prerequisite: None Objective: Laboratory works and assignments will be based on CSE-101,0.3373464999999669,0.00024100000018734136,0.0,0.0,0.34191409999993994,False,False
Q082,banglish,CSE 102 Introduction to Computer Sc. & Programming Methodology Lab course-er prerequisite ki deya ache?,CSE 102 Introduction to Computer Sc. & Programming Methodology Lab course-er jonno kono prerequisite deya nei.,CSE 102 course-er prerequisite holo None.,structured_exact,False,0,False,supported,banglish,True,BANGLISH_MARKERS_PRESENT,True,True,FACTUAL_TOKENS_SUPPORTED,"[""102"", ""cse102""]",True,True,0.6666666666666666,0.26666666666666666,0.3809523809523809,curricula_BSc-Curriculum-New.pdf,61,Course Code: CSE 102 Course Title: Introduction to Computer Science & Programming Methodology Lab Credits: 1.50 Prerequisite: None Objective: Laboratory works and assignments will be based on CSE-101,0.22232490000033067,0.00017320000006293412,0.0,0.0,0.22615440000026865,False,False
Q083,english,What prerequisite is listed for HSS 101 English I: Written and Spoken English?,No prerequisite is listed for HSS 101 English I: Written and Spoken English.,Prerequisite: Nil.,structured_exact,False,0,False,supported,english,True,ENGLISH_BODY_VALID,True,False,UNSUPPORTED_FACTUAL_TOKENS,"[""101"", ""hss101""]",False,True,0.5,0.08333333333333333,0.14285714285714285,curricula_BSc-Curriculum-New.pdf,51,HSS 101 English I: Written and Spoken English 3.00 Nil,0.2195228999999017,0.002432100000078208,0.0,0.0,0.22511970000005022,False,False
Q083,bangla,HSS 101 English I: Written and Spoken English কোর্সের prerequisite কী দেওয়া আছে?,HSS 101 English I: Written and Spoken English কোর্সের জন্য কোনো prerequisite দেওয়া নেই।,অনুরোধ করা বিষয়টির কোর্সটির prerequisite হলো Nil।,structured_exact,False,0,False,supported,bangla,True,BANGLA_BODY_MEANINGFUL,True,True,FACTUAL_TOKENS_SUPPORTED,"[""101"", ""hss101""]",False,True,0.14285714285714285,0.08333333333333333,0.10526315789473685,curricula_BSc-Curriculum-New.pdf,51,HSS 101 English I: Written and Spoken English 3.00 Nil,0.22404779999988023,0.00024450000000797445,0.0,0.0,0.22691959999974642,False,False
Q083,banglish,HSS 101 English I: Written and Spoken English course-er prerequisite ki deya ache?,HSS 101 English I: Written and Spoken English course-er jonno kono prerequisite deya nei.,Requested item-er course-er prerequisite holo Nil.,structured_exact,False,0,False,supported,banglish,True,BANGLISH_MARKERS_PRESENT,True,False,UNSUPPORTED_FACTUAL_TOKENS,"[""101"", ""hss101""]",False,True,0.3333333333333333,0.16666666666666666,0.2222222222222222,curricula_BSc-Curriculum-New.pdf,51,HSS 101 English I: Written and Spoken English 3.00 Nil,0.21605930000032458,0.00025839999989329954,0.0,0.0,0.21978300000000672,False,False
Q084,english,What prerequisite is listed for HSS 111(A) Bangladesh Studies: Society and Culture?,No prerequisite is listed for HSS 111(A) Bangladesh Studies: Society and Culture.,I couldn't find enough information in the provided university documents to answer this reliably.,unsupported,False,0,False,insufficient,english,True,ENGLISH_BODY_VALID,True,True,FACTUAL_TOKENS_SUPPORTED,"[""111"", ""hss111""]",False,True,0.0,0.0,0.0,,,,0.1869701000000532,0.002203199999712524,0.0,0.0,0.1916982999996435,False,False
Q084,bangla,HSS 111(A) Bangladesh Studies: Society and Culture কোর্সের prerequisite কী দেওয়া আছে?,HSS 111(A) Bangladesh Studies: Society and Culture কোর্সের জন্য কোনো prerequisite দেওয়া নেই।,প্রদত্ত বিশ্ববিদ্যালয়ের নথিতে নির্ভরযোগ্যভাবে উত্তর দেওয়ার মতো পর্যাপ্ত তথ্য পাওয়া যায়নি।,unsupported,False,0,False,insufficient,bangla,True,BANGLA_BODY_MEANINGFUL,True,True,FACTUAL_TOKENS_SUPPORTED,"[""111"", ""hss111""]",False,True,0.0,0.0,0.0,,,,0.18810350000012477,0.0002601999999569671,0.0,0.0,0.19056890000001658,False,False
Q084,banglish,HSS 111(A) Bangladesh Studies: Society and Culture course-er prerequisite ki deya ache?,HSS 111(A) Bangladesh Studies: Society and Culture course-er jonno kono prerequisite deya nei.,Provided university document-e reliable answer deyar moto enough information paoa jayni.,unsupported,False,0,False,insufficient,banglish,True,BANGLISH_MARKERS_PRESENT,True,False,UNSUPPORTED_FACTUAL_TOKENS,"[""111"", ""hss111""]",False,True,0.0,0.0,0.0,,,,0.18553410000004078,0.0003428999998504878,0.0,0.0,0.18873789999997825,False,False
Q085,english,What prerequisite is listed for HSS 111(B) Bangladesh Studies: Bangladesh History?,No prerequisite is listed for HSS 111(B) Bangladesh Studies: Bangladesh History.,I couldn't find enough information in the provided university documents to answer this reliably.,unsupported,False,0,False,insufficient,english,True,ENGLISH_BODY_VALID,True,True,GENERATION_NOT_USED,"[""111"", ""hss111""]",False,True,0.0,0.0,0.0,,,,0.19557799999984127,0.000394000000142114,0.0,0.0,0.19845329999998285,False,False
Q085,bangla,HSS 111(B) Bangladesh Studies: Bangladesh History কোর্সের prerequisite কী দেওয়া আছে?,HSS 111(B) Bangladesh Studies: Bangladesh History কোর্সের জন্য কোনো prerequisite দেওয়া নেই।,প্রদত্ত বিশ্ববিদ্যালয়ের নথিতে নির্ভরযোগ্যভাবে উত্তর দেওয়ার মতো পর্যাপ্ত তথ্য পাওয়া যায়নি।,unsupported,False,0,False,insufficient,bangla,True,BANGLA_BODY_MEANINGFUL,True,True,GENERATION_NOT_USED,"[""111"", ""hss111""]",False,True,0.0,0.0,0.0,,,,0.1817851000000701,0.0005968999998913205,0.0,0.0,0.1845846999999594,False,False
Q085,banglish,HSS 111(B) Bangladesh Studies: Bangladesh History course-er prerequisite ki deya ache?,HSS 111(B) Bangladesh Studies: Bangladesh History course-er jonno kono prerequisite deya nei.,Provided university document-e reliable answer deyar moto enough information paoa jayni.,unsupported,False,0,False,insufficient,banglish,True,BANGLISH_MARKERS_PRESENT,True,True,GENERATION_NOT_USED,"[""111"", ""hss111""]",False,True,0.0,0.0,0.0,,,,0.22670620000008057,0.00036659999977928237,0.0,0.0,0.22978739999962272,False,False
Q086,english,What prerequisite is listed for PHY 101 Physics?,No prerequisite is listed for PHY 101 Physics.,The prerequisite for PHY 101 is None.,structured_exact,False,0,False,supported,english,True,ENGLISH_BODY_VALID,True,True,FACTUAL_TOKENS_SUPPORTED,"[""101"", ""phy101""]",True,True,0.7142857142857143,0.625,0.6666666666666666,curricula_BSc-Curriculum-New.pdf,62,"Course Code: PHY 101 Course Title: Physics Credits: 3.00 Prerequisite: None Heat and Thermodynamics: Principle of temperature measurements: platinum resistance thermometer, thermo -electric thermometer, pyrometer; Kinetic theory of gases: Maxwell's distribution of molecular speeds, mean free path, equipartition of energy, Brownian motion, Van der Waal's equation of state, review of the First Law of thermodynamics and…",0.18351950000032957,0.00021670000023732428,0.0,0.0,0.18630979999988995,False,False
Q086,bangla,PHY 101 Physics কোর্সের prerequisite কী দেওয়া আছে?,PHY 101 Physics কোর্সের জন্য কোনো prerequisite দেওয়া নেই।,PHY 101 কোর্সটির prerequisite হলো None।,structured_exact,False,0,False,supported,bangla,True,BANGLA_BODY_MEANINGFUL,True,True,FACTUAL_TOKENS_SUPPORTED,"[""101"", ""phy101""]",True,True,0.5,0.3333333333333333,0.4,curricula_BSc-Curriculum-New.pdf,62,"Course Code: PHY 101 Course Title: Physics Credits: 3.00 Prerequisite: None Heat and Thermodynamics: Principle of temperature measurements: platinum resistance thermometer, thermo -electric thermometer, pyrometer; Kinetic theory of gases: Maxwell's distribution of molecular speeds, mean free path, equipartition of energy, Brownian motion, Van der Waal's equation of state, review of the First Law of thermodynamics and…",0.17782740000029662,0.00032670000018697465,0.0,0.0,0.18162179999990258,False,False
Q086,banglish,PHY 101 Physics course-er prerequisite ki deya ache?,PHY 101 Physics course-er jonno kono prerequisite deya nei.,PHY 101 course-er prerequisite holo None.,structured_exact,False,0,False,supported,banglish,True,BANGLISH_MARKERS_PRESENT,True,True,FACTUAL_TOKENS_SUPPORTED,"[""101"", ""phy101""]",True,True,0.6666666666666666,0.4444444444444444,0.5333333333333333,curricula_BSc-Curriculum-New.pdf,62,"Course Code: PHY 101 Course Title: Physics Credits: 3.00 Prerequisite: None Heat and Thermodynamics: Principle of temperature measurements: platinum resistance thermometer, thermo -electric thermometer, pyrometer; Kinetic theory of gases: Maxwell's distribution of molecular speeds, mean free path, equipartition of energy, Brownian motion, Van der Waal's equation of state, review of the First Law of thermodynamics and…",0.177875800000038,0.00021150000020497828,0.0,0.0,0.18134260000033464,False,False
Q087,english,What prerequisite is listed for PHY 102 Physics Lab?,No prerequisite is listed for PHY 102 Physics Lab.,The prerequisite for PHY 102 is None.,structured_exact,False,0,False,supported,english,True,ENGLISH_BODY_VALID,True,True,FACTUAL_TOKENS_SUPPORTED,"[""102"", ""phy102""]",True,True,0.7142857142857143,0.5555555555555556,0.6250000000000001,curricula_BSc-Curriculum-New.pdf,63,"Course Code: PHY 102 Course Title: Physics Lab Credits: 1.5 Prerequisite: None Lab work based on theory, assigned by the course teacher.",0.17339459999993778,0.00013410000019575818,0.0,0.0,0.17572870000003604,False,False
Q087,bangla,PHY 102 Physics Lab কোর্সের prerequisite কী দেওয়া আছে?,PHY 102 Physics Lab কোর্সের জন্য কোনো prerequisite দেওয়া নেই।,PHY 102 কোর্সটির prerequisite হলো None।,structured_exact,False,0,False,supported,bangla,True,BANGLA_BODY_MEANINGFUL,True,True,FACTUAL_TOKENS_SUPPORTED,"[""102"", ""phy102""]",True,True,0.5,0.3,0.37499999999999994,curricula_BSc-Curriculum-New.pdf,63,"Course Code: PHY 102 Course Title: Physics Lab Credits: 1.5 Prerequisite: None Lab work based on theory, assigned by the course teacher.",0.18541629999981524,0.00013800000033370452,0.0,0.0,0.1877638000000843,False,False
Q087,banglish,PHY 102 Physics Lab course-er prerequisite ki deya ache?,PHY 102 Physics Lab course-er jonno kono prerequisite deya nei.,PHY 102 course-er prerequisite holo None.,structured_exact,False,0,False,supported,banglish,True,BANGLISH_MARKERS_PRESENT,True,True,FACTUAL_TOKENS_SUPPORTED,"[""102"", ""phy102""]",True,True,0.6666666666666666,0.4,0.5,curricula_BSc-Curriculum-New.pdf,63,"Course Code: PHY 102 Course Title: Physics Lab Credits: 1.5 Prerequisite: None Lab work based on theory, assigned by the course teacher.",0.32213229999979376,0.00013390000003710156,0.0,0.0,0.3256261000001359,False,False
Q088,english,"What prerequisite is listed for MTH 101 Math I: Basic Calculus, Co-ordinate Geometry?","No prerequisite is listed for MTH 101 Math I: Basic Calculus, Co-ordinate Geometry.",The prerequisite for MTH 101 is N/A.,structured_exact,False,0,False,supported,english,True,ENGLISH_BODY_VALID,True,True,FACTUAL_TOKENS_SUPPORTED,"[""101"", ""mth101""]",True,True,0.7142857142857143,0.4166666666666667,0.5263157894736842,curricula_BSc-Curriculum-New.pdf,63,"Course Code: MTH 101 Course Title: Math I Credits: 3.00 Prerequisite: N/A Three dimensional geometry: Co-ordinates in three dimensions, direction cosines and direction ratios, planes, sphere, straight line and conicoids (basic definition and properties only). Concept of functions : Function, domain and range of a function, graphs of simple functions (exponential, logarithmic and trigonometric), inverse function, func…",0.19181200000002718,0.00021319999996194383,0.0,0.0,0.19457520000014483,False,False
Q088,bangla,"MTH 101 Math I: Basic Calculus, Co-ordinate Geometry কোর্সের prerequisite কী দেওয়া আছে?","MTH 101 Math I: Basic Calculus, Co-ordinate Geometry কোর্সের জন্য কোনো prerequisite দেওয়া নেই।",MTH 101 কোর্সটির prerequisite হলো N/A।,structured_exact,False,0,False,supported,bangla,True,BANGLA_BODY_MEANINGFUL,True,True,FACTUAL_TOKENS_SUPPORTED,"[""101"", ""mth101""]",True,True,0.6,0.23076923076923078,0.33333333333333337,curricula_BSc-Curriculum-New.pdf,63,"Course Code: MTH 101 Course Title: Math I Credits: 3.00 Prerequisite: N/A Three dimensional geometry: Co-ordinates in three dimensions, direction cosines and direction ratios, planes, sphere, straight line and conicoids (basic definition and properties only). Concept of functions : Function, domain and range of a function, graphs of simple functions (exponential, logarithmic and trigonometric), inverse function, func…",0.19511110000030385,0.00021479999986695475,0.0,0.0,0.19788439999956609,False,False
Q088,banglish,"MTH 101 Math I: Basic Calculus, Co-ordinate Geometry course-er prerequisite ki deya ache?","MTH 101 Math I: Basic Calculus, Co-ordinate Geometry course-er jonno kono prerequisite deya nei.",MTH 101 course-er prerequisite holo N/A.,structured_exact,False,0,False,supported,banglish,True,BANGLISH_MARKERS_PRESENT,True,True,FACTUAL_TOKENS_SUPPORTED,"[""101"", ""mth101""]",True,True,0.6666666666666666,0.3076923076923077,0.42105263157894735,curricula_BSc-Curriculum-New.pdf,63,"Course Code: MTH 101 Course Title: Math I Credits: 3.00 Prerequisite: N/A Three dimensional geometry: Co-ordinates in three dimensions, direction cosines and direction ratios, planes, sphere, straight line and conicoids (basic definition and properties only). Concept of functions : Function, domain and range of a function, graphs of simple functions (exponential, logarithmic and trigonometric), inverse function, func…",0.19613090000029842,0.0002131000001099892,0.0,0.0,0.19882060000009005,False,False
Q089,english,What prerequisite is listed for CSE 103 Structured Programming?,The listed prerequisite for CSE 103 Structured Programming is CSE 101.,The prerequisite for CSE 103 is CSE 101.,structured_exact,False,0,False,supported,english,True,ENGLISH_BODY_VALID,True,True,FACTUAL_TOKENS_SUPPORTED,"[""101"", ""103"", ""cse101"", ""cse103""]",True,True,1.0,0.7,0.8235294117647058,curricula_BSc-Curriculum-New.pdf,66,"Course Code: CSE 103 Course Title: Structured Programming Credits: 3.00 Prerequisite: CSE 101 Character Strings: Variable length character strings, String manipulat ion, Dynamic memory allocation. Recursive functions: Defining and working procedure, base condition. Structures: Concepts, Accessing members, Arrays of structures. Pointers: Fundamentals, declarations, Pointers and structures/arrays, Operations on Pointer…",0.2026066000003084,0.00030319999996208935,0.0,0.0,0.20801319999964107,False,False
Q089,bangla,CSE 103 Structured Programming কোর্সের prerequisite কী দেওয়া আছে?,CSE 103 Structured Programming কোর্সের prerequisite হিসেবে CSE 101 দেওয়া আছে।,CSE 103 কোর্সটির prerequisite হলো CSE 101।,structured_exact,False,0,False,supported,bangla,True,BANGLA_BODY_MEANINGFUL,True,True,FACTUAL_TOKENS_SUPPORTED,"[""101"", ""103"", ""cse101"", ""cse103""]",True,True,0.6666666666666666,0.4,0.5,curricula_BSc-Curriculum-New.pdf,66,"Course Code: CSE 103 Course Title: Structured Programming Credits: 3.00 Prerequisite: CSE 101 Character Strings: Variable length character strings, String manipulat ion, Dynamic memory allocation. Recursive functions: Defining and working procedure, base condition. Structures: Concepts, Accessing members, Arrays of structures. Pointers: Fundamentals, declarations, Pointers and structures/arrays, Operations on Pointer…",0.21542189999991024,0.00031420000004800386,0.0,0.0,0.21932809999998426,False,False
Q089,banglish,CSE 103 Structured Programming course-er prerequisite ki deya ache?,CSE 103 Structured Programming course-er prerequisite hisebe CSE 101 deya ache.,CSE 103 course-er prerequisite holo CSE 101.,structured_exact,False,0,False,supported,banglish,True,BANGLISH_MARKERS_PRESENT,True,True,FACTUAL_TOKENS_SUPPORTED,"[""101"", ""103"", ""cse101"", ""cse103""]",True,True,0.6666666666666666,0.4,0.5,curricula_BSc-Curriculum-New.pdf,66,"Course Code: CSE 103 Course Title: Structured Programming Credits: 3.00 Prerequisite: CSE 101 Character Strings: Variable length character strings, String manipulat ion, Dynamic memory allocation. Recursive functions: Defining and working procedure, base condition. Structures: Concepts, Accessing members, Arrays of structures. Pointers: Fundamentals, declarations, Pointers and structures/arrays, Operations on Pointer…",0.21069699999998193,0.0003393000001779001,0.0,0.0,0.21495969999978115,False,False
Q090,english,What prerequisite is listed for CSE 104 Structured Programming Lab?,No prerequisite is listed for CSE 104 Structured Programming Lab.,The prerequisite for CSE 104 is None.,structured_exact,False,0,False,supported,english,True,ENGLISH_BODY_VALID,True,True,FACTUAL_TOKENS_SUPPORTED,"[""104"", ""cse104""]",True,True,0.7142857142857143,0.5,0.588235294117647,curricula_BSc-Curriculum-New.pdf,66,Course Code: CSE 104 Course Title: Structured Programming Lab Credits: 1.50 Prerequisite: None Objectives: Laboratory works and assignments will be based on CSE – 103,0.21329050000031202,0.0002684999999473803,0.0,0.0,0.2176857999997992,False,False
Q090,bangla,CSE 104 Structured Programming Lab কোর্সের prerequisite কী দেওয়া আছে?,CSE 104 Structured Programming Lab কোর্সের জন্য কোনো prerequisite দেওয়া নেই।,CSE 104 কোর্সটির prerequisite হলো None।,structured_exact,False,0,False,supported,bangla,True,BANGLA_BODY_MEANINGFUL,True,True,FACTUAL_TOKENS_SUPPORTED,"[""104"", ""cse104""]",True,True,0.5,0.2727272727272727,0.3529411764705882,curricula_BSc-Curriculum-New.pdf,66,Course Code: CSE 104 Course Title: Structured Programming Lab Credits: 1.50 Prerequisite: None Objectives: Laboratory works and assignments will be based on CSE – 103,0.21473569999989195,0.0002679999997781124,0.0,0.0,0.21866270000009536,False,False
Q090,banglish,CSE 104 Structured Programming Lab course-er prerequisite ki deya ache?,CSE 104 Structured Programming Lab course-er jonno kono prerequisite deya nei.,CSE 104 course-er prerequisite holo None.,structured_exact,False,0,False,supported,banglish,True,BANGLISH_MARKERS_PRESENT,True,True,FACTUAL_TOKENS_SUPPORTED,"[""104"", ""cse104""]",True,True,0.6666666666666666,0.36363636363636365,0.4705882352941177,curricula_BSc-Curriculum-New.pdf,66,Course Code: CSE 104 Course Title: Structured Programming Lab Credits: 1.50 Prerequisite: None Objectives: Laboratory works and assignments will be based on CSE – 103,0.18990919999987455,0.0002044000002570101,0.0,0.0,0.19303639999998268,False,False
Q091,english,What prerequisite is listed for CSE 105 Discrete Mathematics?,No prerequisite is listed for CSE 105 Discrete Mathematics.,The prerequisite for CSE 105 is None.,structured_exact,False,0,False,supported,english,True,ENGLISH_BODY_VALID,True,True,FACTUAL_TOKENS_SUPPORTED,"[""105"", ""cse105""]",True,True,0.7142857142857143,0.5555555555555556,0.6250000000000001,curricula_BSc-Curriculum-New.pdf,66,"Course Code: CSE 105 Course Title: Discrete Mathematics Credits: 3.00 Prerequisite: None Mathematical Models & Foundations: Logic, Proposition, Propositional Equivalence, Propositional and Predicate Calculus: Predicates, predicate formulas, Quantifiers, Statements and Compound statements, tautologies and contradictions, logic al equivalence, algebra of propositions and conditionals, arguments and theory of inference…",0.18730310000000827,0.00028400000019246363,0.0,0.0,0.19141139999965162,False,False
Q091,bangla,CSE 105 Discrete Mathematics কোর্সের prerequisite কী দেওয়া আছে?,CSE 105 Discrete Mathematics কোর্সের জন্য কোনো prerequisite দেওয়া নেই।,CSE 105 কোর্সটির prerequisite হলো None।,structured_exact,False,0,False,supported,bangla,True,BANGLA_BODY_MEANINGFUL,True,True,FACTUAL_TOKENS_SUPPORTED,"[""105"", ""cse105""]",True,True,0.5,0.3,0.37499999999999994,curricula_BSc-Curriculum-New.pdf,66,"Course Code: CSE 105 Course Title: Discrete Mathematics Credits: 3.00 Prerequisite: None Mathematical Models & Foundations: Logic, Proposition, Propositional Equivalence, Propositional and Predicate Calculus: Predicates, predicate formulas, Quantifiers, Statements and Compound statements, tautologies and contradictions, logic al equivalence, algebra of propositions and conditionals, arguments and theory of inference…",0.18046189999995477,0.0003071999999519903,0.0,0.0,0.18471520000002783,False,False
Q091,banglish,CSE 105 Discrete Mathematics course-er prerequisite ki deya ache?,CSE 105 Discrete Mathematics course-er jonno kono prerequisite deya nei.,CSE 105 course-er prerequisite holo None.,structured_exact,False,0,False,supported,banglish,True,BANGLISH_MARKERS_PRESENT,True,True,FACTUAL_TOKENS_SUPPORTED,"[""105"", ""cse105""]",True,True,0.6666666666666666,0.4,0.5,curricula_BSc-Curriculum-New.pdf,66,"Course Code: CSE 105 Course Title: Discrete Mathematics Credits: 3.00 Prerequisite: None Mathematical Models & Foundations: Logic, Proposition, Propositional Equivalence, Propositional and Predicate Calculus: Predicates, predicate formulas, Quantifiers, Statements and Compound statements, tautologies and contradictions, logic al equivalence, algebra of propositions and conditionals, arguments and theory of inference…",0.18235350000031758,0.000283800000033807,0.0,0.0,0.18570269999963784,False,False
Q092,english,What prerequisite is listed for EEE 121 Electrical & Electronic Engineering I?,No prerequisite is listed for EEE 121 Electrical & Electronic Engineering I.,The prerequisite for EEE 121 is None.,structured_exact,False,0,False,supported,english,True,ENGLISH_BODY_VALID,True,True,FACTUAL_TOKENS_SUPPORTED,"[""121"", ""eee121""]",True,True,0.7142857142857143,0.45454545454545453,0.5555555555555556,curricula_BSc-Curriculum-New.pdf,65,"Course Code: EEE 121 Course Title: Electrical & Electronic Engineering I Credits: 3.00 Prerequisite: None Basic concepts: current, voltage, emf, Ohm‘s law, Kirchoff‘s Current and Voltage Laws, Current and voltage divider rules, types of sources, source conversion methods, equivalent resistance, star -delta conversion; Network analysis and theorems : loop and nodal analysis, Superposition, Thevenin‘s, Norton‘s and Max…",0.18663269999979093,0.0002191999997194216,0.0,0.0,0.18932749999976295,False,False
Q092,bangla,EEE 121 Electrical & Electronic Engineering I কোর্সের prerequisite কী দেওয়া আছে?,EEE 121 Electrical & Electronic Engineering I কোর্সের জন্য কোনো prerequisite দেওয়া নেই।,EEE 121 কোর্সটির prerequisite হলো None।,structured_exact,False,0,False,supported,bangla,True,BANGLA_BODY_MEANINGFUL,True,True,FACTUAL_TOKENS_SUPPORTED,"[""121"", ""eee121""]",True,True,0.5,0.2727272727272727,0.3529411764705882,curricula_BSc-Curriculum-New.pdf,65,"Course Code: EEE 121 Course Title: Electrical & Electronic Engineering I Credits: 3.00 Prerequisite: None Basic concepts: current, voltage, emf, Ohm‘s law, Kirchoff‘s Current and Voltage Laws, Current and voltage divider rules, types of sources, source conversion methods, equivalent resistance, star -delta conversion; Network analysis and theorems : loop and nodal analysis, Superposition, Thevenin‘s, Norton‘s and Max…",0.1790922000000137,0.00021980000019539148,0.0,0.0,0.18193320000000313,False,False
Q092,banglish,EEE 121 Electrical & Electronic Engineering I course-er prerequisite ki deya ache?,EEE 121 Electrical & Electronic Engineering I course-er jonno kono prerequisite deya nei.,EEE 121 course-er prerequisite holo None.,structured_exact,False,0,False,supported,banglish,True,BANGLISH_MARKERS_PRESENT,True,True,FACTUAL_TOKENS_SUPPORTED,"[""121"", ""eee121""]",True,True,0.6666666666666666,0.36363636363636365,0.4705882352941177,curricula_BSc-Curriculum-New.pdf,65,"Course Code: EEE 121 Course Title: Electrical & Electronic Engineering I Credits: 3.00 Prerequisite: None Basic concepts: current, voltage, emf, Ohm‘s law, Kirchoff‘s Current and Voltage Laws, Current and voltage divider rules, types of sources, source conversion methods, equivalent resistance, star -delta conversion; Network analysis and theorems : loop and nodal analysis, Superposition, Thevenin‘s, Norton‘s and Max…",0.21258570000009058,0.00037380000003395253,0.0,0.0,0.21691680000003544,False,False
Q093,english,What prerequisite is listed for EEE 122 Electrical & Electronic Engineering I Lab?,No prerequisite is listed for EEE 122 Electrical & Electronic Engineering I Lab.,The prerequisite for EEE 122 is None.,structured_exact,False,0,False,supported,english,True,ENGLISH_BODY_VALID,True,True,FACTUAL_TOKENS_SUPPORTED,"[""122"", ""eee122""]",True,True,0.7142857142857143,0.45454545454545453,0.5555555555555556,curricula_BSc-Curriculum-New.pdf,67,Course Code: EEE 122 Course Title: Electrical & Electronic Engineering I Lab Credits: 1.50 Prerequisite: None Laboratory work based on EEE 121 5.3 Second Year First Semester,0.20594290000008186,0.0001692999999249878,0.0,0.0,0.2094403000000966,False,False
Q093,bangla,EEE 122 Electrical & Electronic Engineering I Lab কোর্সের prerequisite কী দেওয়া আছে?,EEE 122 Electrical & Electronic Engineering I Lab কোর্সের জন্য কোনো prerequisite দেওয়া নেই।,EEE 122 কোর্সটির prerequisite হলো None।,structured_exact,False,0,False,supported,bangla,True,BANGLA_BODY_MEANINGFUL,True,True,FACTUAL_TOKENS_SUPPORTED,"[""122"", ""eee122""]",True,True,0.5,0.25,0.3333333333333333,curricula_BSc-Curriculum-New.pdf,67,Course Code: EEE 122 Course Title: Electrical & Electronic Engineering I Lab Credits: 1.50 Prerequisite: None Laboratory work based on EEE 121 5.3 Second Year First Semester,0.21017689999962386,0.0002119999999194988,0.0,0.0,0.2143796000000293,False,False
Q093,banglish,EEE 122 Electrical & Electronic Engineering I Lab course-er prerequisite ki deya ache?,EEE 122 Electrical & Electronic Engineering I Lab course-er jonno kono prerequisite deya nei.,EEE 122 course-er prerequisite holo None.,structured_exact,False,0,False,supported,banglish,True,BANGLISH_MARKERS_PRESENT,True,True,FACTUAL_TOKENS_SUPPORTED,"[""122"", ""eee122""]",True,True,0.6666666666666666,0.3333333333333333,0.4444444444444444,curricula_BSc-Curriculum-New.pdf,67,Course Code: EEE 122 Course Title: Electrical & Electronic Engineering I Lab Credits: 1.50 Prerequisite: None Laboratory work based on EEE 121 5.3 Second Year First Semester,0.3714033000001109,0.00020499999982348527,0.0,0.0,0.37439709999989645,False,False
Q094,english,What prerequisite is listed for MTH 103 Math II: Linear Algebra?,No prerequisite is listed for MTH 103 Math II: Linear Algebra.,The prerequisite for MTH 103 is None.,structured_exact,False,0,False,supported,english,True,ENGLISH_BODY_VALID,True,True,FACTUAL_TOKENS_SUPPORTED,"[""103"", ""mth103""]",True,True,0.7142857142857143,0.45454545454545453,0.5555555555555556,curricula_BSc-Curriculum-New.pdf,64,Course Code: MTH 103 Course Title: Math II: Linear Algebra Credits: 3.00 Prerequisite: None,0.19749869999986913,0.000168500000199856,0.0,0.0,0.20045530000015788,False,False
Q094,bangla,MTH 103 Math II: Linear Algebra কোর্সের prerequisite কী দেওয়া আছে?,MTH 103 Math II: Linear Algebra কোর্সের জন্য কোনো prerequisite দেওয়া নেই।,MTH 103 কোর্সটির prerequisite হলো None।,structured_exact,False,0,False,supported,bangla,True,BANGLA_BODY_MEANINGFUL,True,True,FACTUAL_TOKENS_SUPPORTED,"[""103"", ""mth103""]",True,True,0.5,0.25,0.3333333333333333,curricula_BSc-Curriculum-New.pdf,64,Course Code: MTH 103 Course Title: Math II: Linear Algebra Credits: 3.00 Prerequisite: None,0.1922210000002451,0.00013540000009015785,0.0,0.0,0.1954341000000568,False,False
Q094,banglish,MTH 103 Math II: Linear Algebra course-er prerequisite ki deya ache?,MTH 103 Math II: Linear Algebra course-er jonno kono prerequisite deya nei.,MTH 103 course-er prerequisite holo None.,structured_exact,False,0,False,supported,banglish,True,BANGLISH_MARKERS_PRESENT,True,True,FACTUAL_TOKENS_SUPPORTED,"[""103"", ""mth103""]",True,True,0.6666666666666666,0.3333333333333333,0.4444444444444444,curricula_BSc-Curriculum-New.pdf,64,Course Code: MTH 103 Course Title: Math II: Linear Algebra Credits: 3.00 Prerequisite: None,0.19523770000023433,0.00012900000001536682,0.0,0.0,0.19758450000017547,False,False
Q095,english,What prerequisite is listed for CHEM 111 Chemistry?,No prerequisite is listed for CHEM 111 Chemistry.,The prerequisite for CHEM 111 is N/A.,structured_exact,False,0,False,supported,english,True,ENGLISH_BODY_VALID,True,True,FACTUAL_TOKENS_SUPPORTED,"[""111"", ""chem111""]",True,True,0.7142857142857143,0.625,0.6666666666666666,curricula_BSc-Curriculum-New.pdf,64,"Course Code: CHEM 111 Course Title: Credits: 3.00 Prerequisite: N/A Atomic structure, quantum numbers, electroni c conﬁguration, periodic table; Properties and uses of noble gases; Different types of chemical bonds and their properties; Molecular structure of compounds; Selective organic reactions; Different types of solutions and their compositions; Phase rule, phase diagram of monocomponent system; Properties of di…",0.18005790000006527,0.00020379999978104024,0.0,0.0,0.18381499999986772,False,False
Q095,bangla,CHEM 111 Chemistry কোর্সের prerequisite কী দেওয়া আছে?,CHEM 111 Chemistry কোর্সের জন্য কোনো prerequisite দেওয়া নেই।,CHEM 111 কোর্সটির prerequisite হলো N/A।,structured_exact,False,0,False,supported,bangla,True,BANGLA_BODY_MEANINGFUL,True,True,FACTUAL_TOKENS_SUPPORTED,"[""111"", ""chem111""]",True,True,0.6,0.3333333333333333,0.42857142857142855,curricula_BSc-Curriculum-New.pdf,64,"Course Code: CHEM 111 Course Title: Credits: 3.00 Prerequisite: N/A Atomic structure, quantum numbers, electroni c conﬁguration, periodic table; Properties and uses of noble gases; Different types of chemical bonds and their properties; Molecular structure of compounds; Selective organic reactions; Different types of solutions and their compositions; Phase rule, phase diagram of monocomponent system; Properties of di…",0.1918521000002329,0.0002598999999463558,0.0,0.0,0.19509800000014366,False,False
Q095,banglish,CHEM 111 Chemistry course-er prerequisite ki deya ache?,CHEM 111 Chemistry course-er jonno kono prerequisite deya nei.,CHEM 111 course-er prerequisite holo N/A.,structured_exact,False,0,False,supported,banglish,True,BANGLISH_MARKERS_PRESENT,True,True,FACTUAL_TOKENS_SUPPORTED,"[""111"", ""chem111""]",True,True,0.6666666666666666,0.4444444444444444,0.5333333333333333,curricula_BSc-Curriculum-New.pdf,64,"Course Code: CHEM 111 Course Title: Credits: 3.00 Prerequisite: N/A Atomic structure, quantum numbers, electroni c conﬁguration, periodic table; Properties and uses of noble gases; Different types of chemical bonds and their properties; Molecular structure of compounds; Selective organic reactions; Different types of solutions and their compositions; Phase rule, phase diagram of monocomponent system; Properties of di…",0.17842220000011366,0.0002007000002777204,0.0,0.0,0.18096280000008846,False,False
Q096,english,What prerequisite is listed for CHEM 112 Chemistry Lab?,No prerequisite is listed for CHEM 112 Chemistry Lab.,Prerequisite: Nil.,structured_exact,False,0,False,supported,english,True,ENGLISH_BODY_VALID,True,False,UNSUPPORTED_FACTUAL_TOKENS,"[""112"", ""chem112""]",False,True,0.5,0.1111111111111111,0.1818181818181818,curricula_BSc-Curriculum-New.pdf,52,CHEM 112 Chemistry Lab 1.50 Nil Total 19.50 Second Year First Semester Course Code Course Title Credits Pre- Requisite,0.2061943000003339,0.001227299999754905,0.0,0.0,0.21144599999979619,False,False
Q096,bangla,CHEM 112 Chemistry Lab কোর্সের prerequisite কী দেওয়া আছে?,CHEM 112 Chemistry Lab কোর্সের জন্য কোনো prerequisite দেওয়া নেই।,অনুরোধ করা বিষয়টির কোর্সটির prerequisite হলো Nil।,structured_exact,False,0,False,supported,bangla,True,BANGLA_BODY_MEANINGFUL,True,True,FACTUAL_TOKENS_SUPPORTED,"[""112"", ""chem112""]",False,True,0.14285714285714285,0.1,0.11764705882352941,curricula_BSc-Curriculum-New.pdf,52,CHEM 112 Chemistry Lab 1.50 Nil Total 19.50 Second Year First Semester Course Code Course Title Credits Pre- Requisite,0.20396949999985736,0.00018500000032872777,0.0,0.0,0.20655669999996462,False,False
Q096,banglish,CHEM 112 Chemistry Lab course-er prerequisite ki deya ache?,CHEM 112 Chemistry Lab course-er jonno kono prerequisite deya nei.,Requested item-er course-er prerequisite holo Nil.,structured_exact,False,0,False,supported,banglish,True,BANGLISH_MARKERS_PRESENT,True,False,UNSUPPORTED_FACTUAL_TOKENS,"[""112"", ""chem112""]",False,True,0.3333333333333333,0.2,0.25,curricula_BSc-Curriculum-New.pdf,52,CHEM 112 Chemistry Lab 1.50 Nil Total 19.50 Second Year First Semester Course Code Course Title Credits Pre- Requisite,0.20766090000006443,0.00024470000016663107,0.0,0.0,0.21157469999980094,False,False
Q097,english,What prerequisite is listed for CSE 203 Object Oriented Programming I: Java?,The listed prerequisite for CSE 203 Object Oriented Programming I: Java is CSE 103.,The prerequisite for CSE 203 is CSE 103.,structured_exact,False,0,False,supported,english,True,ENGLISH_BODY_VALID,True,True,FACTUAL_TOKENS_SUPPORTED,"[""103"", ""203"", ""cse103"", ""cse203""]",True,True,1.0,0.5833333333333334,0.7368421052631579,curricula_BSc-Curriculum-New.pdf,70,"Course Code: CSE 203 Course Title: Object Oriented Programming I: Java Credits: 3.00 Prerequisite: CSE 103 Course Contents: Object-Oriented Fundamentals, Encapsulation, Polymorphism, Inheritance, Class, Object, Java Language Introduction, Variabl e Types and operators, Casting, Arrays, Introducing classes, Adding methods to class, constructor, String Handling, Garbage collection, Inheritance, Inner Class, Abstract Cl…",0.22027250000019194,0.0004108999996788043,0.0,0.0,0.22394359999998414,False,False
Q097,bangla,CSE 203 Object Oriented Programming I: Java কোর্সের prerequisite কী দেওয়া আছে?,CSE 203 Object Oriented Programming I: Java কোর্সের prerequisite হিসেবে CSE 103 দেওয়া আছে।,CSE 203 কোর্সটির prerequisite হলো CSE 103।,structured_exact,False,0,False,supported,bangla,True,BANGLA_BODY_MEANINGFUL,True,True,FACTUAL_TOKENS_SUPPORTED,"[""103"", ""203"", ""cse103"", ""cse203""]",True,True,0.6666666666666666,0.3333333333333333,0.4444444444444444,curricula_BSc-Curriculum-New.pdf,70,"Course Code: CSE 203 Course Title: Object Oriented Programming I: Java Credits: 3.00 Prerequisite: CSE 103 Course Contents: Object-Oriented Fundamentals, Encapsulation, Polymorphism, Inheritance, Class, Object, Java Language Introduction, Variabl e Types and operators, Casting, Arrays, Introducing classes, Adding methods to class, constructor, String Handling, Garbage collection, Inheritance, Inner Class, Abstract Cl…",0.21791609999991124,0.0002472999999554304,0.0,0.0,0.22197910000022603,False,False
Q097,banglish,CSE 203 Object Oriented Programming I: Java course-er prerequisite ki deya ache?,CSE 203 Object Oriented Programming I: Java course-er prerequisite hisebe CSE 103 deya ache.,CSE 203 course-er prerequisite holo CSE 103.,structured_exact,False,0,False,supported,banglish,True,BANGLISH_MARKERS_PRESENT,True,True,FACTUAL_TOKENS_SUPPORTED,"[""103"", ""203"", ""cse103"", ""cse203""]",True,True,0.6666666666666666,0.3333333333333333,0.4444444444444444,curricula_BSc-Curriculum-New.pdf,70,"Course Code: CSE 203 Course Title: Object Oriented Programming I: Java Credits: 3.00 Prerequisite: CSE 103 Course Contents: Object-Oriented Fundamentals, Encapsulation, Polymorphism, Inheritance, Class, Object, Java Language Introduction, Variabl e Types and operators, Casting, Arrays, Introducing classes, Adding methods to class, constructor, String Handling, Garbage collection, Inheritance, Inner Class, Abstract Cl…",0.1945965999998407,0.00032190000001719454,0.0,0.0,0.19774280000001454,False,False
Q098,english,What prerequisite is listed for CSE 204 Object Oriented Programming I Lab: Java Lab?,No prerequisite is listed for CSE 204 Object Oriented Programming I Lab: Java Lab.,The prerequisite for CSE 204 is None.,structured_exact,False,0,False,supported,english,True,ENGLISH_BODY_VALID,True,True,FACTUAL_TOKENS_SUPPORTED,"[""204"", ""cse204""]",True,True,0.7142857142857143,0.38461538461538464,0.5,curricula_BSc-Curriculum-New.pdf,70,Course Code: CSE 204 Course Title: Object Oriented Programming I: Java Lab Credits: 1.50 Prerequisite: None Laboratory work based on Object Oriented Programming: JA VA(CSE 203),0.18378729999994903,0.00020990000029996736,0.0,0.0,0.18694120000009207,False,False
Q098,bangla,CSE 204 Object Oriented Programming I Lab: Java Lab কোর্সের prerequisite কী দেওয়া আছে?,CSE 204 Object Oriented Programming I Lab: Java Lab কোর্সের জন্য কোনো prerequisite দেওয়া নেই।,CSE 204 কোর্সটির prerequisite হলো None।,structured_exact,False,0,False,supported,bangla,True,BANGLA_BODY_MEANINGFUL,True,True,FACTUAL_TOKENS_SUPPORTED,"[""204"", ""cse204""]",True,True,0.5,0.23076923076923078,0.3157894736842105,curricula_BSc-Curriculum-New.pdf,70,Course Code: CSE 204 Course Title: Object Oriented Programming I: Java Lab Credits: 1.50 Prerequisite: None Laboratory work based on Object Oriented Programming: JA VA(CSE 203),0.18647609999970882,0.0001685999995970633,0.0,0.0,0.1892652999999882,False,False
Q098,banglish,CSE 204 Object Oriented Programming I Lab: Java Lab course-er prerequisite ki deya ache?,CSE 204 Object Oriented Programming I Lab: Java Lab course-er jonno kono prerequisite deya nei.,CSE 204 course-er prerequisite holo None.,structured_exact,False,0,False,supported,banglish,True,BANGLISH_MARKERS_PRESENT,True,True,FACTUAL_TOKENS_SUPPORTED,"[""204"", ""cse204""]",True,True,0.6666666666666666,0.3076923076923077,0.42105263157894735,curricula_BSc-Curriculum-New.pdf,70,Course Code: CSE 204 Course Title: Object Oriented Programming I: Java Lab Credits: 1.50 Prerequisite: None Laboratory work based on Object Oriented Programming: JA VA(CSE 203),0.18707369999992807,0.0001606000000720087,0.0,0.0,0.18957069999987652,False,False
Q099,english,What prerequisite is listed for CSE 205 Data Structures?,"The listed prerequisite for CSE 205 Data Structures is CSE 101, CSE 103, CSE 105.","The prerequisite for CSE 205 is CSE 101, CSE 103, CSE 105.",structured_exact,False,0,False,supported,english,True,ENGLISH_BODY_VALID,True,True,FACTUAL_TOKENS_SUPPORTED,"[""101"", ""103"", ""105"", ""205"", ""cse101"", ""cse103"", ""cse105"", ""cse205""]",True,True,1.0,0.75,0.8571428571428571,curricula_BSc-Curriculum-New.pdf,68,"Course Code: CSE 205 Course Title: Data Structures Credits: 3.00 Prerequisite: CSE 101, CSE 103, CSE 105 Introduction to Data Structures, Purposes of data stru cture, operations. Complexity of Algorithms: Asymptotic Notation and Runtime Analysis of Algorithms, Array: Insertion, Deletion, Matrix representation of arrays, Multidimensional arrays, Pointers arrays, Record structures, Representation of records in memory;…",0.1800216999999975,0.00034270000014657853,0.0,0.0,0.1833599999999933,False,False
Q099,bangla,CSE 205 Data Structures কোর্সের prerequisite কী দেওয়া আছে?,"CSE 205 Data Structures কোর্সের prerequisite হিসেবে CSE 101, CSE 103, CSE 105 দেওয়া আছে।","CSE 205 কোর্সটির prerequisite হলো CSE 101, CSE 103, CSE 105।",structured_exact,False,0,False,supported,bangla,True,BANGLA_BODY_MEANINGFUL,True,True,FACTUAL_TOKENS_SUPPORTED,"[""101"", ""103"", ""105"", ""205"", ""cse101"", ""cse103"", ""cse105"", ""cse205""]",True,True,0.75,0.5,0.6,curricula_BSc-Curriculum-New.pdf,68,"Course Code: CSE 205 Course Title: Data Structures Credits: 3.00 Prerequisite: CSE 101, CSE 103, CSE 105 Introduction to Data Structures, Purposes of data stru cture, operations. Complexity of Algorithms: Asymptotic Notation and Runtime Analysis of Algorithms, Array: Insertion, Deletion, Matrix representation of arrays, Multidimensional arrays, Pointers arrays, Record structures, Representation of records in memory;…",0.21299009999984264,0.0002951000001303328,0.0,0.0,0.21611609999990833,False,False
Q099,banglish,CSE 205 Data Structures course-er prerequisite ki deya ache?,"CSE 205 Data Structures course-er prerequisite hisebe CSE 101, CSE 103, CSE 105 deya ache.","CSE 205 course-er prerequisite holo CSE 101, CSE 103, CSE 105.",structured_exact,False,0,False,supported,banglish,True,BANGLISH_MARKERS_PRESENT,True,True,FACTUAL_TOKENS_SUPPORTED,"[""101"", ""103"", ""105"", ""205"", ""cse101"", ""cse103"", ""cse105"", ""cse205""]",True,True,0.75,0.5,0.6,curricula_BSc-Curriculum-New.pdf,68,"Course Code: CSE 205 Course Title: Data Structures Credits: 3.00 Prerequisite: CSE 101, CSE 103, CSE 105 Introduction to Data Structures, Purposes of data stru cture, operations. Complexity of Algorithms: Asymptotic Notation and Runtime Analysis of Algorithms, Array: Insertion, Deletion, Matrix representation of arrays, Multidimensional arrays, Pointers arrays, Record structures, Representation of records in memory;…",0.20566680000001725,0.0004104999998162384,0.0,0.0,0.21032990000003338,False,False
Q100,english,What prerequisite is listed for CSE 206 Data Structures Lab?,No prerequisite is listed for CSE 206 Data Structures Lab.,The prerequisite for CSE 206 is None.,structured_exact,False,0,False,supported,english,True,ENGLISH_BODY_VALID,True,True,FACTUAL_TOKENS_SUPPORTED,"[""206"", ""cse206""]",True,True,0.7142857142857143,0.5,0.588235294117647,curricula_BSc-Curriculum-New.pdf,69,"Course Code: CSE 206 Course Title: Data Structures Lab Credits: 1.50 Prerequisite: None Objectives: Laboratory assignments will be based on Course CSE -205. Students will be able to implement different data strcutures; like Array, String, Linked List, Stack, Queue, Tree, and Graph in any programming language. They will be introduced with different sorting algorithms and advanced data structures. Text Book: 1. Data St…",0.21105729999999312,0.00024279999979626155,0.0,0.0,0.2157443000000967,False,False
Q100,bangla,CSE 206 Data Structures Lab কোর্সের prerequisite কী দেওয়া আছে?,CSE 206 Data Structures Lab কোর্সের জন্য কোনো prerequisite দেওয়া নেই।,CSE 206 কোর্সটির prerequisite হলো None।,structured_exact,False,0,False,supported,bangla,True,BANGLA_BODY_MEANINGFUL,True,True,FACTUAL_TOKENS_SUPPORTED,"[""206"", ""cse206""]",True,True,0.5,0.2727272727272727,0.3529411764705882,curricula_BSc-Curriculum-New.pdf,69,"Course Code: CSE 206 Course Title: Data Structures Lab Credits: 1.50 Prerequisite: None Objectives: Laboratory assignments will be based on Course CSE -205. Students will be able to implement different data strcutures; like Array, String, Linked List, Stack, Queue, Tree, and Graph in any programming language. They will be introduced with different sorting algorithms and advanced data structures. Text Book: 1. Data St…",0.36946260000013353,0.00022849999959362322,0.0,0.0,0.3722064000003229,False,False
Q100,banglish,CSE 206 Data Structures Lab course-er prerequisite ki deya ache?,CSE 206 Data Structures Lab course-er jonno kono prerequisite deya nei.,CSE 206 course-er prerequisite holo None.,structured_exact,False,0,False,supported,banglish,True,BANGLISH_MARKERS_PRESENT,True,True,FACTUAL_TOKENS_SUPPORTED,"[""206"", ""cse206""]",True,True,0.6666666666666666,0.36363636363636365,0.4705882352941177,curricula_BSc-Curriculum-New.pdf,69,"Course Code: CSE 206 Course Title: Data Structures Lab Credits: 1.50 Prerequisite: None Objectives: Laboratory assignments will be based on Course CSE -205. Students will be able to implement different data strcutures; like Array, String, Linked List, Stack, Queue, Tree, and Graph in any programming language. They will be introduced with different sorting algorithms and advanced data structures. Text Book: 1. Data St…",0.18346910000036587,0.00022399999988920172,0.0,0.0,0.18611820000023727,False,False
