question_id,language,question,requested_entity,requested_field,retrieved_top_3_chunks,supporting_evidence,support_status_before_generation,support_reason_before_generation,answer_strategy_requested,raw_first_generation,first_language_validation_passed,first_language_validation_reason,first_semantic_validation_passed,first_semantic_validation_reason,first_grounding_validation_passed,first_grounding_validation_reason,retry_reason,raw_retry_output,retry_language_validation_passed,retry_language_validation_reason,retry_semantic_validation_passed,retry_semantic_validation_reason,retry_grounding_validation_passed,retry_grounding_validation_reason,final_answer,final_status,final_fallback_reason,failure_classification,elapsed_seconds,error
Q001,bangla,আন্ডারগ্র্যাজুয়েট প্রসপেক্টাসটির শিরোনাম কী?,,course_title,"[{""rank"":1,""chunk_id"":""doc-4d373684ce4879ed066003f5-p000001-b0001-c0001"",""source"":""curricula_BSc-Curriculum-New.pdf"",""page"":1,""score"":0.01639344262295082,""text"":""University of Asia Pacific (UAP) Department of Computer Science & Engineering Prospectus (Undergraduate Program) 2017-18 Board of Editors""},{""rank"":2,""chunk_id"":""doc-4d373684ce4879ed066003f5-p000039-b0003-c0001"",""source"":""curricula_BSc-Curriculum-New.pdf"",""page"":39,""score"":0.016129032258064516,""text"":""Springer; Program Co-chair, International Conference on Imaging, Vision & Pattern Recognition (icIVPR) http://cennser.org/ICIVPR. Md. Akhtaruzzaman Adnan,""},{""rank"":3,""chunk_id"":""doc-4d373684ce4879ed066003f5-p000065-b0003-c0001"",""source"":""curricula_BSc-Curriculum-New.pdf"",""page"":65,""score"":0.015873015873015872,""text"":""Four Subspaces, Projections, Least Squares Approximations, Orthogonal Bases and Gram-Schmidt. Determinants: The Properties of Determinants, Permutations and Cofactors, Cramer's Rule, Inverses, and Volumes. Eigenvalues and Eigenvectors: Introduction to Eigenvalues , Diagonalizing a Matrix, Appl ications to Differential Equations, Symmetric""}]",[],ambiguous,The requested field needs a specific entity or context.,ambiguous,,,,,,,,,,,,,,,,"নির্ভরযোগ্যভাবে উত্তর দেওয়ার জন্য অনুগ্রহ করে কোন কোর্স, প্রোগ্রাম, নীতি বা বিষয় বোঝাচ্ছেন তা নির্দিষ্ট করুন।",ambiguous,ambiguous,ENTITY_VALIDATION_FAILED,4.722324399999707,
Q002,english,Who published the prospectus?,,publication,"[{""rank"":1,""chunk_id"":""doc-4d373684ce4879ed066003f5-p000003-b0001-c0001"",""source"":""curricula_BSc-Curriculum-New.pdf"",""page"":3,""score"":0.03278688524590164,""text"":""Disclaimer The information contained in this prospectus is subject to change at the discretion of the Department of Computer Science & Engineering, UAP.""},{""rank"":2,""chunk_id"":""doc-4d373684ce4879ed066003f5-p000001-b0001-c0001"",""source"":""curricula_BSc-Curriculum-New.pdf"",""page"":1,""score"":0.03200204813108039,""text"":""University of Asia Pacific (UAP) Department of Computer Science & Engineering Prospectus (Undergraduate Program) 2017-18 Board of Editors""},{""rank"":3,""chunk_id"":""doc-4d373684ce4879ed066003f5-p000002-b0001-c0001"",""source"":""curricula_BSc-Curriculum-New.pdf"",""page"":2,""score"":0.02761904761904762,""text"":""Published by Department of Computer Science & Engineering University of Asia Pacific 74/A, Green Road, Dhaka-1215 Edition 13th Edition, July 2017 Address of Correspondence""}]","[{""document_id"":""doc-4d373684ce4879ed066003f5"",""source"":""curricula_BSc-Curriculum-New.pdf"",""relative_path"":""curricula_BSc-Curriculum-New.pdf"",""page"":2,""chunk_id"":""doc-4d373684ce4879ed066003f5-p000002-b0001-c0001"",""text"":""Published by Department of Computer Science & Engineering University of Asia Pacific 74/A, Green Road, Dhaka-1215 Edition 13th Edition, July 2017 Address of Correspondence"",""excerpt"":""Published by Department of Computer Science & Engineering University of Asia Pacific 74/A, Green Road, Dhaka-1215 Edition 13th Edition, July 2017 Address of Correspondence"",""retrieval_score"":0.02761904761904762,""detected_entity"":null,""matched_entity"":null,""requested_field"":""publication"",""matched_field"":""publication"",""support_status"":""supported""}]",supported,Retrieved evidence matches the requested entity and field.,gguf_generation,The prospectus was published by the Department of Computer Science & Engineering University of Asia Pacific.,True,ENGLISH_BODY_VALID,True,SEMANTIC_CONTRACT_SATISFIED,True,FACTUAL_TOKENS_SUPPORTED,,,,,,,,,The prospectus was published by the Department of Computer Science & Engineering University of Asia Pacific.,supported,,,32.199403299999176,
Q002,bangla,প্রসপেক্টাসটি কে প্রকাশ করেছে?,,publication,"[{""rank"":1,""chunk_id"":""doc-4d373684ce4879ed066003f5-p000064-b0005-c0001"",""source"":""curricula_BSc-Curriculum-New.pdf"",""page"":64,""score"":0.01639344262295082,""text"":""4. E. Swokpwski, Calculus, Boston, USA: PWS Publisher.""},{""rank"":2,""chunk_id"":""doc-4d373684ce4879ed066003f5-p000066-b0003-c0001"",""source"":""curricula_BSc-Curriculum-New.pdf"",""page"":66,""score"":0.016129032258064516,""text"":""Course Code: CSE 105 Course Title: Discrete Mathematics Credits: 3.00 Prerequisite: None Mathematical Models & Foundations: Logic, Proposition, Propositional Equivalence, Propositional and Predicate Calculus: Predicates, predicate formulas, Quantifiers, Statements and Compound statements, tautologies and contradictions, logic al equivalence, algebra of propositions and conditionals, arguments and theory of inference of prepositional calculus. Methods of proof: Mathematical Induction. Sets: Set theory --Basic concepts of sets and elements, Venn diagram and membership table, set operations, algebra of sets duality classes of sets, power set. Relations between sets, Operations on sets. Functions: Basic properties. Classifications of functions. Counting: The basics of Counting, The Pigeonhole principle, Permutations and Combinations , Discrete Probability, Probability Theory. Advanced Counting Techniques: Recurrence Relations, Solving Recurrence Relations, Generating Functions. Functions and counting, inclusion -exclusion principle. Number Theory: Division Algorithms -GCD, LCM, Prime n umbers and prime factorization, modular arithmetic and congruence, modular exponentiation, Eucledian algorithm. Introduction to groups, rings and fields.""},{""rank"":3,""chunk_id"":""doc-4d373684ce4879ed066003f5-p000070-b0005-c0001"",""source"":""curricula_BSc-Curriculum-New.pdf"",""page"":70,""score"":0.015873015873015872,""text"":""5. L. L. Lapin, Probability and Statistics for Modern Engineering, Wadsworth Publishing Co Inc. 6. M. R. Spiegel and L. J. Stephens, Statistics, Schaum‘s outlines.""}]","[{""document_id"":""doc-4d373684ce4879ed066003f5"",""source"":""curricula_BSc-Curriculum-New.pdf"",""relative_path"":""curricula_BSc-Curriculum-New.pdf"",""page"":64,""chunk_id"":""doc-4d373684ce4879ed066003f5-p000064-b0005-c0001"",""text"":""4. E. Swokpwski, Calculus, Boston, USA: PWS Publisher."",""excerpt"":""4. E. Swokpwski, Calculus, Boston, USA: PWS Publisher."",""retrieval_score"":0.01639344262295082,""detected_entity"":null,""matched_entity"":null,""requested_field"":""publication"",""matched_field"":""publication"",""support_status"":""supported""},{""document_id"":""doc-4d373684ce4879ed066003f5"",""source"":""curricula_BSc-Curriculum-New.pdf"",""relative_path"":""curricula_BSc-Curriculum-New.pdf"",""page"":70,""chunk_id"":""doc-4d373684ce4879ed066003f5-p000070-b0005-c0001"",""text"":""5. L. L. Lapin, Probability and Statistics for Modern Engineering, Wadsworth Publishing Co Inc. 6. M. R. Spiegel and L. J. Stephens, Statistics, Schaum‘s outlines."",""excerpt"":""5. L. L. Lapin, Probability and Statistics for Modern Engineering, Wadsworth Publishing Co Inc. 6. M. R. Spiegel and L. J. Stephens, Statistics, Schaum‘s outlines."",""retrieval_score"":0.015873015873015872,""detected_entity"":null,""matched_entity"":null,""requested_field"":""publication"",""matched_field"":""publication"",""support_status"":""supported""}]",supported,Retrieved evidence matches the requested entity and field.,gguf_generation,প্রসপেক্টাসটি প্রকাশ করেছে ল. এ. ল্যাপিন।,True,BANGLA_BODY_MEANINGFUL,False,SEMANTIC_CONTRACT_UNCERTAIN,False,SEMANTIC_CONTRACT_UNCERTAIN,,,,,,,,,প্রদত্ত বিশ্ববিদ্যালয়ের নথিতে নির্ভরযোগ্যভাবে উত্তর দেওয়ার মতো পর্যাপ্ত তথ্য পাওয়া যায়নি।,GENERATION_REJECTED,SEMANTIC_CONTRACT_UNCERTAIN,GENERATION_SEMANTIC_FAILED,28.84536399999888,
Q002,banglish,Prospectus-ta ke publish koreche?,,publication,"[{""rank"":1,""chunk_id"":""doc-4d373684ce4879ed066003f5-p000001-b0001-c0001"",""source"":""curricula_BSc-Curriculum-New.pdf"",""page"":1,""score"":0.03278688524590164,""text"":""University of Asia Pacific (UAP) Department of Computer Science & Engineering Prospectus (Undergraduate Program) 2017-18 Board of Editors""},{""rank"":2,""chunk_id"":""doc-4d373684ce4879ed066003f5-p000003-b0001-c0001"",""source"":""curricula_BSc-Curriculum-New.pdf"",""page"":3,""score"":0.03200204813108039,""text"":""Disclaimer The information contained in this prospectus is subject to change at the discretion of the Department of Computer Science & Engineering, UAP.""},{""rank"":3,""chunk_id"":""doc-4d373684ce4879ed066003f5-p000028-b0001-c0001"",""source"":""curricula_BSc-Curriculum-New.pdf"",""page"":28,""score"":0.031024531024531024,""text"":""1. Research and Publication Unit Research and Publication Club publishes a national Journal each semester named International Journal of Computer and Information Technology (IJCIT), ISSN 2078 -5828. The IJCIT only publishes articles of the highest quality. It is scholarly, peer -reviewed journal that provides a forum to the academics, scholars and advanced level students for exchanging significant information and productive ideas associated with all Computer Science disciplines. It helps the students and faculty members to improve their research capability producing quality computer professionals who can make positive contribution in the development of this country. Most of the faculty members and students of UAP are engaged to publish their researches at IJCIT.""}]","[{""document_id"":""doc-4d373684ce4879ed066003f5"",""source"":""curricula_BSc-Curriculum-New.pdf"",""relative_path"":""curricula_BSc-Curriculum-New.pdf"",""page"":28,""chunk_id"":""doc-4d373684ce4879ed066003f5-p000028-b0001-c0001"",""text"":""1. Research and Publication Unit Research and Publication Club publishes a national Journal each semester named International Journal of Computer and Information Technology (IJCIT), ISSN 2078 -5828. The IJCIT only publishes articles of the highest quality. It is scholarly, peer -reviewed journal that provides a forum to the academics, scholars and advanced level students for exchanging significant information and productive ideas associated with all Computer Science disciplines. It helps the students and faculty members to improve their research capability producing quality computer professionals who can make positive contribution in the development of this country. Most of the faculty members and students of UAP are engaged to publish their researches at IJCIT."",""excerpt"":""…onals who can make positive contribution in the development of this country. Most of the faculty members and students of UAP are engaged to publish their researches at IJCIT."",""retrieval_score"":0.031024531024531024,""detected_entity"":null,""matched_entity"":null,""requested_field"":""publication"",""matched_field"":""publication"",""support_status"":""supported""}]",supported,Retrieved evidence matches the requested entity and field.,gguf_generation,"holo ache, ebong jonno publish koreche.",True,BANGLISH_MARKERS_PRESENT,False,SEMANTIC_CONTRACT_UNCERTAIN,False,SEMANTIC_CONTRACT_UNCERTAIN,,,,,,,,,Provided university document-e reliable answer deyar moto enough information paoa jayni.,GENERATION_REJECTED,SEMANTIC_CONTRACT_UNCERTAIN,GENERATION_SEMANTIC_FAILED,17.675861699999587,
Q003,bangla,প্রসপেক্টাসে কোন সংস্করণ ও তারিখ দেওয়া আছে?,,date,"[{""rank"":1,""chunk_id"":""doc-4d373684ce4879ed066003f5-p000066-b0003-c0001"",""source"":""curricula_BSc-Curriculum-New.pdf"",""page"":66,""score"":0.01639344262295082,""text"":""Course Code: CSE 105 Course Title: Discrete Mathematics Credits: 3.00 Prerequisite: None Mathematical Models & Foundations: Logic, Proposition, Propositional Equivalence, Propositional and Predicate Calculus: Predicates, predicate formulas, Quantifiers, Statements and Compound statements, tautologies and contradictions, logic al equivalence, algebra of propositions and conditionals, arguments and theory of inference of prepositional calculus. Methods of proof: Mathematical Induction. Sets: Set theory --Basic concepts of sets and elements, Venn diagram and membership table, set operations, algebra of sets duality classes of sets, power set. Relations between sets, Operations on sets. Functions: Basic properties. Classifications of functions. Counting: The basics of Counting, The Pigeonhole principle, Permutations and Combinations , Discrete Probability, Probability Theory. Advanced Counting Techniques: Recurrence Relations, Solving Recurrence Relations, Generating Functions. Functions and counting, inclusion -exclusion principle. Number Theory: Division Algorithms -GCD, LCM, Prime n umbers and prime factorization, modular arithmetic and congruence, modular exponentiation, Eucledian algorithm. Introduction to groups, rings and fields.""},{""rank"":2,""chunk_id"":""doc-4d373684ce4879ed066003f5-p000003-b0001-c0001"",""source"":""curricula_BSc-Curriculum-New.pdf"",""page"":3,""score"":0.016129032258064516,""text"":""Disclaimer The information contained in this prospectus is subject to change at the discretion of the Department of Computer Science & Engineering, UAP.""},{""rank"":3,""chunk_id"":""doc-4d373684ce4879ed066003f5-p000002-b0001-c0001"",""source"":""curricula_BSc-Curriculum-New.pdf"",""page"":2,""score"":0.015873015873015872,""text"":""Published by Department of Computer Science & Engineering University of Asia Pacific 74/A, Green Road, Dhaka-1215 Edition 13th Edition, July 2017 Address of Correspondence""}]",[],insufficient,No retrieved passage matched both the requested entity and requested field.,unsupported,,,,,,,,,,,,,,,,প্রদত্ত বিশ্ববিদ্যালয়ের নথিতে নির্ভরযোগ্যভাবে উত্তর দেওয়ার মতো পর্যাপ্ত তথ্য পাওয়া যায়নি।,insufficient,insufficient,FIELD_VALIDATION_FAILED,0.5362255000000005,
Q004,bangla,CSE Head-এর সঙ্গে যোগাযোগের জন্য কোন ইমেইল দেওয়া আছে?,,email,"[{""rank"":1,""chunk_id"":""doc-4d373684ce4879ed066003f5-p000002-b0002-c0001"",""source"":""curricula_BSc-Curriculum-New.pdf"",""page"":2,""score"":0.03252247488101534,""text"":""Head Department of Computer Science & Engineering University of Asia Pacific Phone: +(880-2) 9127226 E-mail: headcse@uap-bd.edu""},{""rank"":2,""chunk_id"":""doc-4d373684ce4879ed066003f5-p000001-b0002-c0001"",""source"":""curricula_BSc-Curriculum-New.pdf"",""page"":1,""score"":0.029051670471052088,""text"":""Aloke Kumar Saha Associate Professor and Head, Dept. of CSE, UAP""},{""rank"":3,""chunk_id"":""doc-4d373684ce4879ed066003f5-p000037-b0002-c0001"",""source"":""curricula_BSc-Curriculum-New.pdf"",""page"":37,""score"":0.028814262023217248,""text"":""Microprocessors, Assembly Language, Computer Interfacing, Digital System Design, C/C++, Data Structure and Algorithms. She has conducted the courses Mobile Communications, Advanced Networking and thesis in Master‘s Program of CSE (MCSE),. Her current research interest includes Computer Networks and Distributed System, Wireless Networks, Wireless Ad hoc network, Sensor Network, Network Security, IPV6 network etc. She supervised the thesis works of several undergraduate students at UAP. It is praiseworthy to mention that more than thirty thesis groups in undergraduate level completed successfully under her acute supervision. Her research works published in IEEE, ICCIT, NCCPB, ICCPB, IJCIT conference and journal papers. Ms. Rahman has also published t wo journals on Cryptography, Outso urcing and location management. Ms. Rahman serves as acting head when the head of the department remains on leave. She also serves as an external examiner in the CSE department of Dhaka University. Moreover, She is the convener of the Cultural and Debating club. She is also advisor of other departmental Clubs. She is member of UAP Central Cultural Committee, Convocation Volunteer committee and Complain Committee. Shammi Akhtar, Assistant Professor""}]","[{""document_id"":""doc-4d373684ce4879ed066003f5"",""source"":""curricula_BSc-Curriculum-New.pdf"",""relative_path"":""curricula_BSc-Curriculum-New.pdf"",""page"":2,""chunk_id"":""doc-4d373684ce4879ed066003f5-p000002-b0002-c0001"",""text"":""Head Department of Computer Science & Engineering University of Asia Pacific Phone: +(880-2) 9127226 E-mail: headcse@uap-bd.edu"",""excerpt"":""Head Department of Computer Science & Engineering University of Asia Pacific Phone: +(880-2) 9127226 E-mail: headcse@uap-bd.edu"",""retrieval_score"":0.03252247488101534,""detected_entity"":null,""matched_entity"":null,""requested_field"":""email"",""matched_field"":""email"",""support_status"":""supported""}]",supported,Retrieved evidence matches the requested entity and field.,structured_exact,,True,BANGLA_BODY_MEANINGFUL,True,SEMANTIC_CONTRACT_SATISFIED,True,FACTUAL_TOKENS_SUPPORTED,,,,,,,,,প্রাসঙ্গিক email address হলো headcse@uap-bd.edu।,supported,,,0.25761229999989155,
Q005,english,What does the disclaimer say about the prospectus information?,,general,"[{""rank"":1,""chunk_id"":""doc-4d373684ce4879ed066003f5-p000003-b0001-c0001"",""source"":""curricula_BSc-Curriculum-New.pdf"",""page"":3,""score"":0.03278688524590164,""text"":""Disclaimer The information contained in this prospectus is subject to change at the discretion of the Department of Computer Science & Engineering, UAP.""},{""rank"":2,""chunk_id"":""doc-4d373684ce4879ed066003f5-p000085-b0002-c0001"",""source"":""curricula_BSc-Curriculum-New.pdf"",""page"":85,""score"":0.02684684684684685,""text"":""Course Code: CSE 407 Course Title: ICTLaw, Policy and Ethics Credits: 2.00 Prerequisite: None Ethics: Introduction to ethical theories and principles, Ethics and critical reasoning in computer science, Privacy, personal information, and trust, Software piracy, Music and video piracy, Misuse of software, Viruses and hacking, Compute r communication and freedom of expression, Security and encryption, Content control and censorship, Computer crime, Professional issues and decision -making, Intellectual property and licensing, ACM Code of Ethics and Professional Conduct Software Engineering, Code of Ethics and Professional Practice as recommended by the ACM/IEEE-CS Joint Task Force. Law and Policy: National ICT Act, National ICT Policy, National e -services rules, National Information security policy guideline, National Copyright, patent, t rademark related laws, Laws on document & records retention, UN conventions/Laws related to internet or cyber security, Rights to know, Freedom of Information. Case Study: Methods for case analysis, Analysis of Cases, Minutes of Annual Meetings of ITU, WTC , UN on I CT policy, Report/Presentation. Texts Recommended: 1. Computer Ethics, Deborah G. Johnson. ISBN 0 -13-111241-4, Pearson Publishers. 2. A Gift of Fire: Social, Legal, and Ethical Issues for Computing and the Internet, Sara Baase. ISBN: 0136008488, Prentice Hall. 3. Ethics for the Information Age , M. J. Quinn .ISBN: 0132855534 , Addison-Wesley. 4. Readings in Cyber Ethics , R. A. Spinello and H. T. Tavani. ISBN: 0763724106. Jones and Bartlett Learning. 5. Various online sources to be determined by the instructor.""},{""rank"":3,""chunk_id"":""doc-4d373684ce4879ed066003f5-p000075-b0003-c0001"",""source"":""curricula_BSc-Curriculum-New.pdf"",""page"":75,""score"":0.026547116736990152,""text"":""Course Code: CSE 305 Course Title: System Analysis and Design Credits: 3.00 Prerequisite: CSE 211 Introduction to System analysis, concepts, understanding and modeling organization Systems, System development life cycle(SDLC), structured analysis and struc tured design, object oriented analysis and design, Different types of information, Qualities of information, Analysis оf Information requirements for modern organizations, Role, tasks and attributes of a Systems Analyst, Sources of information, Information gathering techniques, Requirements specifications; Steps of systems analysis; System analysis toolkit: CASE tools, prototyping, software life cycle, SOW(statement of work), CB analysis, value(cost of money), NPV analysis, CPM , PERT, Requirement modeling, Agile modeling, Data and process modeling, Object modeling, Development strategies, Output and user interface design, Data design, Designing input/output, Designing file, database, user interface, Dataflow diagram, System architecture, Analysis process: Object oriented System analysis, introduction to UML, Use case""}]","[{""document_id"":""doc-4d373684ce4879ed066003f5"",""source"":""curricula_BSc-Curriculum-New.pdf"",""relative_path"":""curricula_BSc-Curriculum-New.pdf"",""page"":3,""chunk_id"":""doc-4d373684ce4879ed066003f5-p000003-b0001-c0001"",""text"":""Disclaimer The information contained in this prospectus is subject to change at the discretion of the Department of Computer Science & Engineering, UAP."",""excerpt"":""Disclaimer The information contained in this prospectus is subject to change at the discretion of the Department of Computer Science & Engineering, UAP."",""retrieval_score"":0.03278688524590164,""detected_entity"":null,""matched_entity"":null,""requested_field"":""general"",""matched_field"":""general"",""support_status"":""supported""},{""document_id"":""doc-4d373684ce4879ed066003f5"",""source"":""curricula_BSc-Curriculum-New.pdf"",""relative_path"":""curricula_BSc-Curriculum-New.pdf"",""page"":85,""chunk_id"":""doc-4d373684ce4879ed066003f5-p000085-b0002-c0001"",""text"":""Course Code: CSE 407 Course Title: ICTLaw, Policy and Ethics Credits: 2.00 Prerequisite: None Ethics: Introduction to ethical theories and principles, Ethics and critical reasoning in computer science, Privacy, personal information, and trust, Software piracy, Music and video piracy, Misuse of software, Viruses and hacking, Compute r communication and freedom of expression, Security and encryption, Content control and censorship, Computer crime, Professional issues and decision -making, Intellectual property and licensing, ACM Code of Ethics and Professional Conduct Software Engineering, Code of Ethics and Professional Practice as recommended by the ACM/IEEE-CS Joint Task Force. Law and Policy: National ICT Act, National ICT Policy, National e -services rules, National Information security policy guideline, National Copyright, patent, t rademark related laws, Laws on document & records retention, UN conventions/Laws related to internet or cyber security, Rights to know, Freedom of Information. Case Study: Methods for case analysis, Analysis of Cases, Minutes of Annual Meetings of ITU, WTC , UN on I CT policy, Report/Presentation. Texts Recommended: 1. Computer Ethics, Deborah G. Johnson. ISBN 0 -13-111241-4, Pearson Publishers. 2. A Gift of Fire: Social, Legal, and Ethical Issues for Computing and the Internet, Sara Baase. ISBN: 0136008488, Prentice Hall. 3. Ethics for the Information Age , M. J. Quinn .ISBN: 0132855534 , Addison-Wesley. 4. Readings in Cyber Ethics , R. A. Spinello and H. T. Tavani. ISBN: 0763724106. Jones and Bartlett Learning. 5. Various online sources to be determined by the instructor."",""excerpt"":""Course Code: CSE 407 Course Title: ICTLaw, Policy and Ethics Credits: 2.00 Prerequisite: None Ethics: Introduction to ethical theories and principles, Ethics and critical reasoning in computer science, Privacy, personal information, and trust, Software piracy, Music and video piracy, Misuse of software, Viruses and hacking, Compute r communication and freedom of expression, Security and encryption, Content control an…"",""retrieval_score"":0.02684684684684685,""detected_entity"":null,""matched_entity"":null,""requested_field"":""general"",""matched_field"":""general"",""support_status"":""supported""},{""document_id"":""doc-4d373684ce4879ed066003f5"",""source"":""curricula_BSc-Curriculum-New.pdf"",""relative_path"":""curricula_BSc-Curriculum-New.pdf"",""page"":75,""chunk_id"":""doc-4d373684ce4879ed066003f5-p000075-b0003-c0001"",""text"":""Course Code: CSE 305 Course Title: System Analysis and Design Credits: 3.00 Prerequisite: CSE 211 Introduction to System analysis, concepts, understanding and modeling organization Systems, System development life cycle(SDLC), structured analysis and struc tured design, object oriented analysis and design, Different types of information, Qualities of information, Analysis оf Information requirements for modern organizations, Role, tasks and attributes of a Systems Analyst, Sources of information, Information gathering techniques, Requirements specifications; Steps of systems analysis; System analysis toolkit: CASE tools, prototyping, software life cycle, SOW(statement of work), CB analysis, value(cost of money), NPV analysis, CPM , PERT, Requirement modeling, Agile modeling, Data and process modeling, Object modeling, Development strategies, Output and user interface design, Data design, Designing input/output, Designing file, database, user interface, Dataflow diagram, System architecture, Analysis process: Object oriented System analysis, introduction to UML, Use case"",""excerpt"":""Course Code: CSE 305 Course Title: System Analysis and Design Credits: 3.00 Prerequisite: CSE 211 Introduction to System analysis, concepts, understanding and modeling organization Systems, System development life cycle(SDLC), structured analysis and struc tured design, object oriented analysis and design, Different types of information, Qualities of information, Analysis оf Information requirements for modern organi…"",""retrieval_score"":0.026547116736990152,""detected_entity"":null,""matched_entity"":null,""requested_field"":""general"",""matched_field"":""general"",""support_status"":""supported""}]",supported,Retrieved evidence matches the requested entity and field.,gguf_generation,"The information contained in this prospectus is subject to change at the discretion of the Department of Computer Science & Engineering, UAP.",True,ENGLISH_BODY_VALID,True,SEMANTIC_CONTRACT_SATISFIED,True,FACTUAL_TOKENS_SUPPORTED,,,,,,,,,"The information contained in this prospectus is subject to change at the discretion of the Department of Computer Science & Engineering, UAP.",supported,,,25.663529699999344,
Q005,bangla,প্রসপেক্টাসের তথ্য সম্পর্কে ডিসক্লেইমারে কী বলা হয়েছে?,,general,"[{""rank"":1,""chunk_id"":""doc-4d373684ce4879ed066003f5-p000066-b0003-c0001"",""source"":""curricula_BSc-Curriculum-New.pdf"",""page"":66,""score"":0.01639344262295082,""text"":""Course Code: CSE 105 Course Title: Discrete Mathematics Credits: 3.00 Prerequisite: None Mathematical Models & Foundations: Logic, Proposition, Propositional Equivalence, Propositional and Predicate Calculus: Predicates, predicate formulas, Quantifiers, Statements and Compound statements, tautologies and contradictions, logic al equivalence, algebra of propositions and conditionals, arguments and theory of inference of prepositional calculus. Methods of proof: Mathematical Induction. Sets: Set theory --Basic concepts of sets and elements, Venn diagram and membership table, set operations, algebra of sets duality classes of sets, power set. Relations between sets, Operations on sets. Functions: Basic properties. Classifications of functions. Counting: The basics of Counting, The Pigeonhole principle, Permutations and Combinations , Discrete Probability, Probability Theory. Advanced Counting Techniques: Recurrence Relations, Solving Recurrence Relations, Generating Functions. Functions and counting, inclusion -exclusion principle. Number Theory: Division Algorithms -GCD, LCM, Prime n umbers and prime factorization, modular arithmetic and congruence, modular exponentiation, Eucledian algorithm. Introduction to groups, rings and fields.""},{""rank"":2,""chunk_id"":""doc-4d373684ce4879ed066003f5-p000003-b0001-c0001"",""source"":""curricula_BSc-Curriculum-New.pdf"",""page"":3,""score"":0.016129032258064516,""text"":""Disclaimer The information contained in this prospectus is subject to change at the discretion of the Department of Computer Science & Engineering, UAP.""},{""rank"":3,""chunk_id"":""doc-4d373684ce4879ed066003f5-p000080-b0006-c0001"",""source"":""curricula_BSc-Curriculum-New.pdf"",""page"":80,""score"":0.015873015873015872,""text"":""Hopkins Press 4. Various online sources to be determined by the instructor""}]",[],insufficient,No retrieved passage matched both the requested entity and requested field.,unsupported,,,,,,,,,,,,,,,,প্রদত্ত বিশ্ববিদ্যালয়ের নথিতে নির্ভরযোগ্যভাবে উত্তর দেওয়ার মতো পর্যাপ্ত তথ্য পাওয়া যায়নি।,insufficient,insufficient,NO_EVIDENCE,2.5501514000006864,
Q005,banglish,Prospectus-er information niye disclaimer-e ki bola hoyeche?,,general,"[{""rank"":1,""chunk_id"":""doc-4d373684ce4879ed066003f5-p000003-b0001-c0001"",""source"":""curricula_BSc-Curriculum-New.pdf"",""page"":3,""score"":0.03278688524590164,""text"":""Disclaimer The information contained in this prospectus is subject to change at the discretion of the Department of Computer Science & Engineering, UAP.""},{""rank"":2,""chunk_id"":""doc-4d373684ce4879ed066003f5-p000091-b0002-c0001"",""source"":""curricula_BSc-Curriculum-New.pdf"",""page"":91,""score"":0.027820121951219513,""text"":""Course Code: CSE 417 Course Title: Management Information Systems (MIS) Credits: 3.00 Prerequisite: N/A Introduction to MIS: Management Information System Concept, Role and Importance of MIS, Approa ches of MIS Development, IT industry Scenario: Study on various types of IT organizations (Software Companies, Networking Companies etc.), IT status in various countries, Organogram, Infrastructure, Administration and Management scenario of an IT organization, MIS and Computer: Computer Hardware for Information System, Computer Software for Information System. Application of MIS: Applications in Manufacturing Sector, Applications in service sector, Decision Support System (DSS), Evolution of DSS, Future de velopment of DSS, Expert System, Executive Information System, Enterprise Management System, Electronic Commerce (e -commerce), Fundamentals of e -commerce, Models of e -commerce, Technology in Management Information System, Business Process Re -engineering, B usiness Process Outsourcing (BPO), Case Studies. Texts Recommended: 1. Fundamentals of management - Stephen P. Robbins, David A. Decenzo, Prentice Hall, 2007 2. Managing Information Technology Projects - Dick Billows, Hampton Group, 2004 3. Essential of Project M anagement - Dick Billows1, The Hampton Group 4. Project, Planning, Analysis, Financing, Implementation and Review - Prasanna Chandra, Tata McGraw - Hill Education (2009) 5. Management of Information Services - Chitra Sivakumar, K S Babai, New Delhi : Tata McGraw-Hill, 2000. 6. Various online sources to be determined by the instructor.""},{""rank"":3,""chunk_id"":""doc-4d373684ce4879ed066003f5-p000085-b0002-c0001"",""source"":""curricula_BSc-Curriculum-New.pdf"",""page"":85,""score"":0.02684684684684685,""text"":""Course Code: CSE 407 Course Title: ICTLaw, Policy and Ethics Credits: 2.00 Prerequisite: None Ethics: Introduction to ethical theories and principles, Ethics and critical reasoning in computer science, Privacy, personal information, and trust, Software piracy, Music and video piracy, Misuse of software, Viruses and hacking, Compute r communication and freedom of expression, Security and encryption, Content control and censorship, Computer crime, Professional issues and decision -making, Intellectual property and licensing, ACM Code of Ethics and Professional Conduct Software Engineering, Code of Ethics and Professional Practice as recommended by the ACM/IEEE-CS Joint Task Force. Law and Policy: National ICT Act, National ICT Policy, National e -services rules, National Information security policy guideline, National Copyright, patent, t rademark related laws, Laws on document & records retention, UN conventions/Laws related to internet or cyber security, Rights to know, Freedom of Information. Case Study: Methods for case analysis, Analysis of Cases, Minutes of Annual Meetings of ITU, WTC , UN on I CT policy, Report/Presentation. Texts Recommended: 1. Computer Ethics, Deborah G. Johnson. ISBN 0 -13-111241-4, Pearson Publishers. 2. A Gift of Fire: Social, Legal, and Ethical Issues for Computing and the Internet, Sara Baase. ISBN: 0136008488, Prentice Hall. 3. Ethics for the Information Age , M. J. Quinn .ISBN: 0132855534 , Addison-Wesley. 4. Readings in Cyber Ethics , R. A. Spinello and H. T. Tavani. ISBN: 0763724106. Jones and Bartlett Learning. 5. Various online sources to be determined by the instructor.""}]","[{""document_id"":""doc-4d373684ce4879ed066003f5"",""source"":""curricula_BSc-Curriculum-New.pdf"",""relative_path"":""curricula_BSc-Curriculum-New.pdf"",""page"":3,""chunk_id"":""doc-4d373684ce4879ed066003f5-p000003-b0001-c0001"",""text"":""Disclaimer The information contained in this prospectus is subject to change at the discretion of the Department of Computer Science & Engineering, UAP."",""excerpt"":""Disclaimer The information contained in this prospectus is subject to change at the discretion of the Department of Computer Science & Engineering, UAP."",""retrieval_score"":0.03278688524590164,""detected_entity"":null,""matched_entity"":null,""requested_field"":""general"",""matched_field"":""general"",""support_status"":""supported""}]",supported,Retrieved evidence matches the requested entity and field.,gguf_generation,"disclaimer-er text hocche, prospectus-er information je khetre UAP-er Computer Science & Engineering_department-je kintu discretion por jaygi.",True,BANGLISH_MARKERS_PRESENT,False,SEMANTIC_CONTRACT_UNCERTAIN,False,SEMANTIC_CONTRACT_UNCERTAIN,,,,,,,,,Provided university document-e reliable answer deyar moto enough information paoa jayni.,GENERATION_REJECTED,SEMANTIC_CONTRACT_UNCERTAIN,GENERATION_SEMANTIC_FAILED,22.591865600001256,
Q006,banglish,UAP kobe established hoy?,,general,"[{""rank"":1,""chunk_id"":""doc-4d373684ce4879ed066003f5-p000008-b0001-c0001"",""source"":""curricula_BSc-Curriculum-New.pdf"",""page"":8,""score"":0.03278688524590164,""text"":""1. Introduction University of Asia Pacific (UAP) was established in 1996 with a vision to enhance the opportunities for higher education in Bangladesh. The University, under the Private University Act 1992, started its operation in 1996 by offering four -year Bachelor Degree Programs in Computer Science & Technology and Business Administration only. Now UAP offers undergraduate programs in nine disciplines and post-graduate programs in eight disciplines. Its curriculum has been approved by the University Grants Commission of the Government of the People's Republic of Bangladesh. UAP is sponsored by University of Asia Pacific Foundation, a non -profitable, non-commercial organization based in Dhaka, Bangladesh. The Foundation has been established in 1995 by a group of eminent educationalists, Industrialists and administrators who share the same vision and social commitments to promote improve and innovative educational opportunities to the society. UAP is the pr oject of such noble goals. Mr. Qayum Reza Chowdhury is the current Chairperson of this foundation.""},{""rank"":2,""chunk_id"":""doc-4d373684ce4879ed066003f5-p000004-b0001-c0001"",""source"":""curricula_BSc-Curriculum-New.pdf"",""page"":4,""score"":0.03225806451612903,""text"":""University of Asia Pacific (UAP) was established in 1996 under the Private University Act 1992 as a private university with the vision of providing quality education and fulf illing the needs of our motherland, Bangladesh. This university started its journ ey in 1996 and offered four years bachelor degree programs in Computer Science & Engineering and Business Administration only, thus the very step of publishing the thirteenth edition of the prospectus for Undergraduate Studies of the Department of Computer Science & Engineering makes us proud. This department established in 1996, with the full support of the Administration and the UAP Foundation Members, is thriving forward in disseminating knowledge in this emerging field. Such endeavor is not only helpin g in developing the human resources of this country but also in earning foreign exchange by exporting skilled manpower abroad. Till to date, B.Sc.Engg. Degree has been conferred on 2200 graduates and these graduates are making positive contributions in the field of Computer Science and Engineering. To enhance the quality of education even further, the Department is planning to take some crush programs, some of which are mentioned below:  Faculty Search Team has been formed to attract Senior Faculty Members in the CSE Department of UAP.  All the Programmin g Lab PCs are regularly updated with the latest computer configuration.  A project lab has already been established for project/research work.  Mobile Games and App Development Lab has been approved to be buil t in CSE, UAP by government fund. CSE Department has several clubs namely UAP Software and""},{""rank"":3,""chunk_id"":""doc-4d373684ce4879ed066003f5-p000032-b0001-c0001"",""source"":""curricula_BSc-Curriculum-New.pdf"",""page"":32,""score"":0.03149801587301587,""text"":""Spring 2017 saw 167 students admitted. At present, there are around 850 undergraduate and graduate students in the Department. For the last five years, new programming labs with brand machines (1 Student: 1 Computer) have been established, circuit lab a nd digital lab have been restructured and reinforced with latest equipment and computers, new project lab has been established to encourage the students to take practical hardware & software oriented projects . All class rooms are air conditioned with multimedia projector support. Industry -Institution Interaction We have got the Spectrum Engineers Consortium and Plasma Plus involved with us. Similar articulation with some other organizations is still underway. This collaborative effort will include training students, guiding students' projects and industry-related suggestions to be incorporated while developing programs and curricula. The above organizations have come up with their suggestions and training programs. To enhance the quality of education even f urther, Department of CSE of UAP has established an Industry-Academia Collaboration with QUBEE, Augere Wireless Broadband Bangladesh Ltd (AWBBL). As part of the collaboration, following activities are performed by the two parties on a regular basis: 1. UAP-CSE visits selected Hub Sites, Aggregation Sites and Access Sites with the final year students as part of a one -day long Industrial Tour (twice in a year). A representative from QUBEE demonstrates the practical side of the theoretical aspects. 2. UAP -CSE invites QUBEE delegates in some of the Networking and Security related seminars, workshops and conferences organized by UAP.""}]","[{""document_id"":""doc-4d373684ce4879ed066003f5"",""source"":""curricula_BSc-Curriculum-New.pdf"",""relative_path"":""curricula_BSc-Curriculum-New.pdf"",""page"":8,""chunk_id"":""doc-4d373684ce4879ed066003f5-p000008-b0001-c0001"",""text"":""1. Introduction University of Asia Pacific (UAP) was established in 1996 with a vision to enhance the opportunities for higher education in Bangladesh. The University, under the Private University Act 1992, started its operation in 1996 by offering four -year Bachelor Degree Programs in Computer Science & Technology and Business Administration only. Now UAP offers undergraduate programs in nine disciplines and post-graduate programs in eight disciplines. Its curriculum has been approved by the University Grants Commission of the Government of the People's Republic of Bangladesh. UAP is sponsored by University of Asia Pacific Foundation, a non -profitable, non-commercial organization based in Dhaka, Bangladesh. The Foundation has been established in 1995 by a group of eminent educationalists, Industrialists and administrators who share the same vision and social commitments to promote improve and innovative educational opportunities to the society. UAP is the pr oject of such noble goals. Mr. Qayum Reza Chowdhury is the current Chairperson of this foundation."",""excerpt"":""1. Introduction University of Asia Pacific (UAP) was established in 1996 with a vision to enhance the opportunities for higher education in Bangladesh. The University, under the Private University Act 1992, started its operation in 1996 by offering four -year Bachelor Degree Programs in Computer Science & Technology and Business Administration only. Now UAP offers undergraduate programs in nine disciplines and post-g…"",""retrieval_score"":0.03278688524590164,""detected_entity"":null,""matched_entity"":null,""requested_field"":""general"",""matched_field"":""general"",""support_status"":""supported""},{""document_id"":""doc-4d373684ce4879ed066003f5"",""source"":""curricula_BSc-Curriculum-New.pdf"",""relative_path"":""curricula_BSc-Curriculum-New.pdf"",""page"":4,""chunk_id"":""doc-4d373684ce4879ed066003f5-p000004-b0001-c0001"",""text"":""University of Asia Pacific (UAP) was established in 1996 under the Private University Act 1992 as a private university with the vision of providing quality education and fulf illing the needs of our motherland, Bangladesh. This university started its journ ey in 1996 and offered four years bachelor degree programs in Computer Science & Engineering and Business Administration only, thus the very step of publishing the thirteenth edition of the prospectus for Undergraduate Studies of the Department of Computer Science & Engineering makes us proud. This department established in 1996, with the full support of the Administration and the UAP Foundation Members, is thriving forward in disseminating knowledge in this emerging field. Such endeavor is not only helpin g in developing the human resources of this country but also in earning foreign exchange by exporting skilled manpower abroad. Till to date, B.Sc.Engg. Degree has been conferred on 2200 graduates and these graduates are making positive contributions in the field of Computer Science and Engineering. To enhance the quality of education even further, the Department is planning to take some crush programs, some of which are mentioned below:  Faculty Search Team has been formed to attract Senior Faculty Members in the CSE Department of UAP.  All the Programmin g Lab PCs are regularly updated with the latest computer configuration.  A project lab has already been established for project/research work.  Mobile Games and App Development Lab has been approved to be buil t in CSE, UAP by government fund. CSE Department has several clubs namely UAP Software and"",""excerpt"":""University of Asia Pacific (UAP) was established in 1996 under the Private University Act 1992 as a private university with the vision of providing quality education and fulf illing the needs of our motherland, Bangladesh. This university started its journ ey in 1996 and offered four years bachelor degree programs in Computer Science & Engineering and Business Administration only, thus the very step of publishing the…"",""retrieval_score"":0.03225806451612903,""detected_entity"":null,""matched_entity"":null,""requested_field"":""general"",""matched_field"":""general"",""support_status"":""supported""},{""document_id"":""doc-4d373684ce4879ed066003f5"",""source"":""curricula_BSc-Curriculum-New.pdf"",""relative_path"":""curricula_BSc-Curriculum-New.pdf"",""page"":32,""chunk_id"":""doc-4d373684ce4879ed066003f5-p000032-b0001-c0001"",""text"":""Spring 2017 saw 167 students admitted. At present, there are around 850 undergraduate and graduate students in the Department. For the last five years, new programming labs with brand machines (1 Student: 1 Computer) have been established, circuit lab a nd digital lab have been restructured and reinforced with latest equipment and computers, new project lab has been established to encourage the students to take practical hardware & software oriented projects . All class rooms are air conditioned with multimedia projector support. Industry -Institution Interaction We have got the Spectrum Engineers Consortium and Plasma Plus involved with us. Similar articulation with some other organizations is still underway. This collaborative effort will include training students, guiding students' projects and industry-related suggestions to be incorporated while developing programs and curricula. The above organizations have come up with their suggestions and training programs. To enhance the quality of education even f urther, Department of CSE of UAP has established an Industry-Academia Collaboration with QUBEE, Augere Wireless Broadband Bangladesh Ltd (AWBBL). As part of the collaboration, following activities are performed by the two parties on a regular basis: 1. UAP-CSE visits selected Hub Sites, Aggregation Sites and Access Sites with the final year students as part of a one -day long Industrial Tour (twice in a year). A representative from QUBEE demonstrates the practical side of the theoretical aspects. 2. UAP -CSE invites QUBEE delegates in some of the Networking and Security related seminars, workshops and conferences organized by UAP."",""excerpt"":""Spring 2017 saw 167 students admitted. At present, there are around 850 undergraduate and graduate students in the Department. For the last five years, new programming labs with brand machines (1 Student: 1 Computer) have been established, circuit lab a nd digital lab have been restructured and reinforced with latest equipment and computers, new project lab has been established to encourage the students to take pract…"",""retrieval_score"":0.03149801587301587,""detected_entity"":null,""matched_entity"":null,""requested_field"":""general"",""matched_field"":""general"",""support_status"":""supported""}]",supported,Retrieved evidence matches the requested entity and field.,gguf_generation,UAP 1996 e establish hoy.,True,BANGLISH_MARKERS_PRESENT,False,MISSING_REQUIRED_ENTITY,False,MISSING_REQUIRED_ENTITY,MISSING_REQUIRED_ENTITY,UAP 1996 e establish hoy.,True,BANGLISH_MARKERS_PRESENT,False,MISSING_REQUIRED_ENTITY,False,MISSING_REQUIRED_ENTITY,Provided university document-e reliable answer deyar moto enough information paoa jayni.,GENERATION_REJECTED,MISSING_REQUIRED_ENTITY,RETRY_FAILED,33.44343190000109,
Q007,english,Which two bachelor degree programs did UAP initially offer?,,general,"[{""rank"":1,""chunk_id"":""doc-4d373684ce4879ed066003f5-p000008-b0001-c0001"",""source"":""curricula_BSc-Curriculum-New.pdf"",""page"":8,""score"":0.03278688524590164,""text"":""1. Introduction University of Asia Pacific (UAP) was established in 1996 with a vision to enhance the opportunities for higher education in Bangladesh. The University, under the Private University Act 1992, started its operation in 1996 by offering four -year Bachelor Degree Programs in Computer Science & Technology and Business Administration only. Now UAP offers undergraduate programs in nine disciplines and post-graduate programs in eight disciplines. Its curriculum has been approved by the University Grants Commission of the Government of the People's Republic of Bangladesh. UAP is sponsored by University of Asia Pacific Foundation, a non -profitable, non-commercial organization based in Dhaka, Bangladesh. The Foundation has been established in 1995 by a group of eminent educationalists, Industrialists and administrators who share the same vision and social commitments to promote improve and innovative educational opportunities to the society. UAP is the pr oject of such noble goals. Mr. Qayum Reza Chowdhury is the current Chairperson of this foundation.""},{""rank"":2,""chunk_id"":""doc-4d373684ce4879ed066003f5-p000004-b0001-c0001"",""source"":""curricula_BSc-Curriculum-New.pdf"",""page"":4,""score"":0.031754032258064516,""text"":""University of Asia Pacific (UAP) was established in 1996 under the Private University Act 1992 as a private university with the vision of providing quality education and fulf illing the needs of our motherland, Bangladesh. This university started its journ ey in 1996 and offered four years bachelor degree programs in Computer Science & Engineering and Business Administration only, thus the very step of publishing the thirteenth edition of the prospectus for Undergraduate Studies of the Department of Computer Science & Engineering makes us proud. This department established in 1996, with the full support of the Administration and the UAP Foundation Members, is thriving forward in disseminating knowledge in this emerging field. Such endeavor is not only helpin g in developing the human resources of this country but also in earning foreign exchange by exporting skilled manpower abroad. Till to date, B.Sc.Engg. Degree has been conferred on 2200 graduates and these graduates are making positive contributions in the field of Computer Science and Engineering. To enhance the quality of education even further, the Department is planning to take some crush programs, some of which are mentioned below:  Faculty Search Team has been formed to attract Senior Faculty Members in the CSE Department of UAP.  All the Programmin g Lab PCs are regularly updated with the latest computer configuration.  A project lab has already been established for project/research work.  Mobile Games and App Development Lab has been approved to be buil t in CSE, UAP by government fund. CSE Department has several clubs namely UAP Software and""},{""rank"":3,""chunk_id"":""doc-4d373684ce4879ed066003f5-p000009-b0004-c0001"",""source"":""curricula_BSc-Curriculum-New.pdf"",""page"":9,""score"":0.031746031746031744,""text"":""1.3 Schools and Departments At present, UAP has five schools comprising of relevant departments: School of Engineering Department of Computer Science and Engineering Department of Civil Engineering Department of Electrical and Electronic Engineering School of Business Department of Business Administration School of Environmental Science and Engineering Department of Architecture School of Science Department of Pharmacy School of Social Science and Arts Department of Law and Human Rights Department of Basic Science and Humanities Department of English Department of Mathematics These departments of UAP offer under graduate programs in nine disciplines and post-graduate programs in eight disciplines.""}]","[{""document_id"":""doc-4d373684ce4879ed066003f5"",""source"":""curricula_BSc-Curriculum-New.pdf"",""relative_path"":""curricula_BSc-Curriculum-New.pdf"",""page"":8,""chunk_id"":""doc-4d373684ce4879ed066003f5-p000008-b0001-c0001"",""text"":""1. Introduction University of Asia Pacific (UAP) was established in 1996 with a vision to enhance the opportunities for higher education in Bangladesh. The University, under the Private University Act 1992, started its operation in 1996 by offering four -year Bachelor Degree Programs in Computer Science & Technology and Business Administration only. Now UAP offers undergraduate programs in nine disciplines and post-graduate programs in eight disciplines. Its curriculum has been approved by the University Grants Commission of the Government of the People's Republic of Bangladesh. UAP is sponsored by University of Asia Pacific Foundation, a non -profitable, non-commercial organization based in Dhaka, Bangladesh. The Foundation has been established in 1995 by a group of eminent educationalists, Industrialists and administrators who share the same vision and social commitments to promote improve and innovative educational opportunities to the society. UAP is the pr oject of such noble goals. Mr. Qayum Reza Chowdhury is the current Chairperson of this foundation."",""excerpt"":""1. Introduction University of Asia Pacific (UAP) was established in 1996 with a vision to enhance the opportunities for higher education in Bangladesh. The University, under the Private University Act 1992, started its operation in 1996 by offering four -year Bachelor Degree Programs in Computer Science & Technology and Business Administration only. Now UAP offers undergraduate programs in nine disciplines and post-g…"",""retrieval_score"":0.03278688524590164,""detected_entity"":null,""matched_entity"":null,""requested_field"":""general"",""matched_field"":""general"",""support_status"":""supported""},{""document_id"":""doc-4d373684ce4879ed066003f5"",""source"":""curricula_BSc-Curriculum-New.pdf"",""relative_path"":""curricula_BSc-Curriculum-New.pdf"",""page"":4,""chunk_id"":""doc-4d373684ce4879ed066003f5-p000004-b0001-c0001"",""text"":""University of Asia Pacific (UAP) was established in 1996 under the Private University Act 1992 as a private university with the vision of providing quality education and fulf illing the needs of our motherland, Bangladesh. This university started its journ ey in 1996 and offered four years bachelor degree programs in Computer Science & Engineering and Business Administration only, thus the very step of publishing the thirteenth edition of the prospectus for Undergraduate Studies of the Department of Computer Science & Engineering makes us proud. This department established in 1996, with the full support of the Administration and the UAP Foundation Members, is thriving forward in disseminating knowledge in this emerging field. Such endeavor is not only helpin g in developing the human resources of this country but also in earning foreign exchange by exporting skilled manpower abroad. Till to date, B.Sc.Engg. Degree has been conferred on 2200 graduates and these graduates are making positive contributions in the field of Computer Science and Engineering. To enhance the quality of education even further, the Department is planning to take some crush programs, some of which are mentioned below:  Faculty Search Team has been formed to attract Senior Faculty Members in the CSE Department of UAP.  All the Programmin g Lab PCs are regularly updated with the latest computer configuration.  A project lab has already been established for project/research work.  Mobile Games and App Development Lab has been approved to be buil t in CSE, UAP by government fund. CSE Department has several clubs namely UAP Software and"",""excerpt"":""University of Asia Pacific (UAP) was established in 1996 under the Private University Act 1992 as a private university with the vision of providing quality education and fulf illing the needs of our motherland, Bangladesh. This university started its journ ey in 1996 and offered four years bachelor degree programs in Computer Science & Engineering and Business Administration only, thus the very step of publishing the…"",""retrieval_score"":0.031754032258064516,""detected_entity"":null,""matched_entity"":null,""requested_field"":""general"",""matched_field"":""general"",""support_status"":""supported""},{""document_id"":""doc-4d373684ce4879ed066003f5"",""source"":""curricula_BSc-Curriculum-New.pdf"",""relative_path"":""curricula_BSc-Curriculum-New.pdf"",""page"":9,""chunk_id"":""doc-4d373684ce4879ed066003f5-p000009-b0004-c0001"",""text"":""1.3 Schools and Departments At present, UAP has five schools comprising of relevant departments: School of Engineering Department of Computer Science and Engineering Department of Civil Engineering Department of Electrical and Electronic Engineering School of Business Department of Business Administration School of Environmental Science and Engineering Department of Architecture School of Science Department of Pharmacy School of Social Science and Arts Department of Law and Human Rights Department of Basic Science and Humanities Department of English Department of Mathematics These departments of UAP offer under graduate programs in nine disciplines and post-graduate programs in eight disciplines."",""excerpt"":""1.3 Schools and Departments At present, UAP has five schools comprising of relevant departments: School of Engineering Department of Computer Science and Engineering Department of Civil Engineering Department of Electrical and Electronic Engineering School of Business Department of Business Administration School of Environmental Science and Engineering Department of Architecture School of Science Department of Pharma…"",""retrieval_score"":0.031746031746031744,""detected_entity"":null,""matched_entity"":null,""requested_field"":""general"",""matched_field"":""general"",""support_status"":""supported""}]",supported,Retrieved evidence matches the requested entity and field.,gguf_generation,UAP initially offered four-year Bachelor Degree Programs in Computer Science & Technology and Business Administration.,True,ENGLISH_BODY_VALID,True,SEMANTIC_CONTRACT_SATISFIED,True,FACTUAL_TOKENS_SUPPORTED,,,,,,,,,UAP initially offered four-year Bachelor Degree Programs in Computer Science & Technology and Business Administration.,supported,,,28.799503500000355,
Q007,banglish,UAP shurute kon duita bachelor degree program offer korechilo?,,general,"[{""rank"":1,""chunk_id"":""doc-4d373684ce4879ed066003f5-p000008-b0001-c0001"",""source"":""curricula_BSc-Curriculum-New.pdf"",""page"":8,""score"":0.032018442622950824,""text"":""1. Introduction University of Asia Pacific (UAP) was established in 1996 with a vision to enhance the opportunities for higher education in Bangladesh. The University, under the Private University Act 1992, started its operation in 1996 by offering four -year Bachelor Degree Programs in Computer Science & Technology and Business Administration only. Now UAP offers undergraduate programs in nine disciplines and post-graduate programs in eight disciplines. Its curriculum has been approved by the University Grants Commission of the Government of the People's Republic of Bangladesh. UAP is sponsored by University of Asia Pacific Foundation, a non -profitable, non-commercial organization based in Dhaka, Bangladesh. The Foundation has been established in 1995 by a group of eminent educationalists, Industrialists and administrators who share the same vision and social commitments to promote improve and innovative educational opportunities to the society. UAP is the pr oject of such noble goals. Mr. Qayum Reza Chowdhury is the current Chairperson of this foundation.""},{""rank"":2,""chunk_id"":""doc-4d373684ce4879ed066003f5-p000014-b0001-c0001"",""source"":""curricula_BSc-Curriculum-New.pdf"",""page"":14,""score"":0.03177805800756621,""text"":""1.8 Academic and Technical Collaborations 1. Foreign Academic and Technical collaborations With increasing internationalization of educati on, particularly at the university level, there is a strong compulsion to promote interaction, especially with institution of higher education in the industrial countries. Such interaction provides access to ever -changing scenarios of modern education deli very system and the most up -to-date innovative developments in teaching -learning methodology. Recognizing this imperative, UAP has already initiated a number of collaborative programs with universities in the USA, Australia and Canada. An agreement betwee n the University of Baltimore, USA and University of Asia Pacific has already been signed to collaborate in a joint undergraduate studies program in Business Administration. The objective of this program is to offer a collaboration baccalaureate degree to students of UAP through a course of studies pursued at UAP and in the USA at the University of Baltimore. An exchange program and academic cooperation agreement has been signed with Virginia Polytechnic Institute (VPI) and State University (SU), USA, whic h provides for exchange of students and visits of faculty members between UAP and VPI, SU; transfer of credits for courses taken by UAP students: undertaking joint research programs and joint supervision. Under the agreement, UAP students may pursue their studies as exchange students or seek transfer to VPI and SU after studying two years at UAP. Similar agreements for academic collaboration had been undertaken with South Dakota School of Mines and Technology (SDSMT) in the USA and University of Western Sydney and University of Canberra in Australia. An exchange program and""},{""rank"":3,""chunk_id"":""doc-4d373684ce4879ed066003f5-p000004-b0001-c0001"",""source"":""curricula_BSc-Curriculum-New.pdf"",""page"":4,""score"":0.03128054740957967,""text"":""University of Asia Pacific (UAP) was established in 1996 under the Private University Act 1992 as a private university with the vision of providing quality education and fulf illing the needs of our motherland, Bangladesh. This university started its journ ey in 1996 and offered four years bachelor degree programs in Computer Science & Engineering and Business Administration only, thus the very step of publishing the thirteenth edition of the prospectus for Undergraduate Studies of the Department of Computer Science & Engineering makes us proud. This department established in 1996, with the full support of the Administration and the UAP Foundation Members, is thriving forward in disseminating knowledge in this emerging field. Such endeavor is not only helpin g in developing the human resources of this country but also in earning foreign exchange by exporting skilled manpower abroad. Till to date, B.Sc.Engg. Degree has been conferred on 2200 graduates and these graduates are making positive contributions in the field of Computer Science and Engineering. To enhance the quality of education even further, the Department is planning to take some crush programs, some of which are mentioned below:  Faculty Search Team has been formed to attract Senior Faculty Members in the CSE Department of UAP.  All the Programmin g Lab PCs are regularly updated with the latest computer configuration.  A project lab has already been established for project/research work.  Mobile Games and App Development Lab has been approved to be buil t in CSE, UAP by government fund. CSE Department has several clubs namely UAP Software and""}]","[{""document_id"":""doc-4d373684ce4879ed066003f5"",""source"":""curricula_BSc-Curriculum-New.pdf"",""relative_path"":""curricula_BSc-Curriculum-New.pdf"",""page"":8,""chunk_id"":""doc-4d373684ce4879ed066003f5-p000008-b0001-c0001"",""text"":""1. Introduction University of Asia Pacific (UAP) was established in 1996 with a vision to enhance the opportunities for higher education in Bangladesh. The University, under the Private University Act 1992, started its operation in 1996 by offering four -year Bachelor Degree Programs in Computer Science & Technology and Business Administration only. Now UAP offers undergraduate programs in nine disciplines and post-graduate programs in eight disciplines. Its curriculum has been approved by the University Grants Commission of the Government of the People's Republic of Bangladesh. UAP is sponsored by University of Asia Pacific Foundation, a non -profitable, non-commercial organization based in Dhaka, Bangladesh. The Foundation has been established in 1995 by a group of eminent educationalists, Industrialists and administrators who share the same vision and social commitments to promote improve and innovative educational opportunities to the society. UAP is the pr oject of such noble goals. Mr. Qayum Reza Chowdhury is the current Chairperson of this foundation."",""excerpt"":""1. Introduction University of Asia Pacific (UAP) was established in 1996 with a vision to enhance the opportunities for higher education in Bangladesh. The University, under the Private University Act 1992, started its operation in 1996 by offering four -year Bachelor Degree Programs in Computer Science & Technology and Business Administration only. Now UAP offers undergraduate programs in nine disciplines and post-g…"",""retrieval_score"":0.032018442622950824,""detected_entity"":null,""matched_entity"":null,""requested_field"":""general"",""matched_field"":""general"",""support_status"":""supported""},{""document_id"":""doc-4d373684ce4879ed066003f5"",""source"":""curricula_BSc-Curriculum-New.pdf"",""relative_path"":""curricula_BSc-Curriculum-New.pdf"",""page"":14,""chunk_id"":""doc-4d373684ce4879ed066003f5-p000014-b0001-c0001"",""text"":""1.8 Academic and Technical Collaborations 1. Foreign Academic and Technical collaborations With increasing internationalization of educati on, particularly at the university level, there is a strong compulsion to promote interaction, especially with institution of higher education in the industrial countries. Such interaction provides access to ever -changing scenarios of modern education deli very system and the most up -to-date innovative developments in teaching -learning methodology. Recognizing this imperative, UAP has already initiated a number of collaborative programs with universities in the USA, Australia and Canada. An agreement betwee n the University of Baltimore, USA and University of Asia Pacific has already been signed to collaborate in a joint undergraduate studies program in Business Administration. The objective of this program is to offer a collaboration baccalaureate degree to students of UAP through a course of studies pursued at UAP and in the USA at the University of Baltimore. An exchange program and academic cooperation agreement has been signed with Virginia Polytechnic Institute (VPI) and State University (SU), USA, whic h provides for exchange of students and visits of faculty members between UAP and VPI, SU; transfer of credits for courses taken by UAP students: undertaking joint research programs and joint supervision. Under the agreement, UAP students may pursue their studies as exchange students or seek transfer to VPI and SU after studying two years at UAP. Similar agreements for academic collaboration had been undertaken with South Dakota School of Mines and Technology (SDSMT) in the USA and University of Western Sydney and University of Canberra in Australia. An exchange program and"",""excerpt"":""1.8 Academic and Technical Collaborations 1. Foreign Academic and Technical collaborations With increasing internationalization of educati on, particularly at the university level, there is a strong compulsion to promote interaction, especially with institution of higher education in the industrial countries. Such interaction provides access to ever -changing scenarios of modern education deli very system and the mos…"",""retrieval_score"":0.03177805800756621,""detected_entity"":null,""matched_entity"":null,""requested_field"":""general"",""matched_field"":""general"",""support_status"":""supported""},{""document_id"":""doc-4d373684ce4879ed066003f5"",""source"":""curricula_BSc-Curriculum-New.pdf"",""relative_path"":""curricula_BSc-Curriculum-New.pdf"",""page"":4,""chunk_id"":""doc-4d373684ce4879ed066003f5-p000004-b0001-c0001"",""text"":""University of Asia Pacific (UAP) was established in 1996 under the Private University Act 1992 as a private university with the vision of providing quality education and fulf illing the needs of our motherland, Bangladesh. This university started its journ ey in 1996 and offered four years bachelor degree programs in Computer Science & Engineering and Business Administration only, thus the very step of publishing the thirteenth edition of the prospectus for Undergraduate Studies of the Department of Computer Science & Engineering makes us proud. This department established in 1996, with the full support of the Administration and the UAP Foundation Members, is thriving forward in disseminating knowledge in this emerging field. Such endeavor is not only helpin g in developing the human resources of this country but also in earning foreign exchange by exporting skilled manpower abroad. Till to date, B.Sc.Engg. Degree has been conferred on 2200 graduates and these graduates are making positive contributions in the field of Computer Science and Engineering. To enhance the quality of education even further, the Department is planning to take some crush programs, some of which are mentioned below:  Faculty Search Team has been formed to attract Senior Faculty Members in the CSE Department of UAP.  All the Programmin g Lab PCs are regularly updated with the latest computer configuration.  A project lab has already been established for project/research work.  Mobile Games and App Development Lab has been approved to be buil t in CSE, UAP by government fund. CSE Department has several clubs namely UAP Software and"",""excerpt"":""University of Asia Pacific (UAP) was established in 1996 under the Private University Act 1992 as a private university with the vision of providing quality education and fulf illing the needs of our motherland, Bangladesh. This university started its journ ey in 1996 and offered four years bachelor degree programs in Computer Science & Engineering and Business Administration only, thus the very step of publishing the…"",""retrieval_score"":0.03128054740957967,""detected_entity"":null,""matched_entity"":null,""requested_field"":""general"",""matched_field"":""general"",""support_status"":""supported""}]",supported,Retrieved evidence matches the requested entity and field.,gguf_generation,". Jonno, Computer Science & Engineering and Business Administration.",True,BANGLISH_MARKERS_PRESENT,False,WRONG_RELATION_VALUE,False,WRONG_RELATION_VALUE,,,,,,,,,Provided university document-e reliable answer deyar moto enough information paoa jayni.,GENERATION_REJECTED,WRONG_RELATION_VALUE,GENERATION_SEMANTIC_FAILED,33.02284589999908,
Q008,english,How many B.Sc.Engg. graduates had received degrees according to the prospectus?,,general,"[{""rank"":1,""chunk_id"":""doc-4d373684ce4879ed066003f5-p000004-b0001-c0001"",""source"":""curricula_BSc-Curriculum-New.pdf"",""page"":4,""score"":0.03125,""text"":""University of Asia Pacific (UAP) was established in 1996 under the Private University Act 1992 as a private university with the vision of providing quality education and fulf illing the needs of our motherland, Bangladesh. This university started its journ ey in 1996 and offered four years bachelor degree programs in Computer Science & Engineering and Business Administration only, thus the very step of publishing the thirteenth edition of the prospectus for Undergraduate Studies of the Department of Computer Science & Engineering makes us proud. This department established in 1996, with the full support of the Administration and the UAP Foundation Members, is thriving forward in disseminating knowledge in this emerging field. Such endeavor is not only helpin g in developing the human resources of this country but also in earning foreign exchange by exporting skilled manpower abroad. Till to date, B.Sc.Engg. Degree has been conferred on 2200 graduates and these graduates are making positive contributions in the field of Computer Science and Engineering. To enhance the quality of education even further, the Department is planning to take some crush programs, some of which are mentioned below:  Faculty Search Team has been formed to attract Senior Faculty Members in the CSE Department of UAP.  All the Programmin g Lab PCs are regularly updated with the latest computer configuration.  A project lab has already been established for project/research work.  Mobile Games and App Development Lab has been approved to be buil t in CSE, UAP by government fund. CSE Department has several clubs namely UAP Software and""},{""rank"":2,""chunk_id"":""doc-4d373684ce4879ed066003f5-p000003-b0001-c0001"",""source"":""curricula_BSc-Curriculum-New.pdf"",""page"":3,""score"":0.030536130536130537,""text"":""Disclaimer The information contained in this prospectus is subject to change at the discretion of the Department of Computer Science & Engineering, UAP.""},{""rank"":3,""chunk_id"":""doc-4d373684ce4879ed066003f5-p000008-b0003-c0001"",""source"":""curricula_BSc-Curriculum-New.pdf"",""page"":8,""score"":0.029957522915269395,""text"":""1.2 University Administration Vice-Chancellor Prof. Dr. Jamilur Reza Choudhury B.Sc.(Engg.), Civil (BUET), M.Sc.(Engg.) ( Advanced Structural Engineering), Ph.D. (University of Southampton), Doctor of Engineering (Honoris Causa) Man chester University, UK. Fellow, Bangladesh Computer Society, Fellow, Bangladesh Academy of Sciences. Fellow, Institution of Engineers (Ba ngladesh) Email: vc@uap -bd.edu Pro Vice- Chancellor""}]","[{""document_id"":""doc-4d373684ce4879ed066003f5"",""source"":""curricula_BSc-Curriculum-New.pdf"",""relative_path"":""curricula_BSc-Curriculum-New.pdf"",""page"":4,""chunk_id"":""doc-4d373684ce4879ed066003f5-p000004-b0001-c0001"",""text"":""University of Asia Pacific (UAP) was established in 1996 under the Private University Act 1992 as a private university with the vision of providing quality education and fulf illing the needs of our motherland, Bangladesh. This university started its journ ey in 1996 and offered four years bachelor degree programs in Computer Science & Engineering and Business Administration only, thus the very step of publishing the thirteenth edition of the prospectus for Undergraduate Studies of the Department of Computer Science & Engineering makes us proud. This department established in 1996, with the full support of the Administration and the UAP Foundation Members, is thriving forward in disseminating knowledge in this emerging field. Such endeavor is not only helpin g in developing the human resources of this country but also in earning foreign exchange by exporting skilled manpower abroad. Till to date, B.Sc.Engg. Degree has been conferred on 2200 graduates and these graduates are making positive contributions in the field of Computer Science and Engineering. To enhance the quality of education even further, the Department is planning to take some crush programs, some of which are mentioned below:  Faculty Search Team has been formed to attract Senior Faculty Members in the CSE Department of UAP.  All the Programmin g Lab PCs are regularly updated with the latest computer configuration.  A project lab has already been established for project/research work.  Mobile Games and App Development Lab has been approved to be buil t in CSE, UAP by government fund. CSE Department has several clubs namely UAP Software and"",""excerpt"":""University of Asia Pacific (UAP) was established in 1996 under the Private University Act 1992 as a private university with the vision of providing quality education and fulf illing the needs of our motherland, Bangladesh. This university started its journ ey in 1996 and offered four years bachelor degree programs in Computer Science & Engineering and Business Administration only, thus the very step of publishing the…"",""retrieval_score"":0.03125,""detected_entity"":null,""matched_entity"":null,""requested_field"":""general"",""matched_field"":""general"",""support_status"":""supported""},{""document_id"":""doc-4d373684ce4879ed066003f5"",""source"":""curricula_BSc-Curriculum-New.pdf"",""relative_path"":""curricula_BSc-Curriculum-New.pdf"",""page"":3,""chunk_id"":""doc-4d373684ce4879ed066003f5-p000003-b0001-c0001"",""text"":""Disclaimer The information contained in this prospectus is subject to change at the discretion of the Department of Computer Science & Engineering, UAP."",""excerpt"":""Disclaimer The information contained in this prospectus is subject to change at the discretion of the Department of Computer Science & Engineering, UAP."",""retrieval_score"":0.030536130536130537,""detected_entity"":null,""matched_entity"":null,""requested_field"":""general"",""matched_field"":""general"",""support_status"":""supported""}]",supported,Retrieved evidence matches the requested entity and field.,gguf_generation,Reliable information was not found regarding the number of B.Sc.Engg. graduates who had received degrees according to the prospectus.,True,ENGLISH_BODY_VALID,False,WRONG_POLARITY,False,WRONG_POLARITY,WRONG_POLARITY,Reliable information was not found regarding the number of B.Sc.Engg. graduates who had received degrees according to the prospectus.,True,ENGLISH_BODY_VALID,False,WRONG_POLARITY,False,WRONG_POLARITY,I couldn't find enough information in the provided university documents to answer this reliably.,GENERATION_REJECTED,WRONG_POLARITY,,36.56904460000078,
Q008,banglish,Prospectus onujayi kotojon B.Sc.Engg. graduate degree peyechilo?,,general,"[{""rank"":1,""chunk_id"":""doc-4d373684ce4879ed066003f5-p000003-b0001-c0001"",""source"":""curricula_BSc-Curriculum-New.pdf"",""page"":3,""score"":0.02862400327131466,""text"":""Disclaimer The information contained in this prospectus is subject to change at the discretion of the Department of Computer Science & Engineering, UAP.""},{""rank"":2,""chunk_id"":""doc-4d373684ce4879ed066003f5-p000008-b0004-c0001"",""source"":""curricula_BSc-Curriculum-New.pdf"",""page"":8,""score"":0.02844163539403516,""text"":""Prof. M. R. Kabir Ph.D,Catholic University of Leuven, Belgium, M.Sc.Engg.Post Graduate Diploma,""},{""rank"":3,""chunk_id"":""doc-4d373684ce4879ed066003f5-p000039-b0004-c0001"",""source"":""curricula_BSc-Curriculum-New.pdf"",""page"":39,""score"":0.028370221327967807,""text"":""Assistant Professor M.Sc. in CSE, UTM, Malaysia, 2013 B. Sc.in CIT. in CSE, IUT, 2009 E-mail: adnanradowan@yahoo.com URL: http://www.uapbd.edu/cse/adnan.html Md. Akhtaruzzama n Adnan is currently working as an Assistant Professor at the Department of Computer Science and Engineering (CSE) of the University of Asia Pacific (UAP), Dhaka, Bangladesh. He completed B.Sc. (Hons.) from Islamic University of Technology (IUT), Gazipur, Bangladesh in 2009 and M.Sc. from Universiti Teknologi Malaysia (UTM), Johor, Malaysia. His research interests include but not limited to Wireless Sensor Networks, Computer Networking, Health IT, IoT, and Metaheuristic Algorithms. Adnan is the recipient of OIC Scholarship for B. Sc. studies and Malaysian Government Scholarship for M. Sc. studies.""}]","[{""document_id"":""doc-4d373684ce4879ed066003f5"",""source"":""curricula_BSc-Curriculum-New.pdf"",""relative_path"":""curricula_BSc-Curriculum-New.pdf"",""page"":8,""chunk_id"":""doc-4d373684ce4879ed066003f5-p000008-b0004-c0001"",""text"":""Prof. M. R. Kabir Ph.D,Catholic University of Leuven, Belgium, M.Sc.Engg.Post Graduate Diploma,"",""excerpt"":""Prof. M. R. Kabir Ph.D,Catholic University of Leuven, Belgium, M.Sc.Engg.Post Graduate Diploma,"",""retrieval_score"":0.02844163539403516,""detected_entity"":null,""matched_entity"":null,""requested_field"":""general"",""matched_field"":""general"",""support_status"":""supported""}]",supported,Retrieved evidence matches the requested entity and field.,gguf_generation,B.Sc.Engg. graduate degree peyechilo ache.,True,BANGLISH_MARKERS_PRESENT,False,SEMANTIC_CONTRACT_UNCERTAIN,False,SEMANTIC_CONTRACT_UNCERTAIN,,,,,,,,,Provided university document-e reliable answer deyar moto enough information paoa jayni.,GENERATION_REJECTED,SEMANTIC_CONTRACT_UNCERTAIN,GENERATION_SEMANTIC_FAILED,15.163916000001336,
Q009,english,What accreditation did the CSE Department receive from IEB?,,general,"[{""rank"":1,""chunk_id"":""doc-4d373684ce4879ed066003f5-p000006-b0002-c0001"",""source"":""curricula_BSc-Curriculum-New.pdf"",""page"":6,""score"":0.03278688524590164,""text"":""IEB Affiliation Department of CSE has received the Certificate of Accreditation from the Engineers Institution Bangladesh (IEB) for the BSc in CSE program starting from August 2014. This will enable the CSE students to enjoy the privileges offered by Engineers Institution Bangladesh (IEB) including membership.""},{""rank"":2,""chunk_id"":""doc-4d373684ce4879ed066003f5-p000031-b0004-c0001"",""source"":""curricula_BSc-Curriculum-New.pdf"",""page"":31,""score"":0.026540946394272742,""text"":""Activities: The Activities of this club are as follows:  The club arranges at least one intradepartmental robotic competition in an academic year on regular basis.  This club usually selects the participants from the CSE department for any Robotic event outside the university.  The Club arranges training as well as workshops for the interested students to spread robotics. Developments and progress achieved For the last 20 years, the Department has maintained a steady trend of improvement. Our students are proudl y contributing towards the development of our country. Further research and development work is being carried out by many of our graduates. Some of the students are employed in different prestigious multi -national, cellular and software companies. This ref lects the quality of students being produced by CSE, UAP. A good number of students are pursuing higher studies in Italy, UK, USA, Sweden, Japan, Germany and Korea. Starting from 4 students in 1996 the Department has experienced a massive i ntake of student s,""},{""rank"":3,""chunk_id"":""doc-4d373684ce4879ed066003f5-p000032-b0002-c0001"",""source"":""curricula_BSc-Curriculum-New.pdf"",""page"":32,""score"":0.025728708679368183,""text"":""3. Network and Communication Research Group (NCRG) of CSE Department is conducting research on real -life, industry-oriented problems. QUBEE will share necessary relevant information, if any. The outcome of the research can be accessed by both parties.""}]","[{""document_id"":""doc-4d373684ce4879ed066003f5"",""source"":""curricula_BSc-Curriculum-New.pdf"",""relative_path"":""curricula_BSc-Curriculum-New.pdf"",""page"":6,""chunk_id"":""doc-4d373684ce4879ed066003f5-p000006-b0002-c0001"",""text"":""IEB Affiliation Department of CSE has received the Certificate of Accreditation from the Engineers Institution Bangladesh (IEB) for the BSc in CSE program starting from August 2014. This will enable the CSE students to enjoy the privileges offered by Engineers Institution Bangladesh (IEB) including membership."",""excerpt"":""IEB Affiliation Department of CSE has received the Certificate of Accreditation from the Engineers Institution Bangladesh (IEB) for the BSc in CSE program starting from August 2014. This will enable the CSE students to enjoy the privileges offered by Engineers Institution Bangladesh (IEB) including membership."",""retrieval_score"":0.03278688524590164,""detected_entity"":null,""matched_entity"":null,""requested_field"":""general"",""matched_field"":""general"",""support_status"":""supported""},{""document_id"":""doc-4d373684ce4879ed066003f5"",""source"":""curricula_BSc-Curriculum-New.pdf"",""relative_path"":""curricula_BSc-Curriculum-New.pdf"",""page"":31,""chunk_id"":""doc-4d373684ce4879ed066003f5-p000031-b0004-c0001"",""text"":""Activities: The Activities of this club are as follows:  The club arranges at least one intradepartmental robotic competition in an academic year on regular basis.  This club usually selects the participants from the CSE department for any Robotic event outside the university.  The Club arranges training as well as workshops for the interested students to spread robotics. Developments and progress achieved For the last 20 years, the Department has maintained a steady trend of improvement. Our students are proudl y contributing towards the development of our country. Further research and development work is being carried out by many of our graduates. Some of the students are employed in different prestigious multi -national, cellular and software companies. This ref lects the quality of students being produced by CSE, UAP. A good number of students are pursuing higher studies in Italy, UK, USA, Sweden, Japan, Germany and Korea. Starting from 4 students in 1996 the Department has experienced a massive i ntake of student s,"",""excerpt"":""Activities: The Activities of this club are as follows:  The club arranges at least one intradepartmental robotic competition in an academic year on regular basis.  This club usually selects the participants from the CSE department for any Robotic event outside the university.  The Club arranges training as well as workshops for the interested students to spread robotics. Developments and progress achieved For the…"",""retrieval_score"":0.026540946394272742,""detected_entity"":null,""matched_entity"":null,""requested_field"":""general"",""matched_field"":""general"",""support_status"":""supported""},{""document_id"":""doc-4d373684ce4879ed066003f5"",""source"":""curricula_BSc-Curriculum-New.pdf"",""relative_path"":""curricula_BSc-Curriculum-New.pdf"",""page"":32,""chunk_id"":""doc-4d373684ce4879ed066003f5-p000032-b0002-c0001"",""text"":""3. Network and Communication Research Group (NCRG) of CSE Department is conducting research on real -life, industry-oriented problems. QUBEE will share necessary relevant information, if any. The outcome of the research can be accessed by both parties."",""excerpt"":""3. Network and Communication Research Group (NCRG) of CSE Department is conducting research on real -life, industry-oriented problems. QUBEE will share necessary relevant information, if any. The outcome of the research can be accessed by both parties."",""retrieval_score"":0.025728708679368183,""detected_entity"":null,""matched_entity"":null,""requested_field"":""general"",""matched_field"":""general"",""support_status"":""supported""}]",supported,Retrieved evidence matches the requested entity and field.,gguf_generation,The CSE Department received a Certificate of Accreditation from the Engineers Institution Bangladesh (IEB) for the BSc in CSE program starting from August 2014.,True,ENGLISH_BODY_VALID,True,SEMANTIC_CONTRACT_SATISFIED,True,FACTUAL_TOKENS_SUPPORTED,,,,,,,,,The CSE Department received a Certificate of Accreditation from the Engineers Institution Bangladesh (IEB) for the BSc in CSE program starting from August 2014.,supported,,,28.90020320000076,
Q009,bangla,CSE Department IEB থেকে কী স্বীকৃতি পেয়েছে?,,general,"[{""rank"":1,""chunk_id"":""doc-4d373684ce4879ed066003f5-p000006-b0002-c0001"",""source"":""curricula_BSc-Curriculum-New.pdf"",""page"":6,""score"":0.03278688524590164,""text"":""IEB Affiliation Department of CSE has received the Certificate of Accreditation from the Engineers Institution Bangladesh (IEB) for the BSc in CSE program starting from August 2014. This will enable the CSE students to enjoy the privileges offered by Engineers Institution Bangladesh (IEB) including membership.""},{""rank"":2,""chunk_id"":""doc-4d373684ce4879ed066003f5-p000032-b0002-c0001"",""source"":""curricula_BSc-Curriculum-New.pdf"",""page"":32,""score"":0.030090497737556562,""text"":""3. Network and Communication Research Group (NCRG) of CSE Department is conducting research on real -life, industry-oriented problems. QUBEE will share necessary relevant information, if any. The outcome of the research can be accessed by both parties.""},{""rank"":3,""chunk_id"":""doc-4d373684ce4879ed066003f5-p000025-b0001-c0001"",""source"":""curricula_BSc-Curriculum-New.pdf"",""page"":25,""score"":0.029211087420042643,""text"":""Vision The department of CSE, UAP is striving for pioneer role in ICT through excellence in education, research and developm ent towards preparing graduates as a global leader with quality education, innovative ideas, extracurricular activities and collaboration between industry and academia.""}]","[{""document_id"":""doc-4d373684ce4879ed066003f5"",""source"":""curricula_BSc-Curriculum-New.pdf"",""relative_path"":""curricula_BSc-Curriculum-New.pdf"",""page"":6,""chunk_id"":""doc-4d373684ce4879ed066003f5-p000006-b0002-c0001"",""text"":""IEB Affiliation Department of CSE has received the Certificate of Accreditation from the Engineers Institution Bangladesh (IEB) for the BSc in CSE program starting from August 2014. This will enable the CSE students to enjoy the privileges offered by Engineers Institution Bangladesh (IEB) including membership."",""excerpt"":""IEB Affiliation Department of CSE has received the Certificate of Accreditation from the Engineers Institution Bangladesh (IEB) for the BSc in CSE program starting from August 2014. This will enable the CSE students to enjoy the privileges offered by Engineers Institution Bangladesh (IEB) including membership."",""retrieval_score"":0.03278688524590164,""detected_entity"":null,""matched_entity"":null,""requested_field"":""general"",""matched_field"":""general"",""support_status"":""supported""},{""document_id"":""doc-4d373684ce4879ed066003f5"",""source"":""curricula_BSc-Curriculum-New.pdf"",""relative_path"":""curricula_BSc-Curriculum-New.pdf"",""page"":32,""chunk_id"":""doc-4d373684ce4879ed066003f5-p000032-b0002-c0001"",""text"":""3. Network and Communication Research Group (NCRG) of CSE Department is conducting research on real -life, industry-oriented problems. QUBEE will share necessary relevant information, if any. The outcome of the research can be accessed by both parties."",""excerpt"":""3. Network and Communication Research Group (NCRG) of CSE Department is conducting research on real -life, industry-oriented problems. QUBEE will share necessary relevant information, if any. The outcome of the research can be accessed by both parties."",""retrieval_score"":0.030090497737556562,""detected_entity"":null,""matched_entity"":null,""requested_field"":""general"",""matched_field"":""general"",""support_status"":""supported""},{""document_id"":""doc-4d373684ce4879ed066003f5"",""source"":""curricula_BSc-Curriculum-New.pdf"",""relative_path"":""curricula_BSc-Curriculum-New.pdf"",""page"":25,""chunk_id"":""doc-4d373684ce4879ed066003f5-p000025-b0001-c0001"",""text"":""Vision The department of CSE, UAP is striving for pioneer role in ICT through excellence in education, research and developm ent towards preparing graduates as a global leader with quality education, innovative ideas, extracurricular activities and collaboration between industry and academia."",""excerpt"":""Vision The department of CSE, UAP is striving for pioneer role in ICT through excellence in education, research and developm ent towards preparing graduates as a global leader with quality education, innovative ideas, extracurricular activities and collaboration between industry and academia."",""retrieval_score"":0.029211087420042643,""detected_entity"":null,""matched_entity"":null,""requested_field"":""general"",""matched_field"":""general"",""support_status"":""supported""}]",supported,Retrieved evidence matches the requested entity and field.,gguf_generation,CSE অধ্যাদেশটি ইঞ্জিনিয়ারস ইনস্টিটিউট বাংলাদেশ (IEB) থেকে সertificate of accreditation পেয়েছে।,False,MIXED_SCRIPT_TOKEN,False,SEMANTIC_CONTRACT_UNCERTAIN,False,SEMANTIC_CONTRACT_UNCERTAIN,SEMANTIC_CONTRACT_UNCERTAIN,CSE অধ্যাদেশটি ইঞ্জিনিয়ারস ইনস্টিটিউট বাংলাদেশ (IEB) থেকে সertification of accreditation পেয়েছে।,False,MIXED_SCRIPT_TOKEN,False,SEMANTIC_CONTRACT_UNCERTAIN,False,SEMANTIC_CONTRACT_UNCERTAIN,প্রদত্ত বিশ্ববিদ্যালয়ের নথিতে নির্ভরযোগ্যভাবে উত্তর দেওয়ার মতো পর্যাপ্ত তথ্য পাওয়া যায়নি।,GENERATION_REJECTED,SEMANTIC_CONTRACT_UNCERTAIN,RETRY_FAILED,70.29543589999957,
Q009,banglish,CSE Department IEB theke ki accreditation peyechhe?,,general,"[{""rank"":1,""chunk_id"":""doc-4d373684ce4879ed066003f5-p000006-b0002-c0001"",""source"":""curricula_BSc-Curriculum-New.pdf"",""page"":6,""score"":0.03278688524590164,""text"":""IEB Affiliation Department of CSE has received the Certificate of Accreditation from the Engineers Institution Bangladesh (IEB) for the BSc in CSE program starting from August 2014. This will enable the CSE students to enjoy the privileges offered by Engineers Institution Bangladesh (IEB) including membership.""},{""rank"":2,""chunk_id"":""doc-4d373684ce4879ed066003f5-p000014-b0003-c0001"",""source"":""curricula_BSc-Curriculum-New.pdf"",""page"":14,""score"":0.028782894736842105,""text"":""Computer Council MEMORANDUM OF UNDERSTAND ING (\""MoU\"") is made on 4 th June, 2016 between University of Asia Pacif ic and Bangladesh Computer Council, Govt, of Bangladesh (BCC) and Top -Up lT and Foundation Skills Project implementation Unit. The purpose of this association is to enable Foundation Skills and Top up lT Training projects to be implemented at UAP for the ir students leveraging their facilities while for UAP the value proposition is to enable its students to get a quality employability enhancing training, with certification/ accreditation to a""},{""rank"":3,""chunk_id"":""doc-4d373684ce4879ed066003f5-p000032-b0002-c0001"",""source"":""curricula_BSc-Curriculum-New.pdf"",""page"":32,""score"":0.02782608695652174,""text"":""3. Network and Communication Research Group (NCRG) of CSE Department is conducting research on real -life, industry-oriented problems. QUBEE will share necessary relevant information, if any. The outcome of the research can be accessed by both parties.""}]","[{""document_id"":""doc-4d373684ce4879ed066003f5"",""source"":""curricula_BSc-Curriculum-New.pdf"",""relative_path"":""curricula_BSc-Curriculum-New.pdf"",""page"":6,""chunk_id"":""doc-4d373684ce4879ed066003f5-p000006-b0002-c0001"",""text"":""IEB Affiliation Department of CSE has received the Certificate of Accreditation from the Engineers Institution Bangladesh (IEB) for the BSc in CSE program starting from August 2014. This will enable the CSE students to enjoy the privileges offered by Engineers Institution Bangladesh (IEB) including membership."",""excerpt"":""IEB Affiliation Department of CSE has received the Certificate of Accreditation from the Engineers Institution Bangladesh (IEB) for the BSc in CSE program starting from August 2014. This will enable the CSE students to enjoy the privileges offered by Engineers Institution Bangladesh (IEB) including membership."",""retrieval_score"":0.03278688524590164,""detected_entity"":null,""matched_entity"":null,""requested_field"":""general"",""matched_field"":""general"",""support_status"":""supported""},{""document_id"":""doc-4d373684ce4879ed066003f5"",""source"":""curricula_BSc-Curriculum-New.pdf"",""relative_path"":""curricula_BSc-Curriculum-New.pdf"",""page"":32,""chunk_id"":""doc-4d373684ce4879ed066003f5-p000032-b0002-c0001"",""text"":""3. Network and Communication Research Group (NCRG) of CSE Department is conducting research on real -life, industry-oriented problems. QUBEE will share necessary relevant information, if any. The outcome of the research can be accessed by both parties."",""excerpt"":""3. Network and Communication Research Group (NCRG) of CSE Department is conducting research on real -life, industry-oriented problems. QUBEE will share necessary relevant information, if any. The outcome of the research can be accessed by both parties."",""retrieval_score"":0.02782608695652174,""detected_entity"":null,""matched_entity"":null,""requested_field"":""general"",""matched_field"":""general"",""support_status"":""supported""}]",supported,Retrieved evidence matches the requested entity and field.,gguf_generation,IEB affiliation Department of CSE has received the Certificate of Accreditation from Engineers Institution Bangladesh (IEB) for the BSc in CSE program starting from August 2014.,False,BANGLISH_BODY_PURE_ENGLISH,False,SEMANTIC_CONTRACT_UNCERTAIN,False,SEMANTIC_CONTRACT_UNCERTAIN,SEMANTIC_CONTRACT_UNCERTAIN,IEB affiliation ডিপার্টমেন্ট অফ CSE ইngineers Institution Bangladesh (IEB) থেকে সertification of accreditation পেয়েছে বিশেষ করে BSc in CSE program থেকে শুরু হওয়া August 2014 থেকে।,False,MIXED_SCRIPT_TOKEN,False,SEMANTIC_CONTRACT_UNCERTAIN,False,SEMANTIC_CONTRACT_UNCERTAIN,Provided university document-e reliable answer deyar moto enough information paoa jayni.,GENERATION_REJECTED,SEMANTIC_CONTRACT_UNCERTAIN,RETRY_FAILED,64.0183836999986,
Q010,english,Under which act did UAP start its operation?,,general,"[{""rank"":1,""chunk_id"":""doc-4d373684ce4879ed066003f5-p000008-b0001-c0001"",""source"":""curricula_BSc-Curriculum-New.pdf"",""page"":8,""score"":0.03252247488101534,""text"":""1. Introduction University of Asia Pacific (UAP) was established in 1996 with a vision to enhance the opportunities for higher education in Bangladesh. The University, under the Private University Act 1992, started its operation in 1996 by offering four -year Bachelor Degree Programs in Computer Science & Technology and Business Administration only. Now UAP offers undergraduate programs in nine disciplines and post-graduate programs in eight disciplines. Its curriculum has been approved by the University Grants Commission of the Government of the People's Republic of Bangladesh. UAP is sponsored by University of Asia Pacific Foundation, a non -profitable, non-commercial organization based in Dhaka, Bangladesh. The Foundation has been established in 1995 by a group of eminent educationalists, Industrialists and administrators who share the same vision and social commitments to promote improve and innovative educational opportunities to the society. UAP is the pr oject of such noble goals. Mr. Qayum Reza Chowdhury is the current Chairperson of this foundation.""},{""rank"":2,""chunk_id"":""doc-4d373684ce4879ed066003f5-p000004-b0001-c0001"",""source"":""curricula_BSc-Curriculum-New.pdf"",""page"":4,""score"":0.031746031746031744,""text"":""University of Asia Pacific (UAP) was established in 1996 under the Private University Act 1992 as a private university with the vision of providing quality education and fulf illing the needs of our motherland, Bangladesh. This university started its journ ey in 1996 and offered four years bachelor degree programs in Computer Science & Engineering and Business Administration only, thus the very step of publishing the thirteenth edition of the prospectus for Undergraduate Studies of the Department of Computer Science & Engineering makes us proud. This department established in 1996, with the full support of the Administration and the UAP Foundation Members, is thriving forward in disseminating knowledge in this emerging field. Such endeavor is not only helpin g in developing the human resources of this country but also in earning foreign exchange by exporting skilled manpower abroad. Till to date, B.Sc.Engg. Degree has been conferred on 2200 graduates and these graduates are making positive contributions in the field of Computer Science and Engineering. To enhance the quality of education even further, the Department is planning to take some crush programs, some of which are mentioned below:  Faculty Search Team has been formed to attract Senior Faculty Members in the CSE Department of UAP.  All the Programmin g Lab PCs are regularly updated with the latest computer configuration.  A project lab has already been established for project/research work.  Mobile Games and App Development Lab has been approved to be buil t in CSE, UAP by government fund. CSE Department has several clubs namely UAP Software and""},{""rank"":3,""chunk_id"":""doc-4d373684ce4879ed066003f5-p000013-b0004-c0001"",""source"":""curricula_BSc-Curriculum-New.pdf"",""page"":13,""score"":0.031054405392392875,""text"":""Laboratory UAP provide laboratory facilities for the students of respective departments. The laboratories are self -sufficient and r ich in instruments and other facilities to carry out sessional / practical classes for different courses. Unlike many other private Universities, UAP does not depend on any other institutions for its laboratory classes. Other than sessional / practical cla sses, the faculties of UAP do their research work in these laboratories also. Website and Internet Faci lity University of Asia Pacific (UAP) provides twenty -four hour high -speed Internet facilities to its students. All the computers of lab and other place s of each department of UAP are connected under a LAN and high -speed Internet line. There is a web site of UAP that contains important information about faculty members, ongoing research, admission, faculty search, exam of UAP etc., which is updated each week and URL is www.uap-bd.edu. Each student of UAP is given an individual email account at uap-bd.edu domain that recognizes the UAP students. Student can submit their assignments through Internet.""}]","[{""document_id"":""doc-4d373684ce4879ed066003f5"",""source"":""curricula_BSc-Curriculum-New.pdf"",""relative_path"":""curricula_BSc-Curriculum-New.pdf"",""page"":8,""chunk_id"":""doc-4d373684ce4879ed066003f5-p000008-b0001-c0001"",""text"":""1. Introduction University of Asia Pacific (UAP) was established in 1996 with a vision to enhance the opportunities for higher education in Bangladesh. The University, under the Private University Act 1992, started its operation in 1996 by offering four -year Bachelor Degree Programs in Computer Science & Technology and Business Administration only. Now UAP offers undergraduate programs in nine disciplines and post-graduate programs in eight disciplines. Its curriculum has been approved by the University Grants Commission of the Government of the People's Republic of Bangladesh. UAP is sponsored by University of Asia Pacific Foundation, a non -profitable, non-commercial organization based in Dhaka, Bangladesh. The Foundation has been established in 1995 by a group of eminent educationalists, Industrialists and administrators who share the same vision and social commitments to promote improve and innovative educational opportunities to the society. UAP is the pr oject of such noble goals. Mr. Qayum Reza Chowdhury is the current Chairperson of this foundation."",""excerpt"":""1. Introduction University of Asia Pacific (UAP) was established in 1996 with a vision to enhance the opportunities for higher education in Bangladesh. The University, under the Private University Act 1992, started its operation in 1996 by offering four -year Bachelor Degree Programs in Computer Science & Technology and Business Administration only. Now UAP offers undergraduate programs in nine disciplines and post-g…"",""retrieval_score"":0.03252247488101534,""detected_entity"":null,""matched_entity"":null,""requested_field"":""general"",""matched_field"":""general"",""support_status"":""supported""},{""document_id"":""doc-4d373684ce4879ed066003f5"",""source"":""curricula_BSc-Curriculum-New.pdf"",""relative_path"":""curricula_BSc-Curriculum-New.pdf"",""page"":4,""chunk_id"":""doc-4d373684ce4879ed066003f5-p000004-b0001-c0001"",""text"":""University of Asia Pacific (UAP) was established in 1996 under the Private University Act 1992 as a private university with the vision of providing quality education and fulf illing the needs of our motherland, Bangladesh. This university started its journ ey in 1996 and offered four years bachelor degree programs in Computer Science & Engineering and Business Administration only, thus the very step of publishing the thirteenth edition of the prospectus for Undergraduate Studies of the Department of Computer Science & Engineering makes us proud. This department established in 1996, with the full support of the Administration and the UAP Foundation Members, is thriving forward in disseminating knowledge in this emerging field. Such endeavor is not only helpin g in developing the human resources of this country but also in earning foreign exchange by exporting skilled manpower abroad. Till to date, B.Sc.Engg. Degree has been conferred on 2200 graduates and these graduates are making positive contributions in the field of Computer Science and Engineering. To enhance the quality of education even further, the Department is planning to take some crush programs, some of which are mentioned below:  Faculty Search Team has been formed to attract Senior Faculty Members in the CSE Department of UAP.  All the Programmin g Lab PCs are regularly updated with the latest computer configuration.  A project lab has already been established for project/research work.  Mobile Games and App Development Lab has been approved to be buil t in CSE, UAP by government fund. CSE Department has several clubs namely UAP Software and"",""excerpt"":""University of Asia Pacific (UAP) was established in 1996 under the Private University Act 1992 as a private university with the vision of providing quality education and fulf illing the needs of our motherland, Bangladesh. This university started its journ ey in 1996 and offered four years bachelor degree programs in Computer Science & Engineering and Business Administration only, thus the very step of publishing the…"",""retrieval_score"":0.031746031746031744,""detected_entity"":null,""matched_entity"":null,""requested_field"":""general"",""matched_field"":""general"",""support_status"":""supported""},{""document_id"":""doc-4d373684ce4879ed066003f5"",""source"":""curricula_BSc-Curriculum-New.pdf"",""relative_path"":""curricula_BSc-Curriculum-New.pdf"",""page"":13,""chunk_id"":""doc-4d373684ce4879ed066003f5-p000013-b0004-c0001"",""text"":""Laboratory UAP provide laboratory facilities for the students of respective departments. The laboratories are self -sufficient and r ich in instruments and other facilities to carry out sessional / practical classes for different courses. Unlike many other private Universities, UAP does not depend on any other institutions for its laboratory classes. Other than sessional / practical cla sses, the faculties of UAP do their research work in these laboratories also. Website and Internet Faci lity University of Asia Pacific (UAP) provides twenty -four hour high -speed Internet facilities to its students. All the computers of lab and other place s of each department of UAP are connected under a LAN and high -speed Internet line. There is a web site of UAP that contains important information about faculty members, ongoing research, admission, faculty search, exam of UAP etc., which is updated each week and URL is www.uap-bd.edu. Each student of UAP is given an individual email account at uap-bd.edu domain that recognizes the UAP students. Student can submit their assignments through Internet."",""excerpt"":""Laboratory UAP provide laboratory facilities for the students of respective departments. The laboratories are self -sufficient and r ich in instruments and other facilities to carry out sessional / practical classes for different courses. Unlike many other private Universities, UAP does not depend on any other institutions for its laboratory classes. Other than sessional / practical cla sses, the faculties of UAP do…"",""retrieval_score"":0.031054405392392875,""detected_entity"":null,""matched_entity"":null,""requested_field"":""general"",""matched_field"":""general"",""support_status"":""supported""}]",supported,Retrieved evidence matches the requested entity and field.,structured_list,The University of Asia Pacific (UAP) started its operation under the Private University Act 1992.,True,ENGLISH_BODY_VALID,False,WRONG_RELATION_VALUE,False,WRONG_RELATION_VALUE,,,,,,,,,I couldn't find enough information in the provided university documents to answer this reliably.,GENERATION_REJECTED,WRONG_RELATION_VALUE,,30.23294309999983,
Q010,banglish,UAP kon act-er odhine operation start korechilo?,,general,"[{""rank"":1,""chunk_id"":""doc-4d373684ce4879ed066003f5-p000008-b0001-c0001"",""source"":""curricula_BSc-Curriculum-New.pdf"",""page"":8,""score"":0.03252247488101534,""text"":""1. Introduction University of Asia Pacific (UAP) was established in 1996 with a vision to enhance the opportunities for higher education in Bangladesh. The University, under the Private University Act 1992, started its operation in 1996 by offering four -year Bachelor Degree Programs in Computer Science & Technology and Business Administration only. Now UAP offers undergraduate programs in nine disciplines and post-graduate programs in eight disciplines. Its curriculum has been approved by the University Grants Commission of the Government of the People's Republic of Bangladesh. UAP is sponsored by University of Asia Pacific Foundation, a non -profitable, non-commercial organization based in Dhaka, Bangladesh. The Foundation has been established in 1995 by a group of eminent educationalists, Industrialists and administrators who share the same vision and social commitments to promote improve and innovative educational opportunities to the society. UAP is the pr oject of such noble goals. Mr. Qayum Reza Chowdhury is the current Chairperson of this foundation.""},{""rank"":2,""chunk_id"":""doc-4d373684ce4879ed066003f5-p000004-b0001-c0001"",""source"":""curricula_BSc-Curriculum-New.pdf"",""page"":4,""score"":0.031746031746031744,""text"":""University of Asia Pacific (UAP) was established in 1996 under the Private University Act 1992 as a private university with the vision of providing quality education and fulf illing the needs of our motherland, Bangladesh. This university started its journ ey in 1996 and offered four years bachelor degree programs in Computer Science & Engineering and Business Administration only, thus the very step of publishing the thirteenth edition of the prospectus for Undergraduate Studies of the Department of Computer Science & Engineering makes us proud. This department established in 1996, with the full support of the Administration and the UAP Foundation Members, is thriving forward in disseminating knowledge in this emerging field. Such endeavor is not only helpin g in developing the human resources of this country but also in earning foreign exchange by exporting skilled manpower abroad. Till to date, B.Sc.Engg. Degree has been conferred on 2200 graduates and these graduates are making positive contributions in the field of Computer Science and Engineering. To enhance the quality of education even further, the Department is planning to take some crush programs, some of which are mentioned below:  Faculty Search Team has been formed to attract Senior Faculty Members in the CSE Department of UAP.  All the Programmin g Lab PCs are regularly updated with the latest computer configuration.  A project lab has already been established for project/research work.  Mobile Games and App Development Lab has been approved to be buil t in CSE, UAP by government fund. CSE Department has several clubs namely UAP Software and""},{""rank"":3,""chunk_id"":""doc-4d373684ce4879ed066003f5-p000016-b0001-c0001"",""source"":""curricula_BSc-Curriculum-New.pdf"",""page"":16,""score"":0.03047794966520434,""text"":""UAP Rules & Regulation""}]","[{""document_id"":""doc-4d373684ce4879ed066003f5"",""source"":""curricula_BSc-Curriculum-New.pdf"",""relative_path"":""curricula_BSc-Curriculum-New.pdf"",""page"":8,""chunk_id"":""doc-4d373684ce4879ed066003f5-p000008-b0001-c0001"",""text"":""1. Introduction University of Asia Pacific (UAP) was established in 1996 with a vision to enhance the opportunities for higher education in Bangladesh. The University, under the Private University Act 1992, started its operation in 1996 by offering four -year Bachelor Degree Programs in Computer Science & Technology and Business Administration only. Now UAP offers undergraduate programs in nine disciplines and post-graduate programs in eight disciplines. Its curriculum has been approved by the University Grants Commission of the Government of the People's Republic of Bangladesh. UAP is sponsored by University of Asia Pacific Foundation, a non -profitable, non-commercial organization based in Dhaka, Bangladesh. The Foundation has been established in 1995 by a group of eminent educationalists, Industrialists and administrators who share the same vision and social commitments to promote improve and innovative educational opportunities to the society. UAP is the pr oject of such noble goals. Mr. Qayum Reza Chowdhury is the current Chairperson of this foundation."",""excerpt"":""1. Introduction University of Asia Pacific (UAP) was established in 1996 with a vision to enhance the opportunities for higher education in Bangladesh. The University, under the Private University Act 1992, started its operation in 1996 by offering four -year Bachelor Degree Programs in Computer Science & Technology and Business Administration only. Now UAP offers undergraduate programs in nine disciplines and post-g…"",""retrieval_score"":0.03252247488101534,""detected_entity"":null,""matched_entity"":null,""requested_field"":""general"",""matched_field"":""general"",""support_status"":""supported""},{""document_id"":""doc-4d373684ce4879ed066003f5"",""source"":""curricula_BSc-Curriculum-New.pdf"",""relative_path"":""curricula_BSc-Curriculum-New.pdf"",""page"":4,""chunk_id"":""doc-4d373684ce4879ed066003f5-p000004-b0001-c0001"",""text"":""University of Asia Pacific (UAP) was established in 1996 under the Private University Act 1992 as a private university with the vision of providing quality education and fulf illing the needs of our motherland, Bangladesh. This university started its journ ey in 1996 and offered four years bachelor degree programs in Computer Science & Engineering and Business Administration only, thus the very step of publishing the thirteenth edition of the prospectus for Undergraduate Studies of the Department of Computer Science & Engineering makes us proud. This department established in 1996, with the full support of the Administration and the UAP Foundation Members, is thriving forward in disseminating knowledge in this emerging field. Such endeavor is not only helpin g in developing the human resources of this country but also in earning foreign exchange by exporting skilled manpower abroad. Till to date, B.Sc.Engg. Degree has been conferred on 2200 graduates and these graduates are making positive contributions in the field of Computer Science and Engineering. To enhance the quality of education even further, the Department is planning to take some crush programs, some of which are mentioned below:  Faculty Search Team has been formed to attract Senior Faculty Members in the CSE Department of UAP.  All the Programmin g Lab PCs are regularly updated with the latest computer configuration.  A project lab has already been established for project/research work.  Mobile Games and App Development Lab has been approved to be buil t in CSE, UAP by government fund. CSE Department has several clubs namely UAP Software and"",""excerpt"":""University of Asia Pacific (UAP) was established in 1996 under the Private University Act 1992 as a private university with the vision of providing quality education and fulf illing the needs of our motherland, Bangladesh. This university started its journ ey in 1996 and offered four years bachelor degree programs in Computer Science & Engineering and Business Administration only, thus the very step of publishing the…"",""retrieval_score"":0.031746031746031744,""detected_entity"":null,""matched_entity"":null,""requested_field"":""general"",""matched_field"":""general"",""support_status"":""supported""}]",supported,Retrieved evidence matches the requested entity and field.,gguf_generation,UAP operation start korechilo 1996-er Private University Act 1992 odhine.,True,BANGLISH_MARKERS_PRESENT,False,WRONG_RELATION_VALUE,False,WRONG_RELATION_VALUE,,,,,,,,,Provided university document-e reliable answer deyar moto enough information paoa jayni.,GENERATION_REJECTED,WRONG_RELATION_VALUE,GENERATION_SEMANTIC_FAILED,26.31573490000119,
Q011,english,How many undergraduate and postgraduate disciplines does UAP offer according to the introduction?,,general,"[{""rank"":1,""chunk_id"":""doc-4d373684ce4879ed066003f5-p000008-b0001-c0001"",""source"":""curricula_BSc-Curriculum-New.pdf"",""page"":8,""score"":0.032266458495966696,""text"":""1. Introduction University of Asia Pacific (UAP) was established in 1996 with a vision to enhance the opportunities for higher education in Bangladesh. The University, under the Private University Act 1992, started its operation in 1996 by offering four -year Bachelor Degree Programs in Computer Science & Technology and Business Administration only. Now UAP offers undergraduate programs in nine disciplines and post-graduate programs in eight disciplines. Its curriculum has been approved by the University Grants Commission of the Government of the People's Republic of Bangladesh. UAP is sponsored by University of Asia Pacific Foundation, a non -profitable, non-commercial organization based in Dhaka, Bangladesh. The Foundation has been established in 1995 by a group of eminent educationalists, Industrialists and administrators who share the same vision and social commitments to promote improve and innovative educational opportunities to the society. UAP is the pr oject of such noble goals. Mr. Qayum Reza Chowdhury is the current Chairperson of this foundation.""},{""rank"":2,""chunk_id"":""doc-4d373684ce4879ed066003f5-p000009-b0004-c0001"",""source"":""curricula_BSc-Curriculum-New.pdf"",""page"":9,""score"":0.03200204813108039,""text"":""1.3 Schools and Departments At present, UAP has five schools comprising of relevant departments: School of Engineering Department of Computer Science and Engineering Department of Civil Engineering Department of Electrical and Electronic Engineering School of Business Department of Business Administration School of Environmental Science and Engineering Department of Architecture School of Science Department of Pharmacy School of Social Science and Arts Department of Law and Human Rights Department of Basic Science and Humanities Department of English Department of Mathematics These departments of UAP offer under graduate programs in nine disciplines and post-graduate programs in eight disciplines.""},{""rank"":3,""chunk_id"":""doc-4d373684ce4879ed066003f5-p000010-b0001-c0001"",""source"":""curricula_BSc-Curriculum-New.pdf"",""page"":10,""score"":0.030886196246139225,""text"":""1.4 Academic Programs Undergraduate Studies Currently UAP is offering undergraduate programs in the following seven disciplines Architecture Business Administration Civil Engineering Computer Science and Engineering Electrical and Electronic Engineering Law and Human Rights Pharmacy English Basic Science and Humanities Other than Architecture, all the courses are four -year programs. Architecture is a five-year course. Academic programs are conducted on semester basis. There are two semesters of 18 weeks each - Fall and Spring in each year. At present the University has roughly 5,500 students, with sufficient number of faculty members on full time basis. Besides, a good number of renowned educationists of different disciplines are involved in teaching on part time basis. The faculty is a blend of senior teachers with wide experience both at home and abroad and Young teachers with fresh and innovative ideas. Postg raduate Studies The Department of Business Administration is presently offering an Executive MBA program in conjunction with US / Australian Universities. It is full time program of 60 credit hours spread over two years. The Department of Pharmacy is now offering Master‘s Program in Pharmaceutical Technology (MS in Pharm. Tech.). It is a full time program of 24 credits having one - year duration. The Department of Computer Science and Engineering is offering Masters in Computer Science, Masters in Computer Science and Engineering.""}]","[{""document_id"":""doc-4d373684ce4879ed066003f5"",""source"":""curricula_BSc-Curriculum-New.pdf"",""relative_path"":""curricula_BSc-Curriculum-New.pdf"",""page"":8,""chunk_id"":""doc-4d373684ce4879ed066003f5-p000008-b0001-c0001"",""text"":""1. Introduction University of Asia Pacific (UAP) was established in 1996 with a vision to enhance the opportunities for higher education in Bangladesh. The University, under the Private University Act 1992, started its operation in 1996 by offering four -year Bachelor Degree Programs in Computer Science & Technology and Business Administration only. Now UAP offers undergraduate programs in nine disciplines and post-graduate programs in eight disciplines. Its curriculum has been approved by the University Grants Commission of the Government of the People's Republic of Bangladesh. UAP is sponsored by University of Asia Pacific Foundation, a non -profitable, non-commercial organization based in Dhaka, Bangladesh. The Foundation has been established in 1995 by a group of eminent educationalists, Industrialists and administrators who share the same vision and social commitments to promote improve and innovative educational opportunities to the society. UAP is the pr oject of such noble goals. Mr. Qayum Reza Chowdhury is the current Chairperson of this foundation."",""excerpt"":""1. Introduction University of Asia Pacific (UAP) was established in 1996 with a vision to enhance the opportunities for higher education in Bangladesh. The University, under the Private University Act 1992, started its operation in 1996 by offering four -year Bachelor Degree Programs in Computer Science & Technology and Business Administration only. Now UAP offers undergraduate programs in nine disciplines and post-g…"",""retrieval_score"":0.032266458495966696,""detected_entity"":null,""matched_entity"":null,""requested_field"":""general"",""matched_field"":""general"",""support_status"":""supported""},{""document_id"":""doc-4d373684ce4879ed066003f5"",""source"":""curricula_BSc-Curriculum-New.pdf"",""relative_path"":""curricula_BSc-Curriculum-New.pdf"",""page"":9,""chunk_id"":""doc-4d373684ce4879ed066003f5-p000009-b0004-c0001"",""text"":""1.3 Schools and Departments At present, UAP has five schools comprising of relevant departments: School of Engineering Department of Computer Science and Engineering Department of Civil Engineering Department of Electrical and Electronic Engineering School of Business Department of Business Administration School of Environmental Science and Engineering Department of Architecture School of Science Department of Pharmacy School of Social Science and Arts Department of Law and Human Rights Department of Basic Science and Humanities Department of English Department of Mathematics These departments of UAP offer under graduate programs in nine disciplines and post-graduate programs in eight disciplines."",""excerpt"":""1.3 Schools and Departments At present, UAP has five schools comprising of relevant departments: School of Engineering Department of Computer Science and Engineering Department of Civil Engineering Department of Electrical and Electronic Engineering School of Business Department of Business Administration School of Environmental Science and Engineering Department of Architecture School of Science Department of Pharma…"",""retrieval_score"":0.03200204813108039,""detected_entity"":null,""matched_entity"":null,""requested_field"":""general"",""matched_field"":""general"",""support_status"":""supported""},{""document_id"":""doc-4d373684ce4879ed066003f5"",""source"":""curricula_BSc-Curriculum-New.pdf"",""relative_path"":""curricula_BSc-Curriculum-New.pdf"",""page"":10,""chunk_id"":""doc-4d373684ce4879ed066003f5-p000010-b0001-c0001"",""text"":""1.4 Academic Programs Undergraduate Studies Currently UAP is offering undergraduate programs in the following seven disciplines Architecture Business Administration Civil Engineering Computer Science and Engineering Electrical and Electronic Engineering Law and Human Rights Pharmacy English Basic Science and Humanities Other than Architecture, all the courses are four -year programs. Architecture is a five-year course. Academic programs are conducted on semester basis. There are two semesters of 18 weeks each - Fall and Spring in each year. At present the University has roughly 5,500 students, with sufficient number of faculty members on full time basis. Besides, a good number of renowned educationists of different disciplines are involved in teaching on part time basis. The faculty is a blend of senior teachers with wide experience both at home and abroad and Young teachers with fresh and innovative ideas. Postg raduate Studies The Department of Business Administration is presently offering an Executive MBA program in conjunction with US / Australian Universities. It is full time program of 60 credit hours spread over two years. The Department of Pharmacy is now offering Master‘s Program in Pharmaceutical Technology (MS in Pharm. Tech.). It is a full time program of 24 credits having one - year duration. The Department of Computer Science and Engineering is offering Masters in Computer Science, Masters in Computer Science and Engineering."",""excerpt"":""1.4 Academic Programs Undergraduate Studies Currently UAP is offering undergraduate programs in the following seven disciplines Architecture Business Administration Civil Engineering Computer Science and Engineering Electrical and Electronic Engineering Law and Human Rights Pharmacy English Basic Science and Humanities Other than Architecture, all the courses are four -year programs. Architecture is a five-year cours…"",""retrieval_score"":0.030886196246139225,""detected_entity"":null,""matched_entity"":null,""requested_field"":""general"",""matched_field"":""general"",""support_status"":""supported""}]",supported,Retrieved evidence matches the requested entity and field.,structured_list,Now UAP offers undergraduate programs in nine disciplines and postgraduate programs in seven disciplines.,True,ENGLISH_BODY_VALID,False,MISSING_REQUIRED_ENTITY,False,MISSING_REQUIRED_ENTITY,MISSING_REQUIRED_ENTITY,Now UAP offers undergraduate programs in nine disciplines and postgraduate programs in seven disciplines.,True,ENGLISH_BODY_VALID,False,MISSING_REQUIRED_ENTITY,False,MISSING_REQUIRED_ENTITY,I couldn't find enough information in the provided university documents to answer this reliably.,GENERATION_REJECTED,MISSING_REQUIRED_ENTITY,,32.77185219999956,
Q011,banglish,Introduction-e UAP koyta undergraduate ar postgraduate discipline offer kore bola hoyeche?,,general,"[{""rank"":1,""chunk_id"":""doc-4d373684ce4879ed066003f5-p000009-b0004-c0001"",""source"":""curricula_BSc-Curriculum-New.pdf"",""page"":9,""score"":0.031024531024531024,""text"":""1.3 Schools and Departments At present, UAP has five schools comprising of relevant departments: School of Engineering Department of Computer Science and Engineering Department of Civil Engineering Department of Electrical and Electronic Engineering School of Business Department of Business Administration School of Environmental Science and Engineering Department of Architecture School of Science Department of Pharmacy School of Social Science and Arts Department of Law and Human Rights Department of Basic Science and Humanities Department of English Department of Mathematics These departments of UAP offer under graduate programs in nine disciplines and post-graduate programs in eight disciplines.""},{""rank"":2,""chunk_id"":""doc-4d373684ce4879ed066003f5-p000008-b0001-c0001"",""source"":""curricula_BSc-Curriculum-New.pdf"",""page"":8,""score"":0.030886196246139225,""text"":""1. Introduction University of Asia Pacific (UAP) was established in 1996 with a vision to enhance the opportunities for higher education in Bangladesh. The University, under the Private University Act 1992, started its operation in 1996 by offering four -year Bachelor Degree Programs in Computer Science & Technology and Business Administration only. Now UAP offers undergraduate programs in nine disciplines and post-graduate programs in eight disciplines. Its curriculum has been approved by the University Grants Commission of the Government of the People's Republic of Bangladesh. UAP is sponsored by University of Asia Pacific Foundation, a non -profitable, non-commercial organization based in Dhaka, Bangladesh. The Foundation has been established in 1995 by a group of eminent educationalists, Industrialists and administrators who share the same vision and social commitments to promote improve and innovative educational opportunities to the society. UAP is the pr oject of such noble goals. Mr. Qayum Reza Chowdhury is the current Chairperson of this foundation.""},{""rank"":3,""chunk_id"":""doc-4d373684ce4879ed066003f5-p000014-b0001-c0001"",""source"":""curricula_BSc-Curriculum-New.pdf"",""page"":14,""score"":0.03007688828584351,""text"":""1.8 Academic and Technical Collaborations 1. Foreign Academic and Technical collaborations With increasing internationalization of educati on, particularly at the university level, there is a strong compulsion to promote interaction, especially with institution of higher education in the industrial countries. Such interaction provides access to ever -changing scenarios of modern education deli very system and the most up -to-date innovative developments in teaching -learning methodology. Recognizing this imperative, UAP has already initiated a number of collaborative programs with universities in the USA, Australia and Canada. An agreement betwee n the University of Baltimore, USA and University of Asia Pacific has already been signed to collaborate in a joint undergraduate studies program in Business Administration. The objective of this program is to offer a collaboration baccalaureate degree to students of UAP through a course of studies pursued at UAP and in the USA at the University of Baltimore. An exchange program and academic cooperation agreement has been signed with Virginia Polytechnic Institute (VPI) and State University (SU), USA, whic h provides for exchange of students and visits of faculty members between UAP and VPI, SU; transfer of credits for courses taken by UAP students: undertaking joint research programs and joint supervision. Under the agreement, UAP students may pursue their studies as exchange students or seek transfer to VPI and SU after studying two years at UAP. Similar agreements for academic collaboration had been undertaken with South Dakota School of Mines and Technology (SDSMT) in the USA and University of Western Sydney and University of Canberra in Australia. An exchange program and""}]","[{""document_id"":""doc-4d373684ce4879ed066003f5"",""source"":""curricula_BSc-Curriculum-New.pdf"",""relative_path"":""curricula_BSc-Curriculum-New.pdf"",""page"":9,""chunk_id"":""doc-4d373684ce4879ed066003f5-p000009-b0004-c0001"",""text"":""1.3 Schools and Departments At present, UAP has five schools comprising of relevant departments: School of Engineering Department of Computer Science and Engineering Department of Civil Engineering Department of Electrical and Electronic Engineering School of Business Department of Business Administration School of Environmental Science and Engineering Department of Architecture School of Science Department of Pharmacy School of Social Science and Arts Department of Law and Human Rights Department of Basic Science and Humanities Department of English Department of Mathematics These departments of UAP offer under graduate programs in nine disciplines and post-graduate programs in eight disciplines."",""excerpt"":""1.3 Schools and Departments At present, UAP has five schools comprising of relevant departments: School of Engineering Department of Computer Science and Engineering Department of Civil Engineering Department of Electrical and Electronic Engineering School of Business Department of Business Administration School of Environmental Science and Engineering Department of Architecture School of Science Department of Pharma…"",""retrieval_score"":0.031024531024531024,""detected_entity"":null,""matched_entity"":null,""requested_field"":""general"",""matched_field"":""general"",""support_status"":""supported""},{""document_id"":""doc-4d373684ce4879ed066003f5"",""source"":""curricula_BSc-Curriculum-New.pdf"",""relative_path"":""curricula_BSc-Curriculum-New.pdf"",""page"":8,""chunk_id"":""doc-4d373684ce4879ed066003f5-p000008-b0001-c0001"",""text"":""1. Introduction University of Asia Pacific (UAP) was established in 1996 with a vision to enhance the opportunities for higher education in Bangladesh. The University, under the Private University Act 1992, started its operation in 1996 by offering four -year Bachelor Degree Programs in Computer Science & Technology and Business Administration only. Now UAP offers undergraduate programs in nine disciplines and post-graduate programs in eight disciplines. Its curriculum has been approved by the University Grants Commission of the Government of the People's Republic of Bangladesh. UAP is sponsored by University of Asia Pacific Foundation, a non -profitable, non-commercial organization based in Dhaka, Bangladesh. The Foundation has been established in 1995 by a group of eminent educationalists, Industrialists and administrators who share the same vision and social commitments to promote improve and innovative educational opportunities to the society. UAP is the pr oject of such noble goals. Mr. Qayum Reza Chowdhury is the current Chairperson of this foundation."",""excerpt"":""1. Introduction University of Asia Pacific (UAP) was established in 1996 with a vision to enhance the opportunities for higher education in Bangladesh. The University, under the Private University Act 1992, started its operation in 1996 by offering four -year Bachelor Degree Programs in Computer Science & Technology and Business Administration only. Now UAP offers undergraduate programs in nine disciplines and post-g…"",""retrieval_score"":0.030886196246139225,""detected_entity"":null,""matched_entity"":null,""requested_field"":""general"",""matched_field"":""general"",""support_status"":""supported""},{""document_id"":""doc-4d373684ce4879ed066003f5"",""source"":""curricula_BSc-Curriculum-New.pdf"",""relative_path"":""curricula_BSc-Curriculum-New.pdf"",""page"":14,""chunk_id"":""doc-4d373684ce4879ed066003f5-p000014-b0001-c0001"",""text"":""1.8 Academic and Technical Collaborations 1. Foreign Academic and Technical collaborations With increasing internationalization of educati on, particularly at the university level, there is a strong compulsion to promote interaction, especially with institution of higher education in the industrial countries. Such interaction provides access to ever -changing scenarios of modern education deli very system and the most up -to-date innovative developments in teaching -learning methodology. Recognizing this imperative, UAP has already initiated a number of collaborative programs with universities in the USA, Australia and Canada. An agreement betwee n the University of Baltimore, USA and University of Asia Pacific has already been signed to collaborate in a joint undergraduate studies program in Business Administration. The objective of this program is to offer a collaboration baccalaureate degree to students of UAP through a course of studies pursued at UAP and in the USA at the University of Baltimore. An exchange program and academic cooperation agreement has been signed with Virginia Polytechnic Institute (VPI) and State University (SU), USA, whic h provides for exchange of students and visits of faculty members between UAP and VPI, SU; transfer of credits for courses taken by UAP students: undertaking joint research programs and joint supervision. Under the agreement, UAP students may pursue their studies as exchange students or seek transfer to VPI and SU after studying two years at UAP. Similar agreements for academic collaboration had been undertaken with South Dakota School of Mines and Technology (SDSMT) in the USA and University of Western Sydney and University of Canberra in Australia. An exchange program and"",""excerpt"":""1.8 Academic and Technical Collaborations 1. Foreign Academic and Technical collaborations With increasing internationalization of educati on, particularly at the university level, there is a strong compulsion to promote interaction, especially with institution of higher education in the industrial countries. Such interaction provides access to ever -changing scenarios of modern education deli very system and the mos…"",""retrieval_score"":0.03007688828584351,""detected_entity"":null,""matched_entity"":null,""requested_field"":""general"",""matched_field"":""general"",""support_status"":""supported""}]",supported,Retrieved evidence matches the requested entity and field.,structured_list,Now UAP offers undergraduate programs in nine disciplines and postgraduate programs.,False,BANGLISH_BODY_PURE_ENGLISH,True,SEMANTIC_CONTRACT_SATISFIED,True,FACTUAL_TOKENS_SUPPORTED,BANGLISH_BODY_PURE_ENGLISH,Now UAP undergraduate programs nine disciplines postgraduate programs korar jonne bola hoyeche.,False,BANGLISH_BODY_PURE_ENGLISH,True,SEMANTIC_CONTRACT_SATISFIED,True,FACTUAL_TOKENS_SUPPORTED,Provided university document-e reliable answer deyar moto enough information paoa jayni.,GENERATION_REJECTED,BANGLISH_BODY_PURE_ENGLISH,RETRY_FAILED,34.02249329999904,
Q012,banglish,Prospectus-e Vice-Chancellor hisebe kar naam deya ache?,,general,"[{""rank"":1,""chunk_id"":""doc-4d373684ce4879ed066003f5-p000008-b0003-c0001"",""source"":""curricula_BSc-Curriculum-New.pdf"",""page"":8,""score"":0.03278688524590164,""text"":""1.2 University Administration Vice-Chancellor Prof. Dr. Jamilur Reza Choudhury B.Sc.(Engg.), Civil (BUET), M.Sc.(Engg.) ( Advanced Structural Engineering), Ph.D. (University of Southampton), Doctor of Engineering (Honoris Causa) Man chester University, UK. Fellow, Bangladesh Computer Society, Fellow, Bangladesh Academy of Sciences. Fellow, Institution of Engineers (Ba ngladesh) Email: vc@uap -bd.edu Pro Vice- Chancellor""},{""rank"":2,""chunk_id"":""doc-4d373684ce4879ed066003f5-p000001-b0001-c0001"",""source"":""curricula_BSc-Curriculum-New.pdf"",""page"":1,""score"":0.03149801587301587,""text"":""University of Asia Pacific (UAP) Department of Computer Science & Engineering Prospectus (Undergraduate Program) 2017-18 Board of Editors""},{""rank"":3,""chunk_id"":""doc-4d373684ce4879ed066003f5-p000011-b0002-c0001"",""source"":""curricula_BSc-Curriculum-New.pdf"",""page"":11,""score"":0.031024531024531024,""text"":""1.5 Academic Council Academic council is the highest academic body of the University. It is chaired by the Vice Chancellor of UAP and comprise s of the departmental Heads, Deans and eminent academicians of the country.""}]","[{""document_id"":""doc-4d373684ce4879ed066003f5"",""source"":""curricula_BSc-Curriculum-New.pdf"",""relative_path"":""curricula_BSc-Curriculum-New.pdf"",""page"":8,""chunk_id"":""doc-4d373684ce4879ed066003f5-p000008-b0003-c0001"",""text"":""1.2 University Administration Vice-Chancellor Prof. Dr. Jamilur Reza Choudhury B.Sc.(Engg.), Civil (BUET), M.Sc.(Engg.) ( Advanced Structural Engineering), Ph.D. (University of Southampton), Doctor of Engineering (Honoris Causa) Man chester University, UK. Fellow, Bangladesh Computer Society, Fellow, Bangladesh Academy of Sciences. Fellow, Institution of Engineers (Ba ngladesh) Email: vc@uap -bd.edu Pro Vice- Chancellor"",""excerpt"":""1.2 University Administration Vice-Chancellor Prof. Dr. Jamilur Reza Choudhury B.Sc.(Engg.), Civil (BUET), M.Sc.(Engg.) ( Advanced Structural Engineering), Ph.D. (University of Southampton), Doctor of Engineering (Honoris Causa) Man chester University, UK. Fellow, Bangladesh Computer Society, Fellow, Bangladesh Academy of Sciences. Fellow, Institution of Engineers (Ba ngladesh) Email: vc@uap -bd.edu Pro Vice- Chancel…"",""retrieval_score"":0.03278688524590164,""detected_entity"":null,""matched_entity"":null,""requested_field"":""general"",""matched_field"":""general"",""support_status"":""supported""},{""document_id"":""doc-4d373684ce4879ed066003f5"",""source"":""curricula_BSc-Curriculum-New.pdf"",""relative_path"":""curricula_BSc-Curriculum-New.pdf"",""page"":11,""chunk_id"":""doc-4d373684ce4879ed066003f5-p000011-b0002-c0001"",""text"":""1.5 Academic Council Academic council is the highest academic body of the University. It is chaired by the Vice Chancellor of UAP and comprise s of the departmental Heads, Deans and eminent academicians of the country."",""excerpt"":""1.5 Academic Council Academic council is the highest academic body of the University. It is chaired by the Vice Chancellor of UAP and comprise s of the departmental Heads, Deans and eminent academicians of the country."",""retrieval_score"":0.031024531024531024,""detected_entity"":null,""matched_entity"":null,""requested_field"":""general"",""matched_field"":""general"",""support_status"":""supported""}]",supported,Retrieved evidence matches the requested entity and field.,gguf_generation,Vice-Chancellor er name deya ache.,True,BANGLISH_MARKERS_PRESENT,False,SEMANTIC_CONTRACT_UNCERTAIN,False,SEMANTIC_CONTRACT_UNCERTAIN,,,,,,,,,Provided university document-e reliable answer deyar moto enough information paoa jayni.,GENERATION_REJECTED,SEMANTIC_CONTRACT_UNCERTAIN,GENERATION_SEMANTIC_FAILED,19.555149699999674,
Q013,english,Where is the UAP Administration located?,,general,"[{""rank"":1,""chunk_id"":""doc-4d373684ce4879ed066003f5-p000011-b0003-c0001"",""source"":""curricula_BSc-Curriculum-New.pdf"",""page"":11,""score"":0.03225806451612903,""text"":""1.6 The Campus UAP Administration 74/A, Green Road, Farmgate, Dhaka - 1215, Bangladesh PABX:+8802-58157091-4, +8802-58157096 Ext: 107, 114 FAX:+8802-58157097 Email: registrar@uap-bd.edu""},{""rank"":2,""chunk_id"":""doc-4d373684ce4879ed066003f5-p000008-b0001-c0001"",""source"":""curricula_BSc-Curriculum-New.pdf"",""page"":8,""score"":0.03149801587301587,""text"":""1. Introduction University of Asia Pacific (UAP) was established in 1996 with a vision to enhance the opportunities for higher education in Bangladesh. The University, under the Private University Act 1992, started its operation in 1996 by offering four -year Bachelor Degree Programs in Computer Science & Technology and Business Administration only. Now UAP offers undergraduate programs in nine disciplines and post-graduate programs in eight disciplines. Its curriculum has been approved by the University Grants Commission of the Government of the People's Republic of Bangladesh. UAP is sponsored by University of Asia Pacific Foundation, a non -profitable, non-commercial organization based in Dhaka, Bangladesh. The Foundation has been established in 1995 by a group of eminent educationalists, Industrialists and administrators who share the same vision and social commitments to promote improve and innovative educational opportunities to the society. UAP is the pr oject of such noble goals. Mr. Qayum Reza Chowdhury is the current Chairperson of this foundation.""},{""rank"":3,""chunk_id"":""doc-4d373684ce4879ed066003f5-p000004-b0001-c0001"",""source"":""curricula_BSc-Curriculum-New.pdf"",""page"":4,""score"":0.031009615384615385,""text"":""University of Asia Pacific (UAP) was established in 1996 under the Private University Act 1992 as a private university with the vision of providing quality education and fulf illing the needs of our motherland, Bangladesh. This university started its journ ey in 1996 and offered four years bachelor degree programs in Computer Science & Engineering and Business Administration only, thus the very step of publishing the thirteenth edition of the prospectus for Undergraduate Studies of the Department of Computer Science & Engineering makes us proud. This department established in 1996, with the full support of the Administration and the UAP Foundation Members, is thriving forward in disseminating knowledge in this emerging field. Such endeavor is not only helpin g in developing the human resources of this country but also in earning foreign exchange by exporting skilled manpower abroad. Till to date, B.Sc.Engg. Degree has been conferred on 2200 graduates and these graduates are making positive contributions in the field of Computer Science and Engineering. To enhance the quality of education even further, the Department is planning to take some crush programs, some of which are mentioned below:  Faculty Search Team has been formed to attract Senior Faculty Members in the CSE Department of UAP.  All the Programmin g Lab PCs are regularly updated with the latest computer configuration.  A project lab has already been established for project/research work.  Mobile Games and App Development Lab has been approved to be buil t in CSE, UAP by government fund. CSE Department has several clubs namely UAP Software and""}]","[{""document_id"":""doc-4d373684ce4879ed066003f5"",""source"":""curricula_BSc-Curriculum-New.pdf"",""relative_path"":""curricula_BSc-Curriculum-New.pdf"",""page"":11,""chunk_id"":""doc-4d373684ce4879ed066003f5-p000011-b0003-c0001"",""text"":""1.6 The Campus UAP Administration 74/A, Green Road, Farmgate, Dhaka - 1215, Bangladesh PABX:+8802-58157091-4, +8802-58157096 Ext: 107, 114 FAX:+8802-58157097 Email: registrar@uap-bd.edu"",""excerpt"":""1.6 The Campus UAP Administration 74/A, Green Road, Farmgate, Dhaka - 1215, Bangladesh PABX:+8802-58157091-4, +8802-58157096 Ext: 107, 114 FAX:+8802-58157097 Email: registrar@uap-bd.edu"",""retrieval_score"":0.03225806451612903,""detected_entity"":null,""matched_entity"":null,""requested_field"":""general"",""matched_field"":""general"",""support_status"":""supported""},{""document_id"":""doc-4d373684ce4879ed066003f5"",""source"":""curricula_BSc-Curriculum-New.pdf"",""relative_path"":""curricula_BSc-Curriculum-New.pdf"",""page"":8,""chunk_id"":""doc-4d373684ce4879ed066003f5-p000008-b0001-c0001"",""text"":""1. Introduction University of Asia Pacific (UAP) was established in 1996 with a vision to enhance the opportunities for higher education in Bangladesh. The University, under the Private University Act 1992, started its operation in 1996 by offering four -year Bachelor Degree Programs in Computer Science & Technology and Business Administration only. Now UAP offers undergraduate programs in nine disciplines and post-graduate programs in eight disciplines. Its curriculum has been approved by the University Grants Commission of the Government of the People's Republic of Bangladesh. UAP is sponsored by University of Asia Pacific Foundation, a non -profitable, non-commercial organization based in Dhaka, Bangladesh. The Foundation has been established in 1995 by a group of eminent educationalists, Industrialists and administrators who share the same vision and social commitments to promote improve and innovative educational opportunities to the society. UAP is the pr oject of such noble goals. Mr. Qayum Reza Chowdhury is the current Chairperson of this foundation."",""excerpt"":""1. Introduction University of Asia Pacific (UAP) was established in 1996 with a vision to enhance the opportunities for higher education in Bangladesh. The University, under the Private University Act 1992, started its operation in 1996 by offering four -year Bachelor Degree Programs in Computer Science & Technology and Business Administration only. Now UAP offers undergraduate programs in nine disciplines and post-g…"",""retrieval_score"":0.03149801587301587,""detected_entity"":null,""matched_entity"":null,""requested_field"":""general"",""matched_field"":""general"",""support_status"":""supported""},{""document_id"":""doc-4d373684ce4879ed066003f5"",""source"":""curricula_BSc-Curriculum-New.pdf"",""relative_path"":""curricula_BSc-Curriculum-New.pdf"",""page"":4,""chunk_id"":""doc-4d373684ce4879ed066003f5-p000004-b0001-c0001"",""text"":""University of Asia Pacific (UAP) was established in 1996 under the Private University Act 1992 as a private university with the vision of providing quality education and fulf illing the needs of our motherland, Bangladesh. This university started its journ ey in 1996 and offered four years bachelor degree programs in Computer Science & Engineering and Business Administration only, thus the very step of publishing the thirteenth edition of the prospectus for Undergraduate Studies of the Department of Computer Science & Engineering makes us proud. This department established in 1996, with the full support of the Administration and the UAP Foundation Members, is thriving forward in disseminating knowledge in this emerging field. Such endeavor is not only helpin g in developing the human resources of this country but also in earning foreign exchange by exporting skilled manpower abroad. Till to date, B.Sc.Engg. Degree has been conferred on 2200 graduates and these graduates are making positive contributions in the field of Computer Science and Engineering. To enhance the quality of education even further, the Department is planning to take some crush programs, some of which are mentioned below:  Faculty Search Team has been formed to attract Senior Faculty Members in the CSE Department of UAP.  All the Programmin g Lab PCs are regularly updated with the latest computer configuration.  A project lab has already been established for project/research work.  Mobile Games and App Development Lab has been approved to be buil t in CSE, UAP by government fund. CSE Department has several clubs namely UAP Software and"",""excerpt"":""University of Asia Pacific (UAP) was established in 1996 under the Private University Act 1992 as a private university with the vision of providing quality education and fulf illing the needs of our motherland, Bangladesh. This university started its journ ey in 1996 and offered four years bachelor degree programs in Computer Science & Engineering and Business Administration only, thus the very step of publishing the…"",""retrieval_score"":0.031009615384615385,""detected_entity"":null,""matched_entity"":null,""requested_field"":""general"",""matched_field"":""general"",""support_status"":""supported""}]",supported,Retrieved evidence matches the requested entity and field.,gguf_generation,"The UAP Administration is located at 74/A, Green Road, Farmgate, Dhaka - 1215, Bangladesh.",True,ENGLISH_BODY_VALID,True,SEMANTIC_CONTRACT_SATISFIED,True,FACTUAL_TOKENS_SUPPORTED,,,,,,,,,"The UAP Administration is located at 74/A, Green Road, Farmgate, Dhaka - 1215, Bangladesh.",supported,,,26.51684589999968,
Q013,bangla,UAP Administration কোথায় অবস্থিত?,,general,"[{""rank"":1,""chunk_id"":""doc-4d373684ce4879ed066003f5-p000011-b0003-c0001"",""source"":""curricula_BSc-Curriculum-New.pdf"",""page"":11,""score"":0.03225806451612903,""text"":""1.6 The Campus UAP Administration 74/A, Green Road, Farmgate, Dhaka - 1215, Bangladesh PABX:+8802-58157091-4, +8802-58157096 Ext: 107, 114 FAX:+8802-58157097 Email: registrar@uap-bd.edu""},{""rank"":2,""chunk_id"":""doc-4d373684ce4879ed066003f5-p000008-b0001-c0001"",""source"":""curricula_BSc-Curriculum-New.pdf"",""page"":8,""score"":0.031024531024531024,""text"":""1. Introduction University of Asia Pacific (UAP) was established in 1996 with a vision to enhance the opportunities for higher education in Bangladesh. The University, under the Private University Act 1992, started its operation in 1996 by offering four -year Bachelor Degree Programs in Computer Science & Technology and Business Administration only. Now UAP offers undergraduate programs in nine disciplines and post-graduate programs in eight disciplines. Its curriculum has been approved by the University Grants Commission of the Government of the People's Republic of Bangladesh. UAP is sponsored by University of Asia Pacific Foundation, a non -profitable, non-commercial organization based in Dhaka, Bangladesh. The Foundation has been established in 1995 by a group of eminent educationalists, Industrialists and administrators who share the same vision and social commitments to promote improve and innovative educational opportunities to the society. UAP is the pr oject of such noble goals. Mr. Qayum Reza Chowdhury is the current Chairperson of this foundation.""},{""rank"":3,""chunk_id"":""doc-4d373684ce4879ed066003f5-p000004-b0001-c0001"",""source"":""curricula_BSc-Curriculum-New.pdf"",""page"":4,""score"":0.031009615384615385,""text"":""University of Asia Pacific (UAP) was established in 1996 under the Private University Act 1992 as a private university with the vision of providing quality education and fulf illing the needs of our motherland, Bangladesh. This university started its journ ey in 1996 and offered four years bachelor degree programs in Computer Science & Engineering and Business Administration only, thus the very step of publishing the thirteenth edition of the prospectus for Undergraduate Studies of the Department of Computer Science & Engineering makes us proud. This department established in 1996, with the full support of the Administration and the UAP Foundation Members, is thriving forward in disseminating knowledge in this emerging field. Such endeavor is not only helpin g in developing the human resources of this country but also in earning foreign exchange by exporting skilled manpower abroad. Till to date, B.Sc.Engg. Degree has been conferred on 2200 graduates and these graduates are making positive contributions in the field of Computer Science and Engineering. To enhance the quality of education even further, the Department is planning to take some crush programs, some of which are mentioned below:  Faculty Search Team has been formed to attract Senior Faculty Members in the CSE Department of UAP.  All the Programmin g Lab PCs are regularly updated with the latest computer configuration.  A project lab has already been established for project/research work.  Mobile Games and App Development Lab has been approved to be buil t in CSE, UAP by government fund. CSE Department has several clubs namely UAP Software and""}]","[{""document_id"":""doc-4d373684ce4879ed066003f5"",""source"":""curricula_BSc-Curriculum-New.pdf"",""relative_path"":""curricula_BSc-Curriculum-New.pdf"",""page"":11,""chunk_id"":""doc-4d373684ce4879ed066003f5-p000011-b0003-c0001"",""text"":""1.6 The Campus UAP Administration 74/A, Green Road, Farmgate, Dhaka - 1215, Bangladesh PABX:+8802-58157091-4, +8802-58157096 Ext: 107, 114 FAX:+8802-58157097 Email: registrar@uap-bd.edu"",""excerpt"":""1.6 The Campus UAP Administration 74/A, Green Road, Farmgate, Dhaka - 1215, Bangladesh PABX:+8802-58157091-4, +8802-58157096 Ext: 107, 114 FAX:+8802-58157097 Email: registrar@uap-bd.edu"",""retrieval_score"":0.03225806451612903,""detected_entity"":null,""matched_entity"":null,""requested_field"":""general"",""matched_field"":""general"",""support_status"":""supported""},{""document_id"":""doc-4d373684ce4879ed066003f5"",""source"":""curricula_BSc-Curriculum-New.pdf"",""relative_path"":""curricula_BSc-Curriculum-New.pdf"",""page"":8,""chunk_id"":""doc-4d373684ce4879ed066003f5-p000008-b0001-c0001"",""text"":""1. Introduction University of Asia Pacific (UAP) was established in 1996 with a vision to enhance the opportunities for higher education in Bangladesh. The University, under the Private University Act 1992, started its operation in 1996 by offering four -year Bachelor Degree Programs in Computer Science & Technology and Business Administration only. Now UAP offers undergraduate programs in nine disciplines and post-graduate programs in eight disciplines. Its curriculum has been approved by the University Grants Commission of the Government of the People's Republic of Bangladesh. UAP is sponsored by University of Asia Pacific Foundation, a non -profitable, non-commercial organization based in Dhaka, Bangladesh. The Foundation has been established in 1995 by a group of eminent educationalists, Industrialists and administrators who share the same vision and social commitments to promote improve and innovative educational opportunities to the society. UAP is the pr oject of such noble goals. Mr. Qayum Reza Chowdhury is the current Chairperson of this foundation."",""excerpt"":""1. Introduction University of Asia Pacific (UAP) was established in 1996 with a vision to enhance the opportunities for higher education in Bangladesh. The University, under the Private University Act 1992, started its operation in 1996 by offering four -year Bachelor Degree Programs in Computer Science & Technology and Business Administration only. Now UAP offers undergraduate programs in nine disciplines and post-g…"",""retrieval_score"":0.031024531024531024,""detected_entity"":null,""matched_entity"":null,""requested_field"":""general"",""matched_field"":""general"",""support_status"":""supported""},{""document_id"":""doc-4d373684ce4879ed066003f5"",""source"":""curricula_BSc-Curriculum-New.pdf"",""relative_path"":""curricula_BSc-Curriculum-New.pdf"",""page"":4,""chunk_id"":""doc-4d373684ce4879ed066003f5-p000004-b0001-c0001"",""text"":""University of Asia Pacific (UAP) was established in 1996 under the Private University Act 1992 as a private university with the vision of providing quality education and fulf illing the needs of our motherland, Bangladesh. This university started its journ ey in 1996 and offered four years bachelor degree programs in Computer Science & Engineering and Business Administration only, thus the very step of publishing the thirteenth edition of the prospectus for Undergraduate Studies of the Department of Computer Science & Engineering makes us proud. This department established in 1996, with the full support of the Administration and the UAP Foundation Members, is thriving forward in disseminating knowledge in this emerging field. Such endeavor is not only helpin g in developing the human resources of this country but also in earning foreign exchange by exporting skilled manpower abroad. Till to date, B.Sc.Engg. Degree has been conferred on 2200 graduates and these graduates are making positive contributions in the field of Computer Science and Engineering. To enhance the quality of education even further, the Department is planning to take some crush programs, some of which are mentioned below:  Faculty Search Team has been formed to attract Senior Faculty Members in the CSE Department of UAP.  All the Programmin g Lab PCs are regularly updated with the latest computer configuration.  A project lab has already been established for project/research work.  Mobile Games and App Development Lab has been approved to be buil t in CSE, UAP by government fund. CSE Department has several clubs namely UAP Software and"",""excerpt"":""University of Asia Pacific (UAP) was established in 1996 under the Private University Act 1992 as a private university with the vision of providing quality education and fulf illing the needs of our motherland, Bangladesh. This university started its journ ey in 1996 and offered four years bachelor degree programs in Computer Science & Engineering and Business Administration only, thus the very step of publishing the…"",""retrieval_score"":0.031009615384615385,""detected_entity"":null,""matched_entity"":null,""requested_field"":""general"",""matched_field"":""general"",""support_status"":""supported""}]",supported,Retrieved evidence matches the requested entity and field.,gguf_generation,"UAP Administration 74/A, Green Road, Farmgate, Dhaka - 1215, Bangladesh।",False,BANGLA_BODY_TOO_ENGLISH,True,SEMANTIC_CONTRACT_SATISFIED,True,FACTUAL_TOKENS_SUPPORTED,BANGLA_BODY_TOO_ENGLISH,"UAP Administration 74/A, Green Road, Farmgate, Dhaka - 1215, Bangladesh।",False,BANGLA_BODY_TOO_ENGLISH,True,SEMANTIC_CONTRACT_SATISFIED,True,FACTUAL_TOKENS_SUPPORTED,প্রদত্ত বিশ্ববিদ্যালয়ের নথিতে নির্ভরযোগ্যভাবে উত্তর দেওয়ার মতো পর্যাপ্ত তথ্য পাওয়া যায়নি।,GENERATION_REJECTED,BANGLA_BODY_TOO_ENGLISH,RETRY_FAILED,37.2371905,
Q013,banglish,UAP Administration kothay located?,,general,"[{""rank"":1,""chunk_id"":""doc-4d373684ce4879ed066003f5-p000011-b0003-c0001"",""source"":""curricula_BSc-Curriculum-New.pdf"",""page"":11,""score"":0.03252247488101534,""text"":""1.6 The Campus UAP Administration 74/A, Green Road, Farmgate, Dhaka - 1215, Bangladesh PABX:+8802-58157091-4, +8802-58157096 Ext: 107, 114 FAX:+8802-58157097 Email: registrar@uap-bd.edu""},{""rank"":2,""chunk_id"":""doc-4d373684ce4879ed066003f5-p000008-b0001-c0001"",""source"":""curricula_BSc-Curriculum-New.pdf"",""page"":8,""score"":0.031024531024531024,""text"":""1. Introduction University of Asia Pacific (UAP) was established in 1996 with a vision to enhance the opportunities for higher education in Bangladesh. The University, under the Private University Act 1992, started its operation in 1996 by offering four -year Bachelor Degree Programs in Computer Science & Technology and Business Administration only. Now UAP offers undergraduate programs in nine disciplines and post-graduate programs in eight disciplines. Its curriculum has been approved by the University Grants Commission of the Government of the People's Republic of Bangladesh. UAP is sponsored by University of Asia Pacific Foundation, a non -profitable, non-commercial organization based in Dhaka, Bangladesh. The Foundation has been established in 1995 by a group of eminent educationalists, Industrialists and administrators who share the same vision and social commitments to promote improve and innovative educational opportunities to the society. UAP is the pr oject of such noble goals. Mr. Qayum Reza Chowdhury is the current Chairperson of this foundation.""},{""rank"":3,""chunk_id"":""doc-4d373684ce4879ed066003f5-p000004-b0001-c0001"",""source"":""curricula_BSc-Curriculum-New.pdf"",""page"":4,""score"":0.03076923076923077,""text"":""University of Asia Pacific (UAP) was established in 1996 under the Private University Act 1992 as a private university with the vision of providing quality education and fulf illing the needs of our motherland, Bangladesh. This university started its journ ey in 1996 and offered four years bachelor degree programs in Computer Science & Engineering and Business Administration only, thus the very step of publishing the thirteenth edition of the prospectus for Undergraduate Studies of the Department of Computer Science & Engineering makes us proud. This department established in 1996, with the full support of the Administration and the UAP Foundation Members, is thriving forward in disseminating knowledge in this emerging field. Such endeavor is not only helpin g in developing the human resources of this country but also in earning foreign exchange by exporting skilled manpower abroad. Till to date, B.Sc.Engg. Degree has been conferred on 2200 graduates and these graduates are making positive contributions in the field of Computer Science and Engineering. To enhance the quality of education even further, the Department is planning to take some crush programs, some of which are mentioned below:  Faculty Search Team has been formed to attract Senior Faculty Members in the CSE Department of UAP.  All the Programmin g Lab PCs are regularly updated with the latest computer configuration.  A project lab has already been established for project/research work.  Mobile Games and App Development Lab has been approved to be buil t in CSE, UAP by government fund. CSE Department has several clubs namely UAP Software and""}]","[{""document_id"":""doc-4d373684ce4879ed066003f5"",""source"":""curricula_BSc-Curriculum-New.pdf"",""relative_path"":""curricula_BSc-Curriculum-New.pdf"",""page"":11,""chunk_id"":""doc-4d373684ce4879ed066003f5-p000011-b0003-c0001"",""text"":""1.6 The Campus UAP Administration 74/A, Green Road, Farmgate, Dhaka - 1215, Bangladesh PABX:+8802-58157091-4, +8802-58157096 Ext: 107, 114 FAX:+8802-58157097 Email: registrar@uap-bd.edu"",""excerpt"":""1.6 The Campus UAP Administration 74/A, Green Road, Farmgate, Dhaka - 1215, Bangladesh PABX:+8802-58157091-4, +8802-58157096 Ext: 107, 114 FAX:+8802-58157097 Email: registrar@uap-bd.edu"",""retrieval_score"":0.03252247488101534,""detected_entity"":null,""matched_entity"":null,""requested_field"":""general"",""matched_field"":""general"",""support_status"":""supported""},{""document_id"":""doc-4d373684ce4879ed066003f5"",""source"":""curricula_BSc-Curriculum-New.pdf"",""relative_path"":""curricula_BSc-Curriculum-New.pdf"",""page"":8,""chunk_id"":""doc-4d373684ce4879ed066003f5-p000008-b0001-c0001"",""text"":""1. Introduction University of Asia Pacific (UAP) was established in 1996 with a vision to enhance the opportunities for higher education in Bangladesh. The University, under the Private University Act 1992, started its operation in 1996 by offering four -year Bachelor Degree Programs in Computer Science & Technology and Business Administration only. Now UAP offers undergraduate programs in nine disciplines and post-graduate programs in eight disciplines. Its curriculum has been approved by the University Grants Commission of the Government of the People's Republic of Bangladesh. UAP is sponsored by University of Asia Pacific Foundation, a non -profitable, non-commercial organization based in Dhaka, Bangladesh. The Foundation has been established in 1995 by a group of eminent educationalists, Industrialists and administrators who share the same vision and social commitments to promote improve and innovative educational opportunities to the society. UAP is the pr oject of such noble goals. Mr. Qayum Reza Chowdhury is the current Chairperson of this foundation."",""excerpt"":""1. Introduction University of Asia Pacific (UAP) was established in 1996 with a vision to enhance the opportunities for higher education in Bangladesh. The University, under the Private University Act 1992, started its operation in 1996 by offering four -year Bachelor Degree Programs in Computer Science & Technology and Business Administration only. Now UAP offers undergraduate programs in nine disciplines and post-g…"",""retrieval_score"":0.031024531024531024,""detected_entity"":null,""matched_entity"":null,""requested_field"":""general"",""matched_field"":""general"",""support_status"":""supported""},{""document_id"":""doc-4d373684ce4879ed066003f5"",""source"":""curricula_BSc-Curriculum-New.pdf"",""relative_path"":""curricula_BSc-Curriculum-New.pdf"",""page"":4,""chunk_id"":""doc-4d373684ce4879ed066003f5-p000004-b0001-c0001"",""text"":""University of Asia Pacific (UAP) was established in 1996 under the Private University Act 1992 as a private university with the vision of providing quality education and fulf illing the needs of our motherland, Bangladesh. This university started its journ ey in 1996 and offered four years bachelor degree programs in Computer Science & Engineering and Business Administration only, thus the very step of publishing the thirteenth edition of the prospectus for Undergraduate Studies of the Department of Computer Science & Engineering makes us proud. This department established in 1996, with the full support of the Administration and the UAP Foundation Members, is thriving forward in disseminating knowledge in this emerging field. Such endeavor is not only helpin g in developing the human resources of this country but also in earning foreign exchange by exporting skilled manpower abroad. Till to date, B.Sc.Engg. Degree has been conferred on 2200 graduates and these graduates are making positive contributions in the field of Computer Science and Engineering. To enhance the quality of education even further, the Department is planning to take some crush programs, some of which are mentioned below:  Faculty Search Team has been formed to attract Senior Faculty Members in the CSE Department of UAP.  All the Programmin g Lab PCs are regularly updated with the latest computer configuration.  A project lab has already been established for project/research work.  Mobile Games and App Development Lab has been approved to be buil t in CSE, UAP by government fund. CSE Department has several clubs namely UAP Software and"",""excerpt"":""University of Asia Pacific (UAP) was established in 1996 under the Private University Act 1992 as a private university with the vision of providing quality education and fulf illing the needs of our motherland, Bangladesh. This university started its journ ey in 1996 and offered four years bachelor degree programs in Computer Science & Engineering and Business Administration only, thus the very step of publishing the…"",""retrieval_score"":0.03076923076923077,""detected_entity"":null,""matched_entity"":null,""requested_field"":""general"",""matched_field"":""general"",""support_status"":""supported""}]",supported,Retrieved evidence matches the requested entity and field.,gguf_generation,"UAP Administration located 74/A, Green Road, Farmgate, Dhaka - 1215, Bangladesh.",False,BANGLISH_BODY_PURE_ENGLISH,True,SEMANTIC_CONTRACT_SATISFIED,True,FACTUAL_TOKENS_SUPPORTED,BANGLISH_BODY_PURE_ENGLISH,"UAP Administration located 74/A, Green Road, Farmgate, Dhaka - 1215, Bangladesh.",False,BANGLISH_BODY_PURE_ENGLISH,True,SEMANTIC_CONTRACT_SATISFIED,True,FACTUAL_TOKENS_SUPPORTED,Provided university document-e reliable answer deyar moto enough information paoa jayni.,GENERATION_REJECTED,BANGLISH_BODY_PURE_ENGLISH,RETRY_FAILED,39.78544750000037,
Q019,english,What is Category 1 in the registration process?,,general,"[{""rank"":1,""chunk_id"":""doc-4d373684ce4879ed066003f5-p000018-b0002-c0001"",""source"":""curricula_BSc-Curriculum-New.pdf"",""page"":18,""score"":0.03278688524590164,""text"":""Category 1: Students, who have passed all the courses prescribed for the semester and have no backlog of courses. A student of Category -1 is eligible for registration in all courses prescribed for the next or following semesters.""},{""rank"":2,""chunk_id"":""doc-4d373684ce4879ed066003f5-p000018-b0004-c0001"",""source"":""curricula_BSc-Curriculum-New.pdf"",""page"":18,""score"":0.03225806451612903,""text"":""Category 3: Students, who have failed to earn 15 credits in a semester, belong to this category. Students of this category are advised to take a t least two courses less in the following semester than those offered for students of Category -1 subject to the registration for a minimum of 15 credits and maximum 24 credit hours. However, they are required to register for such backlog courses as would be prescribed by the adviser. any course in any semester will have to repeat the course for the purpose of grade improvement. F grades will not be counted for GPA calculation but shall be mentioned on the grade sheet and transcript.""},{""rank"":3,""chunk_id"":""doc-4d373684ce4879ed066003f5-p000018-b0003-c0001"",""source"":""curricula_BSc-Curriculum-New.pdf"",""page"":18,""score"":0.03149801587301587,""text"":""Category 2: Students, who have earned at least 15 credits in a semester but do not belong to Category 1. These students are advised to take at least one course less in the following semester than those offered for students of Category 1, subject to the condition that, they will register for such backlog courses as prescribed by the respective adviser.""}]","[{""document_id"":""doc-4d373684ce4879ed066003f5"",""source"":""curricula_BSc-Curriculum-New.pdf"",""relative_path"":""curricula_BSc-Curriculum-New.pdf"",""page"":18,""chunk_id"":""doc-4d373684ce4879ed066003f5-p000018-b0002-c0001"",""text"":""Category 1: Students, who have passed all the courses prescribed for the semester and have no backlog of courses. A student of Category -1 is eligible for registration in all courses prescribed for the next or following semesters."",""excerpt"":""Category 1: Students, who have passed all the courses prescribed for the semester and have no backlog of courses. A student of Category -1 is eligible for registration in all courses prescribed for the next or following semesters."",""retrieval_score"":0.03278688524590164,""detected_entity"":null,""matched_entity"":null,""requested_field"":""general"",""matched_field"":""general"",""support_status"":""supported""},{""document_id"":""doc-4d373684ce4879ed066003f5"",""source"":""curricula_BSc-Curriculum-New.pdf"",""relative_path"":""curricula_BSc-Curriculum-New.pdf"",""page"":18,""chunk_id"":""doc-4d373684ce4879ed066003f5-p000018-b0004-c0001"",""text"":""Category 3: Students, who have failed to earn 15 credits in a semester, belong to this category. Students of this category are advised to take a t least two courses less in the following semester than those offered for students of Category -1 subject to the registration for a minimum of 15 credits and maximum 24 credit hours. However, they are required to register for such backlog courses as would be prescribed by the adviser. any course in any semester will have to repeat the course for the purpose of grade improvement. F grades will not be counted for GPA calculation but shall be mentioned on the grade sheet and transcript."",""excerpt"":""Category 3: Students, who have failed to earn 15 credits in a semester, belong to this category. Students of this category are advised to take a t least two courses less in the following semester than those offered for students of Category -1 subject to the registration for a minimum of 15 credits and maximum 24 credit hours. However, they are required to register for such backlog courses as would be prescribed by th…"",""retrieval_score"":0.03225806451612903,""detected_entity"":null,""matched_entity"":null,""requested_field"":""general"",""matched_field"":""general"",""support_status"":""supported""},{""document_id"":""doc-4d373684ce4879ed066003f5"",""source"":""curricula_BSc-Curriculum-New.pdf"",""relative_path"":""curricula_BSc-Curriculum-New.pdf"",""page"":18,""chunk_id"":""doc-4d373684ce4879ed066003f5-p000018-b0003-c0001"",""text"":""Category 2: Students, who have earned at least 15 credits in a semester but do not belong to Category 1. These students are advised to take at least one course less in the following semester than those offered for students of Category 1, subject to the condition that, they will register for such backlog courses as prescribed by the respective adviser."",""excerpt"":""Category 2: Students, who have earned at least 15 credits in a semester but do not belong to Category 1. These students are advised to take at least one course less in the following semester than those offered for students of Category 1, subject to the condition that, they will register for such backlog courses as prescribed by the respective adviser."",""retrieval_score"":0.03149801587301587,""detected_entity"":null,""matched_entity"":null,""requested_field"":""general"",""matched_field"":""general"",""support_status"":""supported""}]",supported,Retrieved evidence matches the requested entity and field.,gguf_generation,Category 1 students have passed all the courses prescribed for the semester and have no backlog of courses. These students are eligible for registration in all courses prescribed for the next or following semesters.,True,ENGLISH_BODY_VALID,True,SEMANTIC_CONTRACT_SATISFIED,True,FACTUAL_TOKENS_SUPPORTED,,,,,,,,,Category 1 students have passed all the courses prescribed for the semester and have no backlog of courses. These students are eligible for registration in all courses prescribed for the next or following semesters.,supported,,,32.349033899999995,
Q026,english,What is the fee for re-examination of a final answer script?,,assessment,"[{""rank"":1,""chunk_id"":""doc-4d373684ce4879ed066003f5-p000020-b0005-c0001"",""source"":""curricula_BSc-Curriculum-New.pdf"",""page"":20,""score"":0.03278688524590164,""text"":""Examination Rules Re -examination or Re -scrutiny of Answer Scripts Re-examination of final examination answer scripts may be permissible. A candidate can apply for re -examination of any answer script of final examination to the Controller of Examinati ons through their advisor and the head of the department on payment of Taka 200/ - (Tk. Two Hundred) only per script within 7 (seven) working days from the publication of final results. No such application shall be entertained after the mentioned time. No such re- examination is allowed for practical/sessional courses. While re-examining such answer scripts the examiner shall re- examine the scripts thoroughly and shall award a grade, which shall be treated as final.""},{""rank"":2,""chunk_id"":""doc-4d373684ce4879ed066003f5-p000020-b0006-c0001"",""source"":""curricula_BSc-Curriculum-New.pdf"",""page"":20,""score"":0.03200204813108039,""text"":""Rules for Repeat Examination A student wo uld be allowed to appear at the Repeat Examination in case s/he fails in three theory courses or less but not exceeding 10 credit hours. The results of Repeat Examinations would be published within three weeks from the date of publication of the results of the Semester Final""},{""rank"":3,""chunk_id"":""doc-4d373684ce4879ed066003f5-p000021-b0003-c0001"",""source"":""curricula_BSc-Curriculum-New.pdf"",""page"":21,""score"":0.030776515151515152,""text"":""Category – A 1. The Provision for Improvement of grades applies to those only who obtained a grade C or lower in any course. Such candidates may be allowed to improve their grades by surrendering the earlier grade obtained by him/her. 2. For grade improvement purpose, a student will be allowed to repeat a maximum of four courses. 3. For availing s uch provision of grade improvement, a candidate shall apply to the Controller of Examinations through the Head of the Department concerned with a fee @ Tk. 3000/ - (Tk. Three Thousand) only per credit hour. A student may apply for such provision any time during his/her study period in the university but not beyond two weeks after the publication of his/her final semester results.""}]","[{""document_id"":""doc-4d373684ce4879ed066003f5"",""source"":""curricula_BSc-Curriculum-New.pdf"",""relative_path"":""curricula_BSc-Curriculum-New.pdf"",""page"":20,""chunk_id"":""doc-4d373684ce4879ed066003f5-p000020-b0005-c0001"",""text"":""Examination Rules Re -examination or Re -scrutiny of Answer Scripts Re-examination of final examination answer scripts may be permissible. A candidate can apply for re -examination of any answer script of final examination to the Controller of Examinati ons through their advisor and the head of the department on payment of Taka 200/ - (Tk. Two Hundred) only per script within 7 (seven) working days from the publication of final results. No such application shall be entertained after the mentioned time. No such re- examination is allowed for practical/sessional courses. While re-examining such answer scripts the examiner shall re- examine the scripts thoroughly and shall award a grade, which shall be treated as final."",""excerpt"":""Examination Rules Re -examination or Re -scrutiny of Answer Scripts Re-examination of final examination answer scripts may be permissible. A candidate can apply for re -examination of any answer script of final examination to the Controller of Examinati ons through their advisor and the head of the department on payment of Taka 200/ - (Tk. Two Hundred) only per script within 7 (seven) working days from the publicatio…"",""retrieval_score"":0.03278688524590164,""detected_entity"":null,""matched_entity"":null,""requested_field"":""assessment"",""matched_field"":""assessment"",""support_status"":""supported""},{""document_id"":""doc-4d373684ce4879ed066003f5"",""source"":""curricula_BSc-Curriculum-New.pdf"",""relative_path"":""curricula_BSc-Curriculum-New.pdf"",""page"":20,""chunk_id"":""doc-4d373684ce4879ed066003f5-p000020-b0006-c0001"",""text"":""Rules for Repeat Examination A student wo uld be allowed to appear at the Repeat Examination in case s/he fails in three theory courses or less but not exceeding 10 credit hours. The results of Repeat Examinations would be published within three weeks from the date of publication of the results of the Semester Final"",""excerpt"":""Rules for Repeat Examination A student wo uld be allowed to appear at the Repeat Examination in case s/he fails in three theory courses or less but not exceeding 10 credit hours. The results of Repeat Examinations would be published within three weeks from the date of publication of the results of the Semester Final"",""retrieval_score"":0.03200204813108039,""detected_entity"":null,""matched_entity"":null,""requested_field"":""assessment"",""matched_field"":""assessment"",""support_status"":""supported""}]",supported,Retrieved evidence matches the requested entity and field.,gguf_generation,The fee for re-examination of a final answer script is Taka 200/- (Tk. Two Hundred) per script.,True,ENGLISH_BODY_VALID,True,SEMANTIC_CONTRACT_SATISFIED,True,FACTUAL_TOKENS_SUPPORTED,,,,,,,,,The fee for re-examination of a final answer script is Taka 200/- (Tk. Two Hundred) per script.,supported,,,28.68002290000004,
Q026,bangla,ফাইনাল answer script re-examination-এর ফি কত?,,assessment,"[{""rank"":1,""chunk_id"":""doc-4d373684ce4879ed066003f5-p000020-b0005-c0001"",""source"":""curricula_BSc-Curriculum-New.pdf"",""page"":20,""score"":0.03278688524590164,""text"":""Examination Rules Re -examination or Re -scrutiny of Answer Scripts Re-examination of final examination answer scripts may be permissible. A candidate can apply for re -examination of any answer script of final examination to the Controller of Examinati ons through their advisor and the head of the department on payment of Taka 200/ - (Tk. Two Hundred) only per script within 7 (seven) working days from the publication of final results. No such application shall be entertained after the mentioned time. No such re- examination is allowed for practical/sessional courses. While re-examining such answer scripts the examiner shall re- examine the scripts thoroughly and shall award a grade, which shall be treated as final.""},{""rank"":2,""chunk_id"":""doc-4d373684ce4879ed066003f5-p000021-b0001-c0001"",""source"":""curricula_BSc-Curriculum-New.pdf"",""page"":21,""score"":0.03200204813108039,""text"":""Examination concerned. The respective departments would arrange such Repeat Examinations. Candidates willing to appear at such Repeat Examinations must apply to the respective heads of departments through the advisors stating their willingness to appear at the said examination with the receipt of payment @ Taka3000/ - per course. Repeat examination would be held before next semester would start. Repeat Examinations on theory courses would be held on 50 percent of marks for each course and the marks for Class Assessment and Mid Semester Examination would be carried. There shall be no repeat examinations for sessional courses. The maximum grade to be obtained by a student in a repeat examination would be ‗B‘ (equivalent to 60%). The following grading system would be followed in the repeat examinations:""},{""rank"":3,""chunk_id"":""doc-4d373684ce4879ed066003f5-p000020-b0006-c0001"",""source"":""curricula_BSc-Curriculum-New.pdf"",""page"":20,""score"":0.03149801587301587,""text"":""Rules for Repeat Examination A student wo uld be allowed to appear at the Repeat Examination in case s/he fails in three theory courses or less but not exceeding 10 credit hours. The results of Repeat Examinations would be published within three weeks from the date of publication of the results of the Semester Final""}]","[{""document_id"":""doc-4d373684ce4879ed066003f5"",""source"":""curricula_BSc-Curriculum-New.pdf"",""relative_path"":""curricula_BSc-Curriculum-New.pdf"",""page"":20,""chunk_id"":""doc-4d373684ce4879ed066003f5-p000020-b0005-c0001"",""text"":""Examination Rules Re -examination or Re -scrutiny of Answer Scripts Re-examination of final examination answer scripts may be permissible. A candidate can apply for re -examination of any answer script of final examination to the Controller of Examinati ons through their advisor and the head of the department on payment of Taka 200/ - (Tk. Two Hundred) only per script within 7 (seven) working days from the publication of final results. No such application shall be entertained after the mentioned time. No such re- examination is allowed for practical/sessional courses. While re-examining such answer scripts the examiner shall re- examine the scripts thoroughly and shall award a grade, which shall be treated as final."",""excerpt"":""Examination Rules Re -examination or Re -scrutiny of Answer Scripts Re-examination of final examination answer scripts may be permissible. A candidate can apply for re -examination of any answer script of final examination to the Controller of Examinati ons through their advisor and the head of the department on payment of Taka 200/ - (Tk. Two Hundred) only per script within 7 (seven) working days from the publicatio…"",""retrieval_score"":0.03278688524590164,""detected_entity"":null,""matched_entity"":null,""requested_field"":""assessment"",""matched_field"":""assessment"",""support_status"":""supported""},{""document_id"":""doc-4d373684ce4879ed066003f5"",""source"":""curricula_BSc-Curriculum-New.pdf"",""relative_path"":""curricula_BSc-Curriculum-New.pdf"",""page"":21,""chunk_id"":""doc-4d373684ce4879ed066003f5-p000021-b0001-c0001"",""text"":""Examination concerned. The respective departments would arrange such Repeat Examinations. Candidates willing to appear at such Repeat Examinations must apply to the respective heads of departments through the advisors stating their willingness to appear at the said examination with the receipt of payment @ Taka3000/ - per course. Repeat examination would be held before next semester would start. Repeat Examinations on theory courses would be held on 50 percent of marks for each course and the marks for Class Assessment and Mid Semester Examination would be carried. There shall be no repeat examinations for sessional courses. The maximum grade to be obtained by a student in a repeat examination would be ‗B‘ (equivalent to 60%). The following grading system would be followed in the repeat examinations:"",""excerpt"":""…xt semester would start. Repeat Examinations on theory courses would be held on 50 percent of marks for each course and the marks for Class Assessment and Mid Semester Examination would be carried. There shall be no repeat examinations for sessional courses. The maximum grade to be obtained by a student in a repeat examination would be ‗B‘ (equivalent to 60%). The following grading system would be followed in the rep…"",""retrieval_score"":0.03200204813108039,""detected_entity"":null,""matched_entity"":null,""requested_field"":""assessment"",""matched_field"":""assessment"",""support_status"":""supported""},{""document_id"":""doc-4d373684ce4879ed066003f5"",""source"":""curricula_BSc-Curriculum-New.pdf"",""relative_path"":""curricula_BSc-Curriculum-New.pdf"",""page"":20,""chunk_id"":""doc-4d373684ce4879ed066003f5-p000020-b0006-c0001"",""text"":""Rules for Repeat Examination A student wo uld be allowed to appear at the Repeat Examination in case s/he fails in three theory courses or less but not exceeding 10 credit hours. The results of Repeat Examinations would be published within three weeks from the date of publication of the results of the Semester Final"",""excerpt"":""Rules for Repeat Examination A student wo uld be allowed to appear at the Repeat Examination in case s/he fails in three theory courses or less but not exceeding 10 credit hours. The results of Repeat Examinations would be published within three weeks from the date of publication of the results of the Semester Final"",""retrieval_score"":0.03149801587301587,""detected_entity"":null,""matched_entity"":null,""requested_field"":""assessment"",""matched_field"":""assessment"",""support_status"":""supported""}]",supported,Retrieved evidence matches the requested entity and field.,gguf_generation,ফাইনাল answer script re-examination-এর ফি টাকা ২০০/- (দুই হundred) হবে।,False,MIXED_SCRIPT_TOKEN,False,MISSING_REQUIRED_ENTITY,False,MISSING_REQUIRED_ENTITY,MISSING_REQUIRED_ENTITY,ফাইনাল answer script re-examination-এর ফি টাকা ২০০/- (দুই হundred) হবে।,False,MIXED_SCRIPT_TOKEN,False,MISSING_REQUIRED_ENTITY,False,MISSING_REQUIRED_ENTITY,প্রদত্ত বিশ্ববিদ্যালয়ের নথিতে নির্ভরযোগ্যভাবে উত্তর দেওয়ার মতো পর্যাপ্ত তথ্য পাওয়া যায়নি।,GENERATION_REJECTED,MISSING_REQUIRED_ENTITY,RETRY_FAILED,54.513512400000764,
Q028,bangla,কখন একজন শিক্ষার্থী repeat examination দিতে পারে?,,assessment,"[{""rank"":1,""chunk_id"":""doc-4d373684ce4879ed066003f5-p000020-b0006-c0001"",""source"":""curricula_BSc-Curriculum-New.pdf"",""page"":20,""score"":0.03252247488101534,""text"":""Rules for Repeat Examination A student wo uld be allowed to appear at the Repeat Examination in case s/he fails in three theory courses or less but not exceeding 10 credit hours. The results of Repeat Examinations would be published within three weeks from the date of publication of the results of the Semester Final""},{""rank"":2,""chunk_id"":""doc-4d373684ce4879ed066003f5-p000021-b0001-c0001"",""source"":""curricula_BSc-Curriculum-New.pdf"",""page"":21,""score"":0.03252247488101534,""text"":""Examination concerned. The respective departments would arrange such Repeat Examinations. Candidates willing to appear at such Repeat Examinations must apply to the respective heads of departments through the advisors stating their willingness to appear at the said examination with the receipt of payment @ Taka3000/ - per course. Repeat examination would be held before next semester would start. Repeat Examinations on theory courses would be held on 50 percent of marks for each course and the marks for Class Assessment and Mid Semester Examination would be carried. There shall be no repeat examinations for sessional courses. The maximum grade to be obtained by a student in a repeat examination would be ‗B‘ (equivalent to 60%). The following grading system would be followed in the repeat examinations:""},{""rank"":3,""chunk_id"":""doc-4d373684ce4879ed066003f5-p000020-b0005-c0001"",""source"":""curricula_BSc-Curriculum-New.pdf"",""page"":20,""score"":0.03125763125763126,""text"":""Examination Rules Re -examination or Re -scrutiny of Answer Scripts Re-examination of final examination answer scripts may be permissible. A candidate can apply for re -examination of any answer script of final examination to the Controller of Examinati ons through their advisor and the head of the department on payment of Taka 200/ - (Tk. Two Hundred) only per script within 7 (seven) working days from the publication of final results. No such application shall be entertained after the mentioned time. No such re- examination is allowed for practical/sessional courses. While re-examining such answer scripts the examiner shall re- examine the scripts thoroughly and shall award a grade, which shall be treated as final.""}]","[{""document_id"":""doc-4d373684ce4879ed066003f5"",""source"":""curricula_BSc-Curriculum-New.pdf"",""relative_path"":""curricula_BSc-Curriculum-New.pdf"",""page"":20,""chunk_id"":""doc-4d373684ce4879ed066003f5-p000020-b0006-c0001"",""text"":""Rules for Repeat Examination A student wo uld be allowed to appear at the Repeat Examination in case s/he fails in three theory courses or less but not exceeding 10 credit hours. The results of Repeat Examinations would be published within three weeks from the date of publication of the results of the Semester Final"",""excerpt"":""Rules for Repeat Examination A student wo uld be allowed to appear at the Repeat Examination in case s/he fails in three theory courses or less but not exceeding 10 credit hours. The results of Repeat Examinations would be published within three weeks from the date of publication of the results of the Semester Final"",""retrieval_score"":0.03252247488101534,""detected_entity"":null,""matched_entity"":null,""requested_field"":""assessment"",""matched_field"":""assessment"",""support_status"":""supported""},{""document_id"":""doc-4d373684ce4879ed066003f5"",""source"":""curricula_BSc-Curriculum-New.pdf"",""relative_path"":""curricula_BSc-Curriculum-New.pdf"",""page"":21,""chunk_id"":""doc-4d373684ce4879ed066003f5-p000021-b0001-c0001"",""text"":""Examination concerned. The respective departments would arrange such Repeat Examinations. Candidates willing to appear at such Repeat Examinations must apply to the respective heads of departments through the advisors stating their willingness to appear at the said examination with the receipt of payment @ Taka3000/ - per course. Repeat examination would be held before next semester would start. Repeat Examinations on theory courses would be held on 50 percent of marks for each course and the marks for Class Assessment and Mid Semester Examination would be carried. There shall be no repeat examinations for sessional courses. The maximum grade to be obtained by a student in a repeat examination would be ‗B‘ (equivalent to 60%). The following grading system would be followed in the repeat examinations:"",""excerpt"":""…xt semester would start. Repeat Examinations on theory courses would be held on 50 percent of marks for each course and the marks for Class Assessment and Mid Semester Examination would be carried. There shall be no repeat examinations for sessional courses. The maximum grade to be obtained by a student in a repeat examination would be ‗B‘ (equivalent to 60%). The following grading system would be followed in the rep…"",""retrieval_score"":0.03252247488101534,""detected_entity"":null,""matched_entity"":null,""requested_field"":""assessment"",""matched_field"":""assessment"",""support_status"":""supported""},{""document_id"":""doc-4d373684ce4879ed066003f5"",""source"":""curricula_BSc-Curriculum-New.pdf"",""relative_path"":""curricula_BSc-Curriculum-New.pdf"",""page"":20,""chunk_id"":""doc-4d373684ce4879ed066003f5-p000020-b0005-c0001"",""text"":""Examination Rules Re -examination or Re -scrutiny of Answer Scripts Re-examination of final examination answer scripts may be permissible. A candidate can apply for re -examination of any answer script of final examination to the Controller of Examinati ons through their advisor and the head of the department on payment of Taka 200/ - (Tk. Two Hundred) only per script within 7 (seven) working days from the publication of final results. No such application shall be entertained after the mentioned time. No such re- examination is allowed for practical/sessional courses. While re-examining such answer scripts the examiner shall re- examine the scripts thoroughly and shall award a grade, which shall be treated as final."",""excerpt"":""Examination Rules Re -examination or Re -scrutiny of Answer Scripts Re-examination of final examination answer scripts may be permissible. A candidate can apply for re -examination of any answer script of final examination to the Controller of Examinati ons through their advisor and the head of the department on payment of Taka 200/ - (Tk. Two Hundred) only per script within 7 (seven) working days from the publicatio…"",""retrieval_score"":0.03125763125763126,""detected_entity"":null,""matched_entity"":null,""requested_field"":""assessment"",""matched_field"":""assessment"",""support_status"":""supported""}]",supported,Retrieved evidence matches the requested entity and field.,gguf_generation,একজন শিক্ষার্থী তিনটি বিষয় বা কম ১০ ক্রেডিট হ ours নেই ফেইল করলে রিটেন এক্সামিনেশনে অংশicipate করতে পারে।,False,MIXED_SCRIPT_TOKEN,False,MISSING_REQUIRED_ENTITY,False,MISSING_REQUIRED_ENTITY,MISSING_REQUIRED_ENTITY,একজন শিক্ষার্থী তিনটি বিষয় বা কম ১০ ক্রেডিট হ ours নেই ফেইল করলে রিটেন এক্সামিনেশনে অংশicipate করতে পারে।,False,MIXED_SCRIPT_TOKEN,False,MISSING_REQUIRED_ENTITY,False,MISSING_REQUIRED_ENTITY,প্রদত্ত বিশ্ববিদ্যালয়ের নথিতে নির্ভরযোগ্যভাবে উত্তর দেওয়ার মতো পর্যাপ্ত তথ্য পাওয়া যায়নি।,GENERATION_REJECTED,MISSING_REQUIRED_ENTITY,RETRY_FAILED,93.17314869999973,
Q029,bangla,Repeat examination-এর প্রতি কোর্সের ফি কত?,,assessment,"[{""rank"":1,""chunk_id"":""doc-4d373684ce4879ed066003f5-p000021-b0001-c0001"",""source"":""curricula_BSc-Curriculum-New.pdf"",""page"":21,""score"":0.03278688524590164,""text"":""Examination concerned. The respective departments would arrange such Repeat Examinations. Candidates willing to appear at such Repeat Examinations must apply to the respective heads of departments through the advisors stating their willingness to appear at the said examination with the receipt of payment @ Taka3000/ - per course. Repeat examination would be held before next semester would start. Repeat Examinations on theory courses would be held on 50 percent of marks for each course and the marks for Class Assessment and Mid Semester Examination would be carried. There shall be no repeat examinations for sessional courses. The maximum grade to be obtained by a student in a repeat examination would be ‗B‘ (equivalent to 60%). The following grading system would be followed in the repeat examinations:""},{""rank"":2,""chunk_id"":""doc-4d373684ce4879ed066003f5-p000020-b0006-c0001"",""source"":""curricula_BSc-Curriculum-New.pdf"",""page"":20,""score"":0.03225806451612903,""text"":""Rules for Repeat Examination A student wo uld be allowed to appear at the Repeat Examination in case s/he fails in three theory courses or less but not exceeding 10 credit hours. The results of Repeat Examinations would be published within three weeks from the date of publication of the results of the Semester Final""},{""rank"":3,""chunk_id"":""doc-4d373684ce4879ed066003f5-p000020-b0005-c0001"",""source"":""curricula_BSc-Curriculum-New.pdf"",""page"":20,""score"":0.03125763125763126,""text"":""Examination Rules Re -examination or Re -scrutiny of Answer Scripts Re-examination of final examination answer scripts may be permissible. A candidate can apply for re -examination of any answer script of final examination to the Controller of Examinati ons through their advisor and the head of the department on payment of Taka 200/ - (Tk. Two Hundred) only per script within 7 (seven) working days from the publication of final results. No such application shall be entertained after the mentioned time. No such re- examination is allowed for practical/sessional courses. While re-examining such answer scripts the examiner shall re- examine the scripts thoroughly and shall award a grade, which shall be treated as final.""}]","[{""document_id"":""doc-4d373684ce4879ed066003f5"",""source"":""curricula_BSc-Curriculum-New.pdf"",""relative_path"":""curricula_BSc-Curriculum-New.pdf"",""page"":21,""chunk_id"":""doc-4d373684ce4879ed066003f5-p000021-b0001-c0001"",""text"":""Examination concerned. The respective departments would arrange such Repeat Examinations. Candidates willing to appear at such Repeat Examinations must apply to the respective heads of departments through the advisors stating their willingness to appear at the said examination with the receipt of payment @ Taka3000/ - per course. Repeat examination would be held before next semester would start. Repeat Examinations on theory courses would be held on 50 percent of marks for each course and the marks for Class Assessment and Mid Semester Examination would be carried. There shall be no repeat examinations for sessional courses. The maximum grade to be obtained by a student in a repeat examination would be ‗B‘ (equivalent to 60%). The following grading system would be followed in the repeat examinations:"",""excerpt"":""…xt semester would start. Repeat Examinations on theory courses would be held on 50 percent of marks for each course and the marks for Class Assessment and Mid Semester Examination would be carried. There shall be no repeat examinations for sessional courses. The maximum grade to be obtained by a student in a repeat examination would be ‗B‘ (equivalent to 60%). The following grading system would be followed in the rep…"",""retrieval_score"":0.03278688524590164,""detected_entity"":null,""matched_entity"":null,""requested_field"":""assessment"",""matched_field"":""assessment"",""support_status"":""supported""},{""document_id"":""doc-4d373684ce4879ed066003f5"",""source"":""curricula_BSc-Curriculum-New.pdf"",""relative_path"":""curricula_BSc-Curriculum-New.pdf"",""page"":20,""chunk_id"":""doc-4d373684ce4879ed066003f5-p000020-b0006-c0001"",""text"":""Rules for Repeat Examination A student wo uld be allowed to appear at the Repeat Examination in case s/he fails in three theory courses or less but not exceeding 10 credit hours. The results of Repeat Examinations would be published within three weeks from the date of publication of the results of the Semester Final"",""excerpt"":""Rules for Repeat Examination A student wo uld be allowed to appear at the Repeat Examination in case s/he fails in three theory courses or less but not exceeding 10 credit hours. The results of Repeat Examinations would be published within three weeks from the date of publication of the results of the Semester Final"",""retrieval_score"":0.03225806451612903,""detected_entity"":null,""matched_entity"":null,""requested_field"":""assessment"",""matched_field"":""assessment"",""support_status"":""supported""},{""document_id"":""doc-4d373684ce4879ed066003f5"",""source"":""curricula_BSc-Curriculum-New.pdf"",""relative_path"":""curricula_BSc-Curriculum-New.pdf"",""page"":20,""chunk_id"":""doc-4d373684ce4879ed066003f5-p000020-b0005-c0001"",""text"":""Examination Rules Re -examination or Re -scrutiny of Answer Scripts Re-examination of final examination answer scripts may be permissible. A candidate can apply for re -examination of any answer script of final examination to the Controller of Examinati ons through their advisor and the head of the department on payment of Taka 200/ - (Tk. Two Hundred) only per script within 7 (seven) working days from the publication of final results. No such application shall be entertained after the mentioned time. No such re- examination is allowed for practical/sessional courses. While re-examining such answer scripts the examiner shall re- examine the scripts thoroughly and shall award a grade, which shall be treated as final."",""excerpt"":""Examination Rules Re -examination or Re -scrutiny of Answer Scripts Re-examination of final examination answer scripts may be permissible. A candidate can apply for re -examination of any answer script of final examination to the Controller of Examinati ons through their advisor and the head of the department on payment of Taka 200/ - (Tk. Two Hundred) only per script within 7 (seven) working days from the publicatio…"",""retrieval_score"":0.03125763125763126,""detected_entity"":null,""matched_entity"":null,""requested_field"":""assessment"",""matched_field"":""assessment"",""support_status"":""supported""}]",supported,Retrieved evidence matches the requested entity and field.,gguf_generation,নতুন কর্সের ফি পুনরায় পরীক্ষার জন্য লিখিতভাবে উল্লেখিত হয়নি।,True,BANGLA_BODY_MEANINGFUL,False,MISSING_REQUIRED_ENTITY,False,MISSING_REQUIRED_ENTITY,MISSING_REQUIRED_ENTITY,নতুন কর্সের ফি পুনরায় পরীক্ষার জন্য লিখিতভাবে উল্লেখিত হয়নি।,True,BANGLA_BODY_MEANINGFUL,False,MISSING_REQUIRED_ENTITY,False,MISSING_REQUIRED_ENTITY,প্রদত্ত বিশ্ববিদ্যালয়ের নথিতে নির্ভরযোগ্যভাবে উত্তর দেওয়ার মতো পর্যাপ্ত তথ্য পাওয়া যায়নি।,GENERATION_REJECTED,MISSING_REQUIRED_ENTITY,RETRY_FAILED,71.12139170000046,
